<?xml version="1.0" encoding="UTF-8"?>
<root>
<poblacion>
<row><id_poblacion type="int" >3840</id_poblacion><id_prov type="smallint" >358</id_prov><name_pob type="varchar"  label="City">Centreville</name_pob><ind_active type="tinyint"  label="Active">1</ind_active></row>
<row><id_poblacion type="int" >3841</id_poblacion><id_prov type="smallint" >358</id_prov><name_pob type="varchar"  label="City">Macon</name_pob><ind_active type="tinyint"  label="Active">1</ind_active></row>
<row><id_poblacion type="int" >3842</id_poblacion><id_prov type="smallint" >359</id_prov><name_pob type="varchar"  label="City">Jackson</name_pob><ind_active type="tinyint"  label="Active">1</ind_active></row>
<row><id_poblacion type="int" >3843</id_poblacion><id_prov type="smallint" >359</id_prov><name_pob type="varchar"  label="City">Edna</name_pob><ind_active type="tinyint"  label="Active">1</ind_active></row>
<row><id_poblacion type="int" >3844</id_poblacion><id_prov type="smallint" >359</id_prov><name_pob type="varchar"  label="City">Gainesboro</name_pob><ind_active type="tinyint"  label="Active">1</ind_active></row>
<row><id_poblacion type="int" >3845</id_poblacion><id_prov type="smallint" >359</id_prov><name_pob type="varchar"  label="City">Kadoka</name_pob><ind_active type="tinyint"  label="Active">1</ind_active></row>
<row><id_poblacion type="int" >3846</id_poblacion><id_prov type="smallint" >359</id_prov><name_pob type="varchar"  label="City">Medford</name_pob><ind_active type="tinyint"  label="Active">1</ind_active></row>
<row><id_poblacion type="int" >3847</id_poblacion><id_prov type="smallint" >359</id_prov><name_pob type="varchar"  label="City">Sylva</name_pob><ind_active type="tinyint"  label="Active">1</ind_active></row>
<row><id_poblacion type="int" >3849</id_poblacion><id_prov type="smallint" >359</id_prov><name_pob type="varchar"  label="City">Ripley</name_pob><ind_active type="tinyint"  label="Active">1</ind_active></row>
<row><id_poblacion type="int" >3850</id_poblacion><id_prov type="smallint" >359</id_prov><name_pob type="varchar"  label="City">Pascagoula</name_pob><ind_active type="tinyint"  label="Active">1</ind_active></row>
<row><id_poblacion type="int" >3851</id_poblacion><id_prov type="smallint" >359</id_prov><name_pob type="varchar"  label="City">Independenc</name_pob><ind_active type="tinyint"  label="Active">1</ind_active></row>
<row><id_poblacion type="int" >3852</id_poblacion><id_prov type="smallint" >359</id_prov><name_pob type="varchar"  label="City">Black River</name_pob><ind_active type="tinyint"  label="Active">1</ind_active></row>
<row><id_poblacion type="int" >3853</id_poblacion><id_prov type="smallint" >359</id_prov><name_pob type="varchar"  label="City">Marianna</name_pob><ind_active type="tinyint"  label="Active">1</ind_active></row>
<row><id_poblacion type="int" >3855</id_poblacion><id_prov type="smallint" >359</id_prov><name_pob type="varchar"  label="City">Altus</name_pob><ind_active type="tinyint"  label="Active">1</ind_active></row>
<row><id_poblacion type="int" >3856</id_poblacion><id_prov type="smallint" >359</id_prov><name_pob type="varchar"  label="City">Scottsboro</name_pob><ind_active type="tinyint"  label="Active">1</ind_active></row>
<row><id_poblacion type="int" >3857</id_poblacion><id_prov type="smallint" >359</id_prov><name_pob type="varchar"  label="City">Walden</name_pob><ind_active type="tinyint"  label="Active">1</ind_active></row>
<row><id_poblacion type="int" >3858</id_poblacion><id_prov type="smallint" >359</id_prov><name_pob type="varchar"  label="City">Jefferson</name_pob><ind_active type="tinyint"  label="Active">1</ind_active></row>
<row><id_poblacion type="int" >3859</id_poblacion><id_prov type="smallint" >359</id_prov><name_pob type="varchar"  label="City">Maquoketa</name_pob><ind_active type="tinyint"  label="Active">1</ind_active></row>
<row><id_poblacion type="int" >3860</id_poblacion><id_prov type="smallint" >359</id_prov><name_pob type="varchar"  label="City">Murphysboro</name_pob><ind_active type="tinyint"  label="Active">1</ind_active></row>
<row><id_poblacion type="int" >3861</id_poblacion><id_prov type="smallint" >359</id_prov><name_pob type="varchar"  label="City">Brownstown</name_pob><ind_active type="tinyint"  label="Active">1</ind_active></row>
<row><id_poblacion type="int" >3862</id_poblacion><id_prov type="smallint" >359</id_prov><name_pob type="varchar"  label="City">Holton</name_pob><ind_active type="tinyint"  label="Active">1</ind_active></row>
<row><id_poblacion type="int" >3863</id_poblacion><id_prov type="smallint" >359</id_prov><name_pob type="varchar"  label="City">McKee</name_pob><ind_active type="tinyint"  label="Active">1</ind_active></row>
<row><id_poblacion type="int" >3864</id_poblacion><id_prov type="smallint" >359</id_prov><name_pob type="varchar"  label="City">Jonesboro</name_pob><ind_active type="tinyint"  label="Active">1</ind_active></row>
<row><id_poblacion type="int" >3865</id_poblacion><id_prov type="smallint" >359</id_prov><name_pob type="varchar"  label="City">Newport</name_pob><ind_active type="tinyint"  label="Active">1</ind_active></row>
<row><id_poblacion type="int" >3866</id_poblacion><id_prov type="smallint" >360</id_prov><name_pob type="varchar"  label="City">Belleville</name_pob><ind_active type="tinyint"  label="Active">1</ind_active></row>
<row><id_poblacion type="int" >3867</id_poblacion><id_prov type="smallint" >360</id_prov><name_pob type="varchar"  label="City">Port Huron</name_pob><ind_active type="tinyint"  label="Active">1</ind_active></row>
<row><id_poblacion type="int" >3868</id_poblacion><id_prov type="smallint" >360</id_prov><name_pob type="varchar"  label="City">Ashville, P</name_pob><ind_active type="tinyint"  label="Active">1</ind_active></row>
<row><id_poblacion type="int" >3869</id_poblacion><id_prov type="smallint" >360</id_prov><name_pob type="varchar"  label="City">Osceola</name_pob><ind_active type="tinyint"  label="Active">1</ind_active></row>
<row><id_poblacion type="int" >3870</id_poblacion><id_prov type="smallint" >361</id_prov><name_pob type="varchar"  label="City">Gaffney</name_pob><ind_active type="tinyint"  label="Active">1</ind_active></row>
<row><id_poblacion type="int" >3871</id_poblacion><id_prov type="smallint" >361</id_prov><name_pob type="varchar"  label="City">Rusk</name_pob><ind_active type="tinyint"  label="Active">1</ind_active></row>
<row><id_poblacion type="int" >3872</id_poblacion><id_prov type="smallint" >361</id_prov><name_pob type="varchar"  label="City">Tahlequah</name_pob><ind_active type="tinyint"  label="Active">1</ind_active></row>
<row><id_poblacion type="int" >3873</id_poblacion><id_prov type="smallint" >361</id_prov><name_pob type="varchar"  label="City">Murphy</name_pob><ind_active type="tinyint"  label="Active">1</ind_active></row>
<row><id_poblacion type="int" >3874</id_poblacion><id_prov type="smallint" >361</id_prov><name_pob type="varchar"  label="City">Columbus</name_pob><ind_active type="tinyint"  label="Active">1</ind_active></row>
<row><id_poblacion type="int" >3875</id_poblacion><id_prov type="smallint" >361</id_prov><name_pob type="varchar"  label="City">Cherokee</name_pob><ind_active type="tinyint"  label="Active">1</ind_active></row>
<row><id_poblacion type="int" >3876</id_poblacion><id_prov type="smallint" >361</id_prov><name_pob type="varchar"  label="City">Canton</name_pob><ind_active type="tinyint"  label="Active">1</ind_active></row>
<row><id_poblacion type="int" >3877</id_poblacion><id_prov type="smallint" >361</id_prov><name_pob type="varchar"  label="City">Centre</name_pob><ind_active type="tinyint"  label="Active">1</ind_active></row>
<row><id_poblacion type="int" >3878</id_poblacion><id_prov type="smallint" >362</id_prov><name_pob type="varchar"  label="City">Columbiana</name_pob><ind_active type="tinyint"  label="Active">1</ind_active></row>
<row><id_poblacion type="int" >3879</id_poblacion><id_prov type="smallint" >362</id_prov><name_pob type="varchar"  label="City">Center</name_pob><ind_active type="tinyint"  label="Active">1</ind_active></row>
<row><id_poblacion type="int" >3880</id_poblacion><id_prov type="smallint" >362</id_prov><name_pob type="varchar"  label="City">Memphis</name_pob><ind_active type="tinyint"  label="Active">1</ind_active></row>
<row><id_poblacion type="int" >3881</id_poblacion><id_prov type="smallint" >362</id_prov><name_pob type="varchar"  label="City">Sidney</name_pob><ind_active type="tinyint"  label="Active">1</ind_active></row>
<row><id_poblacion type="int" >3882</id_poblacion><id_prov type="smallint" >362</id_prov><name_pob type="varchar"  label="City">Shelbyville</name_pob><ind_active type="tinyint"  label="Active">1</ind_active></row>
<row><id_poblacion type="int" >3885</id_poblacion><id_prov type="smallint" >362</id_prov><name_pob type="varchar"  label="City">Harlan</name_pob><ind_active type="tinyint"  label="Active">1</ind_active></row>
<row><id_poblacion type="int" >3887</id_poblacion><id_prov type="smallint" >363</id_prov><name_pob type="varchar"  label="City">Pikeville</name_pob><ind_active type="tinyint"  label="Active">1</ind_active></row>
<row><id_poblacion type="int" >3888</id_poblacion><id_prov type="smallint" >363</id_prov><name_pob type="varchar"  label="City">Waverly</name_pob><ind_active type="tinyint"  label="Active">1</ind_active></row>
<row><id_poblacion type="int" >3889</id_poblacion><id_prov type="smallint" >363</id_prov><name_pob type="varchar"  label="City">Milford</name_pob><ind_active type="tinyint"  label="Active">1</ind_active></row>
<row><id_poblacion type="int" >3890</id_poblacion><id_prov type="smallint" >363</id_prov><name_pob type="varchar"  label="City">Magnolia</name_pob><ind_active type="tinyint"  label="Active">1</ind_active></row>
<row><id_poblacion type="int" >3891</id_poblacion><id_prov type="smallint" >363</id_prov><name_pob type="varchar"  label="City">Bowling Gre</name_pob><ind_active type="tinyint"  label="Active">1</ind_active></row>
<row><id_poblacion type="int" >3892</id_poblacion><id_prov type="smallint" >363</id_prov><name_pob type="varchar"  label="City">Pittsfield</name_pob><ind_active type="tinyint"  label="Active">1</ind_active></row>
<row><id_poblacion type="int" >3893</id_poblacion><id_prov type="smallint" >363</id_prov><name_pob type="varchar"  label="City">Zebulon</name_pob><ind_active type="tinyint"  label="Active">1</ind_active></row>
<row><id_poblacion type="int" >3894</id_poblacion><id_prov type="smallint" >363</id_prov><name_pob type="varchar"  label="City">Troy</name_pob><ind_active type="tinyint"  label="Active">1</ind_active></row>
<row><id_poblacion type="int" >3895</id_poblacion><id_prov type="smallint" >363</id_prov><name_pob type="varchar"  label="City">Murfreesbor</name_pob><ind_active type="tinyint"  label="Active">1</ind_active></row>
<row><id_poblacion type="int" >3896</id_poblacion><id_prov type="smallint" >363</id_prov><name_pob type="varchar"  label="City">Petersburg</name_pob><ind_active type="tinyint"  label="Active">1</ind_active></row>
<row><id_poblacion type="int" >3897</id_poblacion><id_prov type="smallint" >364</id_prov><name_pob type="varchar"  label="City">Geneva</name_pob><ind_active type="tinyint"  label="Active">1</ind_active></row>
<row><id_poblacion type="int" >3898</id_poblacion><id_prov type="smallint" >365</id_prov><name_pob type="varchar"  label="City">Union Sprin</name_pob><ind_active type="tinyint"  label="Active">1</ind_active></row>
<row><id_poblacion type="int" >3899</id_poblacion><id_prov type="smallint" >366</id_prov><name_pob type="varchar"  label="City">Gadsden</name_pob><ind_active type="tinyint"  label="Active">1</ind_active></row>
<row><id_poblacion type="int" >3900</id_poblacion><id_prov type="smallint" >367</id_prov><name_pob type="varchar"  label="City">Double Spri</name_pob><ind_active type="tinyint"  label="Active">1</ind_active></row>
<row><id_poblacion type="int" >3901</id_poblacion><id_prov type="smallint" >367</id_prov><name_pob type="varchar"  label="City">Louisville</name_pob><ind_active type="tinyint"  label="Active">1</ind_active></row>
<row><id_poblacion type="int" >3902</id_poblacion><id_prov type="smallint" >368</id_prov><name_pob type="varchar"  label="City">Talladega</name_pob><ind_active type="tinyint"  label="Active">1</ind_active></row>
<row><id_poblacion type="int" >3903</id_poblacion><id_prov type="smallint" >369</id_prov><name_pob type="varchar"  label="City">Linden</name_pob><ind_active type="tinyint"  label="Active">1</ind_active></row>
<row><id_poblacion type="int" >3904</id_poblacion><id_prov type="smallint" >370</id_prov><name_pob type="varchar"  label="City">Dadeville</name_pob><ind_active type="tinyint"  label="Active">1</ind_active></row>
<row><id_poblacion type="int" >3905</id_poblacion><id_prov type="smallint" >371</id_prov><name_pob type="varchar"  label="City">Carrollton</name_pob><ind_active type="tinyint"  label="Active">1</ind_active></row>
<row><id_poblacion type="int" >3906</id_poblacion><id_prov type="smallint" >371</id_prov><name_pob type="varchar"  label="City">Jasper</name_pob><ind_active type="tinyint"  label="Active">1</ind_active></row>
<row><id_poblacion type="int" >3907</id_poblacion><id_prov type="smallint" >371</id_prov><name_pob type="varchar"  label="City">Pickens</name_pob><ind_active type="tinyint"  label="Active">1</ind_active></row>
<row><id_poblacion type="int" >3908</id_poblacion><id_prov type="smallint" >372</id_prov><name_pob type="varchar"  label="City">Prattville</name_pob><ind_active type="tinyint"  label="Active">1</ind_active></row>
<row><id_poblacion type="int" >3909</id_poblacion><id_prov type="smallint" >373</id_prov><name_pob type="varchar"  label="City">Ozark</name_pob><ind_active type="tinyint"  label="Active">1</ind_active></row>
<row><id_poblacion type="int" >3910</id_poblacion><id_prov type="smallint" >374</id_prov><name_pob type="varchar"  label="City">Tuscaloosa</name_pob><ind_active type="tinyint"  label="Active">1</ind_active></row>
<row><id_poblacion type="int" >3911</id_poblacion><id_prov type="smallint" >375</id_prov><name_pob type="varchar"  label="City">Clanton</name_pob><ind_active type="tinyint"  label="Active">1</ind_active></row>
<row><id_poblacion type="int" >3912</id_poblacion><id_prov type="smallint" >376</id_prov><name_pob type="varchar"  label="City">Jasper</name_pob><ind_active type="tinyint"  label="Active">1</ind_active></row>
<row><id_poblacion type="int" >3913</id_poblacion><id_prov type="smallint" >376</id_prov><name_pob type="varchar"  label="City">La Fayette</name_pob><ind_active type="tinyint"  label="Active">1</ind_active></row>
<row><id_poblacion type="int" >3914</id_poblacion><id_prov type="smallint" >376</id_prov><name_pob type="varchar"  label="City">Huntsville</name_pob><ind_active type="tinyint"  label="Active">1</ind_active></row>
<row><id_poblacion type="int" >3915</id_poblacion><id_prov type="smallint" >377</id_prov><name_pob type="varchar"  label="City">Jackson</name_pob><ind_active type="tinyint"  label="Active">1</ind_active></row>
<row><id_poblacion type="int" >3916</id_poblacion><id_prov type="smallint" >377</id_prov><name_pob type="varchar"  label="City">Frederickto</name_pob><ind_active type="tinyint"  label="Active">1</ind_active></row>
<row><id_poblacion type="int" >3917</id_poblacion><id_prov type="smallint" >377</id_prov><name_pob type="varchar"  label="City">Madisonvill</name_pob><ind_active type="tinyint"  label="Active">1</ind_active></row>
<row><id_poblacion type="int" >3918</id_poblacion><id_prov type="smallint" >377</id_prov><name_pob type="varchar"  label="City">London</name_pob><ind_active type="tinyint"  label="Active">1</ind_active></row>
<row><id_poblacion type="int" >3919</id_poblacion><id_prov type="smallint" >377</id_prov><name_pob type="varchar"  label="City">Wampsville</name_pob><ind_active type="tinyint"  label="Active">1</ind_active></row>
<row><id_poblacion type="int" >3920</id_poblacion><id_prov type="smallint" >377</id_prov><name_pob type="varchar"  label="City">Madison</name_pob><ind_active type="tinyint"  label="Active">1</ind_active></row>
<row><id_poblacion type="int" >3921</id_poblacion><id_prov type="smallint" >377</id_prov><name_pob type="varchar"  label="City">Marshall</name_pob><ind_active type="tinyint"  label="Active">1</ind_active></row>
<row><id_poblacion type="int" >3922</id_poblacion><id_prov type="smallint" >377</id_prov><name_pob type="varchar"  label="City">Virginia Ci</name_pob><ind_active type="tinyint"  label="Active">1</ind_active></row>
<row><id_poblacion type="int" >3923</id_poblacion><id_prov type="smallint" >377</id_prov><name_pob type="varchar"  label="City">Canton</name_pob><ind_active type="tinyint"  label="Active">1</ind_active></row>
<row><id_poblacion type="int" >3924</id_poblacion><id_prov type="smallint" >377</id_prov><name_pob type="varchar"  label="City">Richmond</name_pob><ind_active type="tinyint"  label="Active">1</ind_active></row>
<row><id_poblacion type="int" >3925</id_poblacion><id_prov type="smallint" >377</id_prov><name_pob type="varchar"  label="City">Anderson</name_pob><ind_active type="tinyint"  label="Active">1</ind_active></row>
<row><id_poblacion type="int" >3926</id_poblacion><id_prov type="smallint" >377</id_prov><name_pob type="varchar"  label="City">Edwardsvill</name_pob><ind_active type="tinyint"  label="Active">1</ind_active></row>
<row><id_poblacion type="int" >3927</id_poblacion><id_prov type="smallint" >377</id_prov><name_pob type="varchar"  label="City">Rexburg</name_pob><ind_active type="tinyint"  label="Active">1</ind_active></row>
<row><id_poblacion type="int" >3928</id_poblacion><id_prov type="smallint" >377</id_prov><name_pob type="varchar"  label="City">Winterset</name_pob><ind_active type="tinyint"  label="Active">1</ind_active></row>
<row><id_poblacion type="int" >3929</id_poblacion><id_prov type="smallint" >377</id_prov><name_pob type="varchar"  label="City">Danielsvill</name_pob><ind_active type="tinyint"  label="Active">1</ind_active></row>
<row><id_poblacion type="int" >3931</id_poblacion><id_prov type="smallint" >377</id_prov><name_pob type="varchar"  label="City">Huntsville</name_pob><ind_active type="tinyint"  label="Active">1</ind_active></row>
<row><id_poblacion type="int" >3934</id_poblacion><id_prov type="smallint" >377</id_prov><name_pob type="varchar"  label="City">Tallulah</name_pob><ind_active type="tinyint"  label="Active">1</ind_active></row>
<row><id_poblacion type="int" >3935</id_poblacion><id_prov type="smallint" >378</id_prov><name_pob type="varchar"  label="City">Heflin</name_pob><ind_active type="tinyint"  label="Active">1</ind_active></row>
<row><id_poblacion type="int" >3936</id_poblacion><id_prov type="smallint" >378</id_prov><name_pob type="varchar"  label="City">Heber Sprin</name_pob><ind_active type="tinyint"  label="Active">1</ind_active></row>
<row><id_poblacion type="int" >3937</id_poblacion><id_prov type="smallint" >379</id_prov><name_pob type="varchar"  label="City">Selma</name_pob><ind_active type="tinyint"  label="Active">1</ind_active></row>
<row><id_poblacion type="int" >3938</id_poblacion><id_prov type="smallint" >379</id_prov><name_pob type="varchar"  label="City">Fordyce</name_pob><ind_active type="tinyint"  label="Active">1</ind_active></row>
<row><id_poblacion type="int" >3939</id_poblacion><id_prov type="smallint" >379</id_prov><name_pob type="varchar"  label="City">Adel</name_pob><ind_active type="tinyint"  label="Active">1</ind_active></row>
<row><id_poblacion type="int" >3940</id_poblacion><id_prov type="smallint" >379</id_prov><name_pob type="varchar"  label="City">Buffalo</name_pob><ind_active type="tinyint"  label="Active">1</ind_active></row>
<row><id_poblacion type="int" >3941</id_poblacion><id_prov type="smallint" >379</id_prov><name_pob type="varchar"  label="City">Dallas</name_pob><ind_active type="tinyint"  label="Active">1</ind_active></row>
<row><id_poblacion type="int" >3942</id_poblacion><id_prov type="smallint" >380</id_prov><name_pob type="varchar"  label="City">Fort Payne</name_pob><ind_active type="tinyint"  label="Active">1</ind_active></row>
<row><id_poblacion type="int" >3943</id_poblacion><id_prov type="smallint" >380</id_prov><name_pob type="varchar"  label="City">Smithville</name_pob><ind_active type="tinyint"  label="Active">1</ind_active></row>
<row><id_poblacion type="int" >3944</id_poblacion><id_prov type="smallint" >380</id_prov><name_pob type="varchar"  label="City">Decatur</name_pob><ind_active type="tinyint"  label="Active">1</ind_active></row>
<row><id_poblacion type="int" >3945</id_poblacion><id_prov type="smallint" >380</id_prov><name_pob type="varchar"  label="City">Sycamore</name_pob><ind_active type="tinyint"  label="Active">1</ind_active></row>
<row><id_poblacion type="int" >3946</id_poblacion><id_prov type="smallint" >380</id_prov><name_pob type="varchar"  label="City">Maysville</name_pob><ind_active type="tinyint"  label="Active">1</ind_active></row>
<row><id_poblacion type="int" >3947</id_poblacion><id_prov type="smallint" >381</id_prov><name_pob type="varchar"  label="City">Moundsville</name_pob><ind_active type="tinyint"  label="Active">1</ind_active></row>
<row><id_poblacion type="int" >3948</id_poblacion><id_prov type="smallint" >381</id_prov><name_pob type="varchar"  label="City">Lewisburg</name_pob><ind_active type="tinyint"  label="Active">1</ind_active></row>
<row><id_poblacion type="int" >3949</id_poblacion><id_prov type="smallint" >381</id_prov><name_pob type="varchar"  label="City">Guntersvill</name_pob><ind_active type="tinyint"  label="Active">1</ind_active></row>
<row><id_poblacion type="int" >3950</id_poblacion><id_prov type="smallint" >381</id_prov><name_pob type="varchar"  label="City">Britton</name_pob><ind_active type="tinyint"  label="Active">1</ind_active></row>
<row><id_poblacion type="int" >3951</id_poblacion><id_prov type="smallint" >381</id_prov><name_pob type="varchar"  label="City">Madill</name_pob><ind_active type="tinyint"  label="Active">1</ind_active></row>
<row><id_poblacion type="int" >3952</id_poblacion><id_prov type="smallint" >381</id_prov><name_pob type="varchar"  label="City">Holly Sprin</name_pob><ind_active type="tinyint"  label="Active">1</ind_active></row>
<row><id_poblacion type="int" >3953</id_poblacion><id_prov type="smallint" >381</id_prov><name_pob type="varchar"  label="City">Benton</name_pob><ind_active type="tinyint"  label="Active">1</ind_active></row>
<row><id_poblacion type="int" >3954</id_poblacion><id_prov type="smallint" >381</id_prov><name_pob type="varchar"  label="City">Marysville</name_pob><ind_active type="tinyint"  label="Active">1</ind_active></row>
<row><id_poblacion type="int" >3955</id_poblacion><id_prov type="smallint" >381</id_prov><name_pob type="varchar"  label="City">Plymouth</name_pob><ind_active type="tinyint"  label="Active">1</ind_active></row>
<row><id_poblacion type="int" >3956</id_poblacion><id_prov type="smallint" >381</id_prov><name_pob type="varchar"  label="City">Marshalltow</name_pob><ind_active type="tinyint"  label="Active">1</ind_active></row>
<row><id_poblacion type="int" >3957</id_poblacion><id_prov type="smallint" >381</id_prov><name_pob type="varchar"  label="City">Lacon</name_pob><ind_active type="tinyint"  label="Active">1</ind_active></row>
<row><id_poblacion type="int" >3958</id_poblacion><id_prov type="smallint" >381</id_prov><name_pob type="varchar"  label="City">Warren</name_pob><ind_active type="tinyint"  label="Active">1</ind_active></row>
<row><id_poblacion type="int" >3959</id_poblacion><id_prov type="smallint" >382</id_prov><name_pob type="varchar"  label="City">Hugo</name_pob><ind_active type="tinyint"  label="Active">1</ind_active></row>
<row><id_poblacion type="int" >3960</id_poblacion><id_prov type="smallint" >382</id_prov><name_pob type="varchar"  label="City">Ackerman</name_pob><ind_active type="tinyint"  label="Active">1</ind_active></row>
<row><id_poblacion type="int" >3961</id_poblacion><id_prov type="smallint" >382</id_prov><name_pob type="varchar"  label="City">Butler</name_pob><ind_active type="tinyint"  label="Active">1</ind_active></row>
<row><id_poblacion type="int" >3962</id_poblacion><id_prov type="smallint" >383</id_prov><name_pob type="varchar"  label="City">Greensboro</name_pob><ind_active type="tinyint"  label="Active">1</ind_active></row>
<row><id_poblacion type="int" >3963</id_poblacion><id_prov type="smallint" >383</id_prov><name_pob type="varchar"  label="City">Plainview</name_pob><ind_active type="tinyint"  label="Active">1</ind_active></row>
<row><id_poblacion type="int" >3964</id_poblacion><id_prov type="smallint" >384</id_prov><name_pob type="varchar"  label="City">Anahuac</name_pob><ind_active type="tinyint"  label="Active">1</ind_active></row>
<row><id_poblacion type="int" >3965</id_poblacion><id_prov type="smallint" >384</id_prov><name_pob type="varchar"  label="City">Lafayette</name_pob><ind_active type="tinyint"  label="Active">1</ind_active></row>
<row><id_poblacion type="int" >3966</id_poblacion><id_prov type="smallint" >385</id_prov><name_pob type="varchar"  label="City">Brewton</name_pob><ind_active type="tinyint"  label="Active">1</ind_active></row>
<row><id_poblacion type="int" >3967</id_poblacion><id_prov type="smallint" >385</id_prov><name_pob type="varchar"  label="City">Pensacola</name_pob><ind_active type="tinyint"  label="Active">1</ind_active></row>
<row><id_poblacion type="int" >3968</id_poblacion><id_prov type="smallint" >386</id_prov><name_pob type="varchar"  label="City">David City</name_pob><ind_active type="tinyint"  label="Active">1</ind_active></row>
<row><id_poblacion type="int" >3969</id_poblacion><id_prov type="smallint" >386</id_prov><name_pob type="varchar"  label="City">Poplar Bluf</name_pob><ind_active type="tinyint"  label="Active">1</ind_active></row>
<row><id_poblacion type="int" >3970</id_poblacion><id_prov type="smallint" >386</id_prov><name_pob type="varchar"  label="City">Butler</name_pob><ind_active type="tinyint"  label="Active">1</ind_active></row>
<row><id_poblacion type="int" >3971</id_poblacion><id_prov type="smallint" >386</id_prov><name_pob type="varchar"  label="City">Greenville</name_pob><ind_active type="tinyint"  label="Active">1</ind_active></row>
<row><id_poblacion type="int" >3972</id_poblacion><id_prov type="smallint" >386</id_prov><name_pob type="varchar"  label="City">El Dorado</name_pob><ind_active type="tinyint"  label="Active">1</ind_active></row>
<row><id_poblacion type="int" >3973</id_poblacion><id_prov type="smallint" >386</id_prov><name_pob type="varchar"  label="City">Hamilton</name_pob><ind_active type="tinyint"  label="Active">1</ind_active></row>
<row><id_poblacion type="int" >3974</id_poblacion><id_prov type="smallint" >386</id_prov><name_pob type="varchar"  label="City">Allison</name_pob><ind_active type="tinyint"  label="Active">1</ind_active></row>
<row><id_poblacion type="int" >3975</id_poblacion><id_prov type="smallint" >386</id_prov><name_pob type="varchar"  label="City">Morgantown</name_pob><ind_active type="tinyint"  label="Active">1</ind_active></row>
<row><id_poblacion type="int" >3976</id_poblacion><id_prov type="smallint" >387</id_prov><name_pob type="varchar"  label="City">Cullman</name_pob><ind_active type="tinyint"  label="Active">1</ind_active></row>
<row><id_poblacion type="int" >3977</id_poblacion><id_prov type="smallint" >388</id_prov><name_pob type="varchar"  label="City">Lafayette</name_pob><ind_active type="tinyint"  label="Active">1</ind_active></row>
<row><id_poblacion type="int" >3978</id_poblacion><id_prov type="smallint" >388</id_prov><name_pob type="varchar"  label="City">Tuskegee</name_pob><ind_active type="tinyint"  label="Active">1</ind_active></row>
<row><id_poblacion type="int" >3979</id_poblacion><id_prov type="smallint" >388</id_prov><name_pob type="varchar"  label="City">Oglethorpe</name_pob><ind_active type="tinyint"  label="Active">1</ind_active></row>
<row><id_poblacion type="int" >3980</id_poblacion><id_prov type="smallint" >388</id_prov><name_pob type="varchar"  label="City">Decatur</name_pob><ind_active type="tinyint"  label="Active">1</ind_active></row>
<row><id_poblacion type="int" >3981</id_poblacion><id_prov type="smallint" >388</id_prov><name_pob type="varchar"  label="City">Macon</name_pob><ind_active type="tinyint"  label="Active">1</ind_active></row>
<row><id_poblacion type="int" >3982</id_poblacion><id_prov type="smallint" >388</id_prov><name_pob type="varchar"  label="City">Franklin</name_pob><ind_active type="tinyint"  label="Active">1</ind_active></row>
<row><id_poblacion type="int" >3983</id_poblacion><id_prov type="smallint" >389</id_prov><name_pob type="varchar"  label="City">Camden</name_pob><ind_active type="tinyint"  label="Active">1</ind_active></row>
<row><id_poblacion type="int" >3984</id_poblacion><id_prov type="smallint" >389</id_prov><name_pob type="varchar"  label="City">Abbeville</name_pob><ind_active type="tinyint"  label="Active">1</ind_active></row>
<row><id_poblacion type="int" >3985</id_poblacion><id_prov type="smallint" >390</id_prov><name_pob type="varchar"  label="City">Florence</name_pob><ind_active type="tinyint"  label="Active">1</ind_active></row>
<row><id_poblacion type="int" >3986</id_poblacion><id_prov type="smallint" >390</id_prov><name_pob type="varchar"  label="City">Meridian</name_pob><ind_active type="tinyint"  label="Active">1</ind_active></row>
<row><id_poblacion type="int" >3987</id_poblacion><id_prov type="smallint" >390</id_prov><name_pob type="varchar"  label="City">Ripley</name_pob><ind_active type="tinyint"  label="Active">1</ind_active></row>
<row><id_poblacion type="int" >3988</id_poblacion><id_prov type="smallint" >391</id_prov><name_pob type="varchar"  label="City">Marshall</name_pob><ind_active type="tinyint"  label="Active">1</ind_active></row>
<row><id_poblacion type="int" >3989</id_poblacion><id_prov type="smallint" >391</id_prov><name_pob type="varchar"  label="City">Port Lavaca</name_pob><ind_active type="tinyint"  label="Active">1</ind_active></row>
<row><id_poblacion type="int" >3990</id_poblacion><id_prov type="smallint" >391</id_prov><name_pob type="varchar"  label="City">Saint Matth</name_pob><ind_active type="tinyint"  label="Active">1</ind_active></row>
<row><id_poblacion type="int" >3991</id_poblacion><id_prov type="smallint" >391</id_prov><name_pob type="varchar"  label="City">Blountstown</name_pob><ind_active type="tinyint"  label="Active">1</ind_active></row>
<row><id_poblacion type="int" >3992</id_poblacion><id_prov type="smallint" >391</id_prov><name_pob type="varchar"  label="City">Pittsboro</name_pob><ind_active type="tinyint"  label="Active">1</ind_active></row>
<row><id_poblacion type="int" >3993</id_poblacion><id_prov type="smallint" >391</id_prov><name_pob type="varchar"  label="City">Grantsville</name_pob><ind_active type="tinyint"  label="Active">1</ind_active></row>
<row><id_poblacion type="int" >3994</id_poblacion><id_prov type="smallint" >391</id_prov><name_pob type="varchar"  label="City">Morgan</name_pob><ind_active type="tinyint"  label="Active">1</ind_active></row>
<row><id_poblacion type="int" >3995</id_poblacion><id_prov type="smallint" >391</id_prov><name_pob type="varchar"  label="City">Hampton</name_pob><ind_active type="tinyint"  label="Active">1</ind_active></row>
<row><id_poblacion type="int" >3996</id_poblacion><id_prov type="smallint" >391</id_prov><name_pob type="varchar"  label="City">Anniston</name_pob><ind_active type="tinyint"  label="Active">1</ind_active></row>
<row><id_poblacion type="int" >3997</id_poblacion><id_prov type="smallint" >391</id_prov><name_pob type="varchar"  label="City">Rockwell Ci</name_pob><ind_active type="tinyint"  label="Active">1</ind_active></row>
<row><id_poblacion type="int" >3998</id_poblacion><id_prov type="smallint" >391</id_prov><name_pob type="varchar"  label="City">Hardin</name_pob><ind_active type="tinyint"  label="Active">1</ind_active></row>
<row><id_poblacion type="int" >3999</id_poblacion><id_prov type="smallint" >392</id_prov><name_pob type="varchar"  label="City">Dixon</name_pob><ind_active type="tinyint"  label="Active">1</ind_active></row>
<row><id_poblacion type="int" >4000</id_poblacion><id_prov type="smallint" >392</id_prov><name_pob type="varchar"  label="City">Sanford</name_pob><ind_active type="tinyint"  label="Active">1</ind_active></row>
<row><id_poblacion type="int" >4001</id_poblacion><id_prov type="smallint" >392</id_prov><name_pob type="varchar"  label="City">Jonesville</name_pob><ind_active type="tinyint"  label="Active">1</ind_active></row>
<row><id_poblacion type="int" >4002</id_poblacion><id_prov type="smallint" >392</id_prov><name_pob type="varchar"  label="City">Giddings</name_pob><ind_active type="tinyint"  label="Active">1</ind_active></row>
<row><id_poblacion type="int" >4003</id_poblacion><id_prov type="smallint" >392</id_prov><name_pob type="varchar"  label="City">Bishopville</name_pob><ind_active type="tinyint"  label="Active">1</ind_active></row>
<row><id_poblacion type="int" >4004</id_poblacion><id_prov type="smallint" >392</id_prov><name_pob type="varchar"  label="City">Beattyville</name_pob><ind_active type="tinyint"  label="Active">1</ind_active></row>
<row><id_poblacion type="int" >4005</id_poblacion><id_prov type="smallint" >392</id_prov><name_pob type="varchar"  label="City">Opelika</name_pob><ind_active type="tinyint"  label="Active">1</ind_active></row>
<row><id_poblacion type="int" >4006</id_poblacion><id_prov type="smallint" >392</id_prov><name_pob type="varchar"  label="City">Fort Madiso</name_pob><ind_active type="tinyint"  label="Active">1</ind_active></row>
<row><id_poblacion type="int" >4007</id_poblacion><id_prov type="smallint" >392</id_prov><name_pob type="varchar"  label="City">Leesburg</name_pob><ind_active type="tinyint"  label="Active">1</ind_active></row>
<row><id_poblacion type="int" >4008</id_poblacion><id_prov type="smallint" >392</id_prov><name_pob type="varchar"  label="City">Fort Myers</name_pob><ind_active type="tinyint"  label="Active">1</ind_active></row>
<row><id_poblacion type="int" >4009</id_poblacion><id_prov type="smallint" >392</id_prov><name_pob type="varchar"  label="City">Tupelo</name_pob><ind_active type="tinyint"  label="Active">1</ind_active></row>
<row><id_poblacion type="int" >4010</id_poblacion><id_prov type="smallint" >392</id_prov><name_pob type="varchar"  label="City">Marianna</name_pob><ind_active type="tinyint"  label="Active">1</ind_active></row>
<row><id_poblacion type="int" >4011</id_poblacion><id_prov type="smallint" >393</id_prov><name_pob type="varchar"  label="City">Wartburg</name_pob><ind_active type="tinyint"  label="Active">1</ind_active></row>
<row><id_poblacion type="int" >4012</id_poblacion><id_prov type="smallint" >393</id_prov><name_pob type="varchar"  label="City">West Libert</name_pob><ind_active type="tinyint"  label="Active">1</ind_active></row>
<row><id_poblacion type="int" >4013</id_poblacion><id_prov type="smallint" >393</id_prov><name_pob type="varchar"  label="City">Morgan</name_pob><ind_active type="tinyint"  label="Active">1</ind_active></row>
<row><id_poblacion type="int" >4014</id_poblacion><id_prov type="smallint" >393</id_prov><name_pob type="varchar"  label="City">McConnelsvi</name_pob><ind_active type="tinyint"  label="Active">1</ind_active></row>
<row><id_poblacion type="int" >4015</id_poblacion><id_prov type="smallint" >393</id_prov><name_pob type="varchar"  label="City">Versailles</name_pob><ind_active type="tinyint"  label="Active">1</ind_active></row>
<row><id_poblacion type="int" >4016</id_poblacion><id_prov type="smallint" >393</id_prov><name_pob type="varchar"  label="City">Jacksonvill</name_pob><ind_active type="tinyint"  label="Active">1</ind_active></row>
<row><id_poblacion type="int" >4017</id_poblacion><id_prov type="smallint" >393</id_prov><name_pob type="varchar"  label="City">Madison</name_pob><ind_active type="tinyint"  label="Active">1</ind_active></row>
<row><id_poblacion type="int" >4018</id_poblacion><id_prov type="smallint" >393</id_prov><name_pob type="varchar"  label="City">Decatur</name_pob><ind_active type="tinyint"  label="Active">1</ind_active></row>
<row><id_poblacion type="int" >4019</id_poblacion><id_prov type="smallint" >393</id_prov><name_pob type="varchar"  label="City">Fort Morgan</name_pob><ind_active type="tinyint"  label="Active">1</ind_active></row>
<row><id_poblacion type="int" >4020</id_poblacion><id_prov type="smallint" >393</id_prov><name_pob type="varchar"  label="City">Berkeley Sp</name_pob><ind_active type="tinyint"  label="Active">1</ind_active></row>
<row><id_poblacion type="int" >4021</id_poblacion><id_prov type="smallint" >393</id_prov><name_pob type="varchar"  label="City">Martinsvill</name_pob><ind_active type="tinyint"  label="Active">1</ind_active></row>
<row><id_poblacion type="int" >4022</id_poblacion><id_prov type="smallint" >394</id_prov><name_pob type="varchar"  label="City">Perryville</name_pob><ind_active type="tinyint"  label="Active">1</ind_active></row>
<row><id_poblacion type="int" >4023</id_poblacion><id_prov type="smallint" >394</id_prov><name_pob type="varchar"  label="City">Pinckneyvil</name_pob><ind_active type="tinyint"  label="Active">1</ind_active></row>
<row><id_poblacion type="int" >4024</id_poblacion><id_prov type="smallint" >394</id_prov><name_pob type="varchar"  label="City">Cannelton</name_pob><ind_active type="tinyint"  label="Active">1</ind_active></row>
<row><id_poblacion type="int" >4025</id_poblacion><id_prov type="smallint" >394</id_prov><name_pob type="varchar"  label="City">Hazard</name_pob><ind_active type="tinyint"  label="Active">1</ind_active></row>
<row><id_poblacion type="int" >4027</id_poblacion><id_prov type="smallint" >394</id_prov><name_pob type="varchar"  label="City">New Augusta</name_pob><ind_active type="tinyint"  label="Active">1</ind_active></row>
<row><id_poblacion type="int" >4028</id_poblacion><id_prov type="smallint" >394</id_prov><name_pob type="varchar"  label="City">New Lexingt</name_pob><ind_active type="tinyint"  label="Active">1</ind_active></row>
<row><id_poblacion type="int" >4029</id_poblacion><id_prov type="smallint" >394</id_prov><name_pob type="varchar"  label="City">New Bloomfi</name_pob><ind_active type="tinyint"  label="Active">1</ind_active></row>
<row><id_poblacion type="int" >4030</id_poblacion><id_prov type="smallint" >394</id_prov><name_pob type="varchar"  label="City">Linden</name_pob><ind_active type="tinyint"  label="Active">1</ind_active></row>
<row><id_poblacion type="int" >4031</id_poblacion><id_prov type="smallint" >394</id_prov><name_pob type="varchar"  label="City">Marion</name_pob><ind_active type="tinyint"  label="Active">1</ind_active></row>
<row><id_poblacion type="int" >4032</id_poblacion><id_prov type="smallint" >395</id_prov><name_pob type="varchar"  label="City">Vernon</name_pob><ind_active type="tinyint"  label="Active">1</ind_active></row>
<row><id_poblacion type="int" >4033</id_poblacion><id_prov type="smallint" >395</id_prov><name_pob type="varchar"  label="City">Paris</name_pob><ind_active type="tinyint"  label="Active">1</ind_active></row>
<row><id_poblacion type="int" >4034</id_poblacion><id_prov type="smallint" >395</id_prov><name_pob type="varchar"  label="City">Purvis</name_pob><ind_active type="tinyint"  label="Active">1</ind_active></row>
<row><id_poblacion type="int" >4035</id_poblacion><id_prov type="smallint" >395</id_prov><name_pob type="varchar"  label="City">Barnesville</name_pob><ind_active type="tinyint"  label="Active">1</ind_active></row>
<row><id_poblacion type="int" >4036</id_poblacion><id_prov type="smallint" >396</id_prov><name_pob type="varchar"  label="City">Mobile</name_pob><ind_active type="tinyint"  label="Active">1</ind_active></row>
<row><id_poblacion type="int" >4037</id_poblacion><id_prov type="smallint" >397</id_prov><name_pob type="varchar"  label="City">Luverne</name_pob><ind_active type="tinyint"  label="Active">1</ind_active></row>
<row><id_poblacion type="int" >4038</id_poblacion><id_prov type="smallint" >398</id_prov><name_pob type="varchar"  label="City">Clayton</name_pob><ind_active type="tinyint"  label="Active">1</ind_active></row>
<row><id_poblacion type="int" >4039</id_poblacion><id_prov type="smallint" >398</id_prov><name_pob type="varchar"  label="City">Philippi</name_pob><ind_active type="tinyint"  label="Active">1</ind_active></row>
<row><id_poblacion type="int" >4040</id_poblacion><id_prov type="smallint" >399</id_prov><name_pob type="varchar"  label="City">Quitman</name_pob><ind_active type="tinyint"  label="Active">1</ind_active></row>
<row><id_poblacion type="int" >4041</id_poblacion><id_prov type="smallint" >399</id_prov><name_pob type="varchar"  label="City">Athens</name_pob><ind_active type="tinyint"  label="Active">1</ind_active></row>
<row><id_poblacion type="int" >4042</id_poblacion><id_prov type="smallint" >399</id_prov><name_pob type="varchar"  label="City">Grove Hill</name_pob><ind_active type="tinyint"  label="Active">1</ind_active></row>
<row><id_poblacion type="int" >4043</id_poblacion><id_prov type="smallint" >399</id_prov><name_pob type="varchar"  label="City">Berryville</name_pob><ind_active type="tinyint"  label="Active">1</ind_active></row>
<row><id_poblacion type="int" >4044</id_poblacion><id_prov type="smallint" >399</id_prov><name_pob type="varchar"  label="City">Osceola</name_pob><ind_active type="tinyint"  label="Active">1</ind_active></row>
<row><id_poblacion type="int" >4045</id_poblacion><id_prov type="smallint" >400</id_prov><name_pob type="varchar"  label="City">Rockford</name_pob><ind_active type="tinyint"  label="Active">1</ind_active></row>
<row><id_poblacion type="int" >4046</id_poblacion><id_prov type="smallint" >401</id_prov><name_pob type="varchar"  label="City">Carnesville</name_pob><ind_active type="tinyint"  label="Active">1</ind_active></row>
<row><id_poblacion type="int" >4047</id_poblacion><id_prov type="smallint" >401</id_prov><name_pob type="varchar"  label="City">Louisburg</name_pob><ind_active type="tinyint"  label="Active">1</ind_active></row>
<row><id_poblacion type="int" >4048</id_poblacion><id_prov type="smallint" >401</id_prov><name_pob type="varchar"  label="City">Franklin</name_pob><ind_active type="tinyint"  label="Active">1</ind_active></row>
<row><id_poblacion type="int" >4049</id_poblacion><id_prov type="smallint" >401</id_prov><name_pob type="varchar"  label="City">Malone</name_pob><ind_active type="tinyint"  label="Active">1</ind_active></row>
<row><id_poblacion type="int" >4050</id_poblacion><id_prov type="smallint" >401</id_prov><name_pob type="varchar"  label="City">Columbus</name_pob><ind_active type="tinyint"  label="Active">1</ind_active></row>
<row><id_poblacion type="int" >4051</id_poblacion><id_prov type="smallint" >401</id_prov><name_pob type="varchar"  label="City">Chambersbur</name_pob><ind_active type="tinyint"  label="Active">1</ind_active></row>
<row><id_poblacion type="int" >4052</id_poblacion><id_prov type="smallint" >401</id_prov><name_pob type="varchar"  label="City">Winchester</name_pob><ind_active type="tinyint"  label="Active">1</ind_active></row>
<row><id_poblacion type="int" >4053</id_poblacion><id_prov type="smallint" >401</id_prov><name_pob type="varchar"  label="City">Mount Verno</name_pob><ind_active type="tinyint"  label="Active">1</ind_active></row>
<row><id_poblacion type="int" >4054</id_poblacion><id_prov type="smallint" >401</id_prov><name_pob type="varchar"  label="City">Rocky Mount</name_pob><ind_active type="tinyint"  label="Active">1</ind_active></row>
<row><id_poblacion type="int" >4056</id_poblacion><id_prov type="smallint" >401</id_prov><name_pob type="varchar"  label="City">Saint Alban</name_pob><ind_active type="tinyint"  label="Active">1</ind_active></row>
<row><id_poblacion type="int" >4057</id_poblacion><id_prov type="smallint" >401</id_prov><name_pob type="varchar"  label="City">Meadville</name_pob><ind_active type="tinyint"  label="Active">1</ind_active></row>
<row><id_poblacion type="int" >4058</id_poblacion><id_prov type="smallint" >401</id_prov><name_pob type="varchar"  label="City">Pasco</name_pob><ind_active type="tinyint"  label="Active">1</ind_active></row>
<row><id_poblacion type="int" >4059</id_poblacion><id_prov type="smallint" >401</id_prov><name_pob type="varchar"  label="City">Benton</name_pob><ind_active type="tinyint"  label="Active">1</ind_active></row>
<row><id_poblacion type="int" >4060</id_poblacion><id_prov type="smallint" >401</id_prov><name_pob type="varchar"  label="City">Russellvill</name_pob><ind_active type="tinyint"  label="Active">1</ind_active></row>
<row><id_poblacion type="int" >4061</id_poblacion><id_prov type="smallint" >401</id_prov><name_pob type="varchar"  label="City">Charleston,</name_pob><ind_active type="tinyint"  label="Active">1</ind_active></row>
<row><id_poblacion type="int" >4062</id_poblacion><id_prov type="smallint" >401</id_prov><name_pob type="varchar"  label="City">Preston</name_pob><ind_active type="tinyint"  label="Active">1</ind_active></row>
<row><id_poblacion type="int" >4063</id_poblacion><id_prov type="smallint" >401</id_prov><name_pob type="varchar"  label="City">Hampton</name_pob><ind_active type="tinyint"  label="Active">1</ind_active></row>
<row><id_poblacion type="int" >4064</id_poblacion><id_prov type="smallint" >401</id_prov><name_pob type="varchar"  label="City">Union</name_pob><ind_active type="tinyint"  label="Active">1</ind_active></row>
<row><id_poblacion type="int" >4065</id_poblacion><id_prov type="smallint" >401</id_prov><name_pob type="varchar"  label="City">Brookville</name_pob><ind_active type="tinyint"  label="Active">1</ind_active></row>
<row><id_poblacion type="int" >4066</id_poblacion><id_prov type="smallint" >401</id_prov><name_pob type="varchar"  label="City">Ottawa</name_pob><ind_active type="tinyint"  label="Active">1</ind_active></row>
<row><id_poblacion type="int" >4067</id_poblacion><id_prov type="smallint" >401</id_prov><name_pob type="varchar"  label="City">Frankfort</name_pob><ind_active type="tinyint"  label="Active">1</ind_active></row>
<row><id_poblacion type="int" >4068</id_poblacion><id_prov type="smallint" >401</id_prov><name_pob type="varchar"  label="City">Winnsboro</name_pob><ind_active type="tinyint"  label="Active">1</ind_active></row>
<row><id_poblacion type="int" >4069</id_poblacion><id_prov type="smallint" >401</id_prov><name_pob type="varchar"  label="City">Greenfield</name_pob><ind_active type="tinyint"  label="Active">1</ind_active></row>
<row><id_poblacion type="int" >4070</id_poblacion><id_prov type="smallint" >401</id_prov><name_pob type="varchar"  label="City">Farmington</name_pob><ind_active type="tinyint"  label="Active">1</ind_active></row>
<row><id_poblacion type="int" >4071</id_poblacion><id_prov type="smallint" >401</id_prov><name_pob type="varchar"  label="City">Apalachicol</name_pob><ind_active type="tinyint"  label="Active">1</ind_active></row>
<row><id_poblacion type="int" >4072</id_poblacion><id_prov type="smallint" >402</id_prov><name_pob type="varchar"  label="City">Phenix City</name_pob><ind_active type="tinyint"  label="Active">1</ind_active></row>
<row><id_poblacion type="int" >4073</id_poblacion><id_prov type="smallint" >402</id_prov><name_pob type="varchar"  label="City">Russell</name_pob><ind_active type="tinyint"  label="Active">1</ind_active></row>
<row><id_poblacion type="int" >4074</id_poblacion><id_prov type="smallint" >402</id_prov><name_pob type="varchar"  label="City">Jamestown</name_pob><ind_active type="tinyint"  label="Active">1</ind_active></row>
<row><id_poblacion type="int" >4075</id_poblacion><id_prov type="smallint" >402</id_prov><name_pob type="varchar"  label="City">Lebanon</name_pob><ind_active type="tinyint"  label="Active">1</ind_active></row>
<row><id_poblacion type="int" >4076</id_poblacion><id_prov type="smallint" >403</id_prov><name_pob type="varchar"  label="City">Livingston</name_pob><ind_active type="tinyint"  label="Active">1</ind_active></row>
<row><id_poblacion type="int" >4077</id_poblacion><id_prov type="smallint" >403</id_prov><name_pob type="varchar"  label="City">Bushnell</name_pob><ind_active type="tinyint"  label="Active">1</ind_active></row>
<row><id_poblacion type="int" >4078</id_poblacion><id_prov type="smallint" >403</id_prov><name_pob type="varchar"  label="City">Americus</name_pob><ind_active type="tinyint"  label="Active">1</ind_active></row>
<row><id_poblacion type="int" >4079</id_poblacion><id_prov type="smallint" >403</id_prov><name_pob type="varchar"  label="City">Sumter</name_pob><ind_active type="tinyint"  label="Active">1</ind_active></row>
<row><id_poblacion type="int" >4080</id_poblacion><id_prov type="smallint" >404</id_prov><name_pob type="varchar"  label="City">Snow Hill</name_pob><ind_active type="tinyint"  label="Active">1</ind_active></row>
<row><id_poblacion type="int" >4081</id_poblacion><id_prov type="smallint" >404</id_prov><name_pob type="varchar"  label="City">Stanardsvil</name_pob><ind_active type="tinyint"  label="Active">1</ind_active></row>
<row><id_poblacion type="int" >4082</id_poblacion><id_prov type="smallint" >404</id_prov><name_pob type="varchar"  label="City">Eutaw</name_pob><ind_active type="tinyint"  label="Active">1</ind_active></row>
<row><id_poblacion type="int" >4083</id_poblacion><id_prov type="smallint" >404</id_prov><name_pob type="varchar"  label="City">Greeneville</name_pob><ind_active type="tinyint"  label="Active">1</ind_active></row>
<row><id_poblacion type="int" >4084</id_poblacion><id_prov type="smallint" >404</id_prov><name_pob type="varchar"  label="City">Waynesburg</name_pob><ind_active type="tinyint"  label="Active">1</ind_active></row>
<row><id_poblacion type="int" >4085</id_poblacion><id_prov type="smallint" >404</id_prov><name_pob type="varchar"  label="City">Xenia</name_pob><ind_active type="tinyint"  label="Active">1</ind_active></row>
<row><id_poblacion type="int" >4086</id_poblacion><id_prov type="smallint" >404</id_prov><name_pob type="varchar"  label="City">Catskill</name_pob><ind_active type="tinyint"  label="Active">1</ind_active></row>
<row><id_poblacion type="int" >4087</id_poblacion><id_prov type="smallint" >404</id_prov><name_pob type="varchar"  label="City">Springfield</name_pob><ind_active type="tinyint"  label="Active">1</ind_active></row>
<row><id_poblacion type="int" >4088</id_poblacion><id_prov type="smallint" >404</id_prov><name_pob type="varchar"  label="City">Bloomfield</name_pob><ind_active type="tinyint"  label="Active">1</ind_active></row>
<row><id_poblacion type="int" >4089</id_poblacion><id_prov type="smallint" >404</id_prov><name_pob type="varchar"  label="City">Carrollton</name_pob><ind_active type="tinyint"  label="Active">1</ind_active></row>
<row><id_poblacion type="int" >4090</id_poblacion><id_prov type="smallint" >404</id_prov><name_pob type="varchar"  label="City">Jefferson</name_pob><ind_active type="tinyint"  label="Active">1</ind_active></row>
<row><id_poblacion type="int" >4091</id_poblacion><id_prov type="smallint" >404</id_prov><name_pob type="varchar"  label="City">Paragould</name_pob><ind_active type="tinyint"  label="Active">1</ind_active></row>
<row><id_poblacion type="int" >4092</id_poblacion><id_prov type="smallint" >404</id_prov><name_pob type="varchar"  label="City">Greensboro</name_pob><ind_active type="tinyint"  label="Active">1</ind_active></row>
<row><id_poblacion type="int" >4093</id_poblacion><id_prov type="smallint" >404</id_prov><name_pob type="varchar"  label="City">Leakesville</name_pob><ind_active type="tinyint"  label="Active">1</ind_active></row>
<row><id_poblacion type="int" >4094</id_poblacion><id_prov type="smallint" >405</id_prov><name_pob type="varchar"  label="City">Oneonta</name_pob><ind_active type="tinyint"  label="Active">1</ind_active></row>
<row><id_poblacion type="int" >4095</id_poblacion><id_prov type="smallint" >405</id_prov><name_pob type="varchar"  label="City">Maryville</name_pob><ind_active type="tinyint"  label="Active">1</ind_active></row>
<row><id_poblacion type="int" >4096</id_poblacion><id_prov type="smallint" >406</id_prov><name_pob type="varchar"  label="City">Somerville</name_pob><ind_active type="tinyint"  label="Active">1</ind_active></row>
<row><id_poblacion type="int" >4097</id_poblacion><id_prov type="smallint" >406</id_prov><name_pob type="varchar"  label="City">La Grange</name_pob><ind_active type="tinyint"  label="Active">1</ind_active></row>
<row><id_poblacion type="int" >4098</id_poblacion><id_prov type="smallint" >406</id_prov><name_pob type="varchar"  label="City">Uniontown</name_pob><ind_active type="tinyint"  label="Active">1</ind_active></row>
<row><id_poblacion type="int" >4099</id_poblacion><id_prov type="smallint" >406</id_prov><name_pob type="varchar"  label="City">Washington</name_pob><ind_active type="tinyint"  label="Active">1</ind_active></row>
<row><id_poblacion type="int" >4100</id_poblacion><id_prov type="smallint" >406</id_prov><name_pob type="varchar"  label="City">Lexington</name_pob><ind_active type="tinyint"  label="Active">1</ind_active></row>
<row><id_poblacion type="int" >4101</id_poblacion><id_prov type="smallint" >406</id_prov><name_pob type="varchar"  label="City">Vandalia</name_pob><ind_active type="tinyint"  label="Active">1</ind_active></row>
<row><id_poblacion type="int" >4102</id_poblacion><id_prov type="smallint" >406</id_prov><name_pob type="varchar"  label="City">West Union</name_pob><ind_active type="tinyint"  label="Active">1</ind_active></row>
<row><id_poblacion type="int" >4103</id_poblacion><id_prov type="smallint" >406</id_prov><name_pob type="varchar"  label="City">Fayettevill</name_pob><ind_active type="tinyint"  label="Active">1</ind_active></row>
<row><id_poblacion type="int" >4104</id_poblacion><id_prov type="smallint" >406</id_prov><name_pob type="varchar"  label="City">Fayette</name_pob><ind_active type="tinyint"  label="Active">1</ind_active></row>
<row><id_poblacion type="int" >4106</id_poblacion><id_prov type="smallint" >406</id_prov><name_pob type="varchar"  label="City">Connersvill</name_pob><ind_active type="tinyint"  label="Active">1</ind_active></row>
<row><id_poblacion type="int" >4107</id_poblacion><id_prov type="smallint" >407</id_prov><name_pob type="varchar"  label="City">Hayneville</name_pob><ind_active type="tinyint"  label="Active">1</ind_active></row>
<row><id_poblacion type="int" >4108</id_poblacion><id_prov type="smallint" >407</id_prov><name_pob type="varchar"  label="City">Valdosta</name_pob><ind_active type="tinyint"  label="Active">1</ind_active></row>
<row><id_poblacion type="int" >4109</id_poblacion><id_prov type="smallint" >407</id_prov><name_pob type="varchar"  label="City">Columbus</name_pob><ind_active type="tinyint"  label="Active">1</ind_active></row>
<row><id_poblacion type="int" >4110</id_poblacion><id_prov type="smallint" >408</id_prov><name_pob type="varchar"  label="City">Salem</name_pob><ind_active type="tinyint"  label="Active">1</ind_active></row>
<row><id_poblacion type="int" >4111</id_poblacion><id_prov type="smallint" >408</id_prov><name_pob type="varchar"  label="City">Fairmont</name_pob><ind_active type="tinyint"  label="Active">1</ind_active></row>
<row><id_poblacion type="int" >4112</id_poblacion><id_prov type="smallint" >408</id_prov><name_pob type="varchar"  label="City">Jefferson</name_pob><ind_active type="tinyint"  label="Active">1</ind_active></row>
<row><id_poblacion type="int" >4113</id_poblacion><id_prov type="smallint" >408</id_prov><name_pob type="varchar"  label="City">Hamilton</name_pob><ind_active type="tinyint"  label="Active">1</ind_active></row>
<row><id_poblacion type="int" >4114</id_poblacion><id_prov type="smallint" >408</id_prov><name_pob type="varchar"  label="City">Marion</name_pob><ind_active type="tinyint"  label="Active">1</ind_active></row>
<row><id_poblacion type="int" >4116</id_poblacion><id_prov type="smallint" >408</id_prov><name_pob type="varchar"  label="City">Columbia</name_pob><ind_active type="tinyint"  label="Active">1</ind_active></row>
<row><id_poblacion type="int" >4117</id_poblacion><id_prov type="smallint" >408</id_prov><name_pob type="varchar"  label="City">Palmyra</name_pob><ind_active type="tinyint"  label="Active">1</ind_active></row>
<row><id_poblacion type="int" >4119</id_poblacion><id_prov type="smallint" >408</id_prov><name_pob type="varchar"  label="City">Indianapoli</name_pob><ind_active type="tinyint"  label="Active">1</ind_active></row>
<row><id_poblacion type="int" >4121</id_poblacion><id_prov type="smallint" >408</id_prov><name_pob type="varchar"  label="City">Knoxville</name_pob><ind_active type="tinyint"  label="Active">1</ind_active></row>
<row><id_poblacion type="int" >4122</id_poblacion><id_prov type="smallint" >408</id_prov><name_pob type="varchar"  label="City">Buena Vista</name_pob><ind_active type="tinyint"  label="Active">1</ind_active></row>
<row><id_poblacion type="int" >4123</id_poblacion><id_prov type="smallint" >408</id_prov><name_pob type="varchar"  label="City">Ocala</name_pob><ind_active type="tinyint"  label="Active">1</ind_active></row>
<row><id_poblacion type="int" >4124</id_poblacion><id_prov type="smallint" >408</id_prov><name_pob type="varchar"  label="City">Yellville</name_pob><ind_active type="tinyint"  label="Active">1</ind_active></row>
<row><id_poblacion type="int" >4125</id_poblacion><id_prov type="smallint" >408</id_prov><name_pob type="varchar"  label="City">Lebanon</name_pob><ind_active type="tinyint"  label="Active">1</ind_active></row>
<row><id_poblacion type="int" >4126</id_poblacion><id_prov type="smallint" >408</id_prov><name_pob type="varchar"  label="City">Jasper</name_pob><ind_active type="tinyint"  label="Active">1</ind_active></row>
<row><id_poblacion type="int" >4127</id_poblacion><id_prov type="smallint" >409</id_prov><name_pob type="varchar"  label="City">Henrietta</name_pob><ind_active type="tinyint"  label="Active">1</ind_active></row>
<row><id_poblacion type="int" >4128</id_poblacion><id_prov type="smallint" >409</id_prov><name_pob type="varchar"  label="City">Moorhead</name_pob><ind_active type="tinyint"  label="Active">1</ind_active></row>
<row><id_poblacion type="int" >4129</id_poblacion><id_prov type="smallint" >409</id_prov><name_pob type="varchar"  label="City">Liberty</name_pob><ind_active type="tinyint"  label="Active">1</ind_active></row>
<row><id_poblacion type="int" >4130</id_poblacion><id_prov type="smallint" >409</id_prov><name_pob type="varchar"  label="City">West Point</name_pob><ind_active type="tinyint"  label="Active">1</ind_active></row>
<row><id_poblacion type="int" >4131</id_poblacion><id_prov type="smallint" >409</id_prov><name_pob type="varchar"  label="City">Hayesville</name_pob><ind_active type="tinyint"  label="Active">1</ind_active></row>
<row><id_poblacion type="int" >4132</id_poblacion><id_prov type="smallint" >409</id_prov><name_pob type="varchar"  label="City">Clay Center</name_pob><ind_active type="tinyint"  label="Active">1</ind_active></row>
<row><id_poblacion type="int" >4133</id_poblacion><id_prov type="smallint" >409</id_prov><name_pob type="varchar"  label="City">Vermillion</name_pob><ind_active type="tinyint"  label="Active">1</ind_active></row>
<row><id_poblacion type="int" >4134</id_poblacion><id_prov type="smallint" >409</id_prov><name_pob type="varchar"  label="City">Celina</name_pob><ind_active type="tinyint"  label="Active">1</ind_active></row>
<row><id_poblacion type="int" >4135</id_poblacion><id_prov type="smallint" >409</id_prov><name_pob type="varchar"  label="City">Manchester</name_pob><ind_active type="tinyint"  label="Active">1</ind_active></row>
<row><id_poblacion type="int" >4136</id_poblacion><id_prov type="smallint" >409</id_prov><name_pob type="varchar"  label="City">Clay</name_pob><ind_active type="tinyint"  label="Active">1</ind_active></row>
<row><id_poblacion type="int" >4137</id_poblacion><id_prov type="smallint" >409</id_prov><name_pob type="varchar"  label="City">Brazil</name_pob><ind_active type="tinyint"  label="Active">1</ind_active></row>
<row><id_poblacion type="int" >4138</id_poblacion><id_prov type="smallint" >409</id_prov><name_pob type="varchar"  label="City">Louisville</name_pob><ind_active type="tinyint"  label="Active">1</ind_active></row>
<row><id_poblacion type="int" >4139</id_poblacion><id_prov type="smallint" >409</id_prov><name_pob type="varchar"  label="City">Spencer</name_pob><ind_active type="tinyint"  label="Active">1</ind_active></row>
<row><id_poblacion type="int" >4140</id_poblacion><id_prov type="smallint" >409</id_prov><name_pob type="varchar"  label="City">Fort Gaines</name_pob><ind_active type="tinyint"  label="Active">1</ind_active></row>
<row><id_poblacion type="int" >4141</id_poblacion><id_prov type="smallint" >409</id_prov><name_pob type="varchar"  label="City">Green Cove</name_pob><ind_active type="tinyint"  label="Active">1</ind_active></row>
<row><id_poblacion type="int" >4143</id_poblacion><id_prov type="smallint" >409</id_prov><name_pob type="varchar"  label="City">Ashland</name_pob><ind_active type="tinyint"  label="Active">1</ind_active></row>
<row><id_poblacion type="int" >4144</id_poblacion><id_prov type="smallint" >409</id_prov><name_pob type="varchar"  label="City">Corning, Pi</name_pob><ind_active type="tinyint"  label="Active">1</ind_active></row>
<row><id_poblacion type="int" >4145</id_poblacion><id_prov type="smallint" >410</id_prov><name_pob type="varchar"  label="City">Montgomery</name_pob><ind_active type="tinyint"  label="Active">1</ind_active></row>
<row><id_poblacion type="int" >4146</id_poblacion><id_prov type="smallint" >410</id_prov><name_pob type="varchar"  label="City">Rockville</name_pob><ind_active type="tinyint"  label="Active">1</ind_active></row>
<row><id_poblacion type="int" >4147</id_poblacion><id_prov type="smallint" >410</id_prov><name_pob type="varchar"  label="City">Christiansb</name_pob><ind_active type="tinyint"  label="Active">1</ind_active></row>
<row><id_poblacion type="int" >4148</id_poblacion><id_prov type="smallint" >410</id_prov><name_pob type="varchar"  label="City">Conroe</name_pob><ind_active type="tinyint"  label="Active">1</ind_active></row>
<row><id_poblacion type="int" >4149</id_poblacion><id_prov type="smallint" >410</id_prov><name_pob type="varchar"  label="City">Clarksville</name_pob><ind_active type="tinyint"  label="Active">1</ind_active></row>
<row><id_poblacion type="int" >4150</id_poblacion><id_prov type="smallint" >410</id_prov><name_pob type="varchar"  label="City">Norristown</name_pob><ind_active type="tinyint"  label="Active">1</ind_active></row>
<row><id_poblacion type="int" >4151</id_poblacion><id_prov type="smallint" >410</id_prov><name_pob type="varchar"  label="City">Dayton</name_pob><ind_active type="tinyint"  label="Active">1</ind_active></row>
<row><id_poblacion type="int" >4152</id_poblacion><id_prov type="smallint" >410</id_prov><name_pob type="varchar"  label="City">Fonda</name_pob><ind_active type="tinyint"  label="Active">1</ind_active></row>
<row><id_poblacion type="int" >4153</id_poblacion><id_prov type="smallint" >410</id_prov><name_pob type="varchar"  label="City">Troy</name_pob><ind_active type="tinyint"  label="Active">1</ind_active></row>
<row><id_poblacion type="int" >4155</id_poblacion><id_prov type="smallint" >410</id_prov><name_pob type="varchar"  label="City">Mount Sterl</name_pob><ind_active type="tinyint"  label="Active">1</ind_active></row>
<row><id_poblacion type="int" >4156</id_poblacion><id_prov type="smallint" >410</id_prov><name_pob type="varchar"  label="City">Independenc</name_pob><ind_active type="tinyint"  label="Active">1</ind_active></row>
<row><id_poblacion type="int" >4157</id_poblacion><id_prov type="smallint" >410</id_prov><name_pob type="varchar"  label="City">Crawfordsvi</name_pob><ind_active type="tinyint"  label="Active">1</ind_active></row>
<row><id_poblacion type="int" >4158</id_poblacion><id_prov type="smallint" >410</id_prov><name_pob type="varchar"  label="City">Hillsboro</name_pob><ind_active type="tinyint"  label="Active">1</ind_active></row>
<row><id_poblacion type="int" >4159</id_poblacion><id_prov type="smallint" >410</id_prov><name_pob type="varchar"  label="City">Red Oak</name_pob><ind_active type="tinyint"  label="Active">1</ind_active></row>
<row><id_poblacion type="int" >4160</id_poblacion><id_prov type="smallint" >410</id_prov><name_pob type="varchar"  label="City">Mount Verno</name_pob><ind_active type="tinyint"  label="Active">1</ind_active></row>
<row><id_poblacion type="int" >4161</id_poblacion><id_prov type="smallint" >410</id_prov><name_pob type="varchar"  label="City">Mount Ida</name_pob><ind_active type="tinyint"  label="Active">1</ind_active></row>
<row><id_poblacion type="int" >4162</id_poblacion><id_prov type="smallint" >410</id_prov><name_pob type="varchar"  label="City">Winona</name_pob><ind_active type="tinyint"  label="Active">1</ind_active></row>
<row><id_poblacion type="int" >4163</id_poblacion><id_prov type="smallint" >411</id_prov><name_pob type="varchar"  label="City">Erin</name_pob><ind_active type="tinyint"  label="Active">1</ind_active></row>
<row><id_poblacion type="int" >4164</id_poblacion><id_prov type="smallint" >411</id_prov><name_pob type="varchar"  label="City">Caledonia</name_pob><ind_active type="tinyint"  label="Active">1</ind_active></row>
<row><id_poblacion type="int" >4165</id_poblacion><id_prov type="smallint" >411</id_prov><name_pob type="varchar"  label="City">Perry</name_pob><ind_active type="tinyint"  label="Active">1</ind_active></row>
<row><id_poblacion type="int" >4166</id_poblacion><id_prov type="smallint" >411</id_prov><name_pob type="varchar"  label="City">Dothan</name_pob><ind_active type="tinyint"  label="Active">1</ind_active></row>
<row><id_poblacion type="int" >4167</id_poblacion><id_prov type="smallint" >411</id_prov><name_pob type="varchar"  label="City">Crockett</name_pob><ind_active type="tinyint"  label="Active">1</ind_active></row>
<row><id_poblacion type="int" >4168</id_poblacion><id_prov type="smallint" >412</id_prov><name_pob type="varchar"  label="City">Covington</name_pob><ind_active type="tinyint"  label="Active">1</ind_active></row>
<row><id_poblacion type="int" >4169</id_poblacion><id_prov type="smallint" >412</id_prov><name_pob type="varchar"  label="City">Andalusia</name_pob><ind_active type="tinyint"  label="Active">1</ind_active></row>
<row><id_poblacion type="int" >4170</id_poblacion><id_prov type="smallint" >412</id_prov><name_pob type="varchar"  label="City">Collins</name_pob><ind_active type="tinyint"  label="Active">1</ind_active></row>
<row><id_poblacion type="int" >4171</id_poblacion><id_prov type="smallint" >413</id_prov><name_pob type="varchar"  label="City">Monroe</name_pob><ind_active type="tinyint"  label="Active">1</ind_active></row>
<row><id_poblacion type="int" >4172</id_poblacion><id_prov type="smallint" >413</id_prov><name_pob type="varchar"  label="City">Stroudsburg</name_pob><ind_active type="tinyint"  label="Active">1</ind_active></row>
<row><id_poblacion type="int" >4173</id_poblacion><id_prov type="smallint" >413</id_prov><name_pob type="varchar"  label="City">Union</name_pob><ind_active type="tinyint"  label="Active">1</ind_active></row>
<row><id_poblacion type="int" >4174</id_poblacion><id_prov type="smallint" >413</id_prov><name_pob type="varchar"  label="City">Madisonvill</name_pob><ind_active type="tinyint"  label="Active">1</ind_active></row>
<row><id_poblacion type="int" >4175</id_poblacion><id_prov type="smallint" >413</id_prov><name_pob type="varchar"  label="City">Woodsfield</name_pob><ind_active type="tinyint"  label="Active">1</ind_active></row>
<row><id_poblacion type="int" >4176</id_poblacion><id_prov type="smallint" >413</id_prov><name_pob type="varchar"  label="City">Rochester</name_pob><ind_active type="tinyint"  label="Active">1</ind_active></row>
<row><id_poblacion type="int" >4177</id_poblacion><id_prov type="smallint" >413</id_prov><name_pob type="varchar"  label="City">Aberdeen</name_pob><ind_active type="tinyint"  label="Active">1</ind_active></row>
<row><id_poblacion type="int" >4178</id_poblacion><id_prov type="smallint" >413</id_prov><name_pob type="varchar"  label="City">Paris</name_pob><ind_active type="tinyint"  label="Active">1</ind_active></row>
<row><id_poblacion type="int" >4179</id_poblacion><id_prov type="smallint" >413</id_prov><name_pob type="varchar"  label="City">Bloomington</name_pob><ind_active type="tinyint"  label="Active">1</ind_active></row>
<row><id_poblacion type="int" >4180</id_poblacion><id_prov type="smallint" >413</id_prov><name_pob type="varchar"  label="City">Waterloo</name_pob><ind_active type="tinyint"  label="Active">1</ind_active></row>
<row><id_poblacion type="int" >4181</id_poblacion><id_prov type="smallint" >413</id_prov><name_pob type="varchar"  label="City">Albia</name_pob><ind_active type="tinyint"  label="Active">1</ind_active></row>
<row><id_poblacion type="int" >4182</id_poblacion><id_prov type="smallint" >413</id_prov><name_pob type="varchar"  label="City">Forsyth</name_pob><ind_active type="tinyint"  label="Active">1</ind_active></row>
<row><id_poblacion type="int" >4183</id_poblacion><id_prov type="smallint" >413</id_prov><name_pob type="varchar"  label="City">Monroeville</name_pob><ind_active type="tinyint"  label="Active">1</ind_active></row>
<row><id_poblacion type="int" >4184</id_poblacion><id_prov type="smallint" >413</id_prov><name_pob type="varchar"  label="City">Key West</name_pob><ind_active type="tinyint"  label="Active">1</ind_active></row>
<row><id_poblacion type="int" >4185</id_poblacion><id_prov type="smallint" >413</id_prov><name_pob type="varchar"  label="City">Sparta</name_pob><ind_active type="tinyint"  label="Active">1</ind_active></row>
<row><id_poblacion type="int" >4186</id_poblacion><id_prov type="smallint" >413</id_prov><name_pob type="varchar"  label="City">Clarendon</name_pob><ind_active type="tinyint"  label="Active">1</ind_active></row>
<row><id_poblacion type="int" >4187</id_poblacion><id_prov type="smallint" >413</id_prov><name_pob type="varchar"  label="City">Tompkinsvil</name_pob><ind_active type="tinyint"  label="Active">1</ind_active></row>
<row><id_poblacion type="int" >4188</id_poblacion><id_prov type="smallint" >414</id_prov><name_pob type="varchar"  label="City">Athens</name_pob><ind_active type="tinyint"  label="Active">1</ind_active></row>
<row><id_poblacion type="int" >4189</id_poblacion><id_prov type="smallint" >414</id_prov><name_pob type="varchar"  label="City">Groesbeck</name_pob><ind_active type="tinyint"  label="Active">1</ind_active></row>
<row><id_poblacion type="int" >4190</id_poblacion><id_prov type="smallint" >415</id_prov><name_pob type="varchar"  label="City">Cambridge</name_pob><ind_active type="tinyint"  label="Active">1</ind_active></row>
<row><id_poblacion type="int" >4191</id_poblacion><id_prov type="smallint" >415</id_prov><name_pob type="varchar"  label="City">Paris</name_pob><ind_active type="tinyint"  label="Active">1</ind_active></row>
<row><id_poblacion type="int" >4192</id_poblacion><id_prov type="smallint" >415</id_prov><name_pob type="varchar"  label="City">Napoleon</name_pob><ind_active type="tinyint"  label="Active">1</ind_active></row>
<row><id_poblacion type="int" >4193</id_poblacion><id_prov type="smallint" >415</id_prov><name_pob type="varchar"  label="City">Clinton</name_pob><ind_active type="tinyint"  label="Active">1</ind_active></row>
<row><id_poblacion type="int" >4194</id_poblacion><id_prov type="smallint" >415</id_prov><name_pob type="varchar"  label="City">Martinsvill</name_pob><ind_active type="tinyint"  label="Active">1</ind_active></row>
<row><id_poblacion type="int" >4195</id_poblacion><id_prov type="smallint" >415</id_prov><name_pob type="varchar"  label="City">Mount Pleas</name_pob><ind_active type="tinyint"  label="Active">1</ind_active></row>
<row><id_poblacion type="int" >4196</id_poblacion><id_prov type="smallint" >415</id_prov><name_pob type="varchar"  label="City">McDonough</name_pob><ind_active type="tinyint"  label="Active">1</ind_active></row>
<row><id_poblacion type="int" >4197</id_poblacion><id_prov type="smallint" >415</id_prov><name_pob type="varchar"  label="City">Abbeville</name_pob><ind_active type="tinyint"  label="Active">1</ind_active></row>
<row><id_poblacion type="int" >4198</id_poblacion><id_prov type="smallint" >415</id_prov><name_pob type="varchar"  label="City">New Castle</name_pob><ind_active type="tinyint"  label="Active">1</ind_active></row>
<row><id_poblacion type="int" >4200</id_poblacion><id_prov type="smallint" >416</id_prov><name_pob type="varchar"  label="City">Wetumpka</name_pob><ind_active type="tinyint"  label="Active">1</ind_active></row>
<row><id_poblacion type="int" >4201</id_poblacion><id_prov type="smallint" >416</id_prov><name_pob type="varchar"  label="City">Mountain Ho</name_pob><ind_active type="tinyint"  label="Active">1</ind_active></row>
<row><id_poblacion type="int" >4202</id_poblacion><id_prov type="smallint" >417</id_prov><name_pob type="varchar"  label="City">Tuscumbia</name_pob><ind_active type="tinyint"  label="Active">1</ind_active></row>
<row><id_poblacion type="int" >4203</id_poblacion><id_prov type="smallint" >418</id_prov><name_pob type="varchar"  label="City">Boulder</name_pob><ind_active type="tinyint"  label="Active">1</ind_active></row>
<row><id_poblacion type="int" >4204</id_poblacion><id_prov type="smallint" >418</id_prov><name_pob type="varchar"  label="City">Fairbury</name_pob><ind_active type="tinyint"  label="Active">1</ind_active></row>
<row><id_poblacion type="int" >4205</id_poblacion><id_prov type="smallint" >418</id_prov><name_pob type="varchar"  label="City">Watertown</name_pob><ind_active type="tinyint"  label="Active">1</ind_active></row>
<row><id_poblacion type="int" >4206</id_poblacion><id_prov type="smallint" >418</id_prov><name_pob type="varchar"  label="City">Steubenvill</name_pob><ind_active type="tinyint"  label="Active">1</ind_active></row>
<row><id_poblacion type="int" >4207</id_poblacion><id_prov type="smallint" >418</id_prov><name_pob type="varchar"  label="City">Waurika</name_pob><ind_active type="tinyint"  label="Active">1</ind_active></row>
<row><id_poblacion type="int" >4208</id_poblacion><id_prov type="smallint" >418</id_prov><name_pob type="varchar"  label="City">Madras</name_pob><ind_active type="tinyint"  label="Active">1</ind_active></row>
<row><id_poblacion type="int" >4209</id_poblacion><id_prov type="smallint" >418</id_prov><name_pob type="varchar"  label="City">Brookville</name_pob><ind_active type="tinyint"  label="Active">1</ind_active></row>
<row><id_poblacion type="int" >4210</id_poblacion><id_prov type="smallint" >418</id_prov><name_pob type="varchar"  label="City">Beaumont</name_pob><ind_active type="tinyint"  label="Active">1</ind_active></row>
<row><id_poblacion type="int" >4211</id_poblacion><id_prov type="smallint" >418</id_prov><name_pob type="varchar"  label="City">Port Townse</name_pob><ind_active type="tinyint"  label="Active">1</ind_active></row>
<row><id_poblacion type="int" >4212</id_poblacion><id_prov type="smallint" >418</id_prov><name_pob type="varchar"  label="City">Jefferson</name_pob><ind_active type="tinyint"  label="Active">1</ind_active></row>
<row><id_poblacion type="int" >4213</id_poblacion><id_prov type="smallint" >418</id_prov><name_pob type="varchar"  label="City">Fayette</name_pob><ind_active type="tinyint"  label="Active">1</ind_active></row>
<row><id_poblacion type="int" >4214</id_poblacion><id_prov type="smallint" >418</id_prov><name_pob type="varchar"  label="City">Dandridge</name_pob><ind_active type="tinyint"  label="Active">1</ind_active></row>
<row><id_poblacion type="int" >4215</id_poblacion><id_prov type="smallint" >418</id_prov><name_pob type="varchar"  label="City">Hillsboro</name_pob><ind_active type="tinyint"  label="Active">1</ind_active></row>
<row><id_poblacion type="int" >4216</id_poblacion><id_prov type="smallint" >418</id_prov><name_pob type="varchar"  label="City">Gretna</name_pob><ind_active type="tinyint"  label="Active">1</ind_active></row>
<row><id_poblacion type="int" >4217</id_poblacion><id_prov type="smallint" >418</id_prov><name_pob type="varchar"  label="City">Louisville</name_pob><ind_active type="tinyint"  label="Active">1</ind_active></row>
<row><id_poblacion type="int" >4218</id_poblacion><id_prov type="smallint" >418</id_prov><name_pob type="varchar"  label="City">Oskaloosa</name_pob><ind_active type="tinyint"  label="Active">1</ind_active></row>
<row><id_poblacion type="int" >4219</id_poblacion><id_prov type="smallint" >418</id_prov><name_pob type="varchar"  label="City">Madison</name_pob><ind_active type="tinyint"  label="Active">1</ind_active></row>
<row><id_poblacion type="int" >4220</id_poblacion><id_prov type="smallint" >418</id_prov><name_pob type="varchar"  label="City">Mount Verno</name_pob><ind_active type="tinyint"  label="Active">1</ind_active></row>
<row><id_poblacion type="int" >4221</id_poblacion><id_prov type="smallint" >418</id_prov><name_pob type="varchar"  label="City">Rigby</name_pob><ind_active type="tinyint"  label="Active">1</ind_active></row>
<row><id_poblacion type="int" >4222</id_poblacion><id_prov type="smallint" >418</id_prov><name_pob type="varchar"  label="City">Fairfield</name_pob><ind_active type="tinyint"  label="Active">1</ind_active></row>
<row><id_poblacion type="int" >4224</id_poblacion><id_prov type="smallint" >418</id_prov><name_pob type="varchar"  label="City">Monticello</name_pob><ind_active type="tinyint"  label="Active">1</ind_active></row>
<row><id_poblacion type="int" >4225</id_poblacion><id_prov type="smallint" >418</id_prov><name_pob type="varchar"  label="City">Golden</name_pob><ind_active type="tinyint"  label="Active">1</ind_active></row>
<row><id_poblacion type="int" >4226</id_poblacion><id_prov type="smallint" >418</id_prov><name_pob type="varchar"  label="City">Birmingham</name_pob><ind_active type="tinyint"  label="Active">1</ind_active></row>
<row><id_poblacion type="int" >4227</id_poblacion><id_prov type="smallint" >418</id_prov><name_pob type="varchar"  label="City">Charles Tow</name_pob><ind_active type="tinyint"  label="Active">1</ind_active></row>
<row><id_poblacion type="int" >4228</id_poblacion><id_prov type="smallint" >418</id_prov><name_pob type="varchar"  label="City">Pine Bluff</name_pob><ind_active type="tinyint"  label="Active">1</ind_active></row>
<row><id_poblacion type="int" >4229</id_poblacion><id_prov type="smallint" >419</id_prov><name_pob type="varchar"  label="City">Evergreen</name_pob><ind_active type="tinyint"  label="Active">1</ind_active></row>
<row><id_poblacion type="int" >4230</id_poblacion><id_prov type="smallint" >420</id_prov><name_pob type="varchar"  label="City">Huntsville</name_pob><ind_active type="tinyint"  label="Active">1</ind_active></row>
<row><id_poblacion type="int" >4231</id_poblacion><id_prov type="smallint" >420</id_prov><name_pob type="varchar"  label="City">Elkins</name_pob><ind_active type="tinyint"  label="Active">1</ind_active></row>
<row><id_poblacion type="int" >4232</id_poblacion><id_prov type="smallint" >420</id_prov><name_pob type="varchar"  label="City">Winchester</name_pob><ind_active type="tinyint"  label="Active">1</ind_active></row>
<row><id_poblacion type="int" >4233</id_poblacion><id_prov type="smallint" >420</id_prov><name_pob type="varchar"  label="City">Asheboro</name_pob><ind_active type="tinyint"  label="Active">1</ind_active></row>
<row><id_poblacion type="int" >4234</id_poblacion><id_prov type="smallint" >420</id_prov><name_pob type="varchar"  label="City">Cuthbert</name_pob><ind_active type="tinyint"  label="Active">1</ind_active></row>
<row><id_poblacion type="int" >4235</id_poblacion><id_prov type="smallint" >420</id_prov><name_pob type="varchar"  label="City">Pocahontas</name_pob><ind_active type="tinyint"  label="Active">1</ind_active></row>
<row><id_poblacion type="int" >4236</id_poblacion><id_prov type="smallint" >420</id_prov><name_pob type="varchar"  label="City">Wedowee</name_pob><ind_active type="tinyint"  label="Active">1</ind_active></row>
<row><id_poblacion type="int" >4237</id_poblacion><id_prov type="smallint" >420</id_prov><name_pob type="varchar"  label="City">Chester</name_pob><ind_active type="tinyint"  label="Active">1</ind_active></row>
<row><id_poblacion type="int" >4238</id_poblacion><id_prov type="smallint" >421</id_prov><name_pob type="varchar"  label="City">Brenham</name_pob><ind_active type="tinyint"  label="Active">1</ind_active></row>
<row><id_poblacion type="int" >4239</id_poblacion><id_prov type="smallint" >421</id_prov><name_pob type="varchar"  label="City">Greenville</name_pob><ind_active type="tinyint"  label="Active">1</ind_active></row>
<row><id_poblacion type="int" >4240</id_poblacion><id_prov type="smallint" >421</id_prov><name_pob type="varchar"  label="City">Plymouth</name_pob><ind_active type="tinyint"  label="Active">1</ind_active></row>
<row><id_poblacion type="int" >4241</id_poblacion><id_prov type="smallint" >421</id_prov><name_pob type="varchar"  label="City">Blair</name_pob><ind_active type="tinyint"  label="Active">1</ind_active></row>
<row><id_poblacion type="int" >4242</id_poblacion><id_prov type="smallint" >421</id_prov><name_pob type="varchar"  label="City">Hudson Fall</name_pob><ind_active type="tinyint"  label="Active">1</ind_active></row>
<row><id_poblacion type="int" >4243</id_poblacion><id_prov type="smallint" >421</id_prov><name_pob type="varchar"  label="City">Bartlesvill</name_pob><ind_active type="tinyint"  label="Active">1</ind_active></row>
<row><id_poblacion type="int" >4244</id_poblacion><id_prov type="smallint" >421</id_prov><name_pob type="varchar"  label="City">Washington</name_pob><ind_active type="tinyint"  label="Active">1</ind_active></row>
<row><id_poblacion type="int" >4245</id_poblacion><id_prov type="smallint" >421</id_prov><name_pob type="varchar"  label="City">Potosi</name_pob><ind_active type="tinyint"  label="Active">1</ind_active></row>
<row><id_poblacion type="int" >4246</id_poblacion><id_prov type="smallint" >421</id_prov><name_pob type="varchar"  label="City">Jonesboro</name_pob><ind_active type="tinyint"  label="Active">1</ind_active></row>
<row><id_poblacion type="int" >4247</id_poblacion><id_prov type="smallint" >421</id_prov><name_pob type="varchar"  label="City">Marietta</name_pob><ind_active type="tinyint"  label="Active">1</ind_active></row>
<row><id_poblacion type="int" >4248</id_poblacion><id_prov type="smallint" >421</id_prov><name_pob type="varchar"  label="City">Saint Georg</name_pob><ind_active type="tinyint"  label="Active">1</ind_active></row>
<row><id_poblacion type="int" >4249</id_poblacion><id_prov type="smallint" >421</id_prov><name_pob type="varchar"  label="City">Abingdon</name_pob><ind_active type="tinyint"  label="Active">1</ind_active></row>
<row><id_poblacion type="int" >4250</id_poblacion><id_prov type="smallint" >421</id_prov><name_pob type="varchar"  label="City">Montpelier</name_pob><ind_active type="tinyint"  label="Active">1</ind_active></row>
<row><id_poblacion type="int" >4251</id_poblacion><id_prov type="smallint" >421</id_prov><name_pob type="varchar"  label="City">West Bend</name_pob><ind_active type="tinyint"  label="Active">1</ind_active></row>
<row><id_poblacion type="int" >4252</id_poblacion><id_prov type="smallint" >421</id_prov><name_pob type="varchar"  label="City">Wakefield</name_pob><ind_active type="tinyint"  label="Active">1</ind_active></row>
<row><id_poblacion type="int" >4253</id_poblacion><id_prov type="smallint" >421</id_prov><name_pob type="varchar"  label="City">Salem</name_pob><ind_active type="tinyint"  label="Active">1</ind_active></row>
<row><id_poblacion type="int" >4254</id_poblacion><id_prov type="smallint" >421</id_prov><name_pob type="varchar"  label="City">Fayettevill</name_pob><ind_active type="tinyint"  label="Active">1</ind_active></row>
<row><id_poblacion type="int" >4255</id_poblacion><id_prov type="smallint" >421</id_prov><name_pob type="varchar"  label="City">Akron</name_pob><ind_active type="tinyint"  label="Active">1</ind_active></row>
<row><id_poblacion type="int" >4256</id_poblacion><id_prov type="smallint" >421</id_prov><name_pob type="varchar"  label="City">Chipley</name_pob><ind_active type="tinyint"  label="Active">1</ind_active></row>
<row><id_poblacion type="int" >4257</id_poblacion><id_prov type="smallint" >421</id_prov><name_pob type="varchar"  label="City">Sandersvill</name_pob><ind_active type="tinyint"  label="Active">1</ind_active></row>
<row><id_poblacion type="int" >4259</id_poblacion><id_prov type="smallint" >421</id_prov><name_pob type="varchar"  label="City">Stillwater</name_pob><ind_active type="tinyint"  label="Active">1</ind_active></row>
<row><id_poblacion type="int" >4260</id_poblacion><id_prov type="smallint" >421</id_prov><name_pob type="varchar"  label="City">Nashville</name_pob><ind_active type="tinyint"  label="Active">1</ind_active></row>
<row><id_poblacion type="int" >4261</id_poblacion><id_prov type="smallint" >421</id_prov><name_pob type="varchar"  label="City">Chatom</name_pob><ind_active type="tinyint"  label="Active">1</ind_active></row>
<row><id_poblacion type="int" >4263</id_poblacion><id_prov type="smallint" >421</id_prov><name_pob type="varchar"  label="City">Hillsboro</name_pob><ind_active type="tinyint"  label="Active">1</ind_active></row>
<row><id_poblacion type="int" >4264</id_poblacion><id_prov type="smallint" >421</id_prov><name_pob type="varchar"  label="City">Springfield</name_pob><ind_active type="tinyint"  label="Active">1</ind_active></row>
<row><id_poblacion type="int" >4265</id_poblacion><id_prov type="smallint" >421</id_prov><name_pob type="varchar"  label="City">Franklinton</name_pob><ind_active type="tinyint"  label="Active">1</ind_active></row>
<row><id_poblacion type="int" >4266</id_poblacion><id_prov type="smallint" >421</id_prov><name_pob type="varchar"  label="City">Hagerstown</name_pob><ind_active type="tinyint"  label="Active">1</ind_active></row>
<row><id_poblacion type="int" >4267</id_poblacion><id_prov type="smallint" >421</id_prov><name_pob type="varchar"  label="City">Machias</name_pob><ind_active type="tinyint"  label="Active">1</ind_active></row>
<row><id_poblacion type="int" >4268</id_poblacion><id_prov type="smallint" >421</id_prov><name_pob type="varchar"  label="City">Weiser</name_pob><ind_active type="tinyint"  label="Active">1</ind_active></row>
<row><id_poblacion type="int" >4269</id_poblacion><id_prov type="smallint" >422</id_prov><name_pob type="varchar"  label="City">Elba</name_pob><ind_active type="tinyint"  label="Active">1</ind_active></row>
<row><id_poblacion type="int" >4270</id_poblacion><id_prov type="smallint" >422</id_prov><name_pob type="varchar"  label="City">Douglas</name_pob><ind_active type="tinyint"  label="Active">1</ind_active></row>
<row><id_poblacion type="int" >4271</id_poblacion><id_prov type="smallint" >422</id_prov><name_pob type="varchar"  label="City">Manchester</name_pob><ind_active type="tinyint"  label="Active">1</ind_active></row>
<row><id_poblacion type="int" >4272</id_poblacion><id_prov type="smallint" >423</id_prov><name_pob type="varchar"  label="City">Deadwood</name_pob><ind_active type="tinyint"  label="Active">1</ind_active></row>
<row><id_poblacion type="int" >4273</id_poblacion><id_prov type="smallint" >423</id_prov><name_pob type="varchar"  label="City">Lawrencebur</name_pob><ind_active type="tinyint"  label="Active">1</ind_active></row>
<row><id_poblacion type="int" >4274</id_poblacion><id_prov type="smallint" >423</id_prov><name_pob type="varchar"  label="City">New Castle</name_pob><ind_active type="tinyint"  label="Active">1</ind_active></row>
<row><id_poblacion type="int" >4275</id_poblacion><id_prov type="smallint" >423</id_prov><name_pob type="varchar"  label="City">Ironton</name_pob><ind_active type="tinyint"  label="Active">1</ind_active></row>
<row><id_poblacion type="int" >4276</id_poblacion><id_prov type="smallint" >423</id_prov><name_pob type="varchar"  label="City">Monticello</name_pob><ind_active type="tinyint"  label="Active">1</ind_active></row>
<row><id_poblacion type="int" >4277</id_poblacion><id_prov type="smallint" >423</id_prov><name_pob type="varchar"  label="City">Louisa</name_pob><ind_active type="tinyint"  label="Active">1</ind_active></row>
<row><id_poblacion type="int" >4278</id_poblacion><id_prov type="smallint" >423</id_prov><name_pob type="varchar"  label="City">Bedford</name_pob><ind_active type="tinyint"  label="Active">1</ind_active></row>
<row><id_poblacion type="int" >4279</id_poblacion><id_prov type="smallint" >423</id_prov><name_pob type="varchar"  label="City">Lawrencevil</name_pob><ind_active type="tinyint"  label="Active">1</ind_active></row>
<row><id_poblacion type="int" >4280</id_poblacion><id_prov type="smallint" >423</id_prov><name_pob type="varchar"  label="City">Walnut Ridg</name_pob><ind_active type="tinyint"  label="Active">1</ind_active></row>
<row><id_poblacion type="int" >4281</id_poblacion><id_prov type="smallint" >423</id_prov><name_pob type="varchar"  label="City">Moulton</name_pob><ind_active type="tinyint"  label="Active">1</ind_active></row>
<row><id_poblacion type="int" >4282</id_poblacion><id_prov type="smallint" >423</id_prov><name_pob type="varchar"  label="City">Mount Verno</name_pob><ind_active type="tinyint"  label="Active">1</ind_active></row>
<row><id_poblacion type="int" >4283</id_poblacion><id_prov type="smallint" >424</id_prov><name_pob type="varchar"  label="City">Bay Minette</name_pob><ind_active type="tinyint"  label="Active">1</ind_active></row>
<row><id_poblacion type="int" >4284</id_poblacion><id_prov type="smallint" >424</id_prov><name_pob type="varchar"  label="City">Milledgevil</name_pob><ind_active type="tinyint"  label="Active">1</ind_active></row>
</poblacion>
</root>