<?xml version="1.0" encoding="UTF-8"?>
<root>
<poblacion>
<row><id_poblacion type="int" >4963</id_poblacion><id_prov type="smallint" >600</id_prov><name_pob type="varchar"  label="City">Littleton</name_pob><ind_active type="tinyint"  label="Active">1</ind_active></row>
<row><id_poblacion type="int" >4964</id_poblacion><id_prov type="smallint" >601</id_prov><name_pob type="varchar"  label="City">Sidney</name_pob><ind_active type="tinyint"  label="Active">1</ind_active></row>
<row><id_poblacion type="int" >4965</id_poblacion><id_prov type="smallint" >601</id_prov><name_pob type="varchar"  label="City">Saint Franc</name_pob><ind_active type="tinyint"  label="Active">1</ind_active></row>
<row><id_poblacion type="int" >4966</id_poblacion><id_prov type="smallint" >601</id_prov><name_pob type="varchar"  label="City">Cheyenne We</name_pob><ind_active type="tinyint"  label="Active">1</ind_active></row>
<row><id_poblacion type="int" >4967</id_poblacion><id_prov type="smallint" >602</id_prov><name_pob type="varchar"  label="City">Alamosa</name_pob><ind_active type="tinyint"  label="Active">1</ind_active></row>
<row><id_poblacion type="int" >4968</id_poblacion><id_prov type="smallint" >603</id_prov><name_pob type="varchar"  label="City">Montrose</name_pob><ind_active type="tinyint"  label="Active">1</ind_active></row>
<row><id_poblacion type="int" >4969</id_poblacion><id_prov type="smallint" >604</id_prov><name_pob type="varchar"  label="City">Canon City</name_pob><ind_active type="tinyint"  label="Active">1</ind_active></row>
<row><id_poblacion type="int" >4970</id_poblacion><id_prov type="smallint" >604</id_prov><name_pob type="varchar"  label="City">Sidney</name_pob><ind_active type="tinyint"  label="Active">1</ind_active></row>
<row><id_poblacion type="int" >4971</id_poblacion><id_prov type="smallint" >604</id_prov><name_pob type="varchar"  label="City">Saint Antho</name_pob><ind_active type="tinyint"  label="Active">1</ind_active></row>
<row><id_poblacion type="int" >4972</id_poblacion><id_prov type="smallint" >604</id_prov><name_pob type="varchar"  label="City">Lander</name_pob><ind_active type="tinyint"  label="Active">1</ind_active></row>
<row><id_poblacion type="int" >4973</id_poblacion><id_prov type="smallint" >605</id_prov><name_pob type="varchar"  label="City">Julesburg</name_pob><ind_active type="tinyint"  label="Active">1</ind_active></row>
<row><id_poblacion type="int" >4974</id_poblacion><id_prov type="smallint" >605</id_prov><name_pob type="varchar"  label="City">Wichita</name_pob><ind_active type="tinyint"  label="Active">1</ind_active></row>
<row><id_poblacion type="int" >4975</id_poblacion><id_prov type="smallint" >606</id_prov><name_pob type="varchar"  label="City">La Junta</name_pob><ind_active type="tinyint"  label="Active">1</ind_active></row>
<row><id_poblacion type="int" >4976</id_poblacion><id_prov type="smallint" >606</id_prov><name_pob type="varchar"  label="City">Alamogordo</name_pob><ind_active type="tinyint"  label="Active">1</ind_active></row>
<row><id_poblacion type="int" >4977</id_poblacion><id_prov type="smallint" >607</id_prov><name_pob type="varchar"  label="City">Ouray</name_pob><ind_active type="tinyint"  label="Active">1</ind_active></row>
<row><id_poblacion type="int" >4978</id_poblacion><id_prov type="smallint" >608</id_prov><name_pob type="varchar"  label="City">Wartburg</name_pob><ind_active type="tinyint"  label="Active">1</ind_active></row>
<row><id_poblacion type="int" >4979</id_poblacion><id_prov type="smallint" >608</id_prov><name_pob type="varchar"  label="City">West Libert</name_pob><ind_active type="tinyint"  label="Active">1</ind_active></row>
<row><id_poblacion type="int" >4980</id_poblacion><id_prov type="smallint" >608</id_prov><name_pob type="varchar"  label="City">Morgan</name_pob><ind_active type="tinyint"  label="Active">1</ind_active></row>
<row><id_poblacion type="int" >4981</id_poblacion><id_prov type="smallint" >608</id_prov><name_pob type="varchar"  label="City">McConnelsvi</name_pob><ind_active type="tinyint"  label="Active">1</ind_active></row>
<row><id_poblacion type="int" >4982</id_poblacion><id_prov type="smallint" >608</id_prov><name_pob type="varchar"  label="City">Versailles</name_pob><ind_active type="tinyint"  label="Active">1</ind_active></row>
<row><id_poblacion type="int" >4983</id_poblacion><id_prov type="smallint" >608</id_prov><name_pob type="varchar"  label="City">Jacksonvill</name_pob><ind_active type="tinyint"  label="Active">1</ind_active></row>
<row><id_poblacion type="int" >4984</id_poblacion><id_prov type="smallint" >608</id_prov><name_pob type="varchar"  label="City">Madison</name_pob><ind_active type="tinyint"  label="Active">1</ind_active></row>
<row><id_poblacion type="int" >4985</id_poblacion><id_prov type="smallint" >608</id_prov><name_pob type="varchar"  label="City">Decatur</name_pob><ind_active type="tinyint"  label="Active">1</ind_active></row>
<row><id_poblacion type="int" >4986</id_poblacion><id_prov type="smallint" >608</id_prov><name_pob type="varchar"  label="City">Fort Morgan</name_pob><ind_active type="tinyint"  label="Active">1</ind_active></row>
<row><id_poblacion type="int" >4987</id_poblacion><id_prov type="smallint" >608</id_prov><name_pob type="varchar"  label="City">Berkeley Sp</name_pob><ind_active type="tinyint"  label="Active">1</ind_active></row>
<row><id_poblacion type="int" >4988</id_poblacion><id_prov type="smallint" >608</id_prov><name_pob type="varchar"  label="City">Martinsvill</name_pob><ind_active type="tinyint"  label="Active">1</ind_active></row>
<row><id_poblacion type="int" >4989</id_poblacion><id_prov type="smallint" >609</id_prov><name_pob type="varchar"  label="City">Lake City</name_pob><ind_active type="tinyint"  label="Active">1</ind_active></row>
<row><id_poblacion type="int" >4990</id_poblacion><id_prov type="smallint" >610</id_prov><name_pob type="varchar"  label="City">Eagle</name_pob><ind_active type="tinyint"  label="Active">1</ind_active></row>
<row><id_poblacion type="int" >4991</id_poblacion><id_prov type="smallint" >611</id_prov><name_pob type="varchar"  label="City">Yuma</name_pob><ind_active type="tinyint"  label="Active">1</ind_active></row>
<row><id_poblacion type="int" >4992</id_poblacion><id_prov type="smallint" >611</id_prov><name_pob type="varchar"  label="City">Wray</name_pob><ind_active type="tinyint"  label="Active">1</ind_active></row>
<row><id_poblacion type="int" >4993</id_poblacion><id_prov type="smallint" >612</id_prov><name_pob type="varchar"  label="City">Gunnison</name_pob><ind_active type="tinyint"  label="Active">1</ind_active></row>
<row><id_poblacion type="int" >4994</id_poblacion><id_prov type="smallint" >613</id_prov><name_pob type="varchar"  label="City">Cortez</name_pob><ind_active type="tinyint"  label="Active">1</ind_active></row>
<row><id_poblacion type="int" >4995</id_poblacion><id_prov type="smallint" >614</id_prov><name_pob type="varchar"  label="City">Las Vegas</name_pob><ind_active type="tinyint"  label="Active">1</ind_active></row>
<row><id_poblacion type="int" >4996</id_poblacion><id_prov type="smallint" >614</id_prov><name_pob type="varchar"  label="City">Telluride</name_pob><ind_active type="tinyint"  label="Active">1</ind_active></row>
<row><id_poblacion type="int" >4997</id_poblacion><id_prov type="smallint" >615</id_prov><name_pob type="varchar"  label="City">Trinidad</name_pob><ind_active type="tinyint"  label="Active">1</ind_active></row>
<row><id_poblacion type="int" >4998</id_poblacion><id_prov type="smallint" >616</id_prov><name_pob type="varchar"  label="City">Friday Harb</name_pob><ind_active type="tinyint"  label="Active">1</ind_active></row>
<row><id_poblacion type="int" >4999</id_poblacion><id_prov type="smallint" >616</id_prov><name_pob type="varchar"  label="City">Monticello</name_pob><ind_active type="tinyint"  label="Active">1</ind_active></row>
<row><id_poblacion type="int" >5000</id_poblacion><id_prov type="smallint" >616</id_prov><name_pob type="varchar"  label="City">Aztec</name_pob><ind_active type="tinyint"  label="Active">1</ind_active></row>
<row><id_poblacion type="int" >5001</id_poblacion><id_prov type="smallint" >616</id_prov><name_pob type="varchar"  label="City">Silverton</name_pob><ind_active type="tinyint"  label="Active">1</ind_active></row>
<row><id_poblacion type="int" >5002</id_poblacion><id_prov type="smallint" >617</id_prov><name_pob type="varchar"  label="City">Springfield</name_pob><ind_active type="tinyint"  label="Active">1</ind_active></row>
<row><id_poblacion type="int" >5003</id_poblacion><id_prov type="smallint" >618</id_prov><name_pob type="varchar"  label="City">Grand Junct</name_pob><ind_active type="tinyint"  label="Active">1</ind_active></row>
<row><id_poblacion type="int" >5004</id_poblacion><id_prov type="smallint" >619</id_prov><name_pob type="varchar"  label="City">Greensburg</name_pob><ind_active type="tinyint"  label="Active">1</ind_active></row>
<row><id_poblacion type="int" >5005</id_poblacion><id_prov type="smallint" >619</id_prov><name_pob type="varchar"  label="City">Hobart</name_pob><ind_active type="tinyint"  label="Active">1</ind_active></row>
<row><id_poblacion type="int" >5006</id_poblacion><id_prov type="smallint" >619</id_prov><name_pob type="varchar"  label="City">Eads</name_pob><ind_active type="tinyint"  label="Active">1</ind_active></row>
<row><id_poblacion type="int" >5007</id_poblacion><id_prov type="smallint" >620</id_prov><name_pob type="varchar"  label="City">North Platt</name_pob><ind_active type="tinyint"  label="Active">1</ind_active></row>
<row><id_poblacion type="int" >5008</id_poblacion><id_prov type="smallint" >620</id_prov><name_pob type="varchar"  label="City">Kemmerer</name_pob><ind_active type="tinyint"  label="Active">1</ind_active></row>
<row><id_poblacion type="int" >5009</id_poblacion><id_prov type="smallint" >620</id_prov><name_pob type="varchar"  label="City">Hamlin</name_pob><ind_active type="tinyint"  label="Active">1</ind_active></row>
<row><id_poblacion type="int" >5010</id_poblacion><id_prov type="smallint" >620</id_prov><name_pob type="varchar"  label="City">Merrill</name_pob><ind_active type="tinyint"  label="Active">1</ind_active></row>
<row><id_poblacion type="int" >5011</id_poblacion><id_prov type="smallint" >620</id_prov><name_pob type="varchar"  label="City">Davenport</name_pob><ind_active type="tinyint"  label="Active">1</ind_active></row>
<row><id_poblacion type="int" >5012</id_poblacion><id_prov type="smallint" >620</id_prov><name_pob type="varchar"  label="City">Fayettevill</name_pob><ind_active type="tinyint"  label="Active">1</ind_active></row>
<row><id_poblacion type="int" >5013</id_poblacion><id_prov type="smallint" >620</id_prov><name_pob type="varchar"  label="City">Canton</name_pob><ind_active type="tinyint"  label="Active">1</ind_active></row>
<row><id_poblacion type="int" >5014</id_poblacion><id_prov type="smallint" >620</id_prov><name_pob type="varchar"  label="City">Newport</name_pob><ind_active type="tinyint"  label="Active">1</ind_active></row>
<row><id_poblacion type="int" >5015</id_poblacion><id_prov type="smallint" >620</id_prov><name_pob type="varchar"  label="City">Chandler</name_pob><ind_active type="tinyint"  label="Active">1</ind_active></row>
<row><id_poblacion type="int" >5016</id_poblacion><id_prov type="smallint" >620</id_prov><name_pob type="varchar"  label="City">Pioche</name_pob><ind_active type="tinyint"  label="Active">1</ind_active></row>
<row><id_poblacion type="int" >5017</id_poblacion><id_prov type="smallint" >620</id_prov><name_pob type="varchar"  label="City">Carrizozo</name_pob><ind_active type="tinyint"  label="Active">1</ind_active></row>
<row><id_poblacion type="int" >5018</id_poblacion><id_prov type="smallint" >620</id_prov><name_pob type="varchar"  label="City">Wiscasset</name_pob><ind_active type="tinyint"  label="Active">1</ind_active></row>
<row><id_poblacion type="int" >5021</id_poblacion><id_prov type="smallint" >620</id_prov><name_pob type="varchar"  label="City">Hugo</name_pob><ind_active type="tinyint"  label="Active">1</ind_active></row>
<row><id_poblacion type="int" >5022</id_poblacion><id_prov type="smallint" >620</id_prov><name_pob type="varchar"  label="City">Shoshone</name_pob><ind_active type="tinyint"  label="Active">1</ind_active></row>
<row><id_poblacion type="int" >5023</id_poblacion><id_prov type="smallint" >620</id_prov><name_pob type="varchar"  label="City">Lincoln</name_pob><ind_active type="tinyint"  label="Active">1</ind_active></row>
<row><id_poblacion type="int" >5024</id_poblacion><id_prov type="smallint" >620</id_prov><name_pob type="varchar"  label="City">Stanford</name_pob><ind_active type="tinyint"  label="Active">1</ind_active></row>
<row><id_poblacion type="int" >5025</id_poblacion><id_prov type="smallint" >620</id_prov><name_pob type="varchar"  label="City">Troy</name_pob><ind_active type="tinyint"  label="Active">1</ind_active></row>
<row><id_poblacion type="int" >5026</id_poblacion><id_prov type="smallint" >620</id_prov><name_pob type="varchar"  label="City">Ivanhoe</name_pob><ind_active type="tinyint"  label="Active">1</ind_active></row>
<row><id_poblacion type="int" >5027</id_poblacion><id_prov type="smallint" >620</id_prov><name_pob type="varchar"  label="City">Star City</name_pob><ind_active type="tinyint"  label="Active">1</ind_active></row>
<row><id_poblacion type="int" >5028</id_poblacion><id_prov type="smallint" >620</id_prov><name_pob type="varchar"  label="City">Brookhaven</name_pob><ind_active type="tinyint"  label="Active">1</ind_active></row>
<row><id_poblacion type="int" >5029</id_poblacion><id_prov type="smallint" >620</id_prov><name_pob type="varchar"  label="City">Libby</name_pob><ind_active type="tinyint"  label="Active">1</ind_active></row>
<row><id_poblacion type="int" >5030</id_poblacion><id_prov type="smallint" >620</id_prov><name_pob type="varchar"  label="City">Ruston</name_pob><ind_active type="tinyint"  label="Active">1</ind_active></row>
<row><id_poblacion type="int" >5031</id_poblacion><id_prov type="smallint" >621</id_prov><name_pob type="varchar"  label="City">Helena</name_pob><ind_active type="tinyint"  label="Active">1</ind_active></row>
<row><id_poblacion type="int" >5032</id_poblacion><id_prov type="smallint" >621</id_prov><name_pob type="varchar"  label="City">Holyoke</name_pob><ind_active type="tinyint"  label="Active">1</ind_active></row>
<row><id_poblacion type="int" >5033</id_poblacion><id_prov type="smallint" >621</id_prov><name_pob type="varchar"  label="City">Phillipsbur</name_pob><ind_active type="tinyint"  label="Active">1</ind_active></row>
<row><id_poblacion type="int" >5034</id_poblacion><id_prov type="smallint" >621</id_prov><name_pob type="varchar"  label="City">Malta</name_pob><ind_active type="tinyint"  label="Active">1</ind_active></row>
<row><id_poblacion type="int" >5035</id_poblacion><id_prov type="smallint" >622</id_prov><name_pob type="varchar"  label="City">Walsenburg</name_pob><ind_active type="tinyint"  label="Active">1</ind_active></row>
<row><id_poblacion type="int" >5036</id_poblacion><id_prov type="smallint" >623</id_prov><name_pob type="varchar"  label="City">Fairplay</name_pob><ind_active type="tinyint"  label="Active">1</ind_active></row>
<row><id_poblacion type="int" >5037</id_poblacion><id_prov type="smallint" >623</id_prov><name_pob type="varchar"  label="City">Livingston</name_pob><ind_active type="tinyint"  label="Active">1</ind_active></row>
<row><id_poblacion type="int" >5038</id_poblacion><id_prov type="smallint" >623</id_prov><name_pob type="varchar"  label="City">Cody</name_pob><ind_active type="tinyint"  label="Active">1</ind_active></row>
<row><id_poblacion type="int" >5039</id_poblacion><id_prov type="smallint" >624</id_prov><name_pob type="varchar"  label="City">Burlington</name_pob><ind_active type="tinyint"  label="Active">1</ind_active></row>
<row><id_poblacion type="int" >5040</id_poblacion><id_prov type="smallint" >625</id_prov><name_pob type="varchar"  label="City">Hot Sulphur</name_pob><ind_active type="tinyint"  label="Active">1</ind_active></row>
<row><id_poblacion type="int" >5041</id_poblacion><id_prov type="smallint" >625</id_prov><name_pob type="varchar"  label="City">Moab</name_pob><ind_active type="tinyint"  label="Active">1</ind_active></row>
<row><id_poblacion type="int" >5042</id_poblacion><id_prov type="smallint" >626</id_prov><name_pob type="varchar"  label="City">Pagosa Spri</name_pob><ind_active type="tinyint"  label="Active">1</ind_active></row>
<row><id_poblacion type="int" >5043</id_poblacion><id_prov type="smallint" >627</id_prov><name_pob type="varchar"  label="City">Aspen</name_pob><ind_active type="tinyint"  label="Active">1</ind_active></row>
<row><id_poblacion type="int" >5044</id_poblacion><id_prov type="smallint" >628</id_prov><name_pob type="varchar"  label="City">Quincy</name_pob><ind_active type="tinyint"  label="Active">1</ind_active></row>
<row><id_poblacion type="int" >5045</id_poblacion><id_prov type="smallint" >628</id_prov><name_pob type="varchar"  label="City">Friendship</name_pob><ind_active type="tinyint"  label="Active">1</ind_active></row>
<row><id_poblacion type="int" >5046</id_poblacion><id_prov type="smallint" >628</id_prov><name_pob type="varchar"  label="City">Ritzville</name_pob><ind_active type="tinyint"  label="Active">1</ind_active></row>
<row><id_poblacion type="int" >5047</id_poblacion><id_prov type="smallint" >628</id_prov><name_pob type="varchar"  label="City">Gettysburg</name_pob><ind_active type="tinyint"  label="Active">1</ind_active></row>
<row><id_poblacion type="int" >5048</id_poblacion><id_prov type="smallint" >628</id_prov><name_pob type="varchar"  label="City">West Union</name_pob><ind_active type="tinyint"  label="Active">1</ind_active></row>
<row><id_poblacion type="int" >5049</id_poblacion><id_prov type="smallint" >628</id_prov><name_pob type="varchar"  label="City">Hastings</name_pob><ind_active type="tinyint"  label="Active">1</ind_active></row>
<row><id_poblacion type="int" >5050</id_poblacion><id_prov type="smallint" >628</id_prov><name_pob type="varchar"  label="City">Hettinger</name_pob><ind_active type="tinyint"  label="Active">1</ind_active></row>
<row><id_poblacion type="int" >5051</id_poblacion><id_prov type="smallint" >628</id_prov><name_pob type="varchar"  label="City">Decatur</name_pob><ind_active type="tinyint"  label="Active">1</ind_active></row>
<row><id_poblacion type="int" >5052</id_poblacion><id_prov type="smallint" >628</id_prov><name_pob type="varchar"  label="City">Council</name_pob><ind_active type="tinyint"  label="Active">1</ind_active></row>
<row><id_poblacion type="int" >5053</id_poblacion><id_prov type="smallint" >628</id_prov><name_pob type="varchar"  label="City">Corning</name_pob><ind_active type="tinyint"  label="Active">1</ind_active></row>
<row><id_poblacion type="int" >5054</id_poblacion><id_prov type="smallint" >628</id_prov><name_pob type="varchar"  label="City">Brighton</name_pob><ind_active type="tinyint"  label="Active">1</ind_active></row>
<row><id_poblacion type="int" >5055</id_poblacion><id_prov type="smallint" >628</id_prov><name_pob type="varchar"  label="City">Natchez</name_pob><ind_active type="tinyint"  label="Active">1</ind_active></row>
<row><id_poblacion type="int" >5056</id_poblacion><id_prov type="smallint" >629</id_prov><name_pob type="varchar"  label="City">Steamboat S</name_pob><ind_active type="tinyint"  label="Active">1</ind_active></row>
<row><id_poblacion type="int" >5057</id_poblacion><id_prov type="smallint" >630</id_prov><name_pob type="varchar"  label="City">Delta</name_pob><ind_active type="tinyint"  label="Active">1</ind_active></row>
<row><id_poblacion type="int" >5058</id_poblacion><id_prov type="smallint" >630</id_prov><name_pob type="varchar"  label="City">Escanaba</name_pob><ind_active type="tinyint"  label="Active">1</ind_active></row>
<row><id_poblacion type="int" >5059</id_poblacion><id_prov type="smallint" >630</id_prov><name_pob type="varchar"  label="City">Cooper</name_pob><ind_active type="tinyint"  label="Active">1</ind_active></row>
<row><id_poblacion type="int" >5060</id_poblacion><id_prov type="smallint" >631</id_prov><name_pob type="varchar"  label="City">Craig</name_pob><ind_active type="tinyint"  label="Active">1</ind_active></row>
<row><id_poblacion type="int" >5061</id_poblacion><id_prov type="smallint" >632</id_prov><name_pob type="varchar"  label="City">Brenham</name_pob><ind_active type="tinyint"  label="Active">1</ind_active></row>
<row><id_poblacion type="int" >5062</id_poblacion><id_prov type="smallint" >632</id_prov><name_pob type="varchar"  label="City">Greenville</name_pob><ind_active type="tinyint"  label="Active">1</ind_active></row>
<row><id_poblacion type="int" >5063</id_poblacion><id_prov type="smallint" >632</id_prov><name_pob type="varchar"  label="City">Plymouth</name_pob><ind_active type="tinyint"  label="Active">1</ind_active></row>
<row><id_poblacion type="int" >5064</id_poblacion><id_prov type="smallint" >632</id_prov><name_pob type="varchar"  label="City">Blair</name_pob><ind_active type="tinyint"  label="Active">1</ind_active></row>
<row><id_poblacion type="int" >5065</id_poblacion><id_prov type="smallint" >632</id_prov><name_pob type="varchar"  label="City">Hudson Fall</name_pob><ind_active type="tinyint"  label="Active">1</ind_active></row>
<row><id_poblacion type="int" >5066</id_poblacion><id_prov type="smallint" >632</id_prov><name_pob type="varchar"  label="City">Bartlesvill</name_pob><ind_active type="tinyint"  label="Active">1</ind_active></row>
<row><id_poblacion type="int" >5068</id_poblacion><id_prov type="smallint" >632</id_prov><name_pob type="varchar"  label="City">Potosi</name_pob><ind_active type="tinyint"  label="Active">1</ind_active></row>
<row><id_poblacion type="int" >5069</id_poblacion><id_prov type="smallint" >632</id_prov><name_pob type="varchar"  label="City">Jonesboro</name_pob><ind_active type="tinyint"  label="Active">1</ind_active></row>
<row><id_poblacion type="int" >5070</id_poblacion><id_prov type="smallint" >632</id_prov><name_pob type="varchar"  label="City">Marietta</name_pob><ind_active type="tinyint"  label="Active">1</ind_active></row>
<row><id_poblacion type="int" >5071</id_poblacion><id_prov type="smallint" >632</id_prov><name_pob type="varchar"  label="City">Saint Georg</name_pob><ind_active type="tinyint"  label="Active">1</ind_active></row>
<row><id_poblacion type="int" >5072</id_poblacion><id_prov type="smallint" >632</id_prov><name_pob type="varchar"  label="City">Abingdon</name_pob><ind_active type="tinyint"  label="Active">1</ind_active></row>
<row><id_poblacion type="int" >5073</id_poblacion><id_prov type="smallint" >632</id_prov><name_pob type="varchar"  label="City">Montpelier</name_pob><ind_active type="tinyint"  label="Active">1</ind_active></row>
<row><id_poblacion type="int" >5074</id_poblacion><id_prov type="smallint" >632</id_prov><name_pob type="varchar"  label="City">West Bend</name_pob><ind_active type="tinyint"  label="Active">1</ind_active></row>
<row><id_poblacion type="int" >5075</id_poblacion><id_prov type="smallint" >632</id_prov><name_pob type="varchar"  label="City">Wakefield</name_pob><ind_active type="tinyint"  label="Active">1</ind_active></row>
<row><id_poblacion type="int" >5076</id_poblacion><id_prov type="smallint" >632</id_prov><name_pob type="varchar"  label="City">Salem</name_pob><ind_active type="tinyint"  label="Active">1</ind_active></row>
<row><id_poblacion type="int" >5077</id_poblacion><id_prov type="smallint" >632</id_prov><name_pob type="varchar"  label="City">Fayettevill</name_pob><ind_active type="tinyint"  label="Active">1</ind_active></row>
<row><id_poblacion type="int" >5078</id_poblacion><id_prov type="smallint" >632</id_prov><name_pob type="varchar"  label="City">Akron</name_pob><ind_active type="tinyint"  label="Active">1</ind_active></row>
<row><id_poblacion type="int" >5079</id_poblacion><id_prov type="smallint" >632</id_prov><name_pob type="varchar"  label="City">Chipley</name_pob><ind_active type="tinyint"  label="Active">1</ind_active></row>
<row><id_poblacion type="int" >5080</id_poblacion><id_prov type="smallint" >632</id_prov><name_pob type="varchar"  label="City">Sandersvill</name_pob><ind_active type="tinyint"  label="Active">1</ind_active></row>
<row><id_poblacion type="int" >5082</id_poblacion><id_prov type="smallint" >632</id_prov><name_pob type="varchar"  label="City">Stillwater</name_pob><ind_active type="tinyint"  label="Active">1</ind_active></row>
<row><id_poblacion type="int" >5083</id_poblacion><id_prov type="smallint" >632</id_prov><name_pob type="varchar"  label="City">Nashville</name_pob><ind_active type="tinyint"  label="Active">1</ind_active></row>
<row><id_poblacion type="int" >5084</id_poblacion><id_prov type="smallint" >632</id_prov><name_pob type="varchar"  label="City">Chatom</name_pob><ind_active type="tinyint"  label="Active">1</ind_active></row>
<row><id_poblacion type="int" >5086</id_poblacion><id_prov type="smallint" >632</id_prov><name_pob type="varchar"  label="City">Hillsboro</name_pob><ind_active type="tinyint"  label="Active">1</ind_active></row>
<row><id_poblacion type="int" >5087</id_poblacion><id_prov type="smallint" >632</id_prov><name_pob type="varchar"  label="City">Springfield</name_pob><ind_active type="tinyint"  label="Active">1</ind_active></row>
<row><id_poblacion type="int" >5088</id_poblacion><id_prov type="smallint" >632</id_prov><name_pob type="varchar"  label="City">Franklinton</name_pob><ind_active type="tinyint"  label="Active">1</ind_active></row>
<row><id_poblacion type="int" >5089</id_poblacion><id_prov type="smallint" >632</id_prov><name_pob type="varchar"  label="City">Hagerstown</name_pob><ind_active type="tinyint"  label="Active">1</ind_active></row>
<row><id_poblacion type="int" >5090</id_poblacion><id_prov type="smallint" >632</id_prov><name_pob type="varchar"  label="City">Machias</name_pob><ind_active type="tinyint"  label="Active">1</ind_active></row>
<row><id_poblacion type="int" >5091</id_poblacion><id_prov type="smallint" >632</id_prov><name_pob type="varchar"  label="City">Weiser</name_pob><ind_active type="tinyint"  label="Active">1</ind_active></row>
<row><id_poblacion type="int" >5092</id_poblacion><id_prov type="smallint" >633</id_prov><name_pob type="varchar"  label="City">Fort Collin</name_pob><ind_active type="tinyint"  label="Active">1</ind_active></row>
<row><id_poblacion type="int" >5093</id_poblacion><id_prov type="smallint" >634</id_prov><name_pob type="varchar"  label="City">Central Cit</name_pob><ind_active type="tinyint"  label="Active">1</ind_active></row>
<row><id_poblacion type="int" >5094</id_poblacion><id_prov type="smallint" >635</id_prov><name_pob type="varchar"  label="City">San Luis</name_pob><ind_active type="tinyint"  label="Active">1</ind_active></row>
<row><id_poblacion type="int" >5095</id_poblacion><id_prov type="smallint" >636</id_prov><name_pob type="varchar"  label="City">Meeker</name_pob><ind_active type="tinyint"  label="Active">1</ind_active></row>
<row><id_poblacion type="int" >5096</id_poblacion><id_prov type="smallint" >637</id_prov><name_pob type="varchar"  label="City">Broomfield</name_pob><ind_active type="tinyint"  label="Active">1</ind_active></row>
<row><id_poblacion type="int" >5097</id_poblacion><id_prov type="smallint" >638</id_prov><name_pob type="varchar"  label="City">El Paso</name_pob><ind_active type="tinyint"  label="Active">1</ind_active></row>
<row><id_poblacion type="int" >5098</id_poblacion><id_prov type="smallint" >638</id_prov><name_pob type="varchar"  label="City">Colorado Sp</name_pob><ind_active type="tinyint"  label="Active">1</ind_active></row>
<row><id_poblacion type="int" >5099</id_poblacion><id_prov type="smallint" >639</id_prov><name_pob type="varchar"  label="City">Cripple Cre</name_pob><ind_active type="tinyint"  label="Active">1</ind_active></row>
<row><id_poblacion type="int" >5100</id_poblacion><id_prov type="smallint" >640</id_prov><name_pob type="varchar"  label="City">Greeley</name_pob><ind_active type="tinyint"  label="Active">1</ind_active></row>
<row><id_poblacion type="int" >5101</id_poblacion><id_prov type="smallint" >641</id_prov><name_pob type="varchar"  label="City">Glenwood Sp</name_pob><ind_active type="tinyint"  label="Active">1</ind_active></row>
<row><id_poblacion type="int" >5102</id_poblacion><id_prov type="smallint" >641</id_prov><name_pob type="varchar"  label="City">Jordan</name_pob><ind_active type="tinyint"  label="Active">1</ind_active></row>
<row><id_poblacion type="int" >5103</id_poblacion><id_prov type="smallint" >641</id_prov><name_pob type="varchar"  label="City">Burwell</name_pob><ind_active type="tinyint"  label="Active">1</ind_active></row>
<row><id_poblacion type="int" >5104</id_poblacion><id_prov type="smallint" >641</id_prov><name_pob type="varchar"  label="City">Enid</name_pob><ind_active type="tinyint"  label="Active">1</ind_active></row>
<row><id_poblacion type="int" >5105</id_poblacion><id_prov type="smallint" >641</id_prov><name_pob type="varchar"  label="City">Panguitch</name_pob><ind_active type="tinyint"  label="Active">1</ind_active></row>
<row><id_poblacion type="int" >5106</id_poblacion><id_prov type="smallint" >641</id_prov><name_pob type="varchar"  label="City">Pomeroy</name_pob><ind_active type="tinyint"  label="Active">1</ind_active></row>
<row><id_poblacion type="int" >5107</id_poblacion><id_prov type="smallint" >642</id_prov><name_pob type="varchar"  label="City">Boulder</name_pob><ind_active type="tinyint"  label="Active">1</ind_active></row>
<row><id_poblacion type="int" >5108</id_poblacion><id_prov type="smallint" >643</id_prov><name_pob type="varchar"  label="City">Crown Point</name_pob><ind_active type="tinyint"  label="Active">1</ind_active></row>
<row><id_poblacion type="int" >5109</id_poblacion><id_prov type="smallint" >643</id_prov><name_pob type="varchar"  label="City">Polson</name_pob><ind_active type="tinyint"  label="Active">1</ind_active></row>
<row><id_poblacion type="int" >5110</id_poblacion><id_prov type="smallint" >643</id_prov><name_pob type="varchar"  label="City">Madison</name_pob><ind_active type="tinyint"  label="Active">1</ind_active></row>
<row><id_poblacion type="int" >5111</id_poblacion><id_prov type="smallint" >643</id_prov><name_pob type="varchar"  label="City">Lakeview</name_pob><ind_active type="tinyint"  label="Active">1</ind_active></row>
<row><id_poblacion type="int" >5112</id_poblacion><id_prov type="smallint" >643</id_prov><name_pob type="varchar"  label="City">Painesville</name_pob><ind_active type="tinyint"  label="Active">1</ind_active></row>
<row><id_poblacion type="int" >5113</id_poblacion><id_prov type="smallint" >643</id_prov><name_pob type="varchar"  label="City">Tiptonville</name_pob><ind_active type="tinyint"  label="Active">1</ind_active></row>
<row><id_poblacion type="int" >5114</id_poblacion><id_prov type="smallint" >643</id_prov><name_pob type="varchar"  label="City">Two Harbors</name_pob><ind_active type="tinyint"  label="Active">1</ind_active></row>
<row><id_poblacion type="int" >5115</id_poblacion><id_prov type="smallint" >643</id_prov><name_pob type="varchar"  label="City">Lakeport</name_pob><ind_active type="tinyint"  label="Active">1</ind_active></row>
<row><id_poblacion type="int" >5116</id_poblacion><id_prov type="smallint" >643</id_prov><name_pob type="varchar"  label="City">Baldwin</name_pob><ind_active type="tinyint"  label="Active">1</ind_active></row>
<row><id_poblacion type="int" >5117</id_poblacion><id_prov type="smallint" >643</id_prov><name_pob type="varchar"  label="City">Waukegan</name_pob><ind_active type="tinyint"  label="Active">1</ind_active></row>
<row><id_poblacion type="int" >5118</id_poblacion><id_prov type="smallint" >643</id_prov><name_pob type="varchar"  label="City">Tavares</name_pob><ind_active type="tinyint"  label="Active">1</ind_active></row>
<row><id_poblacion type="int" >5119</id_poblacion><id_prov type="smallint" >643</id_prov><name_pob type="varchar"  label="City">Leadville</name_pob><ind_active type="tinyint"  label="Active">1</ind_active></row>
<row><id_poblacion type="int" >5120</id_poblacion><id_prov type="smallint" >644</id_prov><name_pob type="varchar"  label="City">Creede</name_pob><ind_active type="tinyint"  label="Active">1</ind_active></row>
<row><id_poblacion type="int" >5121</id_poblacion><id_prov type="smallint" >644</id_prov><name_pob type="varchar"  label="City">Superior</name_pob><ind_active type="tinyint"  label="Active">1</ind_active></row>
<row><id_poblacion type="int" >5122</id_poblacion><id_prov type="smallint" >644</id_prov><name_pob type="varchar"  label="City">Hawthorne</name_pob><ind_active type="tinyint"  label="Active">1</ind_active></row>
<row><id_poblacion type="int" >5123</id_poblacion><id_prov type="smallint" >644</id_prov><name_pob type="varchar"  label="City">Keyser</name_pob><ind_active type="tinyint"  label="Active">1</ind_active></row>
<row><id_poblacion type="int" >5124</id_poblacion><id_prov type="smallint" >645</id_prov><name_pob type="varchar"  label="City">Las Animas</name_pob><ind_active type="tinyint"  label="Active">1</ind_active></row>
<row><id_poblacion type="int" >5125</id_poblacion><id_prov type="smallint" >646</id_prov><name_pob type="varchar"  label="City">Alexandria</name_pob><ind_active type="tinyint"  label="Active">1</ind_active></row>
<row><id_poblacion type="int" >5126</id_poblacion><id_prov type="smallint" >646</id_prov><name_pob type="varchar"  label="City">Superior</name_pob><ind_active type="tinyint"  label="Active">1</ind_active></row>
<row><id_poblacion type="int" >5127</id_poblacion><id_prov type="smallint" >646</id_prov><name_pob type="varchar"  label="City">Waterville</name_pob><ind_active type="tinyint"  label="Active">1</ind_active></row>
<row><id_poblacion type="int" >5128</id_poblacion><id_prov type="smallint" >646</id_prov><name_pob type="varchar"  label="City">Armour</name_pob><ind_active type="tinyint"  label="Active">1</ind_active></row>
<row><id_poblacion type="int" >5129</id_poblacion><id_prov type="smallint" >646</id_prov><name_pob type="varchar"  label="City">Roseburg</name_pob><ind_active type="tinyint"  label="Active">1</ind_active></row>
<row><id_poblacion type="int" >5130</id_poblacion><id_prov type="smallint" >646</id_prov><name_pob type="varchar"  label="City">Minden</name_pob><ind_active type="tinyint"  label="Active">1</ind_active></row>
<row><id_poblacion type="int" >5131</id_poblacion><id_prov type="smallint" >646</id_prov><name_pob type="varchar"  label="City">Omaha</name_pob><ind_active type="tinyint"  label="Active">1</ind_active></row>
<row><id_poblacion type="int" >5132</id_poblacion><id_prov type="smallint" >646</id_prov><name_pob type="varchar"  label="City">Lawrence</name_pob><ind_active type="tinyint"  label="Active">1</ind_active></row>
<row><id_poblacion type="int" >5133</id_poblacion><id_prov type="smallint" >646</id_prov><name_pob type="varchar"  label="City">Tuscola</name_pob><ind_active type="tinyint"  label="Active">1</ind_active></row>
<row><id_poblacion type="int" >5134</id_poblacion><id_prov type="smallint" >646</id_prov><name_pob type="varchar"  label="City">Douglasvill</name_pob><ind_active type="tinyint"  label="Active">1</ind_active></row>
<row><id_poblacion type="int" >5135</id_poblacion><id_prov type="smallint" >646</id_prov><name_pob type="varchar"  label="City">Castle Rock</name_pob><ind_active type="tinyint"  label="Active">1</ind_active></row>
<row><id_poblacion type="int" >5136</id_poblacion><id_prov type="smallint" >646</id_prov><name_pob type="varchar"  label="City">Ava</name_pob><ind_active type="tinyint"  label="Active">1</ind_active></row>
<row><id_poblacion type="int" >5137</id_poblacion><id_prov type="smallint" >647</id_prov><name_pob type="varchar"  label="City">Durango</name_pob><ind_active type="tinyint"  label="Active">1</ind_active></row>
<row><id_poblacion type="int" >5138</id_poblacion><id_prov type="smallint" >648</id_prov><name_pob type="varchar"  label="City">Ordway</name_pob><ind_active type="tinyint"  label="Active">1</ind_active></row>
<row><id_poblacion type="int" >5139</id_poblacion><id_prov type="smallint" >649</id_prov><name_pob type="varchar"  label="City">Dove Creek</name_pob><ind_active type="tinyint"  label="Active">1</ind_active></row>
<row><id_poblacion type="int" >5140</id_poblacion><id_prov type="smallint" >650</id_prov><name_pob type="varchar"  label="City">Lamar</name_pob><ind_active type="tinyint"  label="Active">1</ind_active></row>
<row><id_poblacion type="int" >5141</id_poblacion><id_prov type="smallint" >651</id_prov><name_pob type="varchar"  label="City">Napoleon</name_pob><ind_active type="tinyint"  label="Active">1</ind_active></row>
<row><id_poblacion type="int" >5142</id_poblacion><id_prov type="smallint" >651</id_prov><name_pob type="varchar"  label="City">Logan</name_pob><ind_active type="tinyint"  label="Active">1</ind_active></row>
<row><id_poblacion type="int" >5143</id_poblacion><id_prov type="smallint" >651</id_prov><name_pob type="varchar"  label="City">Guthrie</name_pob><ind_active type="tinyint"  label="Active">1</ind_active></row>
<row><id_poblacion type="int" >5144</id_poblacion><id_prov type="smallint" >651</id_prov><name_pob type="varchar"  label="City">Stapleton</name_pob><ind_active type="tinyint"  label="Active">1</ind_active></row>
<row><id_poblacion type="int" >5145</id_poblacion><id_prov type="smallint" >651</id_prov><name_pob type="varchar"  label="City">Russellvill</name_pob><ind_active type="tinyint"  label="Active">1</ind_active></row>
<row><id_poblacion type="int" >5146</id_poblacion><id_prov type="smallint" >651</id_prov><name_pob type="varchar"  label="City">Oakley</name_pob><ind_active type="tinyint"  label="Active">1</ind_active></row>
<row><id_poblacion type="int" >5147</id_poblacion><id_prov type="smallint" >651</id_prov><name_pob type="varchar"  label="City">Lincoln</name_pob><ind_active type="tinyint"  label="Active">1</ind_active></row>
<row><id_poblacion type="int" >5148</id_poblacion><id_prov type="smallint" >651</id_prov><name_pob type="varchar"  label="City">Sterling</name_pob><ind_active type="tinyint"  label="Active">1</ind_active></row>
<row><id_poblacion type="int" >5149</id_poblacion><id_prov type="smallint" >651</id_prov><name_pob type="varchar"  label="City">Booneville,</name_pob><ind_active type="tinyint"  label="Active">1</ind_active></row>
<row><id_poblacion type="int" >5150</id_poblacion><id_prov type="smallint" >651</id_prov><name_pob type="varchar"  label="City">Bellefontai</name_pob><ind_active type="tinyint"  label="Active">1</ind_active></row>
<row><id_poblacion type="int" >5151</id_poblacion><id_prov type="smallint" >652</id_prov><name_pob type="varchar"  label="City">Salida</name_pob><ind_active type="tinyint"  label="Active">1</ind_active></row>
<row><id_poblacion type="int" >5153</id_poblacion><id_prov type="smallint" >653</id_prov><name_pob type="varchar"  label="City">Edna</name_pob><ind_active type="tinyint"  label="Active">1</ind_active></row>
<row><id_poblacion type="int" >5154</id_poblacion><id_prov type="smallint" >653</id_prov><name_pob type="varchar"  label="City">Gainesboro</name_pob><ind_active type="tinyint"  label="Active">1</ind_active></row>
<row><id_poblacion type="int" >5155</id_poblacion><id_prov type="smallint" >653</id_prov><name_pob type="varchar"  label="City">Kadoka</name_pob><ind_active type="tinyint"  label="Active">1</ind_active></row>
<row><id_poblacion type="int" >5156</id_poblacion><id_prov type="smallint" >653</id_prov><name_pob type="varchar"  label="City">Medford</name_pob><ind_active type="tinyint"  label="Active">1</ind_active></row>
<row><id_poblacion type="int" >5157</id_poblacion><id_prov type="smallint" >653</id_prov><name_pob type="varchar"  label="City">Sylva</name_pob><ind_active type="tinyint"  label="Active">1</ind_active></row>
<row><id_poblacion type="int" >5159</id_poblacion><id_prov type="smallint" >653</id_prov><name_pob type="varchar"  label="City">Ripley</name_pob><ind_active type="tinyint"  label="Active">1</ind_active></row>
<row><id_poblacion type="int" >5160</id_poblacion><id_prov type="smallint" >653</id_prov><name_pob type="varchar"  label="City">Pascagoula</name_pob><ind_active type="tinyint"  label="Active">1</ind_active></row>
<row><id_poblacion type="int" >5161</id_poblacion><id_prov type="smallint" >653</id_prov><name_pob type="varchar"  label="City">Independenc</name_pob><ind_active type="tinyint"  label="Active">1</ind_active></row>
<row><id_poblacion type="int" >5162</id_poblacion><id_prov type="smallint" >653</id_prov><name_pob type="varchar"  label="City">Black River</name_pob><ind_active type="tinyint"  label="Active">1</ind_active></row>
<row><id_poblacion type="int" >5163</id_poblacion><id_prov type="smallint" >653</id_prov><name_pob type="varchar"  label="City">Marianna</name_pob><ind_active type="tinyint"  label="Active">1</ind_active></row>
<row><id_poblacion type="int" >5165</id_poblacion><id_prov type="smallint" >653</id_prov><name_pob type="varchar"  label="City">Altus</name_pob><ind_active type="tinyint"  label="Active">1</ind_active></row>
<row><id_poblacion type="int" >5166</id_poblacion><id_prov type="smallint" >653</id_prov><name_pob type="varchar"  label="City">Scottsboro</name_pob><ind_active type="tinyint"  label="Active">1</ind_active></row>
<row><id_poblacion type="int" >5167</id_poblacion><id_prov type="smallint" >653</id_prov><name_pob type="varchar"  label="City">Walden</name_pob><ind_active type="tinyint"  label="Active">1</ind_active></row>
<row><id_poblacion type="int" >5168</id_poblacion><id_prov type="smallint" >653</id_prov><name_pob type="varchar"  label="City">Jefferson</name_pob><ind_active type="tinyint"  label="Active">1</ind_active></row>
<row><id_poblacion type="int" >5169</id_poblacion><id_prov type="smallint" >653</id_prov><name_pob type="varchar"  label="City">Maquoketa</name_pob><ind_active type="tinyint"  label="Active">1</ind_active></row>
<row><id_poblacion type="int" >5170</id_poblacion><id_prov type="smallint" >653</id_prov><name_pob type="varchar"  label="City">Murphysboro</name_pob><ind_active type="tinyint"  label="Active">1</ind_active></row>
<row><id_poblacion type="int" >5171</id_poblacion><id_prov type="smallint" >653</id_prov><name_pob type="varchar"  label="City">Brownstown</name_pob><ind_active type="tinyint"  label="Active">1</ind_active></row>
<row><id_poblacion type="int" >5172</id_poblacion><id_prov type="smallint" >653</id_prov><name_pob type="varchar"  label="City">Holton</name_pob><ind_active type="tinyint"  label="Active">1</ind_active></row>
<row><id_poblacion type="int" >5173</id_poblacion><id_prov type="smallint" >653</id_prov><name_pob type="varchar"  label="City">McKee</name_pob><ind_active type="tinyint"  label="Active">1</ind_active></row>
<row><id_poblacion type="int" >5174</id_poblacion><id_prov type="smallint" >653</id_prov><name_pob type="varchar"  label="City">Jonesboro</name_pob><ind_active type="tinyint"  label="Active">1</ind_active></row>
<row><id_poblacion type="int" >5175</id_poblacion><id_prov type="smallint" >653</id_prov><name_pob type="varchar"  label="City">Newport</name_pob><ind_active type="tinyint"  label="Active">1</ind_active></row>
<row><id_poblacion type="int" >5176</id_poblacion><id_prov type="smallint" >654</id_prov><name_pob type="varchar"  label="City">Saguache</name_pob><ind_active type="tinyint"  label="Active">1</ind_active></row>
<row><id_poblacion type="int" >5177</id_poblacion><id_prov type="smallint" >655</id_prov><name_pob type="varchar"  label="City">Boulder</name_pob><ind_active type="tinyint"  label="Active">1</ind_active></row>
<row><id_poblacion type="int" >5178</id_poblacion><id_prov type="smallint" >655</id_prov><name_pob type="varchar"  label="City">Fairbury</name_pob><ind_active type="tinyint"  label="Active">1</ind_active></row>
<row><id_poblacion type="int" >5179</id_poblacion><id_prov type="smallint" >655</id_prov><name_pob type="varchar"  label="City">Watertown</name_pob><ind_active type="tinyint"  label="Active">1</ind_active></row>
<row><id_poblacion type="int" >5180</id_poblacion><id_prov type="smallint" >655</id_prov><name_pob type="varchar"  label="City">Steubenvill</name_pob><ind_active type="tinyint"  label="Active">1</ind_active></row>
<row><id_poblacion type="int" >5181</id_poblacion><id_prov type="smallint" >655</id_prov><name_pob type="varchar"  label="City">Waurika</name_pob><ind_active type="tinyint"  label="Active">1</ind_active></row>
<row><id_poblacion type="int" >5182</id_poblacion><id_prov type="smallint" >655</id_prov><name_pob type="varchar"  label="City">Madras</name_pob><ind_active type="tinyint"  label="Active">1</ind_active></row>
<row><id_poblacion type="int" >5183</id_poblacion><id_prov type="smallint" >655</id_prov><name_pob type="varchar"  label="City">Brookville</name_pob><ind_active type="tinyint"  label="Active">1</ind_active></row>
<row><id_poblacion type="int" >5184</id_poblacion><id_prov type="smallint" >655</id_prov><name_pob type="varchar"  label="City">Beaumont</name_pob><ind_active type="tinyint"  label="Active">1</ind_active></row>
<row><id_poblacion type="int" >5185</id_poblacion><id_prov type="smallint" >655</id_prov><name_pob type="varchar"  label="City">Port Townse</name_pob><ind_active type="tinyint"  label="Active">1</ind_active></row>
<row><id_poblacion type="int" >5186</id_poblacion><id_prov type="smallint" >655</id_prov><name_pob type="varchar"  label="City">Jefferson</name_pob><ind_active type="tinyint"  label="Active">1</ind_active></row>
<row><id_poblacion type="int" >5187</id_poblacion><id_prov type="smallint" >655</id_prov><name_pob type="varchar"  label="City">Fayette</name_pob><ind_active type="tinyint"  label="Active">1</ind_active></row>
<row><id_poblacion type="int" >5188</id_poblacion><id_prov type="smallint" >655</id_prov><name_pob type="varchar"  label="City">Dandridge</name_pob><ind_active type="tinyint"  label="Active">1</ind_active></row>
<row><id_poblacion type="int" >5189</id_poblacion><id_prov type="smallint" >655</id_prov><name_pob type="varchar"  label="City">Hillsboro</name_pob><ind_active type="tinyint"  label="Active">1</ind_active></row>
<row><id_poblacion type="int" >5190</id_poblacion><id_prov type="smallint" >655</id_prov><name_pob type="varchar"  label="City">Gretna</name_pob><ind_active type="tinyint"  label="Active">1</ind_active></row>
<row><id_poblacion type="int" >5192</id_poblacion><id_prov type="smallint" >655</id_prov><name_pob type="varchar"  label="City">Oskaloosa</name_pob><ind_active type="tinyint"  label="Active">1</ind_active></row>
<row><id_poblacion type="int" >5193</id_poblacion><id_prov type="smallint" >655</id_prov><name_pob type="varchar"  label="City">Madison</name_pob><ind_active type="tinyint"  label="Active">1</ind_active></row>
<row><id_poblacion type="int" >5194</id_poblacion><id_prov type="smallint" >655</id_prov><name_pob type="varchar"  label="City">Mount Verno</name_pob><ind_active type="tinyint"  label="Active">1</ind_active></row>
<row><id_poblacion type="int" >5195</id_poblacion><id_prov type="smallint" >655</id_prov><name_pob type="varchar"  label="City">Rigby</name_pob><ind_active type="tinyint"  label="Active">1</ind_active></row>
<row><id_poblacion type="int" >5196</id_poblacion><id_prov type="smallint" >655</id_prov><name_pob type="varchar"  label="City">Fairfield</name_pob><ind_active type="tinyint"  label="Active">1</ind_active></row>
<row><id_poblacion type="int" >5198</id_poblacion><id_prov type="smallint" >655</id_prov><name_pob type="varchar"  label="City">Monticello</name_pob><ind_active type="tinyint"  label="Active">1</ind_active></row>
<row><id_poblacion type="int" >5199</id_poblacion><id_prov type="smallint" >655</id_prov><name_pob type="varchar"  label="City">Golden</name_pob><ind_active type="tinyint"  label="Active">1</ind_active></row>
<row><id_poblacion type="int" >5200</id_poblacion><id_prov type="smallint" >655</id_prov><name_pob type="varchar"  label="City">Birmingham</name_pob><ind_active type="tinyint"  label="Active">1</ind_active></row>
<row><id_poblacion type="int" >5201</id_poblacion><id_prov type="smallint" >655</id_prov><name_pob type="varchar"  label="City">Charles Tow</name_pob><ind_active type="tinyint"  label="Active">1</ind_active></row>
<row><id_poblacion type="int" >5202</id_poblacion><id_prov type="smallint" >655</id_prov><name_pob type="varchar"  label="City">Pine Bluff</name_pob><ind_active type="tinyint"  label="Active">1</ind_active></row>
<row><id_poblacion type="int" >5203</id_poblacion><id_prov type="smallint" >656</id_prov><name_pob type="varchar"  label="City">Westcliffe</name_pob><ind_active type="tinyint"  label="Active">1</ind_active></row>
<row><id_poblacion type="int" >5204</id_poblacion><id_prov type="smallint" >656</id_prov><name_pob type="varchar"  label="City">Custer</name_pob><ind_active type="tinyint"  label="Active">1</ind_active></row>
<row><id_poblacion type="int" >5205</id_poblacion><id_prov type="smallint" >656</id_prov><name_pob type="varchar"  label="City">Arapaho</name_pob><ind_active type="tinyint"  label="Active">1</ind_active></row>
<row><id_poblacion type="int" >5206</id_poblacion><id_prov type="smallint" >656</id_prov><name_pob type="varchar"  label="City">Broken Bow</name_pob><ind_active type="tinyint"  label="Active">1</ind_active></row>
<row><id_poblacion type="int" >5207</id_poblacion><id_prov type="smallint" >656</id_prov><name_pob type="varchar"  label="City">Miles City</name_pob><ind_active type="tinyint"  label="Active">1</ind_active></row>
<row><id_poblacion type="int" >5208</id_poblacion><id_prov type="smallint" >656</id_prov><name_pob type="varchar"  label="City">Challis</name_pob><ind_active type="tinyint"  label="Active">1</ind_active></row>
<row><id_poblacion type="int" >5209</id_poblacion><id_prov type="smallint" >657</id_prov><name_pob type="varchar"  label="City">Conejos</name_pob><ind_active type="tinyint"  label="Active">1</ind_active></row>
<row><id_poblacion type="int" >5210</id_poblacion><id_prov type="smallint" >658</id_prov><name_pob type="varchar"  label="City">Denver</name_pob><ind_active type="tinyint"  label="Active">1</ind_active></row>
<row><id_poblacion type="int" >5211</id_poblacion><id_prov type="smallint" >659</id_prov><name_pob type="varchar"  label="City">Kiowa</name_pob><ind_active type="tinyint"  label="Active">1</ind_active></row>
<row><id_poblacion type="int" >5212</id_poblacion><id_prov type="smallint" >659</id_prov><name_pob type="varchar"  label="City">Elberton</name_pob><ind_active type="tinyint"  label="Active">1</ind_active></row>
<row><id_poblacion type="int" >5213</id_poblacion><id_prov type="smallint" >660</id_prov><name_pob type="varchar"  label="City">Del Norte</name_pob><ind_active type="tinyint"  label="Active">1</ind_active></row>
<row><id_poblacion type="int" >5214</id_poblacion><id_prov type="smallint" >661</id_prov><name_pob type="varchar"  label="City">Georgetown</name_pob><ind_active type="tinyint"  label="Active">1</ind_active></row>
<row><id_poblacion type="int" >5215</id_poblacion><id_prov type="smallint" >662</id_prov><name_pob type="varchar"  label="City">Breckenridg</name_pob><ind_active type="tinyint"  label="Active">1</ind_active></row>
<row><id_poblacion type="int" >5216</id_poblacion><id_prov type="smallint" >662</id_prov><name_pob type="varchar"  label="City">Akron</name_pob><ind_active type="tinyint"  label="Active">1</ind_active></row>
<row><id_poblacion type="int" >5217</id_poblacion><id_prov type="smallint" >662</id_prov><name_pob type="varchar"  label="City">Coalville</name_pob><ind_active type="tinyint"  label="Active">1</ind_active></row>
<row><id_poblacion type="int" >5218</id_poblacion><id_prov type="smallint" >663</id_prov><name_pob type="varchar"  label="City">Pueblo</name_pob><ind_active type="tinyint"  label="Active">1</ind_active></row>
</poblacion>
</root>