<?xml version="1.0" encoding="UTF-8"?>
<root>
<poblacion>
<row><id_poblacion type="int" >5242</id_poblacion><id_prov type="smallint" >675</id_prov><name_pob type="varchar"  label="City">Port Saint</name_pob><ind_active type="tinyint"  label="Active">1</ind_active></row>
<row><id_poblacion type="int" >5243</id_poblacion><id_prov type="smallint" >676</id_prov><name_pob type="varchar"  label="City">Macclenny</name_pob><ind_active type="tinyint"  label="Active">1</ind_active></row>
<row><id_poblacion type="int" >5244</id_poblacion><id_prov type="smallint" >676</id_prov><name_pob type="varchar"  label="City">Newton</name_pob><ind_active type="tinyint"  label="Active">1</ind_active></row>
<row><id_poblacion type="int" >5245</id_poblacion><id_prov type="smallint" >676</id_prov><name_pob type="varchar"  label="City">Baker</name_pob><ind_active type="tinyint"  label="Active">1</ind_active></row>
<row><id_poblacion type="int" >5246</id_poblacion><id_prov type="smallint" >677</id_prov><name_pob type="varchar"  label="City">Boulder</name_pob><ind_active type="tinyint"  label="Active">1</ind_active></row>
<row><id_poblacion type="int" >5247</id_poblacion><id_prov type="smallint" >677</id_prov><name_pob type="varchar"  label="City">Fairbury</name_pob><ind_active type="tinyint"  label="Active">1</ind_active></row>
<row><id_poblacion type="int" >5248</id_poblacion><id_prov type="smallint" >677</id_prov><name_pob type="varchar"  label="City">Watertown</name_pob><ind_active type="tinyint"  label="Active">1</ind_active></row>
<row><id_poblacion type="int" >5249</id_poblacion><id_prov type="smallint" >677</id_prov><name_pob type="varchar"  label="City">Steubenvill</name_pob><ind_active type="tinyint"  label="Active">1</ind_active></row>
<row><id_poblacion type="int" >5250</id_poblacion><id_prov type="smallint" >677</id_prov><name_pob type="varchar"  label="City">Waurika</name_pob><ind_active type="tinyint"  label="Active">1</ind_active></row>
<row><id_poblacion type="int" >5251</id_poblacion><id_prov type="smallint" >677</id_prov><name_pob type="varchar"  label="City">Madras</name_pob><ind_active type="tinyint"  label="Active">1</ind_active></row>
<row><id_poblacion type="int" >5252</id_poblacion><id_prov type="smallint" >677</id_prov><name_pob type="varchar"  label="City">Brookville</name_pob><ind_active type="tinyint"  label="Active">1</ind_active></row>
<row><id_poblacion type="int" >5253</id_poblacion><id_prov type="smallint" >677</id_prov><name_pob type="varchar"  label="City">Beaumont</name_pob><ind_active type="tinyint"  label="Active">1</ind_active></row>
<row><id_poblacion type="int" >5254</id_poblacion><id_prov type="smallint" >677</id_prov><name_pob type="varchar"  label="City">Port Townse</name_pob><ind_active type="tinyint"  label="Active">1</ind_active></row>
<row><id_poblacion type="int" >5255</id_poblacion><id_prov type="smallint" >677</id_prov><name_pob type="varchar"  label="City">Jefferson</name_pob><ind_active type="tinyint"  label="Active">1</ind_active></row>
<row><id_poblacion type="int" >5256</id_poblacion><id_prov type="smallint" >677</id_prov><name_pob type="varchar"  label="City">Fayette</name_pob><ind_active type="tinyint"  label="Active">1</ind_active></row>
<row><id_poblacion type="int" >5257</id_poblacion><id_prov type="smallint" >677</id_prov><name_pob type="varchar"  label="City">Dandridge</name_pob><ind_active type="tinyint"  label="Active">1</ind_active></row>
<row><id_poblacion type="int" >5258</id_poblacion><id_prov type="smallint" >677</id_prov><name_pob type="varchar"  label="City">Hillsboro</name_pob><ind_active type="tinyint"  label="Active">1</ind_active></row>
<row><id_poblacion type="int" >5259</id_poblacion><id_prov type="smallint" >677</id_prov><name_pob type="varchar"  label="City">Gretna</name_pob><ind_active type="tinyint"  label="Active">1</ind_active></row>
<row><id_poblacion type="int" >5261</id_poblacion><id_prov type="smallint" >677</id_prov><name_pob type="varchar"  label="City">Oskaloosa</name_pob><ind_active type="tinyint"  label="Active">1</ind_active></row>
<row><id_poblacion type="int" >5262</id_poblacion><id_prov type="smallint" >677</id_prov><name_pob type="varchar"  label="City">Madison</name_pob><ind_active type="tinyint"  label="Active">1</ind_active></row>
<row><id_poblacion type="int" >5263</id_poblacion><id_prov type="smallint" >677</id_prov><name_pob type="varchar"  label="City">Mount Verno</name_pob><ind_active type="tinyint"  label="Active">1</ind_active></row>
<row><id_poblacion type="int" >5264</id_poblacion><id_prov type="smallint" >677</id_prov><name_pob type="varchar"  label="City">Rigby</name_pob><ind_active type="tinyint"  label="Active">1</ind_active></row>
<row><id_poblacion type="int" >5265</id_poblacion><id_prov type="smallint" >677</id_prov><name_pob type="varchar"  label="City">Fairfield</name_pob><ind_active type="tinyint"  label="Active">1</ind_active></row>
<row><id_poblacion type="int" >5267</id_poblacion><id_prov type="smallint" >677</id_prov><name_pob type="varchar"  label="City">Monticello</name_pob><ind_active type="tinyint"  label="Active">1</ind_active></row>
<row><id_poblacion type="int" >5268</id_poblacion><id_prov type="smallint" >677</id_prov><name_pob type="varchar"  label="City">Golden</name_pob><ind_active type="tinyint"  label="Active">1</ind_active></row>
<row><id_poblacion type="int" >5269</id_poblacion><id_prov type="smallint" >677</id_prov><name_pob type="varchar"  label="City">Birmingham</name_pob><ind_active type="tinyint"  label="Active">1</ind_active></row>
<row><id_poblacion type="int" >5270</id_poblacion><id_prov type="smallint" >677</id_prov><name_pob type="varchar"  label="City">Charles Tow</name_pob><ind_active type="tinyint"  label="Active">1</ind_active></row>
<row><id_poblacion type="int" >5271</id_poblacion><id_prov type="smallint" >677</id_prov><name_pob type="varchar"  label="City">Pine Bluff</name_pob><ind_active type="tinyint"  label="Active">1</ind_active></row>
<row><id_poblacion type="int" >5272</id_poblacion><id_prov type="smallint" >678</id_prov><name_pob type="varchar"  label="City">Live Oak</name_pob><ind_active type="tinyint"  label="Active">1</ind_active></row>
<row><id_poblacion type="int" >5273</id_poblacion><id_prov type="smallint" >679</id_prov><name_pob type="varchar"  label="City">Jacksonvill</name_pob><ind_active type="tinyint"  label="Active">1</ind_active></row>
<row><id_poblacion type="int" >5274</id_poblacion><id_prov type="smallint" >679</id_prov><name_pob type="varchar"  label="City">San Diego</name_pob><ind_active type="tinyint"  label="Active">1</ind_active></row>
<row><id_poblacion type="int" >5275</id_poblacion><id_prov type="smallint" >680</id_prov><name_pob type="varchar"  label="City">Punta Gorda</name_pob><ind_active type="tinyint"  label="Active">1</ind_active></row>
<row><id_poblacion type="int" >5276</id_poblacion><id_prov type="smallint" >680</id_prov><name_pob type="varchar"  label="City">Charlotte C</name_pob><ind_active type="tinyint"  label="Active">1</ind_active></row>
<row><id_poblacion type="int" >5277</id_poblacion><id_prov type="smallint" >681</id_prov><name_pob type="varchar"  label="City">Livingston</name_pob><ind_active type="tinyint"  label="Active">1</ind_active></row>
<row><id_poblacion type="int" >5278</id_poblacion><id_prov type="smallint" >681</id_prov><name_pob type="varchar"  label="City">Bushnell</name_pob><ind_active type="tinyint"  label="Active">1</ind_active></row>
<row><id_poblacion type="int" >5279</id_poblacion><id_prov type="smallint" >681</id_prov><name_pob type="varchar"  label="City">Americus</name_pob><ind_active type="tinyint"  label="Active">1</ind_active></row>
<row><id_poblacion type="int" >5280</id_poblacion><id_prov type="smallint" >681</id_prov><name_pob type="varchar"  label="City">Sumter</name_pob><ind_active type="tinyint"  label="Active">1</ind_active></row>
<row><id_poblacion type="int" >5281</id_poblacion><id_prov type="smallint" >682</id_prov><name_pob type="varchar"  label="City">Monroe</name_pob><ind_active type="tinyint"  label="Active">1</ind_active></row>
<row><id_poblacion type="int" >5282</id_poblacion><id_prov type="smallint" >682</id_prov><name_pob type="varchar"  label="City">Stroudsburg</name_pob><ind_active type="tinyint"  label="Active">1</ind_active></row>
<row><id_poblacion type="int" >5283</id_poblacion><id_prov type="smallint" >682</id_prov><name_pob type="varchar"  label="City">Union</name_pob><ind_active type="tinyint"  label="Active">1</ind_active></row>
<row><id_poblacion type="int" >5284</id_poblacion><id_prov type="smallint" >682</id_prov><name_pob type="varchar"  label="City">Madisonvill</name_pob><ind_active type="tinyint"  label="Active">1</ind_active></row>
<row><id_poblacion type="int" >5285</id_poblacion><id_prov type="smallint" >682</id_prov><name_pob type="varchar"  label="City">Woodsfield</name_pob><ind_active type="tinyint"  label="Active">1</ind_active></row>
<row><id_poblacion type="int" >5286</id_poblacion><id_prov type="smallint" >682</id_prov><name_pob type="varchar"  label="City">Rochester</name_pob><ind_active type="tinyint"  label="Active">1</ind_active></row>
<row><id_poblacion type="int" >5287</id_poblacion><id_prov type="smallint" >682</id_prov><name_pob type="varchar"  label="City">Aberdeen</name_pob><ind_active type="tinyint"  label="Active">1</ind_active></row>
<row><id_poblacion type="int" >5288</id_poblacion><id_prov type="smallint" >682</id_prov><name_pob type="varchar"  label="City">Paris</name_pob><ind_active type="tinyint"  label="Active">1</ind_active></row>
<row><id_poblacion type="int" >5289</id_poblacion><id_prov type="smallint" >682</id_prov><name_pob type="varchar"  label="City">Bloomington</name_pob><ind_active type="tinyint"  label="Active">1</ind_active></row>
<row><id_poblacion type="int" >5290</id_poblacion><id_prov type="smallint" >682</id_prov><name_pob type="varchar"  label="City">Waterloo</name_pob><ind_active type="tinyint"  label="Active">1</ind_active></row>
<row><id_poblacion type="int" >5291</id_poblacion><id_prov type="smallint" >682</id_prov><name_pob type="varchar"  label="City">Albia</name_pob><ind_active type="tinyint"  label="Active">1</ind_active></row>
<row><id_poblacion type="int" >5292</id_poblacion><id_prov type="smallint" >682</id_prov><name_pob type="varchar"  label="City">Forsyth</name_pob><ind_active type="tinyint"  label="Active">1</ind_active></row>
<row><id_poblacion type="int" >5293</id_poblacion><id_prov type="smallint" >682</id_prov><name_pob type="varchar"  label="City">Monroeville</name_pob><ind_active type="tinyint"  label="Active">1</ind_active></row>
<row><id_poblacion type="int" >5294</id_poblacion><id_prov type="smallint" >682</id_prov><name_pob type="varchar"  label="City">Key West</name_pob><ind_active type="tinyint"  label="Active">1</ind_active></row>
<row><id_poblacion type="int" >5295</id_poblacion><id_prov type="smallint" >682</id_prov><name_pob type="varchar"  label="City">Sparta</name_pob><ind_active type="tinyint"  label="Active">1</ind_active></row>
<row><id_poblacion type="int" >5296</id_poblacion><id_prov type="smallint" >682</id_prov><name_pob type="varchar"  label="City">Clarendon</name_pob><ind_active type="tinyint"  label="Active">1</ind_active></row>
<row><id_poblacion type="int" >5297</id_poblacion><id_prov type="smallint" >682</id_prov><name_pob type="varchar"  label="City">Tompkinsvil</name_pob><ind_active type="tinyint"  label="Active">1</ind_active></row>
<row><id_poblacion type="int" >5298</id_poblacion><id_prov type="smallint" >683</id_prov><name_pob type="varchar"  label="City">Henrietta</name_pob><ind_active type="tinyint"  label="Active">1</ind_active></row>
<row><id_poblacion type="int" >5299</id_poblacion><id_prov type="smallint" >683</id_prov><name_pob type="varchar"  label="City">Moorhead</name_pob><ind_active type="tinyint"  label="Active">1</ind_active></row>
<row><id_poblacion type="int" >5300</id_poblacion><id_prov type="smallint" >683</id_prov><name_pob type="varchar"  label="City">Liberty</name_pob><ind_active type="tinyint"  label="Active">1</ind_active></row>
<row><id_poblacion type="int" >5301</id_poblacion><id_prov type="smallint" >683</id_prov><name_pob type="varchar"  label="City">West Point</name_pob><ind_active type="tinyint"  label="Active">1</ind_active></row>
<row><id_poblacion type="int" >5302</id_poblacion><id_prov type="smallint" >683</id_prov><name_pob type="varchar"  label="City">Hayesville</name_pob><ind_active type="tinyint"  label="Active">1</ind_active></row>
<row><id_poblacion type="int" >5304</id_poblacion><id_prov type="smallint" >683</id_prov><name_pob type="varchar"  label="City">Vermillion</name_pob><ind_active type="tinyint"  label="Active">1</ind_active></row>
<row><id_poblacion type="int" >5305</id_poblacion><id_prov type="smallint" >683</id_prov><name_pob type="varchar"  label="City">Celina</name_pob><ind_active type="tinyint"  label="Active">1</ind_active></row>
<row><id_poblacion type="int" >5306</id_poblacion><id_prov type="smallint" >683</id_prov><name_pob type="varchar"  label="City">Manchester</name_pob><ind_active type="tinyint"  label="Active">1</ind_active></row>
<row><id_poblacion type="int" >5307</id_poblacion><id_prov type="smallint" >683</id_prov><name_pob type="varchar"  label="City">Clay</name_pob><ind_active type="tinyint"  label="Active">1</ind_active></row>
<row><id_poblacion type="int" >5308</id_poblacion><id_prov type="smallint" >683</id_prov><name_pob type="varchar"  label="City">Brazil</name_pob><ind_active type="tinyint"  label="Active">1</ind_active></row>
<row><id_poblacion type="int" >5309</id_poblacion><id_prov type="smallint" >683</id_prov><name_pob type="varchar"  label="City">Louisville</name_pob><ind_active type="tinyint"  label="Active">1</ind_active></row>
<row><id_poblacion type="int" >5310</id_poblacion><id_prov type="smallint" >683</id_prov><name_pob type="varchar"  label="City">Spencer</name_pob><ind_active type="tinyint"  label="Active">1</ind_active></row>
<row><id_poblacion type="int" >5311</id_poblacion><id_prov type="smallint" >683</id_prov><name_pob type="varchar"  label="City">Fort Gaines</name_pob><ind_active type="tinyint"  label="Active">1</ind_active></row>
<row><id_poblacion type="int" >5312</id_poblacion><id_prov type="smallint" >683</id_prov><name_pob type="varchar"  label="City">Green Cove</name_pob><ind_active type="tinyint"  label="Active">1</ind_active></row>
<row><id_poblacion type="int" >5314</id_poblacion><id_prov type="smallint" >683</id_prov><name_pob type="varchar"  label="City">Ashland</name_pob><ind_active type="tinyint"  label="Active">1</ind_active></row>
<row><id_poblacion type="int" >5315</id_poblacion><id_prov type="smallint" >683</id_prov><name_pob type="varchar"  label="City">Corning, Pi</name_pob><ind_active type="tinyint"  label="Active">1</ind_active></row>
<row><id_poblacion type="int" >5316</id_poblacion><id_prov type="smallint" >684</id_prov><name_pob type="varchar"  label="City">Hernando</name_pob><ind_active type="tinyint"  label="Active">1</ind_active></row>
<row><id_poblacion type="int" >5317</id_poblacion><id_prov type="smallint" >684</id_prov><name_pob type="varchar"  label="City">Arcadia</name_pob><ind_active type="tinyint"  label="Active">1</ind_active></row>
<row><id_poblacion type="int" >5318</id_poblacion><id_prov type="smallint" >685</id_prov><name_pob type="varchar"  label="City">Fort Lauder</name_pob><ind_active type="tinyint"  label="Active">1</ind_active></row>
<row><id_poblacion type="int" >5319</id_poblacion><id_prov type="smallint" >686</id_prov><name_pob type="varchar"  label="City">Sanford</name_pob><ind_active type="tinyint"  label="Active">1</ind_active></row>
<row><id_poblacion type="int" >5320</id_poblacion><id_prov type="smallint" >686</id_prov><name_pob type="varchar"  label="City">Donalsonvil</name_pob><ind_active type="tinyint"  label="Active">1</ind_active></row>
<row><id_poblacion type="int" >5321</id_poblacion><id_prov type="smallint" >686</id_prov><name_pob type="varchar"  label="City">Wewoka</name_pob><ind_active type="tinyint"  label="Active">1</ind_active></row>
<row><id_poblacion type="int" >5322</id_poblacion><id_prov type="smallint" >687</id_prov><name_pob type="varchar"  label="City">Grafton</name_pob><ind_active type="tinyint"  label="Active">1</ind_active></row>
<row><id_poblacion type="int" >5323</id_poblacion><id_prov type="smallint" >687</id_prov><name_pob type="varchar"  label="City">Medford</name_pob><ind_active type="tinyint"  label="Active">1</ind_active></row>
<row><id_poblacion type="int" >5324</id_poblacion><id_prov type="smallint" >687</id_prov><name_pob type="varchar"  label="City">Abilene</name_pob><ind_active type="tinyint"  label="Active">1</ind_active></row>
<row><id_poblacion type="int" >5325</id_poblacion><id_prov type="smallint" >687</id_prov><name_pob type="varchar"  label="City">Campbellsvi</name_pob><ind_active type="tinyint"  label="Active">1</ind_active></row>
<row><id_poblacion type="int" >5326</id_poblacion><id_prov type="smallint" >687</id_prov><name_pob type="varchar"  label="City">Bedford</name_pob><ind_active type="tinyint"  label="Active">1</ind_active></row>
<row><id_poblacion type="int" >5327</id_poblacion><id_prov type="smallint" >687</id_prov><name_pob type="varchar"  label="City">Perry</name_pob><ind_active type="tinyint"  label="Active">1</ind_active></row>
<row><id_poblacion type="int" >5328</id_poblacion><id_prov type="smallint" >687</id_prov><name_pob type="varchar"  label="City">Butler</name_pob><ind_active type="tinyint"  label="Active">1</ind_active></row>
<row><id_poblacion type="int" >5329</id_poblacion><id_prov type="smallint" >688</id_prov><name_pob type="varchar"  label="City">Miami</name_pob><ind_active type="tinyint"  label="Active">1</ind_active></row>
<row><id_poblacion type="int" >5330</id_poblacion><id_prov type="smallint" >689</id_prov><name_pob type="varchar"  label="City">La Belle</name_pob><ind_active type="tinyint"  label="Active">1</ind_active></row>
<row><id_poblacion type="int" >5331</id_poblacion><id_prov type="smallint" >690</id_prov><name_pob type="varchar"  label="City">Okeechobee</name_pob><ind_active type="tinyint"  label="Active">1</ind_active></row>
<row><id_poblacion type="int" >5332</id_poblacion><id_prov type="smallint" >691</id_prov><name_pob type="varchar"  label="City">Crestview</name_pob><ind_active type="tinyint"  label="Active">1</ind_active></row>
<row><id_poblacion type="int" >5333</id_poblacion><id_prov type="smallint" >692</id_prov><name_pob type="varchar"  label="City">Wauchula</name_pob><ind_active type="tinyint"  label="Active">1</ind_active></row>
<row><id_poblacion type="int" >5334</id_poblacion><id_prov type="smallint" >693</id_prov><name_pob type="varchar"  label="City">Dixon</name_pob><ind_active type="tinyint"  label="Active">1</ind_active></row>
<row><id_poblacion type="int" >5335</id_poblacion><id_prov type="smallint" >693</id_prov><name_pob type="varchar"  label="City">Sanford</name_pob><ind_active type="tinyint"  label="Active">1</ind_active></row>
<row><id_poblacion type="int" >5336</id_poblacion><id_prov type="smallint" >693</id_prov><name_pob type="varchar"  label="City">Jonesville</name_pob><ind_active type="tinyint"  label="Active">1</ind_active></row>
<row><id_poblacion type="int" >5337</id_poblacion><id_prov type="smallint" >693</id_prov><name_pob type="varchar"  label="City">Giddings</name_pob><ind_active type="tinyint"  label="Active">1</ind_active></row>
<row><id_poblacion type="int" >5338</id_poblacion><id_prov type="smallint" >693</id_prov><name_pob type="varchar"  label="City">Bishopville</name_pob><ind_active type="tinyint"  label="Active">1</ind_active></row>
<row><id_poblacion type="int" >5339</id_poblacion><id_prov type="smallint" >693</id_prov><name_pob type="varchar"  label="City">Beattyville</name_pob><ind_active type="tinyint"  label="Active">1</ind_active></row>
<row><id_poblacion type="int" >5340</id_poblacion><id_prov type="smallint" >693</id_prov><name_pob type="varchar"  label="City">Opelika</name_pob><ind_active type="tinyint"  label="Active">1</ind_active></row>
<row><id_poblacion type="int" >5341</id_poblacion><id_prov type="smallint" >693</id_prov><name_pob type="varchar"  label="City">Fort Madiso</name_pob><ind_active type="tinyint"  label="Active">1</ind_active></row>
<row><id_poblacion type="int" >5342</id_poblacion><id_prov type="smallint" >693</id_prov><name_pob type="varchar"  label="City">Leesburg</name_pob><ind_active type="tinyint"  label="Active">1</ind_active></row>
<row><id_poblacion type="int" >5343</id_poblacion><id_prov type="smallint" >693</id_prov><name_pob type="varchar"  label="City">Fort Myers</name_pob><ind_active type="tinyint"  label="Active">1</ind_active></row>
<row><id_poblacion type="int" >5344</id_poblacion><id_prov type="smallint" >693</id_prov><name_pob type="varchar"  label="City">Tupelo</name_pob><ind_active type="tinyint"  label="Active">1</ind_active></row>
<row><id_poblacion type="int" >5345</id_poblacion><id_prov type="smallint" >693</id_prov><name_pob type="varchar"  label="City">Marianna</name_pob><ind_active type="tinyint"  label="Active">1</ind_active></row>
<row><id_poblacion type="int" >5346</id_poblacion><id_prov type="smallint" >694</id_prov><name_pob type="varchar"  label="City">Fernandina</name_pob><ind_active type="tinyint"  label="Active">1</ind_active></row>
<row><id_poblacion type="int" >5347</id_poblacion><id_prov type="smallint" >694</id_prov><name_pob type="varchar"  label="City">Mineola</name_pob><ind_active type="tinyint"  label="Active">1</ind_active></row>
<row><id_poblacion type="int" >5348</id_poblacion><id_prov type="smallint" >695</id_prov><name_pob type="varchar"  label="City">Crown Point</name_pob><ind_active type="tinyint"  label="Active">1</ind_active></row>
<row><id_poblacion type="int" >5349</id_poblacion><id_prov type="smallint" >695</id_prov><name_pob type="varchar"  label="City">Polson</name_pob><ind_active type="tinyint"  label="Active">1</ind_active></row>
<row><id_poblacion type="int" >5350</id_poblacion><id_prov type="smallint" >695</id_prov><name_pob type="varchar"  label="City">Madison</name_pob><ind_active type="tinyint"  label="Active">1</ind_active></row>
<row><id_poblacion type="int" >5351</id_poblacion><id_prov type="smallint" >695</id_prov><name_pob type="varchar"  label="City">Lakeview</name_pob><ind_active type="tinyint"  label="Active">1</ind_active></row>
<row><id_poblacion type="int" >5352</id_poblacion><id_prov type="smallint" >695</id_prov><name_pob type="varchar"  label="City">Painesville</name_pob><ind_active type="tinyint"  label="Active">1</ind_active></row>
<row><id_poblacion type="int" >5353</id_poblacion><id_prov type="smallint" >695</id_prov><name_pob type="varchar"  label="City">Tiptonville</name_pob><ind_active type="tinyint"  label="Active">1</ind_active></row>
<row><id_poblacion type="int" >5354</id_poblacion><id_prov type="smallint" >695</id_prov><name_pob type="varchar"  label="City">Two Harbors</name_pob><ind_active type="tinyint"  label="Active">1</ind_active></row>
<row><id_poblacion type="int" >5355</id_poblacion><id_prov type="smallint" >695</id_prov><name_pob type="varchar"  label="City">Lakeport</name_pob><ind_active type="tinyint"  label="Active">1</ind_active></row>
<row><id_poblacion type="int" >5356</id_poblacion><id_prov type="smallint" >695</id_prov><name_pob type="varchar"  label="City">Baldwin</name_pob><ind_active type="tinyint"  label="Active">1</ind_active></row>
<row><id_poblacion type="int" >5357</id_poblacion><id_prov type="smallint" >695</id_prov><name_pob type="varchar"  label="City">Waukegan</name_pob><ind_active type="tinyint"  label="Active">1</ind_active></row>
<row><id_poblacion type="int" >5358</id_poblacion><id_prov type="smallint" >695</id_prov><name_pob type="varchar"  label="City">Tavares</name_pob><ind_active type="tinyint"  label="Active">1</ind_active></row>
<row><id_poblacion type="int" >5359</id_poblacion><id_prov type="smallint" >695</id_prov><name_pob type="varchar"  label="City">Leadville</name_pob><ind_active type="tinyint"  label="Active">1</ind_active></row>
<row><id_poblacion type="int" >5360</id_poblacion><id_prov type="smallint" >696</id_prov><name_pob type="varchar"  label="City">Inverness</name_pob><ind_active type="tinyint"  label="Active">1</ind_active></row>
<row><id_poblacion type="int" >5361</id_poblacion><id_prov type="smallint" >697</id_prov><name_pob type="varchar"  label="City">Crawfordvil</name_pob><ind_active type="tinyint"  label="Active">1</ind_active></row>
<row><id_poblacion type="int" >5362</id_poblacion><id_prov type="smallint" >698</id_prov><name_pob type="varchar"  label="City">Sebring</name_pob><ind_active type="tinyint"  label="Active">1</ind_active></row>
<row><id_poblacion type="int" >5363</id_poblacion><id_prov type="smallint" >699</id_prov><name_pob type="varchar"  label="City">Quincy</name_pob><ind_active type="tinyint"  label="Active">1</ind_active></row>
<row><id_poblacion type="int" >5364</id_poblacion><id_prov type="smallint" >700</id_prov><name_pob type="varchar"  label="City">Starke</name_pob><ind_active type="tinyint"  label="Active">1</ind_active></row>
<row><id_poblacion type="int" >5365</id_poblacion><id_prov type="smallint" >700</id_prov><name_pob type="varchar"  label="City">Towanda</name_pob><ind_active type="tinyint"  label="Active">1</ind_active></row>
<row><id_poblacion type="int" >5367</id_poblacion><id_prov type="smallint" >701</id_prov><name_pob type="varchar"  label="City">Edna</name_pob><ind_active type="tinyint"  label="Active">1</ind_active></row>
<row><id_poblacion type="int" >5368</id_poblacion><id_prov type="smallint" >701</id_prov><name_pob type="varchar"  label="City">Gainesboro</name_pob><ind_active type="tinyint"  label="Active">1</ind_active></row>
<row><id_poblacion type="int" >5369</id_poblacion><id_prov type="smallint" >701</id_prov><name_pob type="varchar"  label="City">Kadoka</name_pob><ind_active type="tinyint"  label="Active">1</ind_active></row>
<row><id_poblacion type="int" >5370</id_poblacion><id_prov type="smallint" >701</id_prov><name_pob type="varchar"  label="City">Medford</name_pob><ind_active type="tinyint"  label="Active">1</ind_active></row>
<row><id_poblacion type="int" >5371</id_poblacion><id_prov type="smallint" >701</id_prov><name_pob type="varchar"  label="City">Sylva</name_pob><ind_active type="tinyint"  label="Active">1</ind_active></row>
<row><id_poblacion type="int" >5373</id_poblacion><id_prov type="smallint" >701</id_prov><name_pob type="varchar"  label="City">Ripley</name_pob><ind_active type="tinyint"  label="Active">1</ind_active></row>
<row><id_poblacion type="int" >5374</id_poblacion><id_prov type="smallint" >701</id_prov><name_pob type="varchar"  label="City">Pascagoula</name_pob><ind_active type="tinyint"  label="Active">1</ind_active></row>
<row><id_poblacion type="int" >5375</id_poblacion><id_prov type="smallint" >701</id_prov><name_pob type="varchar"  label="City">Independenc</name_pob><ind_active type="tinyint"  label="Active">1</ind_active></row>
<row><id_poblacion type="int" >5376</id_poblacion><id_prov type="smallint" >701</id_prov><name_pob type="varchar"  label="City">Black River</name_pob><ind_active type="tinyint"  label="Active">1</ind_active></row>
<row><id_poblacion type="int" >5377</id_poblacion><id_prov type="smallint" >701</id_prov><name_pob type="varchar"  label="City">Marianna</name_pob><ind_active type="tinyint"  label="Active">1</ind_active></row>
<row><id_poblacion type="int" >5379</id_poblacion><id_prov type="smallint" >701</id_prov><name_pob type="varchar"  label="City">Altus</name_pob><ind_active type="tinyint"  label="Active">1</ind_active></row>
<row><id_poblacion type="int" >5380</id_poblacion><id_prov type="smallint" >701</id_prov><name_pob type="varchar"  label="City">Scottsboro</name_pob><ind_active type="tinyint"  label="Active">1</ind_active></row>
<row><id_poblacion type="int" >5381</id_poblacion><id_prov type="smallint" >701</id_prov><name_pob type="varchar"  label="City">Walden</name_pob><ind_active type="tinyint"  label="Active">1</ind_active></row>
<row><id_poblacion type="int" >5382</id_poblacion><id_prov type="smallint" >701</id_prov><name_pob type="varchar"  label="City">Jefferson</name_pob><ind_active type="tinyint"  label="Active">1</ind_active></row>
<row><id_poblacion type="int" >5383</id_poblacion><id_prov type="smallint" >701</id_prov><name_pob type="varchar"  label="City">Maquoketa</name_pob><ind_active type="tinyint"  label="Active">1</ind_active></row>
<row><id_poblacion type="int" >5384</id_poblacion><id_prov type="smallint" >701</id_prov><name_pob type="varchar"  label="City">Murphysboro</name_pob><ind_active type="tinyint"  label="Active">1</ind_active></row>
<row><id_poblacion type="int" >5385</id_poblacion><id_prov type="smallint" >701</id_prov><name_pob type="varchar"  label="City">Brownstown</name_pob><ind_active type="tinyint"  label="Active">1</ind_active></row>
<row><id_poblacion type="int" >5386</id_poblacion><id_prov type="smallint" >701</id_prov><name_pob type="varchar"  label="City">Holton</name_pob><ind_active type="tinyint"  label="Active">1</ind_active></row>
<row><id_poblacion type="int" >5387</id_poblacion><id_prov type="smallint" >701</id_prov><name_pob type="varchar"  label="City">McKee</name_pob><ind_active type="tinyint"  label="Active">1</ind_active></row>
<row><id_poblacion type="int" >5388</id_poblacion><id_prov type="smallint" >701</id_prov><name_pob type="varchar"  label="City">Jonesboro</name_pob><ind_active type="tinyint"  label="Active">1</ind_active></row>
<row><id_poblacion type="int" >5389</id_poblacion><id_prov type="smallint" >701</id_prov><name_pob type="varchar"  label="City">Newport</name_pob><ind_active type="tinyint"  label="Active">1</ind_active></row>
<row><id_poblacion type="int" >5390</id_poblacion><id_prov type="smallint" >702</id_prov><name_pob type="varchar"  label="City">Brewton</name_pob><ind_active type="tinyint"  label="Active">1</ind_active></row>
<row><id_poblacion type="int" >5391</id_poblacion><id_prov type="smallint" >702</id_prov><name_pob type="varchar"  label="City">Pensacola</name_pob><ind_active type="tinyint"  label="Active">1</ind_active></row>
<row><id_poblacion type="int" >5392</id_poblacion><id_prov type="smallint" >703</id_prov><name_pob type="varchar"  label="City">Trenton</name_pob><ind_active type="tinyint"  label="Active">1</ind_active></row>
<row><id_poblacion type="int" >5393</id_poblacion><id_prov type="smallint" >704</id_prov><name_pob type="varchar"  label="City">De Funiak S</name_pob><ind_active type="tinyint"  label="Active">1</ind_active></row>
<row><id_poblacion type="int" >5394</id_poblacion><id_prov type="smallint" >704</id_prov><name_pob type="varchar"  label="City">Monroe</name_pob><ind_active type="tinyint"  label="Active">1</ind_active></row>
<row><id_poblacion type="int" >5395</id_poblacion><id_prov type="smallint" >705</id_prov><name_pob type="varchar"  label="City">Bradenton</name_pob><ind_active type="tinyint"  label="Active">1</ind_active></row>
<row><id_poblacion type="int" >5396</id_poblacion><id_prov type="smallint" >706</id_prov><name_pob type="varchar"  label="City">Cross City</name_pob><ind_active type="tinyint"  label="Active">1</ind_active></row>
<row><id_poblacion type="int" >5397</id_poblacion><id_prov type="smallint" >707</id_prov><name_pob type="varchar"  label="City">Brenham</name_pob><ind_active type="tinyint"  label="Active">1</ind_active></row>
<row><id_poblacion type="int" >5398</id_poblacion><id_prov type="smallint" >707</id_prov><name_pob type="varchar"  label="City">Greenville</name_pob><ind_active type="tinyint"  label="Active">1</ind_active></row>
<row><id_poblacion type="int" >5399</id_poblacion><id_prov type="smallint" >707</id_prov><name_pob type="varchar"  label="City">Plymouth</name_pob><ind_active type="tinyint"  label="Active">1</ind_active></row>
<row><id_poblacion type="int" >5400</id_poblacion><id_prov type="smallint" >707</id_prov><name_pob type="varchar"  label="City">Blair</name_pob><ind_active type="tinyint"  label="Active">1</ind_active></row>
<row><id_poblacion type="int" >5401</id_poblacion><id_prov type="smallint" >707</id_prov><name_pob type="varchar"  label="City">Hudson Fall</name_pob><ind_active type="tinyint"  label="Active">1</ind_active></row>
<row><id_poblacion type="int" >5402</id_poblacion><id_prov type="smallint" >707</id_prov><name_pob type="varchar"  label="City">Bartlesvill</name_pob><ind_active type="tinyint"  label="Active">1</ind_active></row>
<row><id_poblacion type="int" >5404</id_poblacion><id_prov type="smallint" >707</id_prov><name_pob type="varchar"  label="City">Potosi</name_pob><ind_active type="tinyint"  label="Active">1</ind_active></row>
<row><id_poblacion type="int" >5405</id_poblacion><id_prov type="smallint" >707</id_prov><name_pob type="varchar"  label="City">Jonesboro</name_pob><ind_active type="tinyint"  label="Active">1</ind_active></row>
<row><id_poblacion type="int" >5406</id_poblacion><id_prov type="smallint" >707</id_prov><name_pob type="varchar"  label="City">Marietta</name_pob><ind_active type="tinyint"  label="Active">1</ind_active></row>
<row><id_poblacion type="int" >5407</id_poblacion><id_prov type="smallint" >707</id_prov><name_pob type="varchar"  label="City">Saint Georg</name_pob><ind_active type="tinyint"  label="Active">1</ind_active></row>
<row><id_poblacion type="int" >5408</id_poblacion><id_prov type="smallint" >707</id_prov><name_pob type="varchar"  label="City">Abingdon</name_pob><ind_active type="tinyint"  label="Active">1</ind_active></row>
<row><id_poblacion type="int" >5409</id_poblacion><id_prov type="smallint" >707</id_prov><name_pob type="varchar"  label="City">Montpelier</name_pob><ind_active type="tinyint"  label="Active">1</ind_active></row>
<row><id_poblacion type="int" >5410</id_poblacion><id_prov type="smallint" >707</id_prov><name_pob type="varchar"  label="City">West Bend</name_pob><ind_active type="tinyint"  label="Active">1</ind_active></row>
<row><id_poblacion type="int" >5411</id_poblacion><id_prov type="smallint" >707</id_prov><name_pob type="varchar"  label="City">Wakefield</name_pob><ind_active type="tinyint"  label="Active">1</ind_active></row>
<row><id_poblacion type="int" >5412</id_poblacion><id_prov type="smallint" >707</id_prov><name_pob type="varchar"  label="City">Salem</name_pob><ind_active type="tinyint"  label="Active">1</ind_active></row>
<row><id_poblacion type="int" >5413</id_poblacion><id_prov type="smallint" >707</id_prov><name_pob type="varchar"  label="City">Fayettevill</name_pob><ind_active type="tinyint"  label="Active">1</ind_active></row>
<row><id_poblacion type="int" >5414</id_poblacion><id_prov type="smallint" >707</id_prov><name_pob type="varchar"  label="City">Akron</name_pob><ind_active type="tinyint"  label="Active">1</ind_active></row>
<row><id_poblacion type="int" >5415</id_poblacion><id_prov type="smallint" >707</id_prov><name_pob type="varchar"  label="City">Chipley</name_pob><ind_active type="tinyint"  label="Active">1</ind_active></row>
<row><id_poblacion type="int" >5416</id_poblacion><id_prov type="smallint" >707</id_prov><name_pob type="varchar"  label="City">Sandersvill</name_pob><ind_active type="tinyint"  label="Active">1</ind_active></row>
<row><id_poblacion type="int" >5418</id_poblacion><id_prov type="smallint" >707</id_prov><name_pob type="varchar"  label="City">Stillwater</name_pob><ind_active type="tinyint"  label="Active">1</ind_active></row>
<row><id_poblacion type="int" >5419</id_poblacion><id_prov type="smallint" >707</id_prov><name_pob type="varchar"  label="City">Nashville</name_pob><ind_active type="tinyint"  label="Active">1</ind_active></row>
<row><id_poblacion type="int" >5420</id_poblacion><id_prov type="smallint" >707</id_prov><name_pob type="varchar"  label="City">Chatom</name_pob><ind_active type="tinyint"  label="Active">1</ind_active></row>
<row><id_poblacion type="int" >5422</id_poblacion><id_prov type="smallint" >707</id_prov><name_pob type="varchar"  label="City">Hillsboro</name_pob><ind_active type="tinyint"  label="Active">1</ind_active></row>
<row><id_poblacion type="int" >5423</id_poblacion><id_prov type="smallint" >707</id_prov><name_pob type="varchar"  label="City">Springfield</name_pob><ind_active type="tinyint"  label="Active">1</ind_active></row>
<row><id_poblacion type="int" >5424</id_poblacion><id_prov type="smallint" >707</id_prov><name_pob type="varchar"  label="City">Franklinton</name_pob><ind_active type="tinyint"  label="Active">1</ind_active></row>
<row><id_poblacion type="int" >5425</id_poblacion><id_prov type="smallint" >707</id_prov><name_pob type="varchar"  label="City">Hagerstown</name_pob><ind_active type="tinyint"  label="Active">1</ind_active></row>
<row><id_poblacion type="int" >5426</id_poblacion><id_prov type="smallint" >707</id_prov><name_pob type="varchar"  label="City">Machias</name_pob><ind_active type="tinyint"  label="Active">1</ind_active></row>
<row><id_poblacion type="int" >5427</id_poblacion><id_prov type="smallint" >707</id_prov><name_pob type="varchar"  label="City">Weiser</name_pob><ind_active type="tinyint"  label="Active">1</ind_active></row>
<row><id_poblacion type="int" >5428</id_poblacion><id_prov type="smallint" >708</id_prov><name_pob type="varchar"  label="City">Clearwater</name_pob><ind_active type="tinyint"  label="Active">1</ind_active></row>
<row><id_poblacion type="int" >5429</id_poblacion><id_prov type="smallint" >709</id_prov><name_pob type="varchar"  label="City">Bronson</name_pob><ind_active type="tinyint"  label="Active">1</ind_active></row>
<row><id_poblacion type="int" >5430</id_poblacion><id_prov type="smallint" >710</id_prov><name_pob type="varchar"  label="City">Tallahassee</name_pob><ind_active type="tinyint"  label="Active">1</ind_active></row>
<row><id_poblacion type="int" >5431</id_poblacion><id_prov type="smallint" >710</id_prov><name_pob type="varchar"  label="City">Centerville</name_pob><ind_active type="tinyint"  label="Active">1</ind_active></row>
<row><id_poblacion type="int" >5432</id_poblacion><id_prov type="smallint" >711</id_prov><name_pob type="varchar"  label="City">Bristol</name_pob><ind_active type="tinyint"  label="Active">1</ind_active></row>
<row><id_poblacion type="int" >5433</id_poblacion><id_prov type="smallint" >711</id_prov><name_pob type="varchar"  label="City">Hinesville</name_pob><ind_active type="tinyint"  label="Active">1</ind_active></row>
<row><id_poblacion type="int" >5434</id_poblacion><id_prov type="smallint" >711</id_prov><name_pob type="varchar"  label="City">Chester</name_pob><ind_active type="tinyint"  label="Active">1</ind_active></row>
<row><id_poblacion type="int" >5435</id_poblacion><id_prov type="smallint" >711</id_prov><name_pob type="varchar"  label="City">Liberty</name_pob><ind_active type="tinyint"  label="Active">1</ind_active></row>
<row><id_poblacion type="int" >5436</id_poblacion><id_prov type="smallint" >712</id_prov><name_pob type="varchar"  label="City">Dade City</name_pob><ind_active type="tinyint"  label="Active">1</ind_active></row>
<row><id_poblacion type="int" >5437</id_poblacion><id_prov type="smallint" >713</id_prov><name_pob type="varchar"  label="City">Carnesville</name_pob><ind_active type="tinyint"  label="Active">1</ind_active></row>
<row><id_poblacion type="int" >5438</id_poblacion><id_prov type="smallint" >713</id_prov><name_pob type="varchar"  label="City">Louisburg</name_pob><ind_active type="tinyint"  label="Active">1</ind_active></row>
<row><id_poblacion type="int" >5440</id_poblacion><id_prov type="smallint" >713</id_prov><name_pob type="varchar"  label="City">Malone</name_pob><ind_active type="tinyint"  label="Active">1</ind_active></row>
<row><id_poblacion type="int" >5441</id_poblacion><id_prov type="smallint" >713</id_prov><name_pob type="varchar"  label="City">Columbus</name_pob><ind_active type="tinyint"  label="Active">1</ind_active></row>
<row><id_poblacion type="int" >5442</id_poblacion><id_prov type="smallint" >713</id_prov><name_pob type="varchar"  label="City">Chambersbur</name_pob><ind_active type="tinyint"  label="Active">1</ind_active></row>
<row><id_poblacion type="int" >5443</id_poblacion><id_prov type="smallint" >713</id_prov><name_pob type="varchar"  label="City">Winchester</name_pob><ind_active type="tinyint"  label="Active">1</ind_active></row>
<row><id_poblacion type="int" >5444</id_poblacion><id_prov type="smallint" >713</id_prov><name_pob type="varchar"  label="City">Mount Verno</name_pob><ind_active type="tinyint"  label="Active">1</ind_active></row>
<row><id_poblacion type="int" >5445</id_poblacion><id_prov type="smallint" >713</id_prov><name_pob type="varchar"  label="City">Rocky Mount</name_pob><ind_active type="tinyint"  label="Active">1</ind_active></row>
<row><id_poblacion type="int" >5447</id_poblacion><id_prov type="smallint" >713</id_prov><name_pob type="varchar"  label="City">Saint Alban</name_pob><ind_active type="tinyint"  label="Active">1</ind_active></row>
<row><id_poblacion type="int" >5448</id_poblacion><id_prov type="smallint" >713</id_prov><name_pob type="varchar"  label="City">Meadville</name_pob><ind_active type="tinyint"  label="Active">1</ind_active></row>
<row><id_poblacion type="int" >5449</id_poblacion><id_prov type="smallint" >713</id_prov><name_pob type="varchar"  label="City">Pasco</name_pob><ind_active type="tinyint"  label="Active">1</ind_active></row>
<row><id_poblacion type="int" >5450</id_poblacion><id_prov type="smallint" >713</id_prov><name_pob type="varchar"  label="City">Benton</name_pob><ind_active type="tinyint"  label="Active">1</ind_active></row>
<row><id_poblacion type="int" >5451</id_poblacion><id_prov type="smallint" >713</id_prov><name_pob type="varchar"  label="City">Russellvill</name_pob><ind_active type="tinyint"  label="Active">1</ind_active></row>
<row><id_poblacion type="int" >5452</id_poblacion><id_prov type="smallint" >713</id_prov><name_pob type="varchar"  label="City">Charleston,</name_pob><ind_active type="tinyint"  label="Active">1</ind_active></row>
<row><id_poblacion type="int" >5453</id_poblacion><id_prov type="smallint" >713</id_prov><name_pob type="varchar"  label="City">Preston</name_pob><ind_active type="tinyint"  label="Active">1</ind_active></row>
<row><id_poblacion type="int" >5454</id_poblacion><id_prov type="smallint" >713</id_prov><name_pob type="varchar"  label="City">Hampton</name_pob><ind_active type="tinyint"  label="Active">1</ind_active></row>
<row><id_poblacion type="int" >5455</id_poblacion><id_prov type="smallint" >713</id_prov><name_pob type="varchar"  label="City">Union</name_pob><ind_active type="tinyint"  label="Active">1</ind_active></row>
<row><id_poblacion type="int" >5456</id_poblacion><id_prov type="smallint" >713</id_prov><name_pob type="varchar"  label="City">Brookville</name_pob><ind_active type="tinyint"  label="Active">1</ind_active></row>
<row><id_poblacion type="int" >5457</id_poblacion><id_prov type="smallint" >713</id_prov><name_pob type="varchar"  label="City">Ottawa</name_pob><ind_active type="tinyint"  label="Active">1</ind_active></row>
<row><id_poblacion type="int" >5458</id_poblacion><id_prov type="smallint" >713</id_prov><name_pob type="varchar"  label="City">Frankfort</name_pob><ind_active type="tinyint"  label="Active">1</ind_active></row>
<row><id_poblacion type="int" >5459</id_poblacion><id_prov type="smallint" >713</id_prov><name_pob type="varchar"  label="City">Winnsboro</name_pob><ind_active type="tinyint"  label="Active">1</ind_active></row>
<row><id_poblacion type="int" >5460</id_poblacion><id_prov type="smallint" >713</id_prov><name_pob type="varchar"  label="City">Greenfield</name_pob><ind_active type="tinyint"  label="Active">1</ind_active></row>
<row><id_poblacion type="int" >5461</id_poblacion><id_prov type="smallint" >713</id_prov><name_pob type="varchar"  label="City">Farmington</name_pob><ind_active type="tinyint"  label="Active">1</ind_active></row>
<row><id_poblacion type="int" >5462</id_poblacion><id_prov type="smallint" >713</id_prov><name_pob type="varchar"  label="City">Apalachicol</name_pob><ind_active type="tinyint"  label="Active">1</ind_active></row>
<row><id_poblacion type="int" >5463</id_poblacion><id_prov type="smallint" >714</id_prov><name_pob type="varchar"  label="City">Vero Beach</name_pob><ind_active type="tinyint"  label="Active">1</ind_active></row>
<row><id_poblacion type="int" >5464</id_poblacion><id_prov type="smallint" >715</id_prov><name_pob type="varchar"  label="City">Tampa</name_pob><ind_active type="tinyint"  label="Active">1</ind_active></row>
<row><id_poblacion type="int" >5465</id_poblacion><id_prov type="smallint" >715</id_prov><name_pob type="varchar"  label="City">Nashua</name_pob><ind_active type="tinyint"  label="Active">1</ind_active></row>
<row><id_poblacion type="int" >5466</id_poblacion><id_prov type="smallint" >716</id_prov><name_pob type="varchar"  label="City">Mayo</name_pob><ind_active type="tinyint"  label="Active">1</ind_active></row>
<row><id_poblacion type="int" >5467</id_poblacion><id_prov type="smallint" >716</id_prov><name_pob type="varchar"  label="City">Lewisville</name_pob><ind_active type="tinyint"  label="Active">1</ind_active></row>
<row><id_poblacion type="int" >5468</id_poblacion><id_prov type="smallint" >716</id_prov><name_pob type="varchar"  label="City">Darlington</name_pob><ind_active type="tinyint"  label="Active">1</ind_active></row>
<row><id_poblacion type="int" >5469</id_poblacion><id_prov type="smallint" >716</id_prov><name_pob type="varchar"  label="City">Oxford</name_pob><ind_active type="tinyint"  label="Active">1</ind_active></row>
<row><id_poblacion type="int" >5470</id_poblacion><id_prov type="smallint" >716</id_prov><name_pob type="varchar"  label="City">Lexington</name_pob><ind_active type="tinyint"  label="Active">1</ind_active></row>
<row><id_poblacion type="int" >5471</id_poblacion><id_prov type="smallint" >716</id_prov><name_pob type="varchar"  label="City">Lafayette</name_pob><ind_active type="tinyint"  label="Active">1</ind_active></row>
<row><id_poblacion type="int" >5472</id_poblacion><id_prov type="smallint" >717</id_prov><name_pob type="varchar"  label="City">West Palm B</name_pob><ind_active type="tinyint"  label="Active">1</ind_active></row>
<row><id_poblacion type="int" >5473</id_poblacion><id_prov type="smallint" >718</id_prov><name_pob type="varchar"  label="City">Unionville</name_pob><ind_active type="tinyint"  label="Active">1</ind_active></row>
<row><id_poblacion type="int" >5474</id_poblacion><id_prov type="smallint" >718</id_prov><name_pob type="varchar"  label="City">Carmel</name_pob><ind_active type="tinyint"  label="Active">1</ind_active></row>
<row><id_poblacion type="int" >5475</id_poblacion><id_prov type="smallint" >718</id_prov><name_pob type="varchar"  label="City">Ottawa</name_pob><ind_active type="tinyint"  label="Active">1</ind_active></row>
<row><id_poblacion type="int" >5476</id_poblacion><id_prov type="smallint" >718</id_prov><name_pob type="varchar"  label="City">Winfield</name_pob><ind_active type="tinyint"  label="Active">1</ind_active></row>
<row><id_poblacion type="int" >5477</id_poblacion><id_prov type="smallint" >718</id_prov><name_pob type="varchar"  label="City">Hennepin</name_pob><ind_active type="tinyint"  label="Active">1</ind_active></row>
<row><id_poblacion type="int" >5478</id_poblacion><id_prov type="smallint" >718</id_prov><name_pob type="varchar"  label="City">Eatonton</name_pob><ind_active type="tinyint"  label="Active">1</ind_active></row>
<row><id_poblacion type="int" >5479</id_poblacion><id_prov type="smallint" >718</id_prov><name_pob type="varchar"  label="City">Palatka</name_pob><ind_active type="tinyint"  label="Active">1</ind_active></row>
<row><id_poblacion type="int" >5480</id_poblacion><id_prov type="smallint" >718</id_prov><name_pob type="varchar"  label="City">Cookeville</name_pob><ind_active type="tinyint"  label="Active">1</ind_active></row>
<row><id_poblacion type="int" >5481</id_poblacion><id_prov type="smallint" >718</id_prov><name_pob type="varchar"  label="City">Greencastle</name_pob><ind_active type="tinyint"  label="Active">1</ind_active></row>
<row><id_poblacion type="int" >5482</id_poblacion><id_prov type="smallint" >719</id_prov><name_pob type="varchar"  label="City">Gainesville</name_pob><ind_active type="tinyint"  label="Active">1</ind_active></row>
<row><id_poblacion type="int" >5483</id_poblacion><id_prov type="smallint" >720</id_prov><name_pob type="varchar"  label="City">Dayton</name_pob><ind_active type="tinyint"  label="Active">1</ind_active></row>
<row><id_poblacion type="int" >5484</id_poblacion><id_prov type="smallint" >720</id_prov><name_pob type="varchar"  label="City">Portage</name_pob><ind_active type="tinyint"  label="Active">1</ind_active></row>
<row><id_poblacion type="int" >5485</id_poblacion><id_prov type="smallint" >720</id_prov><name_pob type="varchar"  label="City">Bloomsburg</name_pob><ind_active type="tinyint"  label="Active">1</ind_active></row>
<row><id_poblacion type="int" >5486</id_poblacion><id_prov type="smallint" >720</id_prov><name_pob type="varchar"  label="City">Saint Helen</name_pob><ind_active type="tinyint"  label="Active">1</ind_active></row>
<row><id_poblacion type="int" >5487</id_poblacion><id_prov type="smallint" >720</id_prov><name_pob type="varchar"  label="City">Hudson</name_pob><ind_active type="tinyint"  label="Active">1</ind_active></row>
<row><id_poblacion type="int" >5488</id_poblacion><id_prov type="smallint" >720</id_prov><name_pob type="varchar"  label="City">Appling</name_pob><ind_active type="tinyint"  label="Active">1</ind_active></row>
<row><id_poblacion type="int" >5489</id_poblacion><id_prov type="smallint" >720</id_prov><name_pob type="varchar"  label="City">Magnolia</name_pob><ind_active type="tinyint"  label="Active">1</ind_active></row>
<row><id_poblacion type="int" >5490</id_poblacion><id_prov type="smallint" >720</id_prov><name_pob type="varchar"  label="City">Lake City</name_pob><ind_active type="tinyint"  label="Active">1</ind_active></row>
<row><id_poblacion type="int" >5491</id_poblacion><id_prov type="smallint" >721</id_prov><name_pob type="varchar"  label="City">Bolivar</name_pob><ind_active type="tinyint"  label="Active">1</ind_active></row>
<row><id_poblacion type="int" >5492</id_poblacion><id_prov type="smallint" >721</id_prov><name_pob type="varchar"  label="City">Balsam Lake</name_pob><ind_active type="tinyint"  label="Active">1</ind_active></row>
<row><id_poblacion type="int" >5493</id_poblacion><id_prov type="smallint" >721</id_prov><name_pob type="varchar"  label="City">Livingston</name_pob><ind_active type="tinyint"  label="Active">1</ind_active></row>
<row><id_poblacion type="int" >5494</id_poblacion><id_prov type="smallint" >721</id_prov><name_pob type="varchar"  label="City">Benton</name_pob><ind_active type="tinyint"  label="Active">1</ind_active></row>
<row><id_poblacion type="int" >5495</id_poblacion><id_prov type="smallint" >721</id_prov><name_pob type="varchar"  label="City">Dallas</name_pob><ind_active type="tinyint"  label="Active">1</ind_active></row>
<row><id_poblacion type="int" >5496</id_poblacion><id_prov type="smallint" >721</id_prov><name_pob type="varchar"  label="City">Columbus</name_pob><ind_active type="tinyint"  label="Active">1</ind_active></row>
<row><id_poblacion type="int" >5497</id_poblacion><id_prov type="smallint" >721</id_prov><name_pob type="varchar"  label="City">Crookston</name_pob><ind_active type="tinyint"  label="Active">1</ind_active></row>
<row><id_poblacion type="int" >5498</id_poblacion><id_prov type="smallint" >721</id_prov><name_pob type="varchar"  label="City">Des Moines</name_pob><ind_active type="tinyint"  label="Active">1</ind_active></row>
<row><id_poblacion type="int" >5499</id_poblacion><id_prov type="smallint" >721</id_prov><name_pob type="varchar"  label="City">Cedartown</name_pob><ind_active type="tinyint"  label="Active">1</ind_active></row>
<row><id_poblacion type="int" >5500</id_poblacion><id_prov type="smallint" >721</id_prov><name_pob type="varchar"  label="City">Bartow</name_pob><ind_active type="tinyint"  label="Active">1</ind_active></row>
<row><id_poblacion type="int" >5501</id_poblacion><id_prov type="smallint" >721</id_prov><name_pob type="varchar"  label="City">Mena</name_pob><ind_active type="tinyint"  label="Active">1</ind_active></row>
<row><id_poblacion type="int" >5502</id_poblacion><id_prov type="smallint" >721</id_prov><name_pob type="varchar"  label="City">Osceola</name_pob><ind_active type="tinyint"  label="Active">1</ind_active></row>
<row><id_poblacion type="int" >5503</id_poblacion><id_prov type="smallint" >722</id_prov><name_pob type="varchar"  label="City">Bonifay</name_pob><ind_active type="tinyint"  label="Active">1</ind_active></row>
<row><id_poblacion type="int" >5504</id_poblacion><id_prov type="smallint" >722</id_prov><name_pob type="varchar"  label="City">Lexington</name_pob><ind_active type="tinyint"  label="Active">1</ind_active></row>
<row><id_poblacion type="int" >5505</id_poblacion><id_prov type="smallint" >722</id_prov><name_pob type="varchar"  label="City">Millersburg</name_pob><ind_active type="tinyint"  label="Active">1</ind_active></row>
<row><id_poblacion type="int" >5506</id_poblacion><id_prov type="smallint" >723</id_prov><name_pob type="varchar"  label="City">Kissimmee</name_pob><ind_active type="tinyint"  label="Active">1</ind_active></row>
<row><id_poblacion type="int" >5507</id_poblacion><id_prov type="smallint" >723</id_prov><name_pob type="varchar"  label="City">Sibley</name_pob><ind_active type="tinyint"  label="Active">1</ind_active></row>
<row><id_poblacion type="int" >5508</id_poblacion><id_prov type="smallint" >723</id_prov><name_pob type="varchar"  label="City">Reed City</name_pob><ind_active type="tinyint"  label="Active">1</ind_active></row>
<row><id_poblacion type="int" >5509</id_poblacion><id_prov type="smallint" >724</id_prov><name_pob type="varchar"  label="City">Bunnell</name_pob><ind_active type="tinyint"  label="Active">1</ind_active></row>
<row><id_poblacion type="int" >5510</id_poblacion><id_prov type="smallint" >725</id_prov><name_pob type="varchar"  label="City">Chelsea</name_pob><ind_active type="tinyint"  label="Active">1</ind_active></row>
<row><id_poblacion type="int" >5511</id_poblacion><id_prov type="smallint" >725</id_prov><name_pob type="varchar"  label="City">Santa Ana</name_pob><ind_active type="tinyint"  label="Active">1</ind_active></row>
<row><id_poblacion type="int" >5512</id_poblacion><id_prov type="smallint" >725</id_prov><name_pob type="varchar"  label="City">Orlando</name_pob><ind_active type="tinyint"  label="Active">1</ind_active></row>
<row><id_poblacion type="int" >5513</id_poblacion><id_prov type="smallint" >725</id_prov><name_pob type="varchar"  label="City">Paoli</name_pob><ind_active type="tinyint"  label="Active">1</ind_active></row>
<row><id_poblacion type="int" >5514</id_poblacion><id_prov type="smallint" >725</id_prov><name_pob type="varchar"  label="City">Hillsboroug</name_pob><ind_active type="tinyint"  label="Active">1</ind_active></row>
<row><id_poblacion type="int" >5515</id_poblacion><id_prov type="smallint" >725</id_prov><name_pob type="varchar"  label="City">Goshen</name_pob><ind_active type="tinyint"  label="Active">1</ind_active></row>
<row><id_poblacion type="int" >5518</id_poblacion><id_prov type="smallint" >726</id_prov><name_pob type="varchar"  label="City">Jackson</name_pob><ind_active type="tinyint"  label="Active">1</ind_active></row>
<row><id_poblacion type="int" >5519</id_poblacion><id_prov type="smallint" >726</id_prov><name_pob type="varchar"  label="City">Frederickto</name_pob><ind_active type="tinyint"  label="Active">1</ind_active></row>
<row><id_poblacion type="int" >5520</id_poblacion><id_prov type="smallint" >726</id_prov><name_pob type="varchar"  label="City">Madisonvill</name_pob><ind_active type="tinyint"  label="Active">1</ind_active></row>
<row><id_poblacion type="int" >5521</id_poblacion><id_prov type="smallint" >726</id_prov><name_pob type="varchar"  label="City">London</name_pob><ind_active type="tinyint"  label="Active">1</ind_active></row>
<row><id_poblacion type="int" >5522</id_poblacion><id_prov type="smallint" >726</id_prov><name_pob type="varchar"  label="City">Wampsville</name_pob><ind_active type="tinyint"  label="Active">1</ind_active></row>
<row><id_poblacion type="int" >5524</id_poblacion><id_prov type="smallint" >726</id_prov><name_pob type="varchar"  label="City">Marshall</name_pob><ind_active type="tinyint"  label="Active">1</ind_active></row>
<row><id_poblacion type="int" >5525</id_poblacion><id_prov type="smallint" >726</id_prov><name_pob type="varchar"  label="City">Virginia Ci</name_pob><ind_active type="tinyint"  label="Active">1</ind_active></row>
<row><id_poblacion type="int" >5526</id_poblacion><id_prov type="smallint" >726</id_prov><name_pob type="varchar"  label="City">Canton</name_pob><ind_active type="tinyint"  label="Active">1</ind_active></row>
<row><id_poblacion type="int" >5527</id_poblacion><id_prov type="smallint" >726</id_prov><name_pob type="varchar"  label="City">Richmond</name_pob><ind_active type="tinyint"  label="Active">1</ind_active></row>
<row><id_poblacion type="int" >5528</id_poblacion><id_prov type="smallint" >726</id_prov><name_pob type="varchar"  label="City">Anderson</name_pob><ind_active type="tinyint"  label="Active">1</ind_active></row>
<row><id_poblacion type="int" >5529</id_poblacion><id_prov type="smallint" >726</id_prov><name_pob type="varchar"  label="City">Edwardsvill</name_pob><ind_active type="tinyint"  label="Active">1</ind_active></row>
<row><id_poblacion type="int" >5530</id_poblacion><id_prov type="smallint" >726</id_prov><name_pob type="varchar"  label="City">Rexburg</name_pob><ind_active type="tinyint"  label="Active">1</ind_active></row>
<row><id_poblacion type="int" >5531</id_poblacion><id_prov type="smallint" >726</id_prov><name_pob type="varchar"  label="City">Winterset</name_pob><ind_active type="tinyint"  label="Active">1</ind_active></row>
<row><id_poblacion type="int" >5532</id_poblacion><id_prov type="smallint" >726</id_prov><name_pob type="varchar"  label="City">Danielsvill</name_pob><ind_active type="tinyint"  label="Active">1</ind_active></row>
<row><id_poblacion type="int" >5537</id_poblacion><id_prov type="smallint" >726</id_prov><name_pob type="varchar"  label="City">Tallulah</name_pob><ind_active type="tinyint"  label="Active">1</ind_active></row>
<row><id_poblacion type="int" >5538</id_poblacion><id_prov type="smallint" >727</id_prov><name_pob type="varchar"  label="City">East Naples</name_pob><ind_active type="tinyint"  label="Active">1</ind_active></row>
<row><id_poblacion type="int" >5539</id_poblacion><id_prov type="smallint" >728</id_prov><name_pob type="varchar"  label="City">Titusville</name_pob><ind_active type="tinyint"  label="Active">1</ind_active></row>
<row><id_poblacion type="int" >5540</id_poblacion><id_prov type="smallint" >729</id_prov><name_pob type="varchar"  label="City">Milton</name_pob><ind_active type="tinyint"  label="Active">1</ind_active></row>
<row><id_poblacion type="int" >5541</id_poblacion><id_prov type="smallint" >730</id_prov><name_pob type="varchar"  label="City">Williamston</name_pob><ind_active type="tinyint"  label="Active">1</ind_active></row>
<row><id_poblacion type="int" >5542</id_poblacion><id_prov type="smallint" >730</id_prov><name_pob type="varchar"  label="City">Stanton</name_pob><ind_active type="tinyint"  label="Active">1</ind_active></row>
<row><id_poblacion type="int" >5543</id_poblacion><id_prov type="smallint" >730</id_prov><name_pob type="varchar"  label="City">Fairmont</name_pob><ind_active type="tinyint"  label="Active">1</ind_active></row>
<row><id_poblacion type="int" >5544</id_poblacion><id_prov type="smallint" >730</id_prov><name_pob type="varchar"  label="City">Inez</name_pob><ind_active type="tinyint"  label="Active">1</ind_active></row>
<row><id_poblacion type="int" >5545</id_poblacion><id_prov type="smallint" >730</id_prov><name_pob type="varchar"  label="City">Shoals</name_pob><ind_active type="tinyint"  label="Active">1</ind_active></row>
<row><id_poblacion type="int" >5546</id_poblacion><id_prov type="smallint" >730</id_prov><name_pob type="varchar"  label="City">Stuart</name_pob><ind_active type="tinyint"  label="Active">1</ind_active></row>
<row><id_poblacion type="int" >5547</id_poblacion><id_prov type="smallint" >731</id_prov><name_pob type="varchar"  label="City">Marshall</name_pob><ind_active type="tinyint"  label="Active">1</ind_active></row>
<row><id_poblacion type="int" >5548</id_poblacion><id_prov type="smallint" >731</id_prov><name_pob type="varchar"  label="City">Port Lavaca</name_pob><ind_active type="tinyint"  label="Active">1</ind_active></row>
<row><id_poblacion type="int" >5549</id_poblacion><id_prov type="smallint" >731</id_prov><name_pob type="varchar"  label="City">Saint Matth</name_pob><ind_active type="tinyint"  label="Active">1</ind_active></row>
<row><id_poblacion type="int" >5550</id_poblacion><id_prov type="smallint" >731</id_prov><name_pob type="varchar"  label="City">Blountstown</name_pob><ind_active type="tinyint"  label="Active">1</ind_active></row>
<row><id_poblacion type="int" >5551</id_poblacion><id_prov type="smallint" >731</id_prov><name_pob type="varchar"  label="City">Pittsboro</name_pob><ind_active type="tinyint"  label="Active">1</ind_active></row>
<row><id_poblacion type="int" >5552</id_poblacion><id_prov type="smallint" >731</id_prov><name_pob type="varchar"  label="City">Grantsville</name_pob><ind_active type="tinyint"  label="Active">1</ind_active></row>
<row><id_poblacion type="int" >5553</id_poblacion><id_prov type="smallint" >731</id_prov><name_pob type="varchar"  label="City">Morgan</name_pob><ind_active type="tinyint"  label="Active">1</ind_active></row>
<row><id_poblacion type="int" >5554</id_poblacion><id_prov type="smallint" >731</id_prov><name_pob type="varchar"  label="City">Hampton</name_pob><ind_active type="tinyint"  label="Active">1</ind_active></row>
<row><id_poblacion type="int" >5555</id_poblacion><id_prov type="smallint" >731</id_prov><name_pob type="varchar"  label="City">Anniston</name_pob><ind_active type="tinyint"  label="Active">1</ind_active></row>
<row><id_poblacion type="int" >5556</id_poblacion><id_prov type="smallint" >731</id_prov><name_pob type="varchar"  label="City">Rockwell Ci</name_pob><ind_active type="tinyint"  label="Active">1</ind_active></row>
<row><id_poblacion type="int" >5557</id_poblacion><id_prov type="smallint" >731</id_prov><name_pob type="varchar"  label="City">Hardin</name_pob><ind_active type="tinyint"  label="Active">1</ind_active></row>
<row><id_poblacion type="int" >5558</id_poblacion><id_prov type="smallint" >732</id_prov><name_pob type="varchar"  label="City">Bay City</name_pob><ind_active type="tinyint"  label="Active">1</ind_active></row>
<row><id_poblacion type="int" >5559</id_poblacion><id_prov type="smallint" >732</id_prov><name_pob type="varchar"  label="City">Panama City</name_pob><ind_active type="tinyint"  label="Active">1</ind_active></row>
<row><id_poblacion type="int" >5560</id_poblacion><id_prov type="smallint" >733</id_prov><name_pob type="varchar"  label="City">Saint Augus</name_pob><ind_active type="tinyint"  label="Active">1</ind_active></row>
<row><id_poblacion type="int" >5561</id_poblacion><id_prov type="smallint" >734</id_prov><name_pob type="varchar"  label="City">Monroe</name_pob><ind_active type="tinyint"  label="Active">1</ind_active></row>
<row><id_poblacion type="int" >5562</id_poblacion><id_prov type="smallint" >734</id_prov><name_pob type="varchar"  label="City">Maynardvill</name_pob><ind_active type="tinyint"  label="Active">1</ind_active></row>
<row><id_poblacion type="int" >5563</id_poblacion><id_prov type="smallint" >734</id_prov><name_pob type="varchar"  label="City">Elk Point</name_pob><ind_active type="tinyint"  label="Active">1</ind_active></row>
<row><id_poblacion type="int" >5564</id_poblacion><id_prov type="smallint" >734</id_prov><name_pob type="varchar"  label="City">Union</name_pob><ind_active type="tinyint"  label="Active">1</ind_active></row>
<row><id_poblacion type="int" >5565</id_poblacion><id_prov type="smallint" >734</id_prov><name_pob type="varchar"  label="City">Lewisburg</name_pob><ind_active type="tinyint"  label="Active">1</ind_active></row>
<row><id_poblacion type="int" >5566</id_poblacion><id_prov type="smallint" >734</id_prov><name_pob type="varchar"  label="City">La Grande</name_pob><ind_active type="tinyint"  label="Active">1</ind_active></row>
<row><id_poblacion type="int" >5567</id_poblacion><id_prov type="smallint" >734</id_prov><name_pob type="varchar"  label="City">Marysville</name_pob><ind_active type="tinyint"  label="Active">1</ind_active></row>
<row><id_poblacion type="int" >5568</id_poblacion><id_prov type="smallint" >734</id_prov><name_pob type="varchar"  label="City">Elizabeth</name_pob><ind_active type="tinyint"  label="Active">1</ind_active></row>
<row><id_poblacion type="int" >5569</id_poblacion><id_prov type="smallint" >734</id_prov><name_pob type="varchar"  label="City">New Albany</name_pob><ind_active type="tinyint"  label="Active">1</ind_active></row>
<row><id_poblacion type="int" >5570</id_poblacion><id_prov type="smallint" >734</id_prov><name_pob type="varchar"  label="City">Farmerville</name_pob><ind_active type="tinyint"  label="Active">1</ind_active></row>
<row><id_poblacion type="int" >5571</id_poblacion><id_prov type="smallint" >734</id_prov><name_pob type="varchar"  label="City">Morganfield</name_pob><ind_active type="tinyint"  label="Active">1</ind_active></row>
<row><id_poblacion type="int" >5572</id_poblacion><id_prov type="smallint" >734</id_prov><name_pob type="varchar"  label="City">Liberty</name_pob><ind_active type="tinyint"  label="Active">1</ind_active></row>
<row><id_poblacion type="int" >5573</id_poblacion><id_prov type="smallint" >734</id_prov><name_pob type="varchar"  label="City">Jonesboro</name_pob><ind_active type="tinyint"  label="Active">1</ind_active></row>
<row><id_poblacion type="int" >5574</id_poblacion><id_prov type="smallint" >734</id_prov><name_pob type="varchar"  label="City">Creston</name_pob><ind_active type="tinyint"  label="Active">1</ind_active></row>
<row><id_poblacion type="int" >5575</id_poblacion><id_prov type="smallint" >734</id_prov><name_pob type="varchar"  label="City">Blairsville</name_pob><ind_active type="tinyint"  label="Active">1</ind_active></row>
<row><id_poblacion type="int" >5576</id_poblacion><id_prov type="smallint" >734</id_prov><name_pob type="varchar"  label="City">Lake Butler</name_pob><ind_active type="tinyint"  label="Active">1</ind_active></row>
<row><id_poblacion type="int" >5577</id_poblacion><id_prov type="smallint" >734</id_prov><name_pob type="varchar"  label="City">El Dorado</name_pob><ind_active type="tinyint"  label="Active">1</ind_active></row>
<row><id_poblacion type="int" >5578</id_poblacion><id_prov type="smallint" >734</id_prov><name_pob type="varchar"  label="City">Clayton</name_pob><ind_active type="tinyint"  label="Active">1</ind_active></row>
<row><id_poblacion type="int" >5580</id_poblacion><id_prov type="smallint" >735</id_prov><name_pob type="varchar"  label="City">Fairmont</name_pob><ind_active type="tinyint"  label="Active">1</ind_active></row>
<row><id_poblacion type="int" >5581</id_poblacion><id_prov type="smallint" >735</id_prov><name_pob type="varchar"  label="City">Jefferson</name_pob><ind_active type="tinyint"  label="Active">1</ind_active></row>
<row><id_poblacion type="int" >5582</id_poblacion><id_prov type="smallint" >735</id_prov><name_pob type="varchar"  label="City">Hamilton</name_pob><ind_active type="tinyint"  label="Active">1</ind_active></row>
<row><id_poblacion type="int" >5585</id_poblacion><id_prov type="smallint" >735</id_prov><name_pob type="varchar"  label="City">Columbia</name_pob><ind_active type="tinyint"  label="Active">1</ind_active></row>
<row><id_poblacion type="int" >5586</id_poblacion><id_prov type="smallint" >735</id_prov><name_pob type="varchar"  label="City">Palmyra</name_pob><ind_active type="tinyint"  label="Active">1</ind_active></row>
<row><id_poblacion type="int" >5588</id_poblacion><id_prov type="smallint" >735</id_prov><name_pob type="varchar"  label="City">Indianapoli</name_pob><ind_active type="tinyint"  label="Active">1</ind_active></row>
<row><id_poblacion type="int" >5590</id_poblacion><id_prov type="smallint" >735</id_prov><name_pob type="varchar"  label="City">Knoxville</name_pob><ind_active type="tinyint"  label="Active">1</ind_active></row>
<row><id_poblacion type="int" >5591</id_poblacion><id_prov type="smallint" >735</id_prov><name_pob type="varchar"  label="City">Buena Vista</name_pob><ind_active type="tinyint"  label="Active">1</ind_active></row>
<row><id_poblacion type="int" >5592</id_poblacion><id_prov type="smallint" >735</id_prov><name_pob type="varchar"  label="City">Ocala</name_pob><ind_active type="tinyint"  label="Active">1</ind_active></row>
<row><id_poblacion type="int" >5593</id_poblacion><id_prov type="smallint" >735</id_prov><name_pob type="varchar"  label="City">Yellville</name_pob><ind_active type="tinyint"  label="Active">1</ind_active></row>
<row><id_poblacion type="int" >5594</id_poblacion><id_prov type="smallint" >735</id_prov><name_pob type="varchar"  label="City">Lebanon</name_pob><ind_active type="tinyint"  label="Active">1</ind_active></row>
<row><id_poblacion type="int" >5595</id_poblacion><id_prov type="smallint" >735</id_prov><name_pob type="varchar"  label="City">Jasper</name_pob><ind_active type="tinyint"  label="Active">1</ind_active></row>
<row><id_poblacion type="int" >5596</id_poblacion><id_prov type="smallint" >736</id_prov><name_pob type="varchar"  label="City">Moore Haven</name_pob><ind_active type="tinyint"  label="Active">1</ind_active></row>
<row><id_poblacion type="int" >5597</id_poblacion><id_prov type="smallint" >737</id_prov><name_pob type="varchar"  label="City">Sarasota</name_pob><ind_active type="tinyint"  label="Active">1</ind_active></row>
<row><id_poblacion type="int" >5598</id_poblacion><id_prov type="smallint" >738</id_prov><name_pob type="varchar"  label="City">Fort Pierce</name_pob><ind_active type="tinyint"  label="Active">1</ind_active></row>
<row><id_poblacion type="int" >5599</id_poblacion><id_prov type="smallint" >739</id_prov><name_pob type="varchar"  label="City">De Land</name_pob><ind_active type="tinyint"  label="Active">1</ind_active></row>
<row><id_poblacion type="int" >5600</id_poblacion><id_prov type="smallint" >740</id_prov><name_pob type="varchar"  label="City">Cincinnati</name_pob><ind_active type="tinyint"  label="Active">1</ind_active></row>
<row><id_poblacion type="int" >5601</id_poblacion><id_prov type="smallint" >740</id_prov><name_pob type="varchar"  label="City">Chattanooga</name_pob><ind_active type="tinyint"  label="Active">1</ind_active></row>
<row><id_poblacion type="int" >5602</id_poblacion><id_prov type="smallint" >740</id_prov><name_pob type="varchar"  label="City">Lake Pleasa</name_pob><ind_active type="tinyint"  label="Active">1</ind_active></row>
<row><id_poblacion type="int" >5603</id_poblacion><id_prov type="smallint" >740</id_prov><name_pob type="varchar"  label="City">Aurora</name_pob><ind_active type="tinyint"  label="Active">1</ind_active></row>
<row><id_poblacion type="int" >5604</id_poblacion><id_prov type="smallint" >740</id_prov><name_pob type="varchar"  label="City">Noblesville</name_pob><ind_active type="tinyint"  label="Active">1</ind_active></row>
<row><id_poblacion type="int" >5605</id_poblacion><id_prov type="smallint" >740</id_prov><name_pob type="varchar"  label="City">McLeansboro</name_pob><ind_active type="tinyint"  label="Active">1</ind_active></row>
<row><id_poblacion type="int" >5606</id_poblacion><id_prov type="smallint" >740</id_prov><name_pob type="varchar"  label="City">Webster Cit</name_pob><ind_active type="tinyint"  label="Active">1</ind_active></row>
<row><id_poblacion type="int" >5607</id_poblacion><id_prov type="smallint" >740</id_prov><name_pob type="varchar"  label="City">Jasper</name_pob><ind_active type="tinyint"  label="Active">1</ind_active></row>
<row><id_poblacion type="int" >5608</id_poblacion><id_prov type="smallint" >740</id_prov><name_pob type="varchar"  label="City">Hamilton</name_pob><ind_active type="tinyint"  label="Active">1</ind_active></row>
<row><id_poblacion type="int" >5609</id_poblacion><id_prov type="smallint" >740</id_prov><name_pob type="varchar"  label="City">Syracuse</name_pob><ind_active type="tinyint"  label="Active">1</ind_active></row>
<row><id_poblacion type="int" >5610</id_poblacion><id_prov type="smallint" >741</id_prov><name_pob type="varchar"  label="City">Brooksville</name_pob><ind_active type="tinyint"  label="Active">1</ind_active></row>
</poblacion>
</root>