<?xml version="1.0" encoding="UTF-8"?>
<root>
<poblacion>
<row><id_poblacion type="int" >6361</id_poblacion><id_prov type="smallint" >906</id_prov><name_pob type="varchar"  label="City">Lewiston</name_pob><ind_active type="tinyint"  label="Active">1</ind_active></row>
<row><id_poblacion type="int" >6362</id_poblacion><id_prov type="smallint" >907</id_prov><name_pob type="varchar"  label="City">Gooding</name_pob><ind_active type="tinyint"  label="Active">1</ind_active></row>
<row><id_poblacion type="int" >6363</id_poblacion><id_prov type="smallint" >908</id_prov><name_pob type="varchar"  label="City">Pocatello</name_pob><ind_active type="tinyint"  label="Active">1</ind_active></row>
<row><id_poblacion type="int" >6364</id_poblacion><id_prov type="smallint" >909</id_prov><name_pob type="varchar"  label="City">Emmett</name_pob><ind_active type="tinyint"  label="Active">1</ind_active></row>
<row><id_poblacion type="int" >6365</id_poblacion><id_prov type="smallint" >910</id_prov><name_pob type="varchar"  label="City">Moscow</name_pob><ind_active type="tinyint"  label="Active">1</ind_active></row>
<row><id_poblacion type="int" >6366</id_poblacion><id_prov type="smallint" >911</id_prov><name_pob type="varchar"  label="City">Idaho City</name_pob><ind_active type="tinyint"  label="Active">1</ind_active></row>
<row><id_poblacion type="int" >6367</id_poblacion><id_prov type="smallint" >912</id_prov><name_pob type="varchar"  label="City">Saint Marie</name_pob><ind_active type="tinyint"  label="Active">1</ind_active></row>
<row><id_poblacion type="int" >6368</id_poblacion><id_prov type="smallint" >913</id_prov><name_pob type="varchar"  label="City">Quincy</name_pob><ind_active type="tinyint"  label="Active">1</ind_active></row>
<row><id_poblacion type="int" >6369</id_poblacion><id_prov type="smallint" >913</id_prov><name_pob type="varchar"  label="City">Friendship</name_pob><ind_active type="tinyint"  label="Active">1</ind_active></row>
<row><id_poblacion type="int" >6370</id_poblacion><id_prov type="smallint" >913</id_prov><name_pob type="varchar"  label="City">Ritzville</name_pob><ind_active type="tinyint"  label="Active">1</ind_active></row>
<row><id_poblacion type="int" >6371</id_poblacion><id_prov type="smallint" >913</id_prov><name_pob type="varchar"  label="City">Gettysburg</name_pob><ind_active type="tinyint"  label="Active">1</ind_active></row>
<row><id_poblacion type="int" >6372</id_poblacion><id_prov type="smallint" >913</id_prov><name_pob type="varchar"  label="City">West Union</name_pob><ind_active type="tinyint"  label="Active">1</ind_active></row>
<row><id_poblacion type="int" >6373</id_poblacion><id_prov type="smallint" >913</id_prov><name_pob type="varchar"  label="City">Hastings</name_pob><ind_active type="tinyint"  label="Active">1</ind_active></row>
<row><id_poblacion type="int" >6374</id_poblacion><id_prov type="smallint" >913</id_prov><name_pob type="varchar"  label="City">Hettinger</name_pob><ind_active type="tinyint"  label="Active">1</ind_active></row>
<row><id_poblacion type="int" >6375</id_poblacion><id_prov type="smallint" >913</id_prov><name_pob type="varchar"  label="City">Decatur</name_pob><ind_active type="tinyint"  label="Active">1</ind_active></row>
<row><id_poblacion type="int" >6376</id_poblacion><id_prov type="smallint" >913</id_prov><name_pob type="varchar"  label="City">Council</name_pob><ind_active type="tinyint"  label="Active">1</ind_active></row>
<row><id_poblacion type="int" >6377</id_poblacion><id_prov type="smallint" >913</id_prov><name_pob type="varchar"  label="City">Corning</name_pob><ind_active type="tinyint"  label="Active">1</ind_active></row>
<row><id_poblacion type="int" >6378</id_poblacion><id_prov type="smallint" >913</id_prov><name_pob type="varchar"  label="City">Brighton</name_pob><ind_active type="tinyint"  label="Active">1</ind_active></row>
<row><id_poblacion type="int" >6379</id_poblacion><id_prov type="smallint" >913</id_prov><name_pob type="varchar"  label="City">Natchez</name_pob><ind_active type="tinyint"  label="Active">1</ind_active></row>
<row><id_poblacion type="int" >6380</id_poblacion><id_prov type="smallint" >914</id_prov><name_pob type="varchar"  label="City">Brenham</name_pob><ind_active type="tinyint"  label="Active">1</ind_active></row>
<row><id_poblacion type="int" >6381</id_poblacion><id_prov type="smallint" >914</id_prov><name_pob type="varchar"  label="City">Greenville</name_pob><ind_active type="tinyint"  label="Active">1</ind_active></row>
<row><id_poblacion type="int" >6382</id_poblacion><id_prov type="smallint" >914</id_prov><name_pob type="varchar"  label="City">Plymouth</name_pob><ind_active type="tinyint"  label="Active">1</ind_active></row>
<row><id_poblacion type="int" >6383</id_poblacion><id_prov type="smallint" >914</id_prov><name_pob type="varchar"  label="City">Blair</name_pob><ind_active type="tinyint"  label="Active">1</ind_active></row>
<row><id_poblacion type="int" >6384</id_poblacion><id_prov type="smallint" >914</id_prov><name_pob type="varchar"  label="City">Hudson Fall</name_pob><ind_active type="tinyint"  label="Active">1</ind_active></row>
<row><id_poblacion type="int" >6385</id_poblacion><id_prov type="smallint" >914</id_prov><name_pob type="varchar"  label="City">Bartlesvill</name_pob><ind_active type="tinyint"  label="Active">1</ind_active></row>
<row><id_poblacion type="int" >6387</id_poblacion><id_prov type="smallint" >914</id_prov><name_pob type="varchar"  label="City">Potosi</name_pob><ind_active type="tinyint"  label="Active">1</ind_active></row>
<row><id_poblacion type="int" >6388</id_poblacion><id_prov type="smallint" >914</id_prov><name_pob type="varchar"  label="City">Jonesboro</name_pob><ind_active type="tinyint"  label="Active">1</ind_active></row>
<row><id_poblacion type="int" >6389</id_poblacion><id_prov type="smallint" >914</id_prov><name_pob type="varchar"  label="City">Marietta</name_pob><ind_active type="tinyint"  label="Active">1</ind_active></row>
<row><id_poblacion type="int" >6390</id_poblacion><id_prov type="smallint" >914</id_prov><name_pob type="varchar"  label="City">Saint Georg</name_pob><ind_active type="tinyint"  label="Active">1</ind_active></row>
<row><id_poblacion type="int" >6391</id_poblacion><id_prov type="smallint" >914</id_prov><name_pob type="varchar"  label="City">Abingdon</name_pob><ind_active type="tinyint"  label="Active">1</ind_active></row>
<row><id_poblacion type="int" >6392</id_poblacion><id_prov type="smallint" >914</id_prov><name_pob type="varchar"  label="City">Montpelier</name_pob><ind_active type="tinyint"  label="Active">1</ind_active></row>
<row><id_poblacion type="int" >6393</id_poblacion><id_prov type="smallint" >914</id_prov><name_pob type="varchar"  label="City">West Bend</name_pob><ind_active type="tinyint"  label="Active">1</ind_active></row>
<row><id_poblacion type="int" >6394</id_poblacion><id_prov type="smallint" >914</id_prov><name_pob type="varchar"  label="City">Wakefield</name_pob><ind_active type="tinyint"  label="Active">1</ind_active></row>
<row><id_poblacion type="int" >6395</id_poblacion><id_prov type="smallint" >914</id_prov><name_pob type="varchar"  label="City">Salem</name_pob><ind_active type="tinyint"  label="Active">1</ind_active></row>
<row><id_poblacion type="int" >6396</id_poblacion><id_prov type="smallint" >914</id_prov><name_pob type="varchar"  label="City">Fayettevill</name_pob><ind_active type="tinyint"  label="Active">1</ind_active></row>
<row><id_poblacion type="int" >6397</id_poblacion><id_prov type="smallint" >914</id_prov><name_pob type="varchar"  label="City">Akron</name_pob><ind_active type="tinyint"  label="Active">1</ind_active></row>
<row><id_poblacion type="int" >6398</id_poblacion><id_prov type="smallint" >914</id_prov><name_pob type="varchar"  label="City">Chipley</name_pob><ind_active type="tinyint"  label="Active">1</ind_active></row>
<row><id_poblacion type="int" >6399</id_poblacion><id_prov type="smallint" >914</id_prov><name_pob type="varchar"  label="City">Sandersvill</name_pob><ind_active type="tinyint"  label="Active">1</ind_active></row>
<row><id_poblacion type="int" >6401</id_poblacion><id_prov type="smallint" >914</id_prov><name_pob type="varchar"  label="City">Stillwater</name_pob><ind_active type="tinyint"  label="Active">1</ind_active></row>
<row><id_poblacion type="int" >6402</id_poblacion><id_prov type="smallint" >914</id_prov><name_pob type="varchar"  label="City">Nashville</name_pob><ind_active type="tinyint"  label="Active">1</ind_active></row>
<row><id_poblacion type="int" >6403</id_poblacion><id_prov type="smallint" >914</id_prov><name_pob type="varchar"  label="City">Chatom</name_pob><ind_active type="tinyint"  label="Active">1</ind_active></row>
<row><id_poblacion type="int" >6405</id_poblacion><id_prov type="smallint" >914</id_prov><name_pob type="varchar"  label="City">Hillsboro</name_pob><ind_active type="tinyint"  label="Active">1</ind_active></row>
<row><id_poblacion type="int" >6406</id_poblacion><id_prov type="smallint" >914</id_prov><name_pob type="varchar"  label="City">Springfield</name_pob><ind_active type="tinyint"  label="Active">1</ind_active></row>
<row><id_poblacion type="int" >6407</id_poblacion><id_prov type="smallint" >914</id_prov><name_pob type="varchar"  label="City">Franklinton</name_pob><ind_active type="tinyint"  label="Active">1</ind_active></row>
<row><id_poblacion type="int" >6408</id_poblacion><id_prov type="smallint" >914</id_prov><name_pob type="varchar"  label="City">Hagerstown</name_pob><ind_active type="tinyint"  label="Active">1</ind_active></row>
<row><id_poblacion type="int" >6409</id_poblacion><id_prov type="smallint" >914</id_prov><name_pob type="varchar"  label="City">Machias</name_pob><ind_active type="tinyint"  label="Active">1</ind_active></row>
<row><id_poblacion type="int" >6410</id_poblacion><id_prov type="smallint" >914</id_prov><name_pob type="varchar"  label="City">Weiser</name_pob><ind_active type="tinyint"  label="Active">1</ind_active></row>
<row><id_poblacion type="int" >6411</id_poblacion><id_prov type="smallint" >915</id_prov><name_pob type="varchar"  label="City">Jackson</name_pob><ind_active type="tinyint"  label="Active">1</ind_active></row>
<row><id_poblacion type="int" >6412</id_poblacion><id_prov type="smallint" >915</id_prov><name_pob type="varchar"  label="City">Frederickto</name_pob><ind_active type="tinyint"  label="Active">1</ind_active></row>
<row><id_poblacion type="int" >6413</id_poblacion><id_prov type="smallint" >915</id_prov><name_pob type="varchar"  label="City">Madisonvill</name_pob><ind_active type="tinyint"  label="Active">1</ind_active></row>
<row><id_poblacion type="int" >6414</id_poblacion><id_prov type="smallint" >915</id_prov><name_pob type="varchar"  label="City">London</name_pob><ind_active type="tinyint"  label="Active">1</ind_active></row>
<row><id_poblacion type="int" >6415</id_poblacion><id_prov type="smallint" >915</id_prov><name_pob type="varchar"  label="City">Wampsville</name_pob><ind_active type="tinyint"  label="Active">1</ind_active></row>
<row><id_poblacion type="int" >6417</id_poblacion><id_prov type="smallint" >915</id_prov><name_pob type="varchar"  label="City">Marshall</name_pob><ind_active type="tinyint"  label="Active">1</ind_active></row>
<row><id_poblacion type="int" >6418</id_poblacion><id_prov type="smallint" >915</id_prov><name_pob type="varchar"  label="City">Virginia Ci</name_pob><ind_active type="tinyint"  label="Active">1</ind_active></row>
<row><id_poblacion type="int" >6419</id_poblacion><id_prov type="smallint" >915</id_prov><name_pob type="varchar"  label="City">Canton</name_pob><ind_active type="tinyint"  label="Active">1</ind_active></row>
<row><id_poblacion type="int" >6420</id_poblacion><id_prov type="smallint" >915</id_prov><name_pob type="varchar"  label="City">Richmond</name_pob><ind_active type="tinyint"  label="Active">1</ind_active></row>
<row><id_poblacion type="int" >6421</id_poblacion><id_prov type="smallint" >915</id_prov><name_pob type="varchar"  label="City">Anderson</name_pob><ind_active type="tinyint"  label="Active">1</ind_active></row>
<row><id_poblacion type="int" >6422</id_poblacion><id_prov type="smallint" >915</id_prov><name_pob type="varchar"  label="City">Edwardsvill</name_pob><ind_active type="tinyint"  label="Active">1</ind_active></row>
<row><id_poblacion type="int" >6423</id_poblacion><id_prov type="smallint" >915</id_prov><name_pob type="varchar"  label="City">Rexburg</name_pob><ind_active type="tinyint"  label="Active">1</ind_active></row>
<row><id_poblacion type="int" >6424</id_poblacion><id_prov type="smallint" >915</id_prov><name_pob type="varchar"  label="City">Winterset</name_pob><ind_active type="tinyint"  label="Active">1</ind_active></row>
<row><id_poblacion type="int" >6425</id_poblacion><id_prov type="smallint" >915</id_prov><name_pob type="varchar"  label="City">Danielsvill</name_pob><ind_active type="tinyint"  label="Active">1</ind_active></row>
<row><id_poblacion type="int" >6430</id_poblacion><id_prov type="smallint" >915</id_prov><name_pob type="varchar"  label="City">Tallulah</name_pob><ind_active type="tinyint"  label="Active">1</ind_active></row>
<row><id_poblacion type="int" >6431</id_poblacion><id_prov type="smallint" >916</id_prov><name_pob type="varchar"  label="City">Salmon</name_pob><ind_active type="tinyint"  label="Active">1</ind_active></row>
<row><id_poblacion type="int" >6432</id_poblacion><id_prov type="smallint" >917</id_prov><name_pob type="varchar"  label="City">Bonners Fer</name_pob><ind_active type="tinyint"  label="Active">1</ind_active></row>
<row><id_poblacion type="int" >6433</id_poblacion><id_prov type="smallint" >918</id_prov><name_pob type="varchar"  label="City">Rhinelander</name_pob><ind_active type="tinyint"  label="Active">1</ind_active></row>
<row><id_poblacion type="int" >6434</id_poblacion><id_prov type="smallint" >918</id_prov><name_pob type="varchar"  label="City">Malad City</name_pob><ind_active type="tinyint"  label="Active">1</ind_active></row>
<row><id_poblacion type="int" >6435</id_poblacion><id_prov type="smallint" >918</id_prov><name_pob type="varchar"  label="City">Utica</name_pob><ind_active type="tinyint"  label="Active">1</ind_active></row>
<row><id_poblacion type="int" >6436</id_poblacion><id_prov type="smallint" >919</id_prov><name_pob type="varchar"  label="City">Burley</name_pob><ind_active type="tinyint"  label="Active">1</ind_active></row>
<row><id_poblacion type="int" >6437</id_poblacion><id_prov type="smallint" >920</id_prov><name_pob type="varchar"  label="City">Carnesville</name_pob><ind_active type="tinyint"  label="Active">1</ind_active></row>
<row><id_poblacion type="int" >6438</id_poblacion><id_prov type="smallint" >920</id_prov><name_pob type="varchar"  label="City">Louisburg</name_pob><ind_active type="tinyint"  label="Active">1</ind_active></row>
<row><id_poblacion type="int" >6440</id_poblacion><id_prov type="smallint" >920</id_prov><name_pob type="varchar"  label="City">Malone</name_pob><ind_active type="tinyint"  label="Active">1</ind_active></row>
<row><id_poblacion type="int" >6441</id_poblacion><id_prov type="smallint" >920</id_prov><name_pob type="varchar"  label="City">Columbus</name_pob><ind_active type="tinyint"  label="Active">1</ind_active></row>
<row><id_poblacion type="int" >6442</id_poblacion><id_prov type="smallint" >920</id_prov><name_pob type="varchar"  label="City">Chambersbur</name_pob><ind_active type="tinyint"  label="Active">1</ind_active></row>
<row><id_poblacion type="int" >6443</id_poblacion><id_prov type="smallint" >920</id_prov><name_pob type="varchar"  label="City">Winchester</name_pob><ind_active type="tinyint"  label="Active">1</ind_active></row>
<row><id_poblacion type="int" >6444</id_poblacion><id_prov type="smallint" >920</id_prov><name_pob type="varchar"  label="City">Mount Verno</name_pob><ind_active type="tinyint"  label="Active">1</ind_active></row>
<row><id_poblacion type="int" >6445</id_poblacion><id_prov type="smallint" >920</id_prov><name_pob type="varchar"  label="City">Rocky Mount</name_pob><ind_active type="tinyint"  label="Active">1</ind_active></row>
<row><id_poblacion type="int" >6447</id_poblacion><id_prov type="smallint" >920</id_prov><name_pob type="varchar"  label="City">Saint Alban</name_pob><ind_active type="tinyint"  label="Active">1</ind_active></row>
<row><id_poblacion type="int" >6448</id_poblacion><id_prov type="smallint" >920</id_prov><name_pob type="varchar"  label="City">Meadville</name_pob><ind_active type="tinyint"  label="Active">1</ind_active></row>
<row><id_poblacion type="int" >6449</id_poblacion><id_prov type="smallint" >920</id_prov><name_pob type="varchar"  label="City">Pasco</name_pob><ind_active type="tinyint"  label="Active">1</ind_active></row>
<row><id_poblacion type="int" >6450</id_poblacion><id_prov type="smallint" >920</id_prov><name_pob type="varchar"  label="City">Benton</name_pob><ind_active type="tinyint"  label="Active">1</ind_active></row>
<row><id_poblacion type="int" >6451</id_poblacion><id_prov type="smallint" >920</id_prov><name_pob type="varchar"  label="City">Russellvill</name_pob><ind_active type="tinyint"  label="Active">1</ind_active></row>
<row><id_poblacion type="int" >6452</id_poblacion><id_prov type="smallint" >920</id_prov><name_pob type="varchar"  label="City">Charleston,</name_pob><ind_active type="tinyint"  label="Active">1</ind_active></row>
<row><id_poblacion type="int" >6453</id_poblacion><id_prov type="smallint" >920</id_prov><name_pob type="varchar"  label="City">Preston</name_pob><ind_active type="tinyint"  label="Active">1</ind_active></row>
<row><id_poblacion type="int" >6454</id_poblacion><id_prov type="smallint" >920</id_prov><name_pob type="varchar"  label="City">Hampton</name_pob><ind_active type="tinyint"  label="Active">1</ind_active></row>
<row><id_poblacion type="int" >6455</id_poblacion><id_prov type="smallint" >920</id_prov><name_pob type="varchar"  label="City">Union</name_pob><ind_active type="tinyint"  label="Active">1</ind_active></row>
<row><id_poblacion type="int" >6456</id_poblacion><id_prov type="smallint" >920</id_prov><name_pob type="varchar"  label="City">Brookville</name_pob><ind_active type="tinyint"  label="Active">1</ind_active></row>
<row><id_poblacion type="int" >6457</id_poblacion><id_prov type="smallint" >920</id_prov><name_pob type="varchar"  label="City">Ottawa</name_pob><ind_active type="tinyint"  label="Active">1</ind_active></row>
<row><id_poblacion type="int" >6458</id_poblacion><id_prov type="smallint" >920</id_prov><name_pob type="varchar"  label="City">Frankfort</name_pob><ind_active type="tinyint"  label="Active">1</ind_active></row>
<row><id_poblacion type="int" >6459</id_poblacion><id_prov type="smallint" >920</id_prov><name_pob type="varchar"  label="City">Winnsboro</name_pob><ind_active type="tinyint"  label="Active">1</ind_active></row>
<row><id_poblacion type="int" >6460</id_poblacion><id_prov type="smallint" >920</id_prov><name_pob type="varchar"  label="City">Greenfield</name_pob><ind_active type="tinyint"  label="Active">1</ind_active></row>
<row><id_poblacion type="int" >6461</id_poblacion><id_prov type="smallint" >920</id_prov><name_pob type="varchar"  label="City">Farmington</name_pob><ind_active type="tinyint"  label="Active">1</ind_active></row>
<row><id_poblacion type="int" >6462</id_poblacion><id_prov type="smallint" >920</id_prov><name_pob type="varchar"  label="City">Apalachicol</name_pob><ind_active type="tinyint"  label="Active">1</ind_active></row>
<row><id_poblacion type="int" >6463</id_poblacion><id_prov type="smallint" >921</id_prov><name_pob type="varchar"  label="City">North Platt</name_pob><ind_active type="tinyint"  label="Active">1</ind_active></row>
<row><id_poblacion type="int" >6464</id_poblacion><id_prov type="smallint" >921</id_prov><name_pob type="varchar"  label="City">Kemmerer</name_pob><ind_active type="tinyint"  label="Active">1</ind_active></row>
<row><id_poblacion type="int" >6465</id_poblacion><id_prov type="smallint" >921</id_prov><name_pob type="varchar"  label="City">Hamlin</name_pob><ind_active type="tinyint"  label="Active">1</ind_active></row>
<row><id_poblacion type="int" >6466</id_poblacion><id_prov type="smallint" >921</id_prov><name_pob type="varchar"  label="City">Merrill</name_pob><ind_active type="tinyint"  label="Active">1</ind_active></row>
<row><id_poblacion type="int" >6467</id_poblacion><id_prov type="smallint" >921</id_prov><name_pob type="varchar"  label="City">Davenport</name_pob><ind_active type="tinyint"  label="Active">1</ind_active></row>
<row><id_poblacion type="int" >6468</id_poblacion><id_prov type="smallint" >921</id_prov><name_pob type="varchar"  label="City">Fayettevill</name_pob><ind_active type="tinyint"  label="Active">1</ind_active></row>
<row><id_poblacion type="int" >6469</id_poblacion><id_prov type="smallint" >921</id_prov><name_pob type="varchar"  label="City">Canton</name_pob><ind_active type="tinyint"  label="Active">1</ind_active></row>
<row><id_poblacion type="int" >6470</id_poblacion><id_prov type="smallint" >921</id_prov><name_pob type="varchar"  label="City">Newport</name_pob><ind_active type="tinyint"  label="Active">1</ind_active></row>
<row><id_poblacion type="int" >6471</id_poblacion><id_prov type="smallint" >921</id_prov><name_pob type="varchar"  label="City">Chandler</name_pob><ind_active type="tinyint"  label="Active">1</ind_active></row>
<row><id_poblacion type="int" >6472</id_poblacion><id_prov type="smallint" >921</id_prov><name_pob type="varchar"  label="City">Pioche</name_pob><ind_active type="tinyint"  label="Active">1</ind_active></row>
<row><id_poblacion type="int" >6473</id_poblacion><id_prov type="smallint" >921</id_prov><name_pob type="varchar"  label="City">Carrizozo</name_pob><ind_active type="tinyint"  label="Active">1</ind_active></row>
<row><id_poblacion type="int" >6474</id_poblacion><id_prov type="smallint" >921</id_prov><name_pob type="varchar"  label="City">Wiscasset</name_pob><ind_active type="tinyint"  label="Active">1</ind_active></row>
<row><id_poblacion type="int" >6477</id_poblacion><id_prov type="smallint" >921</id_prov><name_pob type="varchar"  label="City">Hugo</name_pob><ind_active type="tinyint"  label="Active">1</ind_active></row>
<row><id_poblacion type="int" >6478</id_poblacion><id_prov type="smallint" >921</id_prov><name_pob type="varchar"  label="City">Shoshone</name_pob><ind_active type="tinyint"  label="Active">1</ind_active></row>
<row><id_poblacion type="int" >6479</id_poblacion><id_prov type="smallint" >921</id_prov><name_pob type="varchar"  label="City">Lincoln</name_pob><ind_active type="tinyint"  label="Active">1</ind_active></row>
<row><id_poblacion type="int" >6480</id_poblacion><id_prov type="smallint" >921</id_prov><name_pob type="varchar"  label="City">Stanford</name_pob><ind_active type="tinyint"  label="Active">1</ind_active></row>
<row><id_poblacion type="int" >6481</id_poblacion><id_prov type="smallint" >921</id_prov><name_pob type="varchar"  label="City">Troy</name_pob><ind_active type="tinyint"  label="Active">1</ind_active></row>
<row><id_poblacion type="int" >6482</id_poblacion><id_prov type="smallint" >921</id_prov><name_pob type="varchar"  label="City">Ivanhoe</name_pob><ind_active type="tinyint"  label="Active">1</ind_active></row>
<row><id_poblacion type="int" >6483</id_poblacion><id_prov type="smallint" >921</id_prov><name_pob type="varchar"  label="City">Star City</name_pob><ind_active type="tinyint"  label="Active">1</ind_active></row>
<row><id_poblacion type="int" >6484</id_poblacion><id_prov type="smallint" >921</id_prov><name_pob type="varchar"  label="City">Brookhaven</name_pob><ind_active type="tinyint"  label="Active">1</ind_active></row>
<row><id_poblacion type="int" >6485</id_poblacion><id_prov type="smallint" >921</id_prov><name_pob type="varchar"  label="City">Libby</name_pob><ind_active type="tinyint"  label="Active">1</ind_active></row>
<row><id_poblacion type="int" >6486</id_poblacion><id_prov type="smallint" >921</id_prov><name_pob type="varchar"  label="City">Ruston</name_pob><ind_active type="tinyint"  label="Active">1</ind_active></row>
<row><id_poblacion type="int" >6487</id_poblacion><id_prov type="smallint" >922</id_prov><name_pob type="varchar"  label="City">Twin Falls</name_pob><ind_active type="tinyint"  label="Active">1</ind_active></row>
<row><id_poblacion type="int" >6488</id_poblacion><id_prov type="smallint" >923</id_prov><name_pob type="varchar"  label="City">Chinook</name_pob><ind_active type="tinyint"  label="Active">1</ind_active></row>
<row><id_poblacion type="int" >6489</id_poblacion><id_prov type="smallint" >923</id_prov><name_pob type="varchar"  label="City">Brewster</name_pob><ind_active type="tinyint"  label="Active">1</ind_active></row>
<row><id_poblacion type="int" >6490</id_poblacion><id_prov type="smallint" >923</id_prov><name_pob type="varchar"  label="City">Watonga</name_pob><ind_active type="tinyint"  label="Active">1</ind_active></row>
<row><id_poblacion type="int" >6491</id_poblacion><id_prov type="smallint" >923</id_prov><name_pob type="varchar"  label="City">Hailey</name_pob><ind_active type="tinyint"  label="Active">1</ind_active></row>
<row><id_poblacion type="int" >6492</id_poblacion><id_prov type="smallint" >924</id_prov><name_pob type="varchar"  label="City">Caldwell</name_pob><ind_active type="tinyint"  label="Active">1</ind_active></row>
<row><id_poblacion type="int" >6493</id_poblacion><id_prov type="smallint" >925</id_prov><name_pob type="varchar"  label="City">American Fa</name_pob><ind_active type="tinyint"  label="Active">1</ind_active></row>
<row><id_poblacion type="int" >6494</id_poblacion><id_prov type="smallint" >926</id_prov><name_pob type="varchar"  label="City">Driggs</name_pob><ind_active type="tinyint"  label="Active">1</ind_active></row>
<row><id_poblacion type="int" >6495</id_poblacion><id_prov type="smallint" >926</id_prov><name_pob type="varchar"  label="City">Choteau</name_pob><ind_active type="tinyint"  label="Active">1</ind_active></row>
<row><id_poblacion type="int" >6496</id_poblacion><id_prov type="smallint" >926</id_prov><name_pob type="varchar"  label="City">Jackson</name_pob><ind_active type="tinyint"  label="Active">1</ind_active></row>
<row><id_poblacion type="int" >6497</id_poblacion><id_prov type="smallint" >927</id_prov><name_pob type="varchar"  label="City">Grangeville</name_pob><ind_active type="tinyint"  label="Active">1</ind_active></row>
<row><id_poblacion type="int" >6498</id_poblacion><id_prov type="smallint" >928</id_prov><name_pob type="varchar"  label="City">Canon City</name_pob><ind_active type="tinyint"  label="Active">1</ind_active></row>
<row><id_poblacion type="int" >6499</id_poblacion><id_prov type="smallint" >928</id_prov><name_pob type="varchar"  label="City">Sidney</name_pob><ind_active type="tinyint"  label="Active">1</ind_active></row>
<row><id_poblacion type="int" >6500</id_poblacion><id_prov type="smallint" >928</id_prov><name_pob type="varchar"  label="City">Saint Antho</name_pob><ind_active type="tinyint"  label="Active">1</ind_active></row>
<row><id_poblacion type="int" >6501</id_poblacion><id_prov type="smallint" >928</id_prov><name_pob type="varchar"  label="City">Lander</name_pob><ind_active type="tinyint"  label="Active">1</ind_active></row>
<row><id_poblacion type="int" >6502</id_poblacion><id_prov type="smallint" >929</id_prov><name_pob type="varchar"  label="City">Soda Spring</name_pob><ind_active type="tinyint"  label="Active">1</ind_active></row>
<row><id_poblacion type="int" >6503</id_poblacion><id_prov type="smallint" >930</id_prov><name_pob type="varchar"  label="City">Murphy</name_pob><ind_active type="tinyint"  label="Active">1</ind_active></row>
<row><id_poblacion type="int" >6504</id_poblacion><id_prov type="smallint" >931</id_prov><name_pob type="varchar"  label="City">Coeur d'Ale</name_pob><ind_active type="tinyint"  label="Active">1</ind_active></row>
<row><id_poblacion type="int" >6505</id_poblacion><id_prov type="smallint" >932</id_prov><name_pob type="varchar"  label="City">Wallace</name_pob><ind_active type="tinyint"  label="Active">1</ind_active></row>
<row><id_poblacion type="int" >6506</id_poblacion><id_prov type="smallint" >933</id_prov><name_pob type="varchar"  label="City">Payette</name_pob><ind_active type="tinyint"  label="Active">1</ind_active></row>
<row><id_poblacion type="int" >6507</id_poblacion><id_prov type="smallint" >934</id_prov><name_pob type="varchar"  label="City">Rupert</name_pob><ind_active type="tinyint"  label="Active">1</ind_active></row>
<row><id_poblacion type="int" >6508</id_poblacion><id_prov type="smallint" >935</id_prov><name_pob type="varchar"  label="City">Blackfoot</name_pob><ind_active type="tinyint"  label="Active">1</ind_active></row>
<row><id_poblacion type="int" >6509</id_poblacion><id_prov type="smallint" >936</id_prov><name_pob type="varchar"  label="City">Paris</name_pob><ind_active type="tinyint"  label="Active">1</ind_active></row>
<row><id_poblacion type="int" >6510</id_poblacion><id_prov type="smallint" >937</id_prov><name_pob type="varchar"  label="City">Boise</name_pob><ind_active type="tinyint"  label="Active">1</ind_active></row>
<row><id_poblacion type="int" >6511</id_poblacion><id_prov type="smallint" >938</id_prov><name_pob type="varchar"  label="City">Jerome</name_pob><ind_active type="tinyint"  label="Active">1</ind_active></row>
<row><id_poblacion type="int" >6512</id_poblacion><id_prov type="smallint" >939</id_prov><name_pob type="varchar"  label="City">Westcliffe</name_pob><ind_active type="tinyint"  label="Active">1</ind_active></row>
<row><id_poblacion type="int" >6513</id_poblacion><id_prov type="smallint" >939</id_prov><name_pob type="varchar"  label="City">Custer</name_pob><ind_active type="tinyint"  label="Active">1</ind_active></row>
<row><id_poblacion type="int" >6514</id_poblacion><id_prov type="smallint" >939</id_prov><name_pob type="varchar"  label="City">Arapaho</name_pob><ind_active type="tinyint"  label="Active">1</ind_active></row>
<row><id_poblacion type="int" >6515</id_poblacion><id_prov type="smallint" >939</id_prov><name_pob type="varchar"  label="City">Broken Bow</name_pob><ind_active type="tinyint"  label="Active">1</ind_active></row>
<row><id_poblacion type="int" >6516</id_poblacion><id_prov type="smallint" >939</id_prov><name_pob type="varchar"  label="City">Miles City</name_pob><ind_active type="tinyint"  label="Active">1</ind_active></row>
<row><id_poblacion type="int" >6517</id_poblacion><id_prov type="smallint" >939</id_prov><name_pob type="varchar"  label="City">Challis</name_pob><ind_active type="tinyint"  label="Active">1</ind_active></row>
<row><id_poblacion type="int" >6518</id_poblacion><id_prov type="smallint" >940</id_prov><name_pob type="varchar"  label="City">Fairfield</name_pob><ind_active type="tinyint"  label="Active">1</ind_active></row>
<row><id_poblacion type="int" >6519</id_poblacion><id_prov type="smallint" >941</id_prov><name_pob type="varchar"  label="City">Lowville</name_pob><ind_active type="tinyint"  label="Active">1</ind_active></row>
<row><id_poblacion type="int" >6520</id_poblacion><id_prov type="smallint" >941</id_prov><name_pob type="varchar"  label="City">Hohenwald</name_pob><ind_active type="tinyint"  label="Active">1</ind_active></row>
<row><id_poblacion type="int" >6521</id_poblacion><id_prov type="smallint" >941</id_prov><name_pob type="varchar"  label="City">Chehalis</name_pob><ind_active type="tinyint"  label="Active">1</ind_active></row>
<row><id_poblacion type="int" >6522</id_poblacion><id_prov type="smallint" >941</id_prov><name_pob type="varchar"  label="City">Weston</name_pob><ind_active type="tinyint"  label="Active">1</ind_active></row>
<row><id_poblacion type="int" >6523</id_poblacion><id_prov type="smallint" >941</id_prov><name_pob type="varchar"  label="City">Vanceburg</name_pob><ind_active type="tinyint"  label="Active">1</ind_active></row>
<row><id_poblacion type="int" >6524</id_poblacion><id_prov type="smallint" >941</id_prov><name_pob type="varchar"  label="City">Nezperce</name_pob><ind_active type="tinyint"  label="Active">1</ind_active></row>
<row><id_poblacion type="int" >6525</id_poblacion><id_prov type="smallint" >941</id_prov><name_pob type="varchar"  label="City">Monticello</name_pob><ind_active type="tinyint"  label="Active">1</ind_active></row>
<row><id_poblacion type="int" >6526</id_poblacion><id_prov type="smallint" >942</id_prov><name_pob type="varchar"  label="City">Cascade</name_pob><ind_active type="tinyint"  label="Active">1</ind_active></row>
<row><id_poblacion type="int" >6527</id_poblacion><id_prov type="smallint" >942</id_prov><name_pob type="varchar"  label="City">Glasgow</name_pob><ind_active type="tinyint"  label="Active">1</ind_active></row>
<row><id_poblacion type="int" >6528</id_poblacion><id_prov type="smallint" >942</id_prov><name_pob type="varchar"  label="City">Ord</name_pob><ind_active type="tinyint"  label="Active">1</ind_active></row>
<row><id_poblacion type="int" >6529</id_poblacion><id_prov type="smallint" >943</id_prov><name_pob type="varchar"  label="City">Orofino</name_pob><ind_active type="tinyint"  label="Active">1</ind_active></row>
<row><id_poblacion type="int" >6530</id_poblacion><id_prov type="smallint" >943</id_prov><name_pob type="varchar"  label="City">Bagley</name_pob><ind_active type="tinyint"  label="Active">1</ind_active></row>
<row><id_poblacion type="int" >6531</id_poblacion><id_prov type="smallint" >944</id_prov><name_pob type="varchar"  label="City">Boulder</name_pob><ind_active type="tinyint"  label="Active">1</ind_active></row>
<row><id_poblacion type="int" >6532</id_poblacion><id_prov type="smallint" >944</id_prov><name_pob type="varchar"  label="City">Fairbury</name_pob><ind_active type="tinyint"  label="Active">1</ind_active></row>
<row><id_poblacion type="int" >6533</id_poblacion><id_prov type="smallint" >944</id_prov><name_pob type="varchar"  label="City">Watertown</name_pob><ind_active type="tinyint"  label="Active">1</ind_active></row>
<row><id_poblacion type="int" >6534</id_poblacion><id_prov type="smallint" >944</id_prov><name_pob type="varchar"  label="City">Steubenvill</name_pob><ind_active type="tinyint"  label="Active">1</ind_active></row>
<row><id_poblacion type="int" >6535</id_poblacion><id_prov type="smallint" >944</id_prov><name_pob type="varchar"  label="City">Waurika</name_pob><ind_active type="tinyint"  label="Active">1</ind_active></row>
<row><id_poblacion type="int" >6536</id_poblacion><id_prov type="smallint" >944</id_prov><name_pob type="varchar"  label="City">Madras</name_pob><ind_active type="tinyint"  label="Active">1</ind_active></row>
<row><id_poblacion type="int" >6537</id_poblacion><id_prov type="smallint" >944</id_prov><name_pob type="varchar"  label="City">Brookville</name_pob><ind_active type="tinyint"  label="Active">1</ind_active></row>
<row><id_poblacion type="int" >6538</id_poblacion><id_prov type="smallint" >944</id_prov><name_pob type="varchar"  label="City">Beaumont</name_pob><ind_active type="tinyint"  label="Active">1</ind_active></row>
<row><id_poblacion type="int" >6539</id_poblacion><id_prov type="smallint" >944</id_prov><name_pob type="varchar"  label="City">Port Townse</name_pob><ind_active type="tinyint"  label="Active">1</ind_active></row>
<row><id_poblacion type="int" >6540</id_poblacion><id_prov type="smallint" >944</id_prov><name_pob type="varchar"  label="City">Jefferson</name_pob><ind_active type="tinyint"  label="Active">1</ind_active></row>
<row><id_poblacion type="int" >6541</id_poblacion><id_prov type="smallint" >944</id_prov><name_pob type="varchar"  label="City">Fayette</name_pob><ind_active type="tinyint"  label="Active">1</ind_active></row>
<row><id_poblacion type="int" >6542</id_poblacion><id_prov type="smallint" >944</id_prov><name_pob type="varchar"  label="City">Dandridge</name_pob><ind_active type="tinyint"  label="Active">1</ind_active></row>
<row><id_poblacion type="int" >6543</id_poblacion><id_prov type="smallint" >944</id_prov><name_pob type="varchar"  label="City">Hillsboro</name_pob><ind_active type="tinyint"  label="Active">1</ind_active></row>
<row><id_poblacion type="int" >6544</id_poblacion><id_prov type="smallint" >944</id_prov><name_pob type="varchar"  label="City">Gretna</name_pob><ind_active type="tinyint"  label="Active">1</ind_active></row>
<row><id_poblacion type="int" >6546</id_poblacion><id_prov type="smallint" >944</id_prov><name_pob type="varchar"  label="City">Oskaloosa</name_pob><ind_active type="tinyint"  label="Active">1</ind_active></row>
<row><id_poblacion type="int" >6547</id_poblacion><id_prov type="smallint" >944</id_prov><name_pob type="varchar"  label="City">Madison</name_pob><ind_active type="tinyint"  label="Active">1</ind_active></row>
<row><id_poblacion type="int" >6548</id_poblacion><id_prov type="smallint" >944</id_prov><name_pob type="varchar"  label="City">Mount Verno</name_pob><ind_active type="tinyint"  label="Active">1</ind_active></row>
<row><id_poblacion type="int" >6549</id_poblacion><id_prov type="smallint" >944</id_prov><name_pob type="varchar"  label="City">Rigby</name_pob><ind_active type="tinyint"  label="Active">1</ind_active></row>
<row><id_poblacion type="int" >6550</id_poblacion><id_prov type="smallint" >944</id_prov><name_pob type="varchar"  label="City">Fairfield</name_pob><ind_active type="tinyint"  label="Active">1</ind_active></row>
<row><id_poblacion type="int" >6552</id_poblacion><id_prov type="smallint" >944</id_prov><name_pob type="varchar"  label="City">Monticello</name_pob><ind_active type="tinyint"  label="Active">1</ind_active></row>
<row><id_poblacion type="int" >6553</id_poblacion><id_prov type="smallint" >944</id_prov><name_pob type="varchar"  label="City">Golden</name_pob><ind_active type="tinyint"  label="Active">1</ind_active></row>
<row><id_poblacion type="int" >6554</id_poblacion><id_prov type="smallint" >944</id_prov><name_pob type="varchar"  label="City">Birmingham</name_pob><ind_active type="tinyint"  label="Active">1</ind_active></row>
<row><id_poblacion type="int" >6555</id_poblacion><id_prov type="smallint" >944</id_prov><name_pob type="varchar"  label="City">Charles Tow</name_pob><ind_active type="tinyint"  label="Active">1</ind_active></row>
<row><id_poblacion type="int" >6556</id_poblacion><id_prov type="smallint" >944</id_prov><name_pob type="varchar"  label="City">Pine Bluff</name_pob><ind_active type="tinyint"  label="Active">1</ind_active></row>
<row><id_poblacion type="int" >6557</id_poblacion><id_prov type="smallint" >945</id_prov><name_pob type="varchar"  label="City">Kahoka</name_pob><ind_active type="tinyint"  label="Active">1</ind_active></row>
<row><id_poblacion type="int" >6558</id_poblacion><id_prov type="smallint" >945</id_prov><name_pob type="varchar"  label="City">Neillsville</name_pob><ind_active type="tinyint"  label="Active">1</ind_active></row>
<row><id_poblacion type="int" >6559</id_poblacion><id_prov type="smallint" >945</id_prov><name_pob type="varchar"  label="City">Vancouver</name_pob><ind_active type="tinyint"  label="Active">1</ind_active></row>
<row><id_poblacion type="int" >6560</id_poblacion><id_prov type="smallint" >945</id_prov><name_pob type="varchar"  label="City">Clark</name_pob><ind_active type="tinyint"  label="Active">1</ind_active></row>
<row><id_poblacion type="int" >6561</id_poblacion><id_prov type="smallint" >945</id_prov><name_pob type="varchar"  label="City">Springfield</name_pob><ind_active type="tinyint"  label="Active">1</ind_active></row>
<row><id_poblacion type="int" >6562</id_poblacion><id_prov type="smallint" >945</id_prov><name_pob type="varchar"  label="City">Las Vegas</name_pob><ind_active type="tinyint"  label="Active">1</ind_active></row>
<row><id_poblacion type="int" >6563</id_poblacion><id_prov type="smallint" >945</id_prov><name_pob type="varchar"  label="City">Ashland</name_pob><ind_active type="tinyint"  label="Active">1</ind_active></row>
<row><id_poblacion type="int" >6564</id_poblacion><id_prov type="smallint" >945</id_prov><name_pob type="varchar"  label="City">Jeffersonvi</name_pob><ind_active type="tinyint"  label="Active">1</ind_active></row>
<row><id_poblacion type="int" >6565</id_poblacion><id_prov type="smallint" >945</id_prov><name_pob type="varchar"  label="City">Marshall</name_pob><ind_active type="tinyint"  label="Active">1</ind_active></row>
<row><id_poblacion type="int" >6566</id_poblacion><id_prov type="smallint" >945</id_prov><name_pob type="varchar"  label="City">Dubois</name_pob><ind_active type="tinyint"  label="Active">1</ind_active></row>
<row><id_poblacion type="int" >6567</id_poblacion><id_prov type="smallint" >945</id_prov><name_pob type="varchar"  label="City">Arkadelphia</name_pob><ind_active type="tinyint"  label="Active">1</ind_active></row>
<row><id_poblacion type="int" >6568</id_poblacion><id_prov type="smallint" >945</id_prov><name_pob type="varchar"  label="City">Winchester</name_pob><ind_active type="tinyint"  label="Active">1</ind_active></row>
<row><id_poblacion type="int" >6569</id_poblacion><id_prov type="smallint" >946</id_prov><name_pob type="varchar"  label="City">Wetumpka</name_pob><ind_active type="tinyint"  label="Active">1</ind_active></row>
<row><id_poblacion type="int" >6570</id_poblacion><id_prov type="smallint" >946</id_prov><name_pob type="varchar"  label="City">Mountain Ho</name_pob><ind_active type="tinyint"  label="Active">1</ind_active></row>
<row><id_poblacion type="int" >6571</id_poblacion><id_prov type="smallint" >947</id_prov><name_pob type="varchar"  label="City">Oroville</name_pob><ind_active type="tinyint"  label="Active">1</ind_active></row>
<row><id_poblacion type="int" >6572</id_poblacion><id_prov type="smallint" >947</id_prov><name_pob type="varchar"  label="City">Arco</name_pob><ind_active type="tinyint"  label="Active">1</ind_active></row>
<row><id_poblacion type="int" >6573</id_poblacion><id_prov type="smallint" >947</id_prov><name_pob type="varchar"  label="City">Belle Fourc</name_pob><ind_active type="tinyint"  label="Active">1</ind_active></row>
<row><id_poblacion type="int" >6574</id_poblacion><id_prov type="smallint" >948</id_prov><name_pob type="varchar"  label="City">Idaho Falls</name_pob><ind_active type="tinyint"  label="Active">1</ind_active></row>
<row><id_poblacion type="int" >6575</id_poblacion><id_prov type="smallint" >949</id_prov><name_pob type="varchar"  label="City">Sandpoint</name_pob><ind_active type="tinyint"  label="Active">1</ind_active></row>
</poblacion>
</root>