<?xml version="1.0" encoding="UTF-8"?>
<root>
<poblacion>
<row><id_poblacion type="int" >9860</id_poblacion><id_prov type="smallint" >1468</id_prov><name_pob type="varchar"  label="City">Donaldsonvi</name_pob><ind_active type="tinyint"  label="Active">1</ind_active></row>
<row><id_poblacion type="int" >9861</id_poblacion><id_prov type="smallint" >1469</id_prov><name_pob type="varchar"  label="City">Amite</name_pob><ind_active type="tinyint"  label="Active">1</ind_active></row>
<row><id_poblacion type="int" >9862</id_poblacion><id_prov type="smallint" >1470</id_prov><name_pob type="varchar"  label="City">Vidalia</name_pob><ind_active type="tinyint"  label="Active">1</ind_active></row>
<row><id_poblacion type="int" >9863</id_poblacion><id_prov type="smallint" >1471</id_prov><name_pob type="varchar"  label="City">Houma</name_pob><ind_active type="tinyint"  label="Active">1</ind_active></row>
<row><id_poblacion type="int" >9864</id_poblacion><id_prov type="smallint" >1472</id_prov><name_pob type="varchar"  label="City">Opelousas</name_pob><ind_active type="tinyint"  label="Active">1</ind_active></row>
<row><id_poblacion type="int" >9865</id_poblacion><id_prov type="smallint" >1473</id_prov><name_pob type="varchar"  label="City">Winnfield</name_pob><ind_active type="tinyint"  label="Active">1</ind_active></row>
<row><id_poblacion type="int" >9866</id_poblacion><id_prov type="smallint" >1474</id_prov><name_pob type="varchar"  label="City">Silver City</name_pob><ind_active type="tinyint"  label="Active">1</ind_active></row>
<row><id_poblacion type="int" >9867</id_poblacion><id_prov type="smallint" >1474</id_prov><name_pob type="varchar"  label="City">Sheridan</name_pob><ind_active type="tinyint"  label="Active">1</ind_active></row>
<row><id_poblacion type="int" >9868</id_poblacion><id_prov type="smallint" >1474</id_prov><name_pob type="varchar"  label="City">Lancaster</name_pob><ind_active type="tinyint"  label="Active">1</ind_active></row>
<row><id_poblacion type="int" >9869</id_poblacion><id_prov type="smallint" >1474</id_prov><name_pob type="varchar"  label="City">Petersburg</name_pob><ind_active type="tinyint"  label="Active">1</ind_active></row>
<row><id_poblacion type="int" >9870</id_poblacion><id_prov type="smallint" >1474</id_prov><name_pob type="varchar"  label="City">Ephrata</name_pob><ind_active type="tinyint"  label="Active">1</ind_active></row>
<row><id_poblacion type="int" >9871</id_poblacion><id_prov type="smallint" >1474</id_prov><name_pob type="varchar"  label="City">Milbank</name_pob><ind_active type="tinyint"  label="Active">1</ind_active></row>
<row><id_poblacion type="int" >9872</id_poblacion><id_prov type="smallint" >1474</id_prov><name_pob type="varchar"  label="City">Canyon City</name_pob><ind_active type="tinyint"  label="Active">1</ind_active></row>
<row><id_poblacion type="int" >9873</id_poblacion><id_prov type="smallint" >1474</id_prov><name_pob type="varchar"  label="City">Medford</name_pob><ind_active type="tinyint"  label="Active">1</ind_active></row>
<row><id_poblacion type="int" >9874</id_poblacion><id_prov type="smallint" >1474</id_prov><name_pob type="varchar"  label="City">Carson</name_pob><ind_active type="tinyint"  label="Active">1</ind_active></row>
<row><id_poblacion type="int" >9875</id_poblacion><id_prov type="smallint" >1474</id_prov><name_pob type="varchar"  label="City">Elbow Lake</name_pob><ind_active type="tinyint"  label="Active">1</ind_active></row>
<row><id_poblacion type="int" >9876</id_poblacion><id_prov type="smallint" >1474</id_prov><name_pob type="varchar"  label="City">Colfax</name_pob><ind_active type="tinyint"  label="Active">1</ind_active></row>
<row><id_poblacion type="int" >9877</id_poblacion><id_prov type="smallint" >1474</id_prov><name_pob type="varchar"  label="City">Williamstow</name_pob><ind_active type="tinyint"  label="Active">1</ind_active></row>
<row><id_poblacion type="int" >9878</id_poblacion><id_prov type="smallint" >1474</id_prov><name_pob type="varchar"  label="City">Marion</name_pob><ind_active type="tinyint"  label="Active">1</ind_active></row>
<row><id_poblacion type="int" >9879</id_poblacion><id_prov type="smallint" >1474</id_prov><name_pob type="varchar"  label="City">Ulysses</name_pob><ind_active type="tinyint"  label="Active">1</ind_active></row>
<row><id_poblacion type="int" >9880</id_poblacion><id_prov type="smallint" >1474</id_prov><name_pob type="varchar"  label="City">Hyannis</name_pob><ind_active type="tinyint"  label="Active">1</ind_active></row>
<row><id_poblacion type="int" >9881</id_poblacion><id_prov type="smallint" >1475</id_prov><name_pob type="varchar"  label="City">Saint Marti</name_pob><ind_active type="tinyint"  label="Active">1</ind_active></row>
<row><id_poblacion type="int" >9882</id_poblacion><id_prov type="smallint" >1476</id_prov><name_pob type="varchar"  label="City">Saint Josep</name_pob><ind_active type="tinyint"  label="Active">1</ind_active></row>
<row><id_poblacion type="int" >9883</id_poblacion><id_prov type="smallint" >1477</id_prov><name_pob type="varchar"  label="City">Franklin</name_pob><ind_active type="tinyint"  label="Active">1</ind_active></row>
<row><id_poblacion type="int" >9884</id_poblacion><id_prov type="smallint" >1478</id_prov><name_pob type="varchar"  label="City">Boulder</name_pob><ind_active type="tinyint"  label="Active">1</ind_active></row>
<row><id_poblacion type="int" >9885</id_poblacion><id_prov type="smallint" >1478</id_prov><name_pob type="varchar"  label="City">Fairbury</name_pob><ind_active type="tinyint"  label="Active">1</ind_active></row>
<row><id_poblacion type="int" >9886</id_poblacion><id_prov type="smallint" >1478</id_prov><name_pob type="varchar"  label="City">Watertown</name_pob><ind_active type="tinyint"  label="Active">1</ind_active></row>
<row><id_poblacion type="int" >9887</id_poblacion><id_prov type="smallint" >1478</id_prov><name_pob type="varchar"  label="City">Steubenvill</name_pob><ind_active type="tinyint"  label="Active">1</ind_active></row>
<row><id_poblacion type="int" >9888</id_poblacion><id_prov type="smallint" >1478</id_prov><name_pob type="varchar"  label="City">Waurika</name_pob><ind_active type="tinyint"  label="Active">1</ind_active></row>
<row><id_poblacion type="int" >9889</id_poblacion><id_prov type="smallint" >1478</id_prov><name_pob type="varchar"  label="City">Madras</name_pob><ind_active type="tinyint"  label="Active">1</ind_active></row>
<row><id_poblacion type="int" >9890</id_poblacion><id_prov type="smallint" >1478</id_prov><name_pob type="varchar"  label="City">Brookville</name_pob><ind_active type="tinyint"  label="Active">1</ind_active></row>
<row><id_poblacion type="int" >9891</id_poblacion><id_prov type="smallint" >1478</id_prov><name_pob type="varchar"  label="City">Beaumont</name_pob><ind_active type="tinyint"  label="Active">1</ind_active></row>
<row><id_poblacion type="int" >9892</id_poblacion><id_prov type="smallint" >1478</id_prov><name_pob type="varchar"  label="City">Port Townse</name_pob><ind_active type="tinyint"  label="Active">1</ind_active></row>
<row><id_poblacion type="int" >9893</id_poblacion><id_prov type="smallint" >1478</id_prov><name_pob type="varchar"  label="City">Jefferson</name_pob><ind_active type="tinyint"  label="Active">1</ind_active></row>
<row><id_poblacion type="int" >9894</id_poblacion><id_prov type="smallint" >1478</id_prov><name_pob type="varchar"  label="City">Fayette</name_pob><ind_active type="tinyint"  label="Active">1</ind_active></row>
<row><id_poblacion type="int" >9895</id_poblacion><id_prov type="smallint" >1478</id_prov><name_pob type="varchar"  label="City">Dandridge</name_pob><ind_active type="tinyint"  label="Active">1</ind_active></row>
<row><id_poblacion type="int" >9896</id_poblacion><id_prov type="smallint" >1478</id_prov><name_pob type="varchar"  label="City">Hillsboro</name_pob><ind_active type="tinyint"  label="Active">1</ind_active></row>
<row><id_poblacion type="int" >9897</id_poblacion><id_prov type="smallint" >1478</id_prov><name_pob type="varchar"  label="City">Gretna</name_pob><ind_active type="tinyint"  label="Active">1</ind_active></row>
<row><id_poblacion type="int" >9899</id_poblacion><id_prov type="smallint" >1478</id_prov><name_pob type="varchar"  label="City">Oskaloosa</name_pob><ind_active type="tinyint"  label="Active">1</ind_active></row>
<row><id_poblacion type="int" >9900</id_poblacion><id_prov type="smallint" >1478</id_prov><name_pob type="varchar"  label="City">Madison</name_pob><ind_active type="tinyint"  label="Active">1</ind_active></row>
<row><id_poblacion type="int" >9901</id_poblacion><id_prov type="smallint" >1478</id_prov><name_pob type="varchar"  label="City">Mount Verno</name_pob><ind_active type="tinyint"  label="Active">1</ind_active></row>
<row><id_poblacion type="int" >9902</id_poblacion><id_prov type="smallint" >1478</id_prov><name_pob type="varchar"  label="City">Rigby</name_pob><ind_active type="tinyint"  label="Active">1</ind_active></row>
<row><id_poblacion type="int" >9903</id_poblacion><id_prov type="smallint" >1478</id_prov><name_pob type="varchar"  label="City">Fairfield</name_pob><ind_active type="tinyint"  label="Active">1</ind_active></row>
<row><id_poblacion type="int" >9905</id_poblacion><id_prov type="smallint" >1478</id_prov><name_pob type="varchar"  label="City">Monticello</name_pob><ind_active type="tinyint"  label="Active">1</ind_active></row>
<row><id_poblacion type="int" >9906</id_poblacion><id_prov type="smallint" >1478</id_prov><name_pob type="varchar"  label="City">Golden</name_pob><ind_active type="tinyint"  label="Active">1</ind_active></row>
<row><id_poblacion type="int" >9907</id_poblacion><id_prov type="smallint" >1478</id_prov><name_pob type="varchar"  label="City">Birmingham</name_pob><ind_active type="tinyint"  label="Active">1</ind_active></row>
<row><id_poblacion type="int" >9908</id_poblacion><id_prov type="smallint" >1478</id_prov><name_pob type="varchar"  label="City">Charles Tow</name_pob><ind_active type="tinyint"  label="Active">1</ind_active></row>
<row><id_poblacion type="int" >9909</id_poblacion><id_prov type="smallint" >1478</id_prov><name_pob type="varchar"  label="City">Pine Bluff</name_pob><ind_active type="tinyint"  label="Active">1</ind_active></row>
<row><id_poblacion type="int" >9910</id_poblacion><id_prov type="smallint" >1479</id_prov><name_pob type="varchar"  label="City">Mansfield</name_pob><ind_active type="tinyint"  label="Active">1</ind_active></row>
<row><id_poblacion type="int" >9911</id_poblacion><id_prov type="smallint" >1480</id_prov><name_pob type="varchar"  label="City">Clinton</name_pob><ind_active type="tinyint"  label="Active">1</ind_active></row>
<row><id_poblacion type="int" >9912</id_poblacion><id_prov type="smallint" >1481</id_prov><name_pob type="varchar"  label="City">Prentiss</name_pob><ind_active type="tinyint"  label="Active">1</ind_active></row>
<row><id_poblacion type="int" >9913</id_poblacion><id_prov type="smallint" >1481</id_prov><name_pob type="varchar"  label="City">Jennings</name_pob><ind_active type="tinyint"  label="Active">1</ind_active></row>
<row><id_poblacion type="int" >9914</id_poblacion><id_prov type="smallint" >1482</id_prov><name_pob type="varchar"  label="City">Smithland</name_pob><ind_active type="tinyint"  label="Active">1</ind_active></row>
<row><id_poblacion type="int" >9915</id_poblacion><id_prov type="smallint" >1482</id_prov><name_pob type="varchar"  label="City">Geneseo</name_pob><ind_active type="tinyint"  label="Active">1</ind_active></row>
<row><id_poblacion type="int" >9916</id_poblacion><id_prov type="smallint" >1482</id_prov><name_pob type="varchar"  label="City">Chillicothe</name_pob><ind_active type="tinyint"  label="Active">1</ind_active></row>
<row><id_poblacion type="int" >9917</id_poblacion><id_prov type="smallint" >1482</id_prov><name_pob type="varchar"  label="City">Pontiac</name_pob><ind_active type="tinyint"  label="Active">1</ind_active></row>
<row><id_poblacion type="int" >9918</id_poblacion><id_prov type="smallint" >1482</id_prov><name_pob type="varchar"  label="City">Howell</name_pob><ind_active type="tinyint"  label="Active">1</ind_active></row>
<row><id_poblacion type="int" >9919</id_poblacion><id_prov type="smallint" >1482</id_prov><name_pob type="varchar"  label="City">Livingston</name_pob><ind_active type="tinyint"  label="Active">1</ind_active></row>
<row><id_poblacion type="int" >9920</id_poblacion><id_prov type="smallint" >1483</id_prov><name_pob type="varchar"  label="City">Cotulla</name_pob><ind_active type="tinyint"  label="Active">1</ind_active></row>
<row><id_poblacion type="int" >9921</id_poblacion><id_prov type="smallint" >1483</id_prov><name_pob type="varchar"  label="City">Jena</name_pob><ind_active type="tinyint"  label="Active">1</ind_active></row>
<row><id_poblacion type="int" >9922</id_poblacion><id_prov type="smallint" >1483</id_prov><name_pob type="varchar"  label="City">Ottawa</name_pob><ind_active type="tinyint"  label="Active">1</ind_active></row>
<row><id_poblacion type="int" >9923</id_poblacion><id_prov type="smallint" >1484</id_prov><name_pob type="varchar"  label="City">Lake Provid</name_pob><ind_active type="tinyint"  label="Active">1</ind_active></row>
<row><id_poblacion type="int" >9924</id_poblacion><id_prov type="smallint" >1485</id_prov><name_pob type="varchar"  label="City">Baton Rouge</name_pob><ind_active type="tinyint"  label="Active">1</ind_active></row>
<row><id_poblacion type="int" >9925</id_poblacion><id_prov type="smallint" >1486</id_prov><name_pob type="varchar"  label="City">Covington</name_pob><ind_active type="tinyint"  label="Active">1</ind_active></row>
<row><id_poblacion type="int" >9926</id_poblacion><id_prov type="smallint" >1487</id_prov><name_pob type="varchar"  label="City">Princeton</name_pob><ind_active type="tinyint"  label="Active">1</ind_active></row>
<row><id_poblacion type="int" >9927</id_poblacion><id_prov type="smallint" >1487</id_prov><name_pob type="varchar"  label="City">Columbia</name_pob><ind_active type="tinyint"  label="Active">1</ind_active></row>
<row><id_poblacion type="int" >9928</id_poblacion><id_prov type="smallint" >1487</id_prov><name_pob type="varchar"  label="City">Kingston</name_pob><ind_active type="tinyint"  label="Active">1</ind_active></row>
<row><id_poblacion type="int" >9929</id_poblacion><id_prov type="smallint" >1487</id_prov><name_pob type="varchar"  label="City">Lenoir</name_pob><ind_active type="tinyint"  label="Active">1</ind_active></row>
<row><id_poblacion type="int" >9930</id_poblacion><id_prov type="smallint" >1487</id_prov><name_pob type="varchar"  label="City">Lockhart</name_pob><ind_active type="tinyint"  label="Active">1</ind_active></row>
<row><id_poblacion type="int" >9931</id_poblacion><id_prov type="smallint" >1488</id_prov><name_pob type="varchar"  label="City">Harrisonbur</name_pob><ind_active type="tinyint"  label="Active">1</ind_active></row>
<row><id_poblacion type="int" >9932</id_poblacion><id_prov type="smallint" >1489</id_prov><name_pob type="varchar"  label="City">Napoleonvil</name_pob><ind_active type="tinyint"  label="Active">1</ind_active></row>
<row><id_poblacion type="int" >9933</id_poblacion><id_prov type="smallint" >1490</id_prov><name_pob type="varchar"  label="City">Bastrop</name_pob><ind_active type="tinyint"  label="Active">1</ind_active></row>
<row><id_poblacion type="int" >9934</id_poblacion><id_prov type="smallint" >1491</id_prov><name_pob type="varchar"  label="City">New Orleans</name_pob><ind_active type="tinyint"  label="Active">1</ind_active></row>
<row><id_poblacion type="int" >9935</id_poblacion><id_prov type="smallint" >1491</id_prov><name_pob type="varchar"  label="City">Albion</name_pob><ind_active type="tinyint"  label="Active">1</ind_active></row>
<row><id_poblacion type="int" >9936</id_poblacion><id_prov type="smallint" >1491</id_prov><name_pob type="varchar"  label="City">Newport</name_pob><ind_active type="tinyint"  label="Active">1</ind_active></row>
<row><id_poblacion type="int" >9937</id_poblacion><id_prov type="smallint" >1492</id_prov><name_pob type="varchar"  label="City">Thibodaux</name_pob><ind_active type="tinyint"  label="Active">1</ind_active></row>
<row><id_poblacion type="int" >9938</id_poblacion><id_prov type="smallint" >1493</id_prov><name_pob type="varchar"  label="City">Homer</name_pob><ind_active type="tinyint"  label="Active">1</ind_active></row>
<row><id_poblacion type="int" >9939</id_poblacion><id_prov type="smallint" >1493</id_prov><name_pob type="varchar"  label="City">Port Gibson</name_pob><ind_active type="tinyint"  label="Active">1</ind_active></row>
<row><id_poblacion type="int" >9940</id_poblacion><id_prov type="smallint" >1493</id_prov><name_pob type="varchar"  label="City">Tazewell</name_pob><ind_active type="tinyint"  label="Active">1</ind_active></row>
<row><id_poblacion type="int" >9941</id_poblacion><id_prov type="smallint" >1494</id_prov><name_pob type="varchar"  label="City">Oak Grove</name_pob><ind_active type="tinyint"  label="Active">1</ind_active></row>
<row><id_poblacion type="int" >9942</id_poblacion><id_prov type="smallint" >1495</id_prov><name_pob type="varchar"  label="City">Ville Platt</name_pob><ind_active type="tinyint"  label="Active">1</ind_active></row>
<row><id_poblacion type="int" >9943</id_poblacion><id_prov type="smallint" >1496</id_prov><name_pob type="varchar"  label="City">Richland Ce</name_pob><ind_active type="tinyint"  label="Active">1</ind_active></row>
<row><id_poblacion type="int" >9944</id_poblacion><id_prov type="smallint" >1496</id_prov><name_pob type="varchar"  label="City">Olney</name_pob><ind_active type="tinyint"  label="Active">1</ind_active></row>
<row><id_poblacion type="int" >9945</id_poblacion><id_prov type="smallint" >1496</id_prov><name_pob type="varchar"  label="City">Rayville</name_pob><ind_active type="tinyint"  label="Active">1</ind_active></row>
<row><id_poblacion type="int" >9946</id_poblacion><id_prov type="smallint" >1496</id_prov><name_pob type="varchar"  label="City">Sidney</name_pob><ind_active type="tinyint"  label="Active">1</ind_active></row>
<row><id_poblacion type="int" >9947</id_poblacion><id_prov type="smallint" >1496</id_prov><name_pob type="varchar"  label="City">Wahpeton</name_pob><ind_active type="tinyint"  label="Active">1</ind_active></row>
<row><id_poblacion type="int" >9948</id_poblacion><id_prov type="smallint" >1496</id_prov><name_pob type="varchar"  label="City">Mansfield</name_pob><ind_active type="tinyint"  label="Active">1</ind_active></row>
<row><id_poblacion type="int" >9949</id_poblacion><id_prov type="smallint" >1496</id_prov><name_pob type="varchar"  label="City">Columbia</name_pob><ind_active type="tinyint"  label="Active">1</ind_active></row>
<row><id_poblacion type="int" >9950</id_poblacion><id_prov type="smallint" >1497</id_prov><name_pob type="varchar"  label="City">Brenham</name_pob><ind_active type="tinyint"  label="Active">1</ind_active></row>
<row><id_poblacion type="int" >9951</id_poblacion><id_prov type="smallint" >1497</id_prov><name_pob type="varchar"  label="City">Greenville</name_pob><ind_active type="tinyint"  label="Active">1</ind_active></row>
<row><id_poblacion type="int" >9952</id_poblacion><id_prov type="smallint" >1497</id_prov><name_pob type="varchar"  label="City">Plymouth</name_pob><ind_active type="tinyint"  label="Active">1</ind_active></row>
<row><id_poblacion type="int" >9953</id_poblacion><id_prov type="smallint" >1497</id_prov><name_pob type="varchar"  label="City">Blair</name_pob><ind_active type="tinyint"  label="Active">1</ind_active></row>
<row><id_poblacion type="int" >9954</id_poblacion><id_prov type="smallint" >1497</id_prov><name_pob type="varchar"  label="City">Hudson Fall</name_pob><ind_active type="tinyint"  label="Active">1</ind_active></row>
<row><id_poblacion type="int" >9955</id_poblacion><id_prov type="smallint" >1497</id_prov><name_pob type="varchar"  label="City">Bartlesvill</name_pob><ind_active type="tinyint"  label="Active">1</ind_active></row>
<row><id_poblacion type="int" >9957</id_poblacion><id_prov type="smallint" >1497</id_prov><name_pob type="varchar"  label="City">Potosi</name_pob><ind_active type="tinyint"  label="Active">1</ind_active></row>
<row><id_poblacion type="int" >9958</id_poblacion><id_prov type="smallint" >1497</id_prov><name_pob type="varchar"  label="City">Jonesboro</name_pob><ind_active type="tinyint"  label="Active">1</ind_active></row>
<row><id_poblacion type="int" >9959</id_poblacion><id_prov type="smallint" >1497</id_prov><name_pob type="varchar"  label="City">Marietta</name_pob><ind_active type="tinyint"  label="Active">1</ind_active></row>
<row><id_poblacion type="int" >9960</id_poblacion><id_prov type="smallint" >1497</id_prov><name_pob type="varchar"  label="City">Saint Georg</name_pob><ind_active type="tinyint"  label="Active">1</ind_active></row>
<row><id_poblacion type="int" >9961</id_poblacion><id_prov type="smallint" >1497</id_prov><name_pob type="varchar"  label="City">Abingdon</name_pob><ind_active type="tinyint"  label="Active">1</ind_active></row>
<row><id_poblacion type="int" >9962</id_poblacion><id_prov type="smallint" >1497</id_prov><name_pob type="varchar"  label="City">Montpelier</name_pob><ind_active type="tinyint"  label="Active">1</ind_active></row>
<row><id_poblacion type="int" >9963</id_poblacion><id_prov type="smallint" >1497</id_prov><name_pob type="varchar"  label="City">West Bend</name_pob><ind_active type="tinyint"  label="Active">1</ind_active></row>
<row><id_poblacion type="int" >9964</id_poblacion><id_prov type="smallint" >1497</id_prov><name_pob type="varchar"  label="City">Wakefield</name_pob><ind_active type="tinyint"  label="Active">1</ind_active></row>
<row><id_poblacion type="int" >9965</id_poblacion><id_prov type="smallint" >1497</id_prov><name_pob type="varchar"  label="City">Salem</name_pob><ind_active type="tinyint"  label="Active">1</ind_active></row>
<row><id_poblacion type="int" >9966</id_poblacion><id_prov type="smallint" >1497</id_prov><name_pob type="varchar"  label="City">Fayettevill</name_pob><ind_active type="tinyint"  label="Active">1</ind_active></row>
<row><id_poblacion type="int" >9967</id_poblacion><id_prov type="smallint" >1497</id_prov><name_pob type="varchar"  label="City">Akron</name_pob><ind_active type="tinyint"  label="Active">1</ind_active></row>
<row><id_poblacion type="int" >9968</id_poblacion><id_prov type="smallint" >1497</id_prov><name_pob type="varchar"  label="City">Chipley</name_pob><ind_active type="tinyint"  label="Active">1</ind_active></row>
<row><id_poblacion type="int" >9969</id_poblacion><id_prov type="smallint" >1497</id_prov><name_pob type="varchar"  label="City">Sandersvill</name_pob><ind_active type="tinyint"  label="Active">1</ind_active></row>
<row><id_poblacion type="int" >9971</id_poblacion><id_prov type="smallint" >1497</id_prov><name_pob type="varchar"  label="City">Stillwater</name_pob><ind_active type="tinyint"  label="Active">1</ind_active></row>
<row><id_poblacion type="int" >9972</id_poblacion><id_prov type="smallint" >1497</id_prov><name_pob type="varchar"  label="City">Nashville</name_pob><ind_active type="tinyint"  label="Active">1</ind_active></row>
<row><id_poblacion type="int" >9973</id_poblacion><id_prov type="smallint" >1497</id_prov><name_pob type="varchar"  label="City">Chatom</name_pob><ind_active type="tinyint"  label="Active">1</ind_active></row>
<row><id_poblacion type="int" >9975</id_poblacion><id_prov type="smallint" >1497</id_prov><name_pob type="varchar"  label="City">Hillsboro</name_pob><ind_active type="tinyint"  label="Active">1</ind_active></row>
<row><id_poblacion type="int" >9976</id_poblacion><id_prov type="smallint" >1497</id_prov><name_pob type="varchar"  label="City">Springfield</name_pob><ind_active type="tinyint"  label="Active">1</ind_active></row>
<row><id_poblacion type="int" >9977</id_poblacion><id_prov type="smallint" >1497</id_prov><name_pob type="varchar"  label="City">Franklinton</name_pob><ind_active type="tinyint"  label="Active">1</ind_active></row>
<row><id_poblacion type="int" >9978</id_poblacion><id_prov type="smallint" >1497</id_prov><name_pob type="varchar"  label="City">Hagerstown</name_pob><ind_active type="tinyint"  label="Active">1</ind_active></row>
<row><id_poblacion type="int" >9979</id_poblacion><id_prov type="smallint" >1497</id_prov><name_pob type="varchar"  label="City">Machias</name_pob><ind_active type="tinyint"  label="Active">1</ind_active></row>
<row><id_poblacion type="int" >9980</id_poblacion><id_prov type="smallint" >1497</id_prov><name_pob type="varchar"  label="City">Weiser</name_pob><ind_active type="tinyint"  label="Active">1</ind_active></row>
<row><id_poblacion type="int" >9981</id_poblacion><id_prov type="smallint" >1498</id_prov><name_pob type="varchar"  label="City">Jackson</name_pob><ind_active type="tinyint"  label="Active">1</ind_active></row>
<row><id_poblacion type="int" >9982</id_poblacion><id_prov type="smallint" >1498</id_prov><name_pob type="varchar"  label="City">Frederickto</name_pob><ind_active type="tinyint"  label="Active">1</ind_active></row>
<row><id_poblacion type="int" >9983</id_poblacion><id_prov type="smallint" >1498</id_prov><name_pob type="varchar"  label="City">Madisonvill</name_pob><ind_active type="tinyint"  label="Active">1</ind_active></row>
<row><id_poblacion type="int" >9984</id_poblacion><id_prov type="smallint" >1498</id_prov><name_pob type="varchar"  label="City">London</name_pob><ind_active type="tinyint"  label="Active">1</ind_active></row>
<row><id_poblacion type="int" >9985</id_poblacion><id_prov type="smallint" >1498</id_prov><name_pob type="varchar"  label="City">Wampsville</name_pob><ind_active type="tinyint"  label="Active">1</ind_active></row>
<row><id_poblacion type="int" >9987</id_poblacion><id_prov type="smallint" >1498</id_prov><name_pob type="varchar"  label="City">Marshall</name_pob><ind_active type="tinyint"  label="Active">1</ind_active></row>
<row><id_poblacion type="int" >9988</id_poblacion><id_prov type="smallint" >1498</id_prov><name_pob type="varchar"  label="City">Virginia Ci</name_pob><ind_active type="tinyint"  label="Active">1</ind_active></row>
<row><id_poblacion type="int" >9989</id_poblacion><id_prov type="smallint" >1498</id_prov><name_pob type="varchar"  label="City">Canton</name_pob><ind_active type="tinyint"  label="Active">1</ind_active></row>
<row><id_poblacion type="int" >9990</id_poblacion><id_prov type="smallint" >1498</id_prov><name_pob type="varchar"  label="City">Richmond</name_pob><ind_active type="tinyint"  label="Active">1</ind_active></row>
<row><id_poblacion type="int" >9991</id_poblacion><id_prov type="smallint" >1498</id_prov><name_pob type="varchar"  label="City">Anderson</name_pob><ind_active type="tinyint"  label="Active">1</ind_active></row>
<row><id_poblacion type="int" >9992</id_poblacion><id_prov type="smallint" >1498</id_prov><name_pob type="varchar"  label="City">Edwardsvill</name_pob><ind_active type="tinyint"  label="Active">1</ind_active></row>
<row><id_poblacion type="int" >9993</id_poblacion><id_prov type="smallint" >1498</id_prov><name_pob type="varchar"  label="City">Rexburg</name_pob><ind_active type="tinyint"  label="Active">1</ind_active></row>
<row><id_poblacion type="int" >9994</id_poblacion><id_prov type="smallint" >1498</id_prov><name_pob type="varchar"  label="City">Winterset</name_pob><ind_active type="tinyint"  label="Active">1</ind_active></row>
<row><id_poblacion type="int" >9995</id_poblacion><id_prov type="smallint" >1498</id_prov><name_pob type="varchar"  label="City">Danielsvill</name_pob><ind_active type="tinyint"  label="Active">1</ind_active></row>
<row><id_poblacion type="int" >10000</id_poblacion><id_prov type="smallint" >1498</id_prov><name_pob type="varchar"  label="City">Tallulah</name_pob><ind_active type="tinyint"  label="Active">1</ind_active></row>
<row><id_poblacion type="int" >10001</id_poblacion><id_prov type="smallint" >1499</id_prov><name_pob type="varchar"  label="City">Port Allen</name_pob><ind_active type="tinyint"  label="Active">1</ind_active></row>
<row><id_poblacion type="int" >10002</id_poblacion><id_prov type="smallint" >1500</id_prov><name_pob type="varchar"  label="City">Arcadia</name_pob><ind_active type="tinyint"  label="Active">1</ind_active></row>
<row><id_poblacion type="int" >10003</id_poblacion><id_prov type="smallint" >1501</id_prov><name_pob type="varchar"  label="City">New Roads</name_pob><ind_active type="tinyint"  label="Active">1</ind_active></row>
<row><id_poblacion type="int" >10005</id_poblacion><id_prov type="smallint" >1502</id_prov><name_pob type="varchar"  label="City">Edna</name_pob><ind_active type="tinyint"  label="Active">1</ind_active></row>
<row><id_poblacion type="int" >10006</id_poblacion><id_prov type="smallint" >1502</id_prov><name_pob type="varchar"  label="City">Gainesboro</name_pob><ind_active type="tinyint"  label="Active">1</ind_active></row>
<row><id_poblacion type="int" >10007</id_poblacion><id_prov type="smallint" >1502</id_prov><name_pob type="varchar"  label="City">Kadoka</name_pob><ind_active type="tinyint"  label="Active">1</ind_active></row>
<row><id_poblacion type="int" >10008</id_poblacion><id_prov type="smallint" >1502</id_prov><name_pob type="varchar"  label="City">Medford</name_pob><ind_active type="tinyint"  label="Active">1</ind_active></row>
<row><id_poblacion type="int" >10009</id_poblacion><id_prov type="smallint" >1502</id_prov><name_pob type="varchar"  label="City">Sylva</name_pob><ind_active type="tinyint"  label="Active">1</ind_active></row>
<row><id_poblacion type="int" >10011</id_poblacion><id_prov type="smallint" >1502</id_prov><name_pob type="varchar"  label="City">Ripley</name_pob><ind_active type="tinyint"  label="Active">1</ind_active></row>
<row><id_poblacion type="int" >10012</id_poblacion><id_prov type="smallint" >1502</id_prov><name_pob type="varchar"  label="City">Pascagoula</name_pob><ind_active type="tinyint"  label="Active">1</ind_active></row>
<row><id_poblacion type="int" >10013</id_poblacion><id_prov type="smallint" >1502</id_prov><name_pob type="varchar"  label="City">Independenc</name_pob><ind_active type="tinyint"  label="Active">1</ind_active></row>
<row><id_poblacion type="int" >10014</id_poblacion><id_prov type="smallint" >1502</id_prov><name_pob type="varchar"  label="City">Black River</name_pob><ind_active type="tinyint"  label="Active">1</ind_active></row>
<row><id_poblacion type="int" >10015</id_poblacion><id_prov type="smallint" >1502</id_prov><name_pob type="varchar"  label="City">Marianna</name_pob><ind_active type="tinyint"  label="Active">1</ind_active></row>
<row><id_poblacion type="int" >10017</id_poblacion><id_prov type="smallint" >1502</id_prov><name_pob type="varchar"  label="City">Altus</name_pob><ind_active type="tinyint"  label="Active">1</ind_active></row>
<row><id_poblacion type="int" >10018</id_poblacion><id_prov type="smallint" >1502</id_prov><name_pob type="varchar"  label="City">Scottsboro</name_pob><ind_active type="tinyint"  label="Active">1</ind_active></row>
<row><id_poblacion type="int" >10019</id_poblacion><id_prov type="smallint" >1502</id_prov><name_pob type="varchar"  label="City">Walden</name_pob><ind_active type="tinyint"  label="Active">1</ind_active></row>
<row><id_poblacion type="int" >10020</id_poblacion><id_prov type="smallint" >1502</id_prov><name_pob type="varchar"  label="City">Jefferson</name_pob><ind_active type="tinyint"  label="Active">1</ind_active></row>
<row><id_poblacion type="int" >10021</id_poblacion><id_prov type="smallint" >1502</id_prov><name_pob type="varchar"  label="City">Maquoketa</name_pob><ind_active type="tinyint"  label="Active">1</ind_active></row>
<row><id_poblacion type="int" >10022</id_poblacion><id_prov type="smallint" >1502</id_prov><name_pob type="varchar"  label="City">Murphysboro</name_pob><ind_active type="tinyint"  label="Active">1</ind_active></row>
<row><id_poblacion type="int" >10023</id_poblacion><id_prov type="smallint" >1502</id_prov><name_pob type="varchar"  label="City">Brownstown</name_pob><ind_active type="tinyint"  label="Active">1</ind_active></row>
<row><id_poblacion type="int" >10024</id_poblacion><id_prov type="smallint" >1502</id_prov><name_pob type="varchar"  label="City">Holton</name_pob><ind_active type="tinyint"  label="Active">1</ind_active></row>
<row><id_poblacion type="int" >10025</id_poblacion><id_prov type="smallint" >1502</id_prov><name_pob type="varchar"  label="City">McKee</name_pob><ind_active type="tinyint"  label="Active">1</ind_active></row>
<row><id_poblacion type="int" >10026</id_poblacion><id_prov type="smallint" >1502</id_prov><name_pob type="varchar"  label="City">Jonesboro</name_pob><ind_active type="tinyint"  label="Active">1</ind_active></row>
<row><id_poblacion type="int" >10027</id_poblacion><id_prov type="smallint" >1502</id_prov><name_pob type="varchar"  label="City">Newport</name_pob><ind_active type="tinyint"  label="Active">1</ind_active></row>
<row><id_poblacion type="int" >10028</id_poblacion><id_prov type="smallint" >1503</id_prov><name_pob type="varchar"  label="City">Plaquemine</name_pob><ind_active type="tinyint"  label="Active">1</ind_active></row>
<row><id_poblacion type="int" >10029</id_poblacion><id_prov type="smallint" >1504</id_prov><name_pob type="varchar"  label="City">Anadarko</name_pob><ind_active type="tinyint"  label="Active">1</ind_active></row>
<row><id_poblacion type="int" >10030</id_poblacion><id_prov type="smallint" >1504</id_prov><name_pob type="varchar"  label="City">Shreveport</name_pob><ind_active type="tinyint"  label="Active">1</ind_active></row>
<row><id_poblacion type="int" >10031</id_poblacion><id_prov type="smallint" >1505</id_prov><name_pob type="varchar"  label="City">Cameron</name_pob><ind_active type="tinyint"  label="Active">1</ind_active></row>
<row><id_poblacion type="int" >10032</id_poblacion><id_prov type="smallint" >1505</id_prov><name_pob type="varchar"  label="City">Emporium</name_pob><ind_active type="tinyint"  label="Active">1</ind_active></row>
<row><id_poblacion type="int" >10033</id_poblacion><id_prov type="smallint" >1505</id_prov><name_pob type="varchar"  label="City">Brownsville</name_pob><ind_active type="tinyint"  label="Active">1</ind_active></row>
<row><id_poblacion type="int" >10034</id_poblacion><id_prov type="smallint" >1506</id_prov><name_pob type="varchar"  label="City">Mayo</name_pob><ind_active type="tinyint"  label="Active">1</ind_active></row>
<row><id_poblacion type="int" >10035</id_poblacion><id_prov type="smallint" >1506</id_prov><name_pob type="varchar"  label="City">Lewisville</name_pob><ind_active type="tinyint"  label="Active">1</ind_active></row>
<row><id_poblacion type="int" >10036</id_poblacion><id_prov type="smallint" >1506</id_prov><name_pob type="varchar"  label="City">Darlington</name_pob><ind_active type="tinyint"  label="Active">1</ind_active></row>
<row><id_poblacion type="int" >10037</id_poblacion><id_prov type="smallint" >1506</id_prov><name_pob type="varchar"  label="City">Oxford</name_pob><ind_active type="tinyint"  label="Active">1</ind_active></row>
<row><id_poblacion type="int" >10038</id_poblacion><id_prov type="smallint" >1506</id_prov><name_pob type="varchar"  label="City">Lexington</name_pob><ind_active type="tinyint"  label="Active">1</ind_active></row>
<row><id_poblacion type="int" >10039</id_poblacion><id_prov type="smallint" >1506</id_prov><name_pob type="varchar"  label="City">Lafayette</name_pob><ind_active type="tinyint"  label="Active">1</ind_active></row>
<row><id_poblacion type="int" >10040</id_poblacion><id_prov type="smallint" >1507</id_prov><name_pob type="varchar"  label="City">Coushatta</name_pob><ind_active type="tinyint"  label="Active">1</ind_active></row>
<row><id_poblacion type="int" >10041</id_poblacion><id_prov type="smallint" >1507</id_prov><name_pob type="varchar"  label="City">Clarksville</name_pob><ind_active type="tinyint"  label="Active">1</ind_active></row>
<row><id_poblacion type="int" >10042</id_poblacion><id_prov type="smallint" >1508</id_prov><name_pob type="varchar"  label="City">Danville</name_pob><ind_active type="tinyint"  label="Active">1</ind_active></row>
<row><id_poblacion type="int" >10043</id_poblacion><id_prov type="smallint" >1508</id_prov><name_pob type="varchar"  label="City">Abbeville</name_pob><ind_active type="tinyint"  label="Active">1</ind_active></row>
<row><id_poblacion type="int" >10044</id_poblacion><id_prov type="smallint" >1509</id_prov><name_pob type="varchar"  label="City">Edgard</name_pob><ind_active type="tinyint"  label="Active">1</ind_active></row>
<row><id_poblacion type="int" >10045</id_poblacion><id_prov type="smallint" >1510</id_prov><name_pob type="varchar"  label="City">Leesville</name_pob><ind_active type="tinyint"  label="Active">1</ind_active></row>
<row><id_poblacion type="int" >10046</id_poblacion><id_prov type="smallint" >1510</id_prov><name_pob type="varchar"  label="City">Nevada</name_pob><ind_active type="tinyint"  label="Active">1</ind_active></row>
<row><id_poblacion type="int" >10047</id_poblacion><id_prov type="smallint" >1510</id_prov><name_pob type="varchar"  label="City">Viroqua</name_pob><ind_active type="tinyint"  label="Active">1</ind_active></row>
<row><id_poblacion type="int" >10048</id_poblacion><id_prov type="smallint" >1511</id_prov><name_pob type="varchar"  label="City">Benton</name_pob><ind_active type="tinyint"  label="Active">1</ind_active></row>
<row><id_poblacion type="int" >10049</id_poblacion><id_prov type="smallint" >1512</id_prov><name_pob type="varchar"  label="City">North Platt</name_pob><ind_active type="tinyint"  label="Active">1</ind_active></row>
<row><id_poblacion type="int" >10050</id_poblacion><id_prov type="smallint" >1512</id_prov><name_pob type="varchar"  label="City">Kemmerer</name_pob><ind_active type="tinyint"  label="Active">1</ind_active></row>
<row><id_poblacion type="int" >10051</id_poblacion><id_prov type="smallint" >1512</id_prov><name_pob type="varchar"  label="City">Hamlin</name_pob><ind_active type="tinyint"  label="Active">1</ind_active></row>
<row><id_poblacion type="int" >10052</id_poblacion><id_prov type="smallint" >1512</id_prov><name_pob type="varchar"  label="City">Merrill</name_pob><ind_active type="tinyint"  label="Active">1</ind_active></row>
<row><id_poblacion type="int" >10053</id_poblacion><id_prov type="smallint" >1512</id_prov><name_pob type="varchar"  label="City">Davenport</name_pob><ind_active type="tinyint"  label="Active">1</ind_active></row>
<row><id_poblacion type="int" >10054</id_poblacion><id_prov type="smallint" >1512</id_prov><name_pob type="varchar"  label="City">Fayettevill</name_pob><ind_active type="tinyint"  label="Active">1</ind_active></row>
<row><id_poblacion type="int" >10055</id_poblacion><id_prov type="smallint" >1512</id_prov><name_pob type="varchar"  label="City">Canton</name_pob><ind_active type="tinyint"  label="Active">1</ind_active></row>
<row><id_poblacion type="int" >10056</id_poblacion><id_prov type="smallint" >1512</id_prov><name_pob type="varchar"  label="City">Newport</name_pob><ind_active type="tinyint"  label="Active">1</ind_active></row>
<row><id_poblacion type="int" >10057</id_poblacion><id_prov type="smallint" >1512</id_prov><name_pob type="varchar"  label="City">Chandler</name_pob><ind_active type="tinyint"  label="Active">1</ind_active></row>
<row><id_poblacion type="int" >10058</id_poblacion><id_prov type="smallint" >1512</id_prov><name_pob type="varchar"  label="City">Pioche</name_pob><ind_active type="tinyint"  label="Active">1</ind_active></row>
<row><id_poblacion type="int" >10059</id_poblacion><id_prov type="smallint" >1512</id_prov><name_pob type="varchar"  label="City">Carrizozo</name_pob><ind_active type="tinyint"  label="Active">1</ind_active></row>
<row><id_poblacion type="int" >10060</id_poblacion><id_prov type="smallint" >1512</id_prov><name_pob type="varchar"  label="City">Wiscasset</name_pob><ind_active type="tinyint"  label="Active">1</ind_active></row>
<row><id_poblacion type="int" >10063</id_poblacion><id_prov type="smallint" >1512</id_prov><name_pob type="varchar"  label="City">Hugo</name_pob><ind_active type="tinyint"  label="Active">1</ind_active></row>
<row><id_poblacion type="int" >10064</id_poblacion><id_prov type="smallint" >1512</id_prov><name_pob type="varchar"  label="City">Shoshone</name_pob><ind_active type="tinyint"  label="Active">1</ind_active></row>
<row><id_poblacion type="int" >10065</id_poblacion><id_prov type="smallint" >1512</id_prov><name_pob type="varchar"  label="City">Lincoln</name_pob><ind_active type="tinyint"  label="Active">1</ind_active></row>
<row><id_poblacion type="int" >10066</id_poblacion><id_prov type="smallint" >1512</id_prov><name_pob type="varchar"  label="City">Stanford</name_pob><ind_active type="tinyint"  label="Active">1</ind_active></row>
<row><id_poblacion type="int" >10067</id_poblacion><id_prov type="smallint" >1512</id_prov><name_pob type="varchar"  label="City">Troy</name_pob><ind_active type="tinyint"  label="Active">1</ind_active></row>
<row><id_poblacion type="int" >10068</id_poblacion><id_prov type="smallint" >1512</id_prov><name_pob type="varchar"  label="City">Ivanhoe</name_pob><ind_active type="tinyint"  label="Active">1</ind_active></row>
<row><id_poblacion type="int" >10069</id_poblacion><id_prov type="smallint" >1512</id_prov><name_pob type="varchar"  label="City">Star City</name_pob><ind_active type="tinyint"  label="Active">1</ind_active></row>
<row><id_poblacion type="int" >10070</id_poblacion><id_prov type="smallint" >1512</id_prov><name_pob type="varchar"  label="City">Brookhaven</name_pob><ind_active type="tinyint"  label="Active">1</ind_active></row>
<row><id_poblacion type="int" >10071</id_poblacion><id_prov type="smallint" >1512</id_prov><name_pob type="varchar"  label="City">Libby</name_pob><ind_active type="tinyint"  label="Active">1</ind_active></row>
<row><id_poblacion type="int" >10072</id_poblacion><id_prov type="smallint" >1512</id_prov><name_pob type="varchar"  label="City">Ruston</name_pob><ind_active type="tinyint"  label="Active">1</ind_active></row>
<row><id_poblacion type="int" >10073</id_poblacion><id_prov type="smallint" >1513</id_prov><name_pob type="varchar"  label="City">Alexandria</name_pob><ind_active type="tinyint"  label="Active">1</ind_active></row>
<row><id_poblacion type="int" >10074</id_poblacion><id_prov type="smallint" >1514</id_prov><name_pob type="varchar"  label="City">Fort Dodge</name_pob><ind_active type="tinyint"  label="Active">1</ind_active></row>
<row><id_poblacion type="int" >10075</id_poblacion><id_prov type="smallint" >1514</id_prov><name_pob type="varchar"  label="City">Dixon</name_pob><ind_active type="tinyint"  label="Active">1</ind_active></row>
<row><id_poblacion type="int" >10076</id_poblacion><id_prov type="smallint" >1514</id_prov><name_pob type="varchar"  label="City">Minden</name_pob><ind_active type="tinyint"  label="Active">1</ind_active></row>
<row><id_poblacion type="int" >10077</id_poblacion><id_prov type="smallint" >1514</id_prov><name_pob type="varchar"  label="City">Marshfield</name_pob><ind_active type="tinyint"  label="Active">1</ind_active></row>
<row><id_poblacion type="int" >10078</id_poblacion><id_prov type="smallint" >1514</id_prov><name_pob type="varchar"  label="City">Walthall</name_pob><ind_active type="tinyint"  label="Active">1</ind_active></row>
<row><id_poblacion type="int" >10079</id_poblacion><id_prov type="smallint" >1514</id_prov><name_pob type="varchar"  label="City">Red Cloud</name_pob><ind_active type="tinyint"  label="Active">1</ind_active></row>
<row><id_poblacion type="int" >10080</id_poblacion><id_prov type="smallint" >1514</id_prov><name_pob type="varchar"  label="City">Webster Spr</name_pob><ind_active type="tinyint"  label="Active">1</ind_active></row>
<row><id_poblacion type="int" >10081</id_poblacion><id_prov type="smallint" >1514</id_prov><name_pob type="varchar"  label="City">Preston</name_pob><ind_active type="tinyint"  label="Active">1</ind_active></row>
<row><id_poblacion type="int" >10082</id_poblacion><id_prov type="smallint" >1515</id_prov><name_pob type="varchar"  label="City">Natchitoche</name_pob><ind_active type="tinyint"  label="Active">1</ind_active></row>
<row><id_poblacion type="int" >10083</id_poblacion><id_prov type="smallint" >1516</id_prov><name_pob type="varchar"  label="City">Crowley</name_pob><ind_active type="tinyint"  label="Active">1</ind_active></row>
<row><id_poblacion type="int" >10084</id_poblacion><id_prov type="smallint" >1517</id_prov><name_pob type="varchar"  label="City">Hemphill</name_pob><ind_active type="tinyint"  label="Active">1</ind_active></row>
<row><id_poblacion type="int" >10085</id_poblacion><id_prov type="smallint" >1517</id_prov><name_pob type="varchar"  label="City">Many</name_pob><ind_active type="tinyint"  label="Active">1</ind_active></row>
<row><id_poblacion type="int" >10086</id_poblacion><id_prov type="smallint" >1518</id_prov><name_pob type="varchar"  label="City">De Ridder</name_pob><ind_active type="tinyint"  label="Active">1</ind_active></row>
<row><id_poblacion type="int" >10087</id_poblacion><id_prov type="smallint" >1519</id_prov><name_pob type="varchar"  label="City">Saint Franc</name_pob><ind_active type="tinyint"  label="Active">1</ind_active></row>
<row><id_poblacion type="int" >10088</id_poblacion><id_prov type="smallint" >1520</id_prov><name_pob type="varchar"  label="City">New Iberia</name_pob><ind_active type="tinyint"  label="Active">1</ind_active></row>
<row><id_poblacion type="int" >10089</id_poblacion><id_prov type="smallint" >1521</id_prov><name_pob type="varchar"  label="City">Lima</name_pob><ind_active type="tinyint"  label="Active">1</ind_active></row>
<row><id_poblacion type="int" >10090</id_poblacion><id_prov type="smallint" >1521</id_prov><name_pob type="varchar"  label="City">Oberlin</name_pob><ind_active type="tinyint"  label="Active">1</ind_active></row>
<row><id_poblacion type="int" >10091</id_poblacion><id_prov type="smallint" >1521</id_prov><name_pob type="varchar"  label="City">Scottsville</name_pob><ind_active type="tinyint"  label="Active">1</ind_active></row>
<row><id_poblacion type="int" >10092</id_poblacion><id_prov type="smallint" >1521</id_prov><name_pob type="varchar"  label="City">Iola</name_pob><ind_active type="tinyint"  label="Active">1</ind_active></row>
<row><id_poblacion type="int" >10093</id_poblacion><id_prov type="smallint" >1521</id_prov><name_pob type="varchar"  label="City">Fort Wayne</name_pob><ind_active type="tinyint"  label="Active">1</ind_active></row>
<row><id_poblacion type="int" >10094</id_poblacion><id_prov type="smallint" >1522</id_prov><name_pob type="varchar"  label="City">Chalmette</name_pob><ind_active type="tinyint"  label="Active">1</ind_active></row>
<row><id_poblacion type="int" >10095</id_poblacion><id_prov type="smallint" >1523</id_prov><name_pob type="varchar"  label="City">Saint Charl</name_pob><ind_active type="tinyint"  label="Active">1</ind_active></row>
<row><id_poblacion type="int" >10096</id_poblacion><id_prov type="smallint" >1523</id_prov><name_pob type="varchar"  label="City">Hahnville</name_pob><ind_active type="tinyint"  label="Active">1</ind_active></row>
<row><id_poblacion type="int" >10097</id_poblacion><id_prov type="smallint" >1524</id_prov><name_pob type="varchar"  label="City">Lake Charle</name_pob><ind_active type="tinyint"  label="Active">1</ind_active></row>
<row><id_poblacion type="int" >10098</id_poblacion><id_prov type="smallint" >1525</id_prov><name_pob type="varchar"  label="City">Greensburg</name_pob><ind_active type="tinyint"  label="Active">1</ind_active></row>
<row><id_poblacion type="int" >10099</id_poblacion><id_prov type="smallint" >1526</id_prov><name_pob type="varchar"  label="City">Marksville</name_pob><ind_active type="tinyint"  label="Active">1</ind_active></row>
<row><id_poblacion type="int" >10100</id_poblacion><id_prov type="smallint" >1527</id_prov><name_pob type="varchar"  label="City">Monroe</name_pob><ind_active type="tinyint"  label="Active">1</ind_active></row>
<row><id_poblacion type="int" >10101</id_poblacion><id_prov type="smallint" >1527</id_prov><name_pob type="varchar"  label="City">Maynardvill</name_pob><ind_active type="tinyint"  label="Active">1</ind_active></row>
<row><id_poblacion type="int" >10102</id_poblacion><id_prov type="smallint" >1527</id_prov><name_pob type="varchar"  label="City">Elk Point</name_pob><ind_active type="tinyint"  label="Active">1</ind_active></row>
<row><id_poblacion type="int" >10103</id_poblacion><id_prov type="smallint" >1527</id_prov><name_pob type="varchar"  label="City">Union</name_pob><ind_active type="tinyint"  label="Active">1</ind_active></row>
<row><id_poblacion type="int" >10104</id_poblacion><id_prov type="smallint" >1527</id_prov><name_pob type="varchar"  label="City">Lewisburg</name_pob><ind_active type="tinyint"  label="Active">1</ind_active></row>
<row><id_poblacion type="int" >10105</id_poblacion><id_prov type="smallint" >1527</id_prov><name_pob type="varchar"  label="City">La Grande</name_pob><ind_active type="tinyint"  label="Active">1</ind_active></row>
<row><id_poblacion type="int" >10106</id_poblacion><id_prov type="smallint" >1527</id_prov><name_pob type="varchar"  label="City">Marysville</name_pob><ind_active type="tinyint"  label="Active">1</ind_active></row>
<row><id_poblacion type="int" >10107</id_poblacion><id_prov type="smallint" >1527</id_prov><name_pob type="varchar"  label="City">Elizabeth</name_pob><ind_active type="tinyint"  label="Active">1</ind_active></row>
<row><id_poblacion type="int" >10108</id_poblacion><id_prov type="smallint" >1527</id_prov><name_pob type="varchar"  label="City">New Albany</name_pob><ind_active type="tinyint"  label="Active">1</ind_active></row>
<row><id_poblacion type="int" >10109</id_poblacion><id_prov type="smallint" >1527</id_prov><name_pob type="varchar"  label="City">Farmerville</name_pob><ind_active type="tinyint"  label="Active">1</ind_active></row>
<row><id_poblacion type="int" >10110</id_poblacion><id_prov type="smallint" >1527</id_prov><name_pob type="varchar"  label="City">Morganfield</name_pob><ind_active type="tinyint"  label="Active">1</ind_active></row>
<row><id_poblacion type="int" >10111</id_poblacion><id_prov type="smallint" >1527</id_prov><name_pob type="varchar"  label="City">Liberty</name_pob><ind_active type="tinyint"  label="Active">1</ind_active></row>
<row><id_poblacion type="int" >10112</id_poblacion><id_prov type="smallint" >1527</id_prov><name_pob type="varchar"  label="City">Jonesboro</name_pob><ind_active type="tinyint"  label="Active">1</ind_active></row>
<row><id_poblacion type="int" >10113</id_poblacion><id_prov type="smallint" >1527</id_prov><name_pob type="varchar"  label="City">Creston</name_pob><ind_active type="tinyint"  label="Active">1</ind_active></row>
<row><id_poblacion type="int" >10114</id_poblacion><id_prov type="smallint" >1527</id_prov><name_pob type="varchar"  label="City">Blairsville</name_pob><ind_active type="tinyint"  label="Active">1</ind_active></row>
<row><id_poblacion type="int" >10115</id_poblacion><id_prov type="smallint" >1527</id_prov><name_pob type="varchar"  label="City">Lake Butler</name_pob><ind_active type="tinyint"  label="Active">1</ind_active></row>
<row><id_poblacion type="int" >10116</id_poblacion><id_prov type="smallint" >1527</id_prov><name_pob type="varchar"  label="City">El Dorado</name_pob><ind_active type="tinyint"  label="Active">1</ind_active></row>
<row><id_poblacion type="int" >10117</id_poblacion><id_prov type="smallint" >1527</id_prov><name_pob type="varchar"  label="City">Clayton</name_pob><ind_active type="tinyint"  label="Active">1</ind_active></row>
<row><id_poblacion type="int" >10118</id_poblacion><id_prov type="smallint" >1528</id_prov><name_pob type="varchar"  label="City">Pointe a la</name_pob><ind_active type="tinyint"  label="Active">1</ind_active></row>
<row><id_poblacion type="int" >10119</id_poblacion><id_prov type="smallint" >1529</id_prov><name_pob type="varchar"  label="City">Convent</name_pob><ind_active type="tinyint"  label="Active">1</ind_active></row>
<row><id_poblacion type="int" >10120</id_poblacion><id_prov type="smallint" >1530</id_prov><name_pob type="varchar"  label="City">Monroe</name_pob><ind_active type="tinyint"  label="Active">1</ind_active></row>
<row><id_poblacion type="int" >10121</id_poblacion><id_prov type="smallint" >1530</id_prov><name_pob type="varchar"  label="City">Camden</name_pob><ind_active type="tinyint"  label="Active">1</ind_active></row>
<row><id_poblacion type="int" >10122</id_poblacion><id_prov type="smallint" >1531</id_prov><name_pob type="varchar"  label="City">Carnesville</name_pob><ind_active type="tinyint"  label="Active">1</ind_active></row>
<row><id_poblacion type="int" >10123</id_poblacion><id_prov type="smallint" >1531</id_prov><name_pob type="varchar"  label="City">Louisburg</name_pob><ind_active type="tinyint"  label="Active">1</ind_active></row>
<row><id_poblacion type="int" >10125</id_poblacion><id_prov type="smallint" >1531</id_prov><name_pob type="varchar"  label="City">Malone</name_pob><ind_active type="tinyint"  label="Active">1</ind_active></row>
<row><id_poblacion type="int" >10126</id_poblacion><id_prov type="smallint" >1531</id_prov><name_pob type="varchar"  label="City">Columbus</name_pob><ind_active type="tinyint"  label="Active">1</ind_active></row>
<row><id_poblacion type="int" >10127</id_poblacion><id_prov type="smallint" >1531</id_prov><name_pob type="varchar"  label="City">Chambersbur</name_pob><ind_active type="tinyint"  label="Active">1</ind_active></row>
<row><id_poblacion type="int" >10128</id_poblacion><id_prov type="smallint" >1531</id_prov><name_pob type="varchar"  label="City">Winchester</name_pob><ind_active type="tinyint"  label="Active">1</ind_active></row>
<row><id_poblacion type="int" >10129</id_poblacion><id_prov type="smallint" >1531</id_prov><name_pob type="varchar"  label="City">Mount Verno</name_pob><ind_active type="tinyint"  label="Active">1</ind_active></row>
<row><id_poblacion type="int" >10130</id_poblacion><id_prov type="smallint" >1531</id_prov><name_pob type="varchar"  label="City">Rocky Mount</name_pob><ind_active type="tinyint"  label="Active">1</ind_active></row>
<row><id_poblacion type="int" >10132</id_poblacion><id_prov type="smallint" >1531</id_prov><name_pob type="varchar"  label="City">Saint Alban</name_pob><ind_active type="tinyint"  label="Active">1</ind_active></row>
<row><id_poblacion type="int" >10133</id_poblacion><id_prov type="smallint" >1531</id_prov><name_pob type="varchar"  label="City">Meadville</name_pob><ind_active type="tinyint"  label="Active">1</ind_active></row>
<row><id_poblacion type="int" >10134</id_poblacion><id_prov type="smallint" >1531</id_prov><name_pob type="varchar"  label="City">Pasco</name_pob><ind_active type="tinyint"  label="Active">1</ind_active></row>
<row><id_poblacion type="int" >10135</id_poblacion><id_prov type="smallint" >1531</id_prov><name_pob type="varchar"  label="City">Benton</name_pob><ind_active type="tinyint"  label="Active">1</ind_active></row>
<row><id_poblacion type="int" >10136</id_poblacion><id_prov type="smallint" >1531</id_prov><name_pob type="varchar"  label="City">Russellvill</name_pob><ind_active type="tinyint"  label="Active">1</ind_active></row>
<row><id_poblacion type="int" >10137</id_poblacion><id_prov type="smallint" >1531</id_prov><name_pob type="varchar"  label="City">Charleston,</name_pob><ind_active type="tinyint"  label="Active">1</ind_active></row>
<row><id_poblacion type="int" >10138</id_poblacion><id_prov type="smallint" >1531</id_prov><name_pob type="varchar"  label="City">Preston</name_pob><ind_active type="tinyint"  label="Active">1</ind_active></row>
<row><id_poblacion type="int" >10139</id_poblacion><id_prov type="smallint" >1531</id_prov><name_pob type="varchar"  label="City">Hampton</name_pob><ind_active type="tinyint"  label="Active">1</ind_active></row>
<row><id_poblacion type="int" >10140</id_poblacion><id_prov type="smallint" >1531</id_prov><name_pob type="varchar"  label="City">Union</name_pob><ind_active type="tinyint"  label="Active">1</ind_active></row>
<row><id_poblacion type="int" >10141</id_poblacion><id_prov type="smallint" >1531</id_prov><name_pob type="varchar"  label="City">Brookville</name_pob><ind_active type="tinyint"  label="Active">1</ind_active></row>
<row><id_poblacion type="int" >10142</id_poblacion><id_prov type="smallint" >1531</id_prov><name_pob type="varchar"  label="City">Ottawa</name_pob><ind_active type="tinyint"  label="Active">1</ind_active></row>
<row><id_poblacion type="int" >10143</id_poblacion><id_prov type="smallint" >1531</id_prov><name_pob type="varchar"  label="City">Frankfort</name_pob><ind_active type="tinyint"  label="Active">1</ind_active></row>
<row><id_poblacion type="int" >10144</id_poblacion><id_prov type="smallint" >1531</id_prov><name_pob type="varchar"  label="City">Winnsboro</name_pob><ind_active type="tinyint"  label="Active">1</ind_active></row>
<row><id_poblacion type="int" >10145</id_poblacion><id_prov type="smallint" >1531</id_prov><name_pob type="varchar"  label="City">Greenfield</name_pob><ind_active type="tinyint"  label="Active">1</ind_active></row>
<row><id_poblacion type="int" >10146</id_poblacion><id_prov type="smallint" >1531</id_prov><name_pob type="varchar"  label="City">Farmington</name_pob><ind_active type="tinyint"  label="Active">1</ind_active></row>
<row><id_poblacion type="int" >10147</id_poblacion><id_prov type="smallint" >1531</id_prov><name_pob type="varchar"  label="City">Apalachicol</name_pob><ind_active type="tinyint"  label="Active">1</ind_active></row>
</poblacion>
</root>