<?xml version="1.0" encoding="UTF-8"?>
<root>
<poblacion>
<row><id_poblacion type="int" >10148</id_poblacion><id_prov type="smallint" >1532</id_prov><name_pob type="varchar"  label="City">Toledo</name_pob><ind_active type="tinyint"  label="Active">1</ind_active></row>
<row><id_poblacion type="int" >10149</id_poblacion><id_prov type="smallint" >1532</id_prov><name_pob type="varchar"  label="City">Burkesville</name_pob><ind_active type="tinyint"  label="Active">1</ind_active></row>
<row><id_poblacion type="int" >10150</id_poblacion><id_prov type="smallint" >1532</id_prov><name_pob type="varchar"  label="City">Portland</name_pob><ind_active type="tinyint"  label="Active">1</ind_active></row>
<row><id_poblacion type="int" >10151</id_poblacion><id_prov type="smallint" >1532</id_prov><name_pob type="varchar"  label="City">Fayettevill</name_pob><ind_active type="tinyint"  label="Active">1</ind_active></row>
<row><id_poblacion type="int" >10152</id_poblacion><id_prov type="smallint" >1532</id_prov><name_pob type="varchar"  label="City">Bridgeton</name_pob><ind_active type="tinyint"  label="Active">1</ind_active></row>
<row><id_poblacion type="int" >10153</id_poblacion><id_prov type="smallint" >1532</id_prov><name_pob type="varchar"  label="City">Carlisle</name_pob><ind_active type="tinyint"  label="Active">1</ind_active></row>
<row><id_poblacion type="int" >10154</id_poblacion><id_prov type="smallint" >1532</id_prov><name_pob type="varchar"  label="City">Crossville</name_pob><ind_active type="tinyint"  label="Active">1</ind_active></row>
<row><id_poblacion type="int" >10155</id_poblacion><id_prov type="smallint" >1532</id_prov><name_pob type="varchar"  label="City">Cumberland</name_pob><ind_active type="tinyint"  label="Active">1</ind_active></row>
<row><id_poblacion type="int" >10156</id_poblacion><id_prov type="smallint" >1533</id_prov><name_pob type="varchar"  label="City">Belfast</name_pob><ind_active type="tinyint"  label="Active">1</ind_active></row>
<row><id_poblacion type="int" >10157</id_poblacion><id_prov type="smallint" >1534</id_prov><name_pob type="varchar"  label="City">Carnesville</name_pob><ind_active type="tinyint"  label="Active">1</ind_active></row>
<row><id_poblacion type="int" >10158</id_poblacion><id_prov type="smallint" >1534</id_prov><name_pob type="varchar"  label="City">Louisburg</name_pob><ind_active type="tinyint"  label="Active">1</ind_active></row>
<row><id_poblacion type="int" >10160</id_poblacion><id_prov type="smallint" >1534</id_prov><name_pob type="varchar"  label="City">Malone</name_pob><ind_active type="tinyint"  label="Active">1</ind_active></row>
<row><id_poblacion type="int" >10161</id_poblacion><id_prov type="smallint" >1534</id_prov><name_pob type="varchar"  label="City">Columbus</name_pob><ind_active type="tinyint"  label="Active">1</ind_active></row>
<row><id_poblacion type="int" >10162</id_poblacion><id_prov type="smallint" >1534</id_prov><name_pob type="varchar"  label="City">Chambersbur</name_pob><ind_active type="tinyint"  label="Active">1</ind_active></row>
<row><id_poblacion type="int" >10163</id_poblacion><id_prov type="smallint" >1534</id_prov><name_pob type="varchar"  label="City">Winchester</name_pob><ind_active type="tinyint"  label="Active">1</ind_active></row>
<row><id_poblacion type="int" >10164</id_poblacion><id_prov type="smallint" >1534</id_prov><name_pob type="varchar"  label="City">Mount Verno</name_pob><ind_active type="tinyint"  label="Active">1</ind_active></row>
<row><id_poblacion type="int" >10165</id_poblacion><id_prov type="smallint" >1534</id_prov><name_pob type="varchar"  label="City">Rocky Mount</name_pob><ind_active type="tinyint"  label="Active">1</ind_active></row>
<row><id_poblacion type="int" >10167</id_poblacion><id_prov type="smallint" >1534</id_prov><name_pob type="varchar"  label="City">Saint Alban</name_pob><ind_active type="tinyint"  label="Active">1</ind_active></row>
<row><id_poblacion type="int" >10168</id_poblacion><id_prov type="smallint" >1534</id_prov><name_pob type="varchar"  label="City">Meadville</name_pob><ind_active type="tinyint"  label="Active">1</ind_active></row>
<row><id_poblacion type="int" >10169</id_poblacion><id_prov type="smallint" >1534</id_prov><name_pob type="varchar"  label="City">Pasco</name_pob><ind_active type="tinyint"  label="Active">1</ind_active></row>
<row><id_poblacion type="int" >10170</id_poblacion><id_prov type="smallint" >1534</id_prov><name_pob type="varchar"  label="City">Benton</name_pob><ind_active type="tinyint"  label="Active">1</ind_active></row>
<row><id_poblacion type="int" >10171</id_poblacion><id_prov type="smallint" >1534</id_prov><name_pob type="varchar"  label="City">Russellvill</name_pob><ind_active type="tinyint"  label="Active">1</ind_active></row>
<row><id_poblacion type="int" >10172</id_poblacion><id_prov type="smallint" >1534</id_prov><name_pob type="varchar"  label="City">Charleston,</name_pob><ind_active type="tinyint"  label="Active">1</ind_active></row>
<row><id_poblacion type="int" >10173</id_poblacion><id_prov type="smallint" >1534</id_prov><name_pob type="varchar"  label="City">Preston</name_pob><ind_active type="tinyint"  label="Active">1</ind_active></row>
<row><id_poblacion type="int" >10174</id_poblacion><id_prov type="smallint" >1534</id_prov><name_pob type="varchar"  label="City">Hampton</name_pob><ind_active type="tinyint"  label="Active">1</ind_active></row>
<row><id_poblacion type="int" >10175</id_poblacion><id_prov type="smallint" >1534</id_prov><name_pob type="varchar"  label="City">Union</name_pob><ind_active type="tinyint"  label="Active">1</ind_active></row>
<row><id_poblacion type="int" >10176</id_poblacion><id_prov type="smallint" >1534</id_prov><name_pob type="varchar"  label="City">Brookville</name_pob><ind_active type="tinyint"  label="Active">1</ind_active></row>
<row><id_poblacion type="int" >10177</id_poblacion><id_prov type="smallint" >1534</id_prov><name_pob type="varchar"  label="City">Ottawa</name_pob><ind_active type="tinyint"  label="Active">1</ind_active></row>
<row><id_poblacion type="int" >10178</id_poblacion><id_prov type="smallint" >1534</id_prov><name_pob type="varchar"  label="City">Frankfort</name_pob><ind_active type="tinyint"  label="Active">1</ind_active></row>
<row><id_poblacion type="int" >10179</id_poblacion><id_prov type="smallint" >1534</id_prov><name_pob type="varchar"  label="City">Winnsboro</name_pob><ind_active type="tinyint"  label="Active">1</ind_active></row>
<row><id_poblacion type="int" >10180</id_poblacion><id_prov type="smallint" >1534</id_prov><name_pob type="varchar"  label="City">Greenfield</name_pob><ind_active type="tinyint"  label="Active">1</ind_active></row>
<row><id_poblacion type="int" >10181</id_poblacion><id_prov type="smallint" >1534</id_prov><name_pob type="varchar"  label="City">Farmington</name_pob><ind_active type="tinyint"  label="Active">1</ind_active></row>
<row><id_poblacion type="int" >10182</id_poblacion><id_prov type="smallint" >1534</id_prov><name_pob type="varchar"  label="City">Apalachicol</name_pob><ind_active type="tinyint"  label="Active">1</ind_active></row>
<row><id_poblacion type="int" >10183</id_poblacion><id_prov type="smallint" >1535</id_prov><name_pob type="varchar"  label="City">Bangor</name_pob><ind_active type="tinyint"  label="Active">1</ind_active></row>
<row><id_poblacion type="int" >10184</id_poblacion><id_prov type="smallint" >1536</id_prov><name_pob type="varchar"  label="City">Yorktown</name_pob><ind_active type="tinyint"  label="Active">1</ind_active></row>
<row><id_poblacion type="int" >10185</id_poblacion><id_prov type="smallint" >1536</id_prov><name_pob type="varchar"  label="City">York</name_pob><ind_active type="tinyint"  label="Active">1</ind_active></row>
<row><id_poblacion type="int" >10187</id_poblacion><id_prov type="smallint" >1536</id_prov><name_pob type="varchar"  label="City">Alfred</name_pob><ind_active type="tinyint"  label="Active">1</ind_active></row>
<row><id_poblacion type="int" >10189</id_poblacion><id_prov type="smallint" >1537</id_prov><name_pob type="varchar"  label="City">Dover-Foxcr</name_pob><ind_active type="tinyint"  label="Active">1</ind_active></row>
<row><id_poblacion type="int" >10190</id_poblacion><id_prov type="smallint" >1538</id_prov><name_pob type="varchar"  label="City">South Paris</name_pob><ind_active type="tinyint"  label="Active">1</ind_active></row>
<row><id_poblacion type="int" >10191</id_poblacion><id_prov type="smallint" >1539</id_prov><name_pob type="varchar"  label="City">Ellsworth</name_pob><ind_active type="tinyint"  label="Active">1</ind_active></row>
<row><id_poblacion type="int" >10192</id_poblacion><id_prov type="smallint" >1539</id_prov><name_pob type="varchar"  label="City">Sneedville</name_pob><ind_active type="tinyint"  label="Active">1</ind_active></row>
<row><id_poblacion type="int" >10193</id_poblacion><id_prov type="smallint" >1539</id_prov><name_pob type="varchar"  label="City">Findlay</name_pob><ind_active type="tinyint"  label="Active">1</ind_active></row>
<row><id_poblacion type="int" >10194</id_poblacion><id_prov type="smallint" >1539</id_prov><name_pob type="varchar"  label="City">Bay Saint L</name_pob><ind_active type="tinyint"  label="Active">1</ind_active></row>
<row><id_poblacion type="int" >10195</id_poblacion><id_prov type="smallint" >1539</id_prov><name_pob type="varchar"  label="City">Greenfield</name_pob><ind_active type="tinyint"  label="Active">1</ind_active></row>
<row><id_poblacion type="int" >10196</id_poblacion><id_prov type="smallint" >1539</id_prov><name_pob type="varchar"  label="City">Carthage</name_pob><ind_active type="tinyint"  label="Active">1</ind_active></row>
<row><id_poblacion type="int" >10197</id_poblacion><id_prov type="smallint" >1539</id_prov><name_pob type="varchar"  label="City">Garner</name_pob><ind_active type="tinyint"  label="Active">1</ind_active></row>
<row><id_poblacion type="int" >10198</id_poblacion><id_prov type="smallint" >1539</id_prov><name_pob type="varchar"  label="City">Sparta</name_pob><ind_active type="tinyint"  label="Active">1</ind_active></row>
<row><id_poblacion type="int" >10199</id_poblacion><id_prov type="smallint" >1539</id_prov><name_pob type="varchar"  label="City">Hawesville</name_pob><ind_active type="tinyint"  label="Active">1</ind_active></row>
<row><id_poblacion type="int" >10200</id_poblacion><id_prov type="smallint" >1539</id_prov><name_pob type="varchar"  label="City">New Cumberl</name_pob><ind_active type="tinyint"  label="Active">1</ind_active></row>
<row><id_poblacion type="int" >10201</id_poblacion><id_prov type="smallint" >1540</id_prov><name_pob type="varchar"  label="City">Brenham</name_pob><ind_active type="tinyint"  label="Active">1</ind_active></row>
<row><id_poblacion type="int" >10202</id_poblacion><id_prov type="smallint" >1540</id_prov><name_pob type="varchar"  label="City">Greenville</name_pob><ind_active type="tinyint"  label="Active">1</ind_active></row>
<row><id_poblacion type="int" >10203</id_poblacion><id_prov type="smallint" >1540</id_prov><name_pob type="varchar"  label="City">Plymouth</name_pob><ind_active type="tinyint"  label="Active">1</ind_active></row>
<row><id_poblacion type="int" >10204</id_poblacion><id_prov type="smallint" >1540</id_prov><name_pob type="varchar"  label="City">Blair</name_pob><ind_active type="tinyint"  label="Active">1</ind_active></row>
<row><id_poblacion type="int" >10205</id_poblacion><id_prov type="smallint" >1540</id_prov><name_pob type="varchar"  label="City">Hudson Fall</name_pob><ind_active type="tinyint"  label="Active">1</ind_active></row>
<row><id_poblacion type="int" >10206</id_poblacion><id_prov type="smallint" >1540</id_prov><name_pob type="varchar"  label="City">Bartlesvill</name_pob><ind_active type="tinyint"  label="Active">1</ind_active></row>
<row><id_poblacion type="int" >10208</id_poblacion><id_prov type="smallint" >1540</id_prov><name_pob type="varchar"  label="City">Potosi</name_pob><ind_active type="tinyint"  label="Active">1</ind_active></row>
<row><id_poblacion type="int" >10209</id_poblacion><id_prov type="smallint" >1540</id_prov><name_pob type="varchar"  label="City">Jonesboro</name_pob><ind_active type="tinyint"  label="Active">1</ind_active></row>
<row><id_poblacion type="int" >10210</id_poblacion><id_prov type="smallint" >1540</id_prov><name_pob type="varchar"  label="City">Marietta</name_pob><ind_active type="tinyint"  label="Active">1</ind_active></row>
<row><id_poblacion type="int" >10211</id_poblacion><id_prov type="smallint" >1540</id_prov><name_pob type="varchar"  label="City">Saint Georg</name_pob><ind_active type="tinyint"  label="Active">1</ind_active></row>
<row><id_poblacion type="int" >10212</id_poblacion><id_prov type="smallint" >1540</id_prov><name_pob type="varchar"  label="City">Abingdon</name_pob><ind_active type="tinyint"  label="Active">1</ind_active></row>
<row><id_poblacion type="int" >10213</id_poblacion><id_prov type="smallint" >1540</id_prov><name_pob type="varchar"  label="City">Montpelier</name_pob><ind_active type="tinyint"  label="Active">1</ind_active></row>
<row><id_poblacion type="int" >10214</id_poblacion><id_prov type="smallint" >1540</id_prov><name_pob type="varchar"  label="City">West Bend</name_pob><ind_active type="tinyint"  label="Active">1</ind_active></row>
<row><id_poblacion type="int" >10215</id_poblacion><id_prov type="smallint" >1540</id_prov><name_pob type="varchar"  label="City">Wakefield</name_pob><ind_active type="tinyint"  label="Active">1</ind_active></row>
<row><id_poblacion type="int" >10216</id_poblacion><id_prov type="smallint" >1540</id_prov><name_pob type="varchar"  label="City">Salem</name_pob><ind_active type="tinyint"  label="Active">1</ind_active></row>
<row><id_poblacion type="int" >10217</id_poblacion><id_prov type="smallint" >1540</id_prov><name_pob type="varchar"  label="City">Fayettevill</name_pob><ind_active type="tinyint"  label="Active">1</ind_active></row>
<row><id_poblacion type="int" >10218</id_poblacion><id_prov type="smallint" >1540</id_prov><name_pob type="varchar"  label="City">Akron</name_pob><ind_active type="tinyint"  label="Active">1</ind_active></row>
<row><id_poblacion type="int" >10219</id_poblacion><id_prov type="smallint" >1540</id_prov><name_pob type="varchar"  label="City">Chipley</name_pob><ind_active type="tinyint"  label="Active">1</ind_active></row>
<row><id_poblacion type="int" >10220</id_poblacion><id_prov type="smallint" >1540</id_prov><name_pob type="varchar"  label="City">Sandersvill</name_pob><ind_active type="tinyint"  label="Active">1</ind_active></row>
<row><id_poblacion type="int" >10222</id_poblacion><id_prov type="smallint" >1540</id_prov><name_pob type="varchar"  label="City">Stillwater</name_pob><ind_active type="tinyint"  label="Active">1</ind_active></row>
<row><id_poblacion type="int" >10223</id_poblacion><id_prov type="smallint" >1540</id_prov><name_pob type="varchar"  label="City">Nashville</name_pob><ind_active type="tinyint"  label="Active">1</ind_active></row>
<row><id_poblacion type="int" >10224</id_poblacion><id_prov type="smallint" >1540</id_prov><name_pob type="varchar"  label="City">Chatom</name_pob><ind_active type="tinyint"  label="Active">1</ind_active></row>
<row><id_poblacion type="int" >10226</id_poblacion><id_prov type="smallint" >1540</id_prov><name_pob type="varchar"  label="City">Hillsboro</name_pob><ind_active type="tinyint"  label="Active">1</ind_active></row>
<row><id_poblacion type="int" >10227</id_poblacion><id_prov type="smallint" >1540</id_prov><name_pob type="varchar"  label="City">Springfield</name_pob><ind_active type="tinyint"  label="Active">1</ind_active></row>
<row><id_poblacion type="int" >10228</id_poblacion><id_prov type="smallint" >1540</id_prov><name_pob type="varchar"  label="City">Franklinton</name_pob><ind_active type="tinyint"  label="Active">1</ind_active></row>
<row><id_poblacion type="int" >10229</id_poblacion><id_prov type="smallint" >1540</id_prov><name_pob type="varchar"  label="City">Hagerstown</name_pob><ind_active type="tinyint"  label="Active">1</ind_active></row>
<row><id_poblacion type="int" >10230</id_poblacion><id_prov type="smallint" >1540</id_prov><name_pob type="varchar"  label="City">Machias</name_pob><ind_active type="tinyint"  label="Active">1</ind_active></row>
<row><id_poblacion type="int" >10231</id_poblacion><id_prov type="smallint" >1540</id_prov><name_pob type="varchar"  label="City">Weiser</name_pob><ind_active type="tinyint"  label="Active">1</ind_active></row>
<row><id_poblacion type="int" >10232</id_poblacion><id_prov type="smallint" >1541</id_prov><name_pob type="varchar"  label="City">Princess An</name_pob><ind_active type="tinyint"  label="Active">1</ind_active></row>
<row><id_poblacion type="int" >10233</id_poblacion><id_prov type="smallint" >1541</id_prov><name_pob type="varchar"  label="City">Skowhegan</name_pob><ind_active type="tinyint"  label="Active">1</ind_active></row>
<row><id_poblacion type="int" >10234</id_poblacion><id_prov type="smallint" >1541</id_prov><name_pob type="varchar"  label="City">Somerville</name_pob><ind_active type="tinyint"  label="Active">1</ind_active></row>
<row><id_poblacion type="int" >10235</id_poblacion><id_prov type="smallint" >1541</id_prov><name_pob type="varchar"  label="City">Somerset</name_pob><ind_active type="tinyint"  label="Active">1</ind_active></row>
<row><id_poblacion type="int" >10236</id_poblacion><id_prov type="smallint" >1542</id_prov><name_pob type="varchar"  label="City">Auburn</name_pob><ind_active type="tinyint"  label="Active">1</ind_active></row>
<row><id_poblacion type="int" >10237</id_poblacion><id_prov type="smallint" >1543</id_prov><name_pob type="varchar"  label="City">Center</name_pob><ind_active type="tinyint"  label="Active">1</ind_active></row>
<row><id_poblacion type="int" >10238</id_poblacion><id_prov type="smallint" >1543</id_prov><name_pob type="varchar"  label="City">Knoxville</name_pob><ind_active type="tinyint"  label="Active">1</ind_active></row>
<row><id_poblacion type="int" >10239</id_poblacion><id_prov type="smallint" >1543</id_prov><name_pob type="varchar"  label="City">Vincennes</name_pob><ind_active type="tinyint"  label="Active">1</ind_active></row>
<row><id_poblacion type="int" >10240</id_poblacion><id_prov type="smallint" >1543</id_prov><name_pob type="varchar"  label="City">Mount Verno</name_pob><ind_active type="tinyint"  label="Active">1</ind_active></row>
<row><id_poblacion type="int" >10241</id_poblacion><id_prov type="smallint" >1543</id_prov><name_pob type="varchar"  label="City">Benjamin</name_pob><ind_active type="tinyint"  label="Active">1</ind_active></row>
<row><id_poblacion type="int" >10242</id_poblacion><id_prov type="smallint" >1543</id_prov><name_pob type="varchar"  label="City">Barbourvill</name_pob><ind_active type="tinyint"  label="Active">1</ind_active></row>
<row><id_poblacion type="int" >10243</id_poblacion><id_prov type="smallint" >1543</id_prov><name_pob type="varchar"  label="City">Galesburg</name_pob><ind_active type="tinyint"  label="Active">1</ind_active></row>
<row><id_poblacion type="int" >10244</id_poblacion><id_prov type="smallint" >1543</id_prov><name_pob type="varchar"  label="City">Edina</name_pob><ind_active type="tinyint"  label="Active">1</ind_active></row>
<row><id_poblacion type="int" >10245</id_poblacion><id_prov type="smallint" >1543</id_prov><name_pob type="varchar"  label="City">Rockland</name_pob><ind_active type="tinyint"  label="Active">1</ind_active></row>
<row><id_poblacion type="int" >10246</id_poblacion><id_prov type="smallint" >1544</id_prov><name_pob type="varchar"  label="City">Augusta</name_pob><ind_active type="tinyint"  label="Active">1</ind_active></row>
<row><id_poblacion type="int" >10247</id_poblacion><id_prov type="smallint" >1545</id_prov><name_pob type="varchar"  label="City">Houlton</name_pob><ind_active type="tinyint"  label="Active">1</ind_active></row>
<row><id_poblacion type="int" >10248</id_poblacion><id_prov type="smallint" >1546</id_prov><name_pob type="varchar"  label="City">Bath</name_pob><ind_active type="tinyint"  label="Active">1</ind_active></row>
<row><id_poblacion type="int" >10249</id_poblacion><id_prov type="smallint" >1547</id_prov><name_pob type="varchar"  label="City">North Platt</name_pob><ind_active type="tinyint"  label="Active">1</ind_active></row>
<row><id_poblacion type="int" >10250</id_poblacion><id_prov type="smallint" >1547</id_prov><name_pob type="varchar"  label="City">Kemmerer</name_pob><ind_active type="tinyint"  label="Active">1</ind_active></row>
<row><id_poblacion type="int" >10251</id_poblacion><id_prov type="smallint" >1547</id_prov><name_pob type="varchar"  label="City">Hamlin</name_pob><ind_active type="tinyint"  label="Active">1</ind_active></row>
<row><id_poblacion type="int" >10252</id_poblacion><id_prov type="smallint" >1547</id_prov><name_pob type="varchar"  label="City">Merrill</name_pob><ind_active type="tinyint"  label="Active">1</ind_active></row>
<row><id_poblacion type="int" >10253</id_poblacion><id_prov type="smallint" >1547</id_prov><name_pob type="varchar"  label="City">Davenport</name_pob><ind_active type="tinyint"  label="Active">1</ind_active></row>
<row><id_poblacion type="int" >10254</id_poblacion><id_prov type="smallint" >1547</id_prov><name_pob type="varchar"  label="City">Fayettevill</name_pob><ind_active type="tinyint"  label="Active">1</ind_active></row>
<row><id_poblacion type="int" >10255</id_poblacion><id_prov type="smallint" >1547</id_prov><name_pob type="varchar"  label="City">Canton</name_pob><ind_active type="tinyint"  label="Active">1</ind_active></row>
<row><id_poblacion type="int" >10256</id_poblacion><id_prov type="smallint" >1547</id_prov><name_pob type="varchar"  label="City">Newport</name_pob><ind_active type="tinyint"  label="Active">1</ind_active></row>
<row><id_poblacion type="int" >10257</id_poblacion><id_prov type="smallint" >1547</id_prov><name_pob type="varchar"  label="City">Chandler</name_pob><ind_active type="tinyint"  label="Active">1</ind_active></row>
<row><id_poblacion type="int" >10258</id_poblacion><id_prov type="smallint" >1547</id_prov><name_pob type="varchar"  label="City">Pioche</name_pob><ind_active type="tinyint"  label="Active">1</ind_active></row>
<row><id_poblacion type="int" >10259</id_poblacion><id_prov type="smallint" >1547</id_prov><name_pob type="varchar"  label="City">Carrizozo</name_pob><ind_active type="tinyint"  label="Active">1</ind_active></row>
<row><id_poblacion type="int" >10260</id_poblacion><id_prov type="smallint" >1547</id_prov><name_pob type="varchar"  label="City">Wiscasset</name_pob><ind_active type="tinyint"  label="Active">1</ind_active></row>
<row><id_poblacion type="int" >10263</id_poblacion><id_prov type="smallint" >1547</id_prov><name_pob type="varchar"  label="City">Hugo</name_pob><ind_active type="tinyint"  label="Active">1</ind_active></row>
<row><id_poblacion type="int" >10264</id_poblacion><id_prov type="smallint" >1547</id_prov><name_pob type="varchar"  label="City">Shoshone</name_pob><ind_active type="tinyint"  label="Active">1</ind_active></row>
<row><id_poblacion type="int" >10265</id_poblacion><id_prov type="smallint" >1547</id_prov><name_pob type="varchar"  label="City">Lincoln</name_pob><ind_active type="tinyint"  label="Active">1</ind_active></row>
<row><id_poblacion type="int" >10266</id_poblacion><id_prov type="smallint" >1547</id_prov><name_pob type="varchar"  label="City">Stanford</name_pob><ind_active type="tinyint"  label="Active">1</ind_active></row>
<row><id_poblacion type="int" >10267</id_poblacion><id_prov type="smallint" >1547</id_prov><name_pob type="varchar"  label="City">Troy</name_pob><ind_active type="tinyint"  label="Active">1</ind_active></row>
<row><id_poblacion type="int" >10268</id_poblacion><id_prov type="smallint" >1547</id_prov><name_pob type="varchar"  label="City">Ivanhoe</name_pob><ind_active type="tinyint"  label="Active">1</ind_active></row>
<row><id_poblacion type="int" >10269</id_poblacion><id_prov type="smallint" >1547</id_prov><name_pob type="varchar"  label="City">Star City</name_pob><ind_active type="tinyint"  label="Active">1</ind_active></row>
<row><id_poblacion type="int" >10270</id_poblacion><id_prov type="smallint" >1547</id_prov><name_pob type="varchar"  label="City">Brookhaven</name_pob><ind_active type="tinyint"  label="Active">1</ind_active></row>
<row><id_poblacion type="int" >10271</id_poblacion><id_prov type="smallint" >1547</id_prov><name_pob type="varchar"  label="City">Libby</name_pob><ind_active type="tinyint"  label="Active">1</ind_active></row>
<row><id_poblacion type="int" >10272</id_poblacion><id_prov type="smallint" >1547</id_prov><name_pob type="varchar"  label="City">Ruston</name_pob><ind_active type="tinyint"  label="Active">1</ind_active></row>
</poblacion>
</root>