<?xml version="1.0" encoding="UTF-8"?>
<root>
<poblacion>
<row><id_poblacion type="int" >10273</id_poblacion><id_prov type="smallint" >1548</id_prov><name_pob type="varchar"  label="City">Nashville</name_pob><ind_active type="tinyint"  label="Active">1</ind_active></row>
<row><id_poblacion type="int" >10274</id_poblacion><id_prov type="smallint" >1548</id_prov><name_pob type="varchar"  label="City">Cresco</name_pob><ind_active type="tinyint"  label="Active">1</ind_active></row>
<row><id_poblacion type="int" >10275</id_poblacion><id_prov type="smallint" >1548</id_prov><name_pob type="varchar"  label="City">Kokomo</name_pob><ind_active type="tinyint"  label="Active">1</ind_active></row>
<row><id_poblacion type="int" >10276</id_poblacion><id_prov type="smallint" >1548</id_prov><name_pob type="varchar"  label="City">Ellicott Ci</name_pob><ind_active type="tinyint"  label="Active">1</ind_active></row>
<row><id_poblacion type="int" >10277</id_poblacion><id_prov type="smallint" >1548</id_prov><name_pob type="varchar"  label="City">Fayette</name_pob><ind_active type="tinyint"  label="Active">1</ind_active></row>
<row><id_poblacion type="int" >10278</id_poblacion><id_prov type="smallint" >1548</id_prov><name_pob type="varchar"  label="City">Saint Paul</name_pob><ind_active type="tinyint"  label="Active">1</ind_active></row>
<row><id_poblacion type="int" >10279</id_poblacion><id_prov type="smallint" >1548</id_prov><name_pob type="varchar"  label="City">Big Spring</name_pob><ind_active type="tinyint"  label="Active">1</ind_active></row>
<row><id_poblacion type="int" >10280</id_poblacion><id_prov type="smallint" >1549</id_prov><name_pob type="varchar"  label="City">Brenham</name_pob><ind_active type="tinyint"  label="Active">1</ind_active></row>
<row><id_poblacion type="int" >10281</id_poblacion><id_prov type="smallint" >1549</id_prov><name_pob type="varchar"  label="City">Greenville</name_pob><ind_active type="tinyint"  label="Active">1</ind_active></row>
<row><id_poblacion type="int" >10282</id_poblacion><id_prov type="smallint" >1549</id_prov><name_pob type="varchar"  label="City">Plymouth</name_pob><ind_active type="tinyint"  label="Active">1</ind_active></row>
<row><id_poblacion type="int" >10283</id_poblacion><id_prov type="smallint" >1549</id_prov><name_pob type="varchar"  label="City">Blair</name_pob><ind_active type="tinyint"  label="Active">1</ind_active></row>
<row><id_poblacion type="int" >10284</id_poblacion><id_prov type="smallint" >1549</id_prov><name_pob type="varchar"  label="City">Hudson Fall</name_pob><ind_active type="tinyint"  label="Active">1</ind_active></row>
<row><id_poblacion type="int" >10285</id_poblacion><id_prov type="smallint" >1549</id_prov><name_pob type="varchar"  label="City">Bartlesvill</name_pob><ind_active type="tinyint"  label="Active">1</ind_active></row>
<row><id_poblacion type="int" >10287</id_poblacion><id_prov type="smallint" >1549</id_prov><name_pob type="varchar"  label="City">Potosi</name_pob><ind_active type="tinyint"  label="Active">1</ind_active></row>
<row><id_poblacion type="int" >10288</id_poblacion><id_prov type="smallint" >1549</id_prov><name_pob type="varchar"  label="City">Jonesboro</name_pob><ind_active type="tinyint"  label="Active">1</ind_active></row>
<row><id_poblacion type="int" >10289</id_poblacion><id_prov type="smallint" >1549</id_prov><name_pob type="varchar"  label="City">Marietta</name_pob><ind_active type="tinyint"  label="Active">1</ind_active></row>
<row><id_poblacion type="int" >10290</id_poblacion><id_prov type="smallint" >1549</id_prov><name_pob type="varchar"  label="City">Saint Georg</name_pob><ind_active type="tinyint"  label="Active">1</ind_active></row>
<row><id_poblacion type="int" >10291</id_poblacion><id_prov type="smallint" >1549</id_prov><name_pob type="varchar"  label="City">Abingdon</name_pob><ind_active type="tinyint"  label="Active">1</ind_active></row>
<row><id_poblacion type="int" >10292</id_poblacion><id_prov type="smallint" >1549</id_prov><name_pob type="varchar"  label="City">Montpelier</name_pob><ind_active type="tinyint"  label="Active">1</ind_active></row>
<row><id_poblacion type="int" >10293</id_poblacion><id_prov type="smallint" >1549</id_prov><name_pob type="varchar"  label="City">West Bend</name_pob><ind_active type="tinyint"  label="Active">1</ind_active></row>
<row><id_poblacion type="int" >10294</id_poblacion><id_prov type="smallint" >1549</id_prov><name_pob type="varchar"  label="City">Wakefield</name_pob><ind_active type="tinyint"  label="Active">1</ind_active></row>
<row><id_poblacion type="int" >10295</id_poblacion><id_prov type="smallint" >1549</id_prov><name_pob type="varchar"  label="City">Salem</name_pob><ind_active type="tinyint"  label="Active">1</ind_active></row>
<row><id_poblacion type="int" >10296</id_poblacion><id_prov type="smallint" >1549</id_prov><name_pob type="varchar"  label="City">Fayettevill</name_pob><ind_active type="tinyint"  label="Active">1</ind_active></row>
<row><id_poblacion type="int" >10297</id_poblacion><id_prov type="smallint" >1549</id_prov><name_pob type="varchar"  label="City">Akron</name_pob><ind_active type="tinyint"  label="Active">1</ind_active></row>
<row><id_poblacion type="int" >10298</id_poblacion><id_prov type="smallint" >1549</id_prov><name_pob type="varchar"  label="City">Chipley</name_pob><ind_active type="tinyint"  label="Active">1</ind_active></row>
<row><id_poblacion type="int" >10299</id_poblacion><id_prov type="smallint" >1549</id_prov><name_pob type="varchar"  label="City">Sandersvill</name_pob><ind_active type="tinyint"  label="Active">1</ind_active></row>
<row><id_poblacion type="int" >10301</id_poblacion><id_prov type="smallint" >1549</id_prov><name_pob type="varchar"  label="City">Stillwater</name_pob><ind_active type="tinyint"  label="Active">1</ind_active></row>
<row><id_poblacion type="int" >10302</id_poblacion><id_prov type="smallint" >1549</id_prov><name_pob type="varchar"  label="City">Nashville</name_pob><ind_active type="tinyint"  label="Active">1</ind_active></row>
<row><id_poblacion type="int" >10303</id_poblacion><id_prov type="smallint" >1549</id_prov><name_pob type="varchar"  label="City">Chatom</name_pob><ind_active type="tinyint"  label="Active">1</ind_active></row>
<row><id_poblacion type="int" >10305</id_poblacion><id_prov type="smallint" >1549</id_prov><name_pob type="varchar"  label="City">Hillsboro</name_pob><ind_active type="tinyint"  label="Active">1</ind_active></row>
<row><id_poblacion type="int" >10306</id_poblacion><id_prov type="smallint" >1549</id_prov><name_pob type="varchar"  label="City">Springfield</name_pob><ind_active type="tinyint"  label="Active">1</ind_active></row>
<row><id_poblacion type="int" >10307</id_poblacion><id_prov type="smallint" >1549</id_prov><name_pob type="varchar"  label="City">Franklinton</name_pob><ind_active type="tinyint"  label="Active">1</ind_active></row>
<row><id_poblacion type="int" >10308</id_poblacion><id_prov type="smallint" >1549</id_prov><name_pob type="varchar"  label="City">Hagerstown</name_pob><ind_active type="tinyint"  label="Active">1</ind_active></row>
<row><id_poblacion type="int" >10309</id_poblacion><id_prov type="smallint" >1549</id_prov><name_pob type="varchar"  label="City">Machias</name_pob><ind_active type="tinyint"  label="Active">1</ind_active></row>
<row><id_poblacion type="int" >10310</id_poblacion><id_prov type="smallint" >1549</id_prov><name_pob type="varchar"  label="City">Weiser</name_pob><ind_active type="tinyint"  label="Active">1</ind_active></row>
<row><id_poblacion type="int" >10311</id_poblacion><id_prov type="smallint" >1550</id_prov><name_pob type="varchar"  label="City">Cambridge</name_pob><ind_active type="tinyint"  label="Active">1</ind_active></row>
<row><id_poblacion type="int" >10312</id_poblacion><id_prov type="smallint" >1550</id_prov><name_pob type="varchar"  label="City">Saint Georg</name_pob><ind_active type="tinyint"  label="Active">1</ind_active></row>
<row><id_poblacion type="int" >10313</id_poblacion><id_prov type="smallint" >1551</id_prov><name_pob type="varchar"  label="City">Annapolis</name_pob><ind_active type="tinyint"  label="Active">1</ind_active></row>
<row><id_poblacion type="int" >10314</id_poblacion><id_prov type="smallint" >1552</id_prov><name_pob type="varchar"  label="City">Frederick</name_pob><ind_active type="tinyint"  label="Active">1</ind_active></row>
<row><id_poblacion type="int" >10315</id_poblacion><id_prov type="smallint" >1552</id_prov><name_pob type="varchar"  label="City">Winchester</name_pob><ind_active type="tinyint"  label="Active">1</ind_active></row>
<row><id_poblacion type="int" >10316</id_poblacion><id_prov type="smallint" >1553</id_prov><name_pob type="varchar"  label="City">Princess An</name_pob><ind_active type="tinyint"  label="Active">1</ind_active></row>
<row><id_poblacion type="int" >10317</id_poblacion><id_prov type="smallint" >1553</id_prov><name_pob type="varchar"  label="City">Skowhegan</name_pob><ind_active type="tinyint"  label="Active">1</ind_active></row>
<row><id_poblacion type="int" >10318</id_poblacion><id_prov type="smallint" >1553</id_prov><name_pob type="varchar"  label="City">Somerville</name_pob><ind_active type="tinyint"  label="Active">1</ind_active></row>
<row><id_poblacion type="int" >10319</id_poblacion><id_prov type="smallint" >1553</id_prov><name_pob type="varchar"  label="City">Somerset</name_pob><ind_active type="tinyint"  label="Active">1</ind_active></row>
<row><id_poblacion type="int" >10320</id_poblacion><id_prov type="smallint" >1554</id_prov><name_pob type="varchar"  label="City">Prince Fred</name_pob><ind_active type="tinyint"  label="Active">1</ind_active></row>
<row><id_poblacion type="int" >10321</id_poblacion><id_prov type="smallint" >1555</id_prov><name_pob type="varchar"  label="City">Cumberland</name_pob><ind_active type="tinyint"  label="Active">1</ind_active></row>
<row><id_poblacion type="int" >10322</id_poblacion><id_prov type="smallint" >1555</id_prov><name_pob type="varchar"  label="City">Belmont</name_pob><ind_active type="tinyint"  label="Active">1</ind_active></row>
<row><id_poblacion type="int" >10323</id_poblacion><id_prov type="smallint" >1556</id_prov><name_pob type="varchar"  label="City">Towson</name_pob><ind_active type="tinyint"  label="Active">1</ind_active></row>
<row><id_poblacion type="int" >10324</id_poblacion><id_prov type="smallint" >1556</id_prov><name_pob type="varchar"  label="City">Baltimore</name_pob><ind_active type="tinyint"  label="Active">1</ind_active></row>
<row><id_poblacion type="int" >10326</id_poblacion><id_prov type="smallint" >1557</id_prov><name_pob type="varchar"  label="City">Rockville</name_pob><ind_active type="tinyint"  label="Active">1</ind_active></row>
<row><id_poblacion type="int" >10327</id_poblacion><id_prov type="smallint" >1557</id_prov><name_pob type="varchar"  label="City">Christiansb</name_pob><ind_active type="tinyint"  label="Active">1</ind_active></row>
<row><id_poblacion type="int" >10328</id_poblacion><id_prov type="smallint" >1557</id_prov><name_pob type="varchar"  label="City">Conroe</name_pob><ind_active type="tinyint"  label="Active">1</ind_active></row>
<row><id_poblacion type="int" >10329</id_poblacion><id_prov type="smallint" >1557</id_prov><name_pob type="varchar"  label="City">Clarksville</name_pob><ind_active type="tinyint"  label="Active">1</ind_active></row>
<row><id_poblacion type="int" >10330</id_poblacion><id_prov type="smallint" >1557</id_prov><name_pob type="varchar"  label="City">Norristown</name_pob><ind_active type="tinyint"  label="Active">1</ind_active></row>
<row><id_poblacion type="int" >10331</id_poblacion><id_prov type="smallint" >1557</id_prov><name_pob type="varchar"  label="City">Dayton</name_pob><ind_active type="tinyint"  label="Active">1</ind_active></row>
<row><id_poblacion type="int" >10332</id_poblacion><id_prov type="smallint" >1557</id_prov><name_pob type="varchar"  label="City">Fonda</name_pob><ind_active type="tinyint"  label="Active">1</ind_active></row>
<row><id_poblacion type="int" >10333</id_poblacion><id_prov type="smallint" >1557</id_prov><name_pob type="varchar"  label="City">Troy</name_pob><ind_active type="tinyint"  label="Active">1</ind_active></row>
<row><id_poblacion type="int" >10335</id_poblacion><id_prov type="smallint" >1557</id_prov><name_pob type="varchar"  label="City">Mount Sterl</name_pob><ind_active type="tinyint"  label="Active">1</ind_active></row>
<row><id_poblacion type="int" >10336</id_poblacion><id_prov type="smallint" >1557</id_prov><name_pob type="varchar"  label="City">Independenc</name_pob><ind_active type="tinyint"  label="Active">1</ind_active></row>
<row><id_poblacion type="int" >10337</id_poblacion><id_prov type="smallint" >1557</id_prov><name_pob type="varchar"  label="City">Crawfordsvi</name_pob><ind_active type="tinyint"  label="Active">1</ind_active></row>
<row><id_poblacion type="int" >10338</id_poblacion><id_prov type="smallint" >1557</id_prov><name_pob type="varchar"  label="City">Hillsboro</name_pob><ind_active type="tinyint"  label="Active">1</ind_active></row>
<row><id_poblacion type="int" >10339</id_poblacion><id_prov type="smallint" >1557</id_prov><name_pob type="varchar"  label="City">Red Oak</name_pob><ind_active type="tinyint"  label="Active">1</ind_active></row>
<row><id_poblacion type="int" >10340</id_poblacion><id_prov type="smallint" >1557</id_prov><name_pob type="varchar"  label="City">Mount Verno</name_pob><ind_active type="tinyint"  label="Active">1</ind_active></row>
<row><id_poblacion type="int" >10341</id_poblacion><id_prov type="smallint" >1557</id_prov><name_pob type="varchar"  label="City">Mount Ida</name_pob><ind_active type="tinyint"  label="Active">1</ind_active></row>
<row><id_poblacion type="int" >10342</id_poblacion><id_prov type="smallint" >1557</id_prov><name_pob type="varchar"  label="City">Winona</name_pob><ind_active type="tinyint"  label="Active">1</ind_active></row>
<row><id_poblacion type="int" >10343</id_poblacion><id_prov type="smallint" >1558</id_prov><name_pob type="varchar"  label="City">Denton</name_pob><ind_active type="tinyint"  label="Active">1</ind_active></row>
<row><id_poblacion type="int" >10344</id_poblacion><id_prov type="smallint" >1558</id_prov><name_pob type="varchar"  label="City">Bowling Gre</name_pob><ind_active type="tinyint"  label="Active">1</ind_active></row>
<row><id_poblacion type="int" >10346</id_poblacion><id_prov type="smallint" >1559</id_prov><name_pob type="varchar"  label="City">Hillsville</name_pob><ind_active type="tinyint"  label="Active">1</ind_active></row>
<row><id_poblacion type="int" >10347</id_poblacion><id_prov type="smallint" >1559</id_prov><name_pob type="varchar"  label="City">Huntingdon</name_pob><ind_active type="tinyint"  label="Active">1</ind_active></row>
<row><id_poblacion type="int" >10349</id_poblacion><id_prov type="smallint" >1559</id_prov><name_pob type="varchar"  label="City">Ossipee</name_pob><ind_active type="tinyint"  label="Active">1</ind_active></row>
<row><id_poblacion type="int" >10352</id_poblacion><id_prov type="smallint" >1559</id_prov><name_pob type="varchar"  label="City">Delphi</name_pob><ind_active type="tinyint"  label="Active">1</ind_active></row>
<row><id_poblacion type="int" >10353</id_poblacion><id_prov type="smallint" >1559</id_prov><name_pob type="varchar"  label="City">Mount Carro</name_pob><ind_active type="tinyint"  label="Active">1</ind_active></row>
<row><id_poblacion type="int" >10354</id_poblacion><id_prov type="smallint" >1559</id_prov><name_pob type="varchar"  label="City">Carroll</name_pob><ind_active type="tinyint"  label="Active">1</ind_active></row>
<row><id_poblacion type="int" >10355</id_poblacion><id_prov type="smallint" >1559</id_prov><name_pob type="varchar"  label="City">Berryville,</name_pob><ind_active type="tinyint"  label="Active">1</ind_active></row>
<row><id_poblacion type="int" >10357</id_poblacion><id_prov type="smallint" >1559</id_prov><name_pob type="varchar"  label="City">Westminster</name_pob><ind_active type="tinyint"  label="Active">1</ind_active></row>
<row><id_poblacion type="int" >10358</id_poblacion><id_prov type="smallint" >1560</id_prov><name_pob type="varchar"  label="City">Leonardtown</name_pob><ind_active type="tinyint"  label="Active">1</ind_active></row>
<row><id_poblacion type="int" >10359</id_poblacion><id_prov type="smallint" >1561</id_prov><name_pob type="varchar"  label="City">Bel Air</name_pob><ind_active type="tinyint"  label="Active">1</ind_active></row>
<row><id_poblacion type="int" >10360</id_poblacion><id_prov type="smallint" >1562</id_prov><name_pob type="varchar"  label="City">Elkton</name_pob><ind_active type="tinyint"  label="Active">1</ind_active></row>
<row><id_poblacion type="int" >10363</id_poblacion><id_prov type="smallint" >1564</id_prov><name_pob type="varchar"  label="City">La Plata</name_pob><ind_active type="tinyint"  label="Active">1</ind_active></row>
<row><id_poblacion type="int" >10364</id_poblacion><id_prov type="smallint" >1565</id_prov><name_pob type="varchar"  label="City">Talbotton</name_pob><ind_active type="tinyint"  label="Active">1</ind_active></row>
<row><id_poblacion type="int" >10365</id_poblacion><id_prov type="smallint" >1565</id_prov><name_pob type="varchar"  label="City">Easton</name_pob><ind_active type="tinyint"  label="Active">1</ind_active></row>
<row><id_poblacion type="int" >10366</id_poblacion><id_prov type="smallint" >1566</id_prov><name_pob type="varchar"  label="City">Centreville</name_pob><ind_active type="tinyint"  label="Active">1</ind_active></row>
<row><id_poblacion type="int" >10367</id_poblacion><id_prov type="smallint" >1567</id_prov><name_pob type="varchar"  label="City">Salisbury</name_pob><ind_active type="tinyint"  label="Active">1</ind_active></row>
<row><id_poblacion type="int" >10368</id_poblacion><id_prov type="smallint" >1568</id_prov><name_pob type="varchar"  label="City">Upper Marlb</name_pob><ind_active type="tinyint"  label="Active">1</ind_active></row>
<row><id_poblacion type="int" >10369</id_poblacion><id_prov type="smallint" >1569</id_prov><name_pob type="varchar"  label="City">Worcester</name_pob><ind_active type="tinyint"  label="Active">1</ind_active></row>
<row><id_poblacion type="int" >10370</id_poblacion><id_prov type="smallint" >1569</id_prov><name_pob type="varchar"  label="City">Snow Hill</name_pob><ind_active type="tinyint"  label="Active">1</ind_active></row>
<row><id_poblacion type="int" >10371</id_poblacion><id_prov type="smallint" >1570</id_prov><name_pob type="varchar"  label="City">Grand Rapid</name_pob><ind_active type="tinyint"  label="Active">1</ind_active></row>
<row><id_poblacion type="int" >10372</id_poblacion><id_prov type="smallint" >1570</id_prov><name_pob type="varchar"  label="City">Warwick</name_pob><ind_active type="tinyint"  label="Active">1</ind_active></row>
<row><id_poblacion type="int" >10373</id_poblacion><id_prov type="smallint" >1570</id_prov><name_pob type="varchar"  label="City">Chestertown</name_pob><ind_active type="tinyint"  label="Active">1</ind_active></row>
<row><id_poblacion type="int" >10374</id_poblacion><id_prov type="smallint" >1570</id_prov><name_pob type="varchar"  label="City">Dover</name_pob><ind_active type="tinyint"  label="Active">1</ind_active></row>
<row><id_poblacion type="int" >10375</id_poblacion><id_prov type="smallint" >1570</id_prov><name_pob type="varchar"  label="City">Jayton</name_pob><ind_active type="tinyint"  label="Active">1</ind_active></row>
<row><id_poblacion type="int" >10376</id_poblacion><id_prov type="smallint" >1571</id_prov><name_pob type="varchar"  label="City">Oakland</name_pob><ind_active type="tinyint"  label="Active">1</ind_active></row>
</poblacion>
</root>