<?xml version="1.0" encoding="UTF-8"?>
<root>
<poblacion>
<row><id_poblacion type="int" >10431</id_poblacion><id_prov type="smallint" >1586</id_prov><name_pob type="varchar"  label="City">Saint Ignac</name_pob><ind_active type="tinyint"  label="Active">1</ind_active></row>
<row><id_poblacion type="int" >10432</id_poblacion><id_prov type="smallint" >1587</id_prov><name_pob type="varchar"  label="City">Standish</name_pob><ind_active type="tinyint"  label="Active">1</ind_active></row>
<row><id_poblacion type="int" >10433</id_poblacion><id_prov type="smallint" >1588</id_prov><name_pob type="varchar"  label="City">Big Rapids</name_pob><ind_active type="tinyint"  label="Active">1</ind_active></row>
<row><id_poblacion type="int" >10434</id_poblacion><id_prov type="smallint" >1589</id_prov><name_pob type="varchar"  label="City">Havana</name_pob><ind_active type="tinyint"  label="Active">1</ind_active></row>
<row><id_poblacion type="int" >10435</id_poblacion><id_prov type="smallint" >1589</id_prov><name_pob type="varchar"  label="City">Maysville</name_pob><ind_active type="tinyint"  label="Active">1</ind_active></row>
<row><id_poblacion type="int" >10436</id_poblacion><id_prov type="smallint" >1589</id_prov><name_pob type="varchar"  label="City">Ludington</name_pob><ind_active type="tinyint"  label="Active">1</ind_active></row>
<row><id_poblacion type="int" >10437</id_poblacion><id_prov type="smallint" >1589</id_prov><name_pob type="varchar"  label="City">Mason</name_pob><ind_active type="tinyint"  label="Active">1</ind_active></row>
<row><id_poblacion type="int" >10438</id_poblacion><id_prov type="smallint" >1589</id_prov><name_pob type="varchar"  label="City">Shelton</name_pob><ind_active type="tinyint"  label="Active">1</ind_active></row>
<row><id_poblacion type="int" >10439</id_poblacion><id_prov type="smallint" >1589</id_prov><name_pob type="varchar"  label="City">Point Pleas</name_pob><ind_active type="tinyint"  label="Active">1</ind_active></row>
<row><id_poblacion type="int" >10440</id_poblacion><id_prov type="smallint" >1590</id_prov><name_pob type="varchar"  label="City">Newberry</name_pob><ind_active type="tinyint"  label="Active">1</ind_active></row>
<row><id_poblacion type="int" >10441</id_poblacion><id_prov type="smallint" >1591</id_prov><name_pob type="varchar"  label="City">Mount Cleme</name_pob><ind_active type="tinyint"  label="Active">1</ind_active></row>
<row><id_poblacion type="int" >10442</id_poblacion><id_prov type="smallint" >1592</id_prov><name_pob type="varchar"  label="City">Caro</name_pob><ind_active type="tinyint"  label="Active">1</ind_active></row>
<row><id_poblacion type="int" >10444</id_poblacion><id_prov type="smallint" >1593</id_prov><name_pob type="varchar"  label="City">Lyons</name_pob><ind_active type="tinyint"  label="Active">1</ind_active></row>
<row><id_poblacion type="int" >10445</id_poblacion><id_prov type="smallint" >1593</id_prov><name_pob type="varchar"  label="City">Wooster</name_pob><ind_active type="tinyint"  label="Active">1</ind_active></row>
<row><id_poblacion type="int" >10446</id_poblacion><id_prov type="smallint" >1593</id_prov><name_pob type="varchar"  label="City">Honesdale</name_pob><ind_active type="tinyint"  label="Active">1</ind_active></row>
<row><id_poblacion type="int" >10449</id_poblacion><id_prov type="smallint" >1593</id_prov><name_pob type="varchar"  label="City">Detroit</name_pob><ind_active type="tinyint"  label="Active">1</ind_active></row>
<row><id_poblacion type="int" >10450</id_poblacion><id_prov type="smallint" >1593</id_prov><name_pob type="varchar"  label="City">Loa</name_pob><ind_active type="tinyint"  label="Active">1</ind_active></row>
<row><id_poblacion type="int" >10451</id_poblacion><id_prov type="smallint" >1593</id_prov><name_pob type="varchar"  label="City">Greenville</name_pob><ind_active type="tinyint"  label="Active">1</ind_active></row>
<row><id_poblacion type="int" >10453</id_poblacion><id_prov type="smallint" >1593</id_prov><name_pob type="varchar"  label="City">Monticello</name_pob><ind_active type="tinyint"  label="Active">1</ind_active></row>
<row><id_poblacion type="int" >10454</id_poblacion><id_prov type="smallint" >1593</id_prov><name_pob type="varchar"  label="City">Richmond</name_pob><ind_active type="tinyint"  label="Active">1</ind_active></row>
<row><id_poblacion type="int" >10455</id_poblacion><id_prov type="smallint" >1593</id_prov><name_pob type="varchar"  label="City">Fairfield</name_pob><ind_active type="tinyint"  label="Active">1</ind_active></row>
<row><id_poblacion type="int" >10456</id_poblacion><id_prov type="smallint" >1593</id_prov><name_pob type="varchar"  label="City">Corydon</name_pob><ind_active type="tinyint"  label="Active">1</ind_active></row>
<row><id_poblacion type="int" >10457</id_poblacion><id_prov type="smallint" >1593</id_prov><name_pob type="varchar"  label="City">Jesup</name_pob><ind_active type="tinyint"  label="Active">1</ind_active></row>
<row><id_poblacion type="int" >10458</id_poblacion><id_prov type="smallint" >1593</id_prov><name_pob type="varchar"  label="City">Goldsboro</name_pob><ind_active type="tinyint"  label="Active">1</ind_active></row>
<row><id_poblacion type="int" >10459</id_poblacion><id_prov type="smallint" >1594</id_prov><name_pob type="varchar"  label="City">Smithland</name_pob><ind_active type="tinyint"  label="Active">1</ind_active></row>
<row><id_poblacion type="int" >10460</id_poblacion><id_prov type="smallint" >1594</id_prov><name_pob type="varchar"  label="City">Geneseo</name_pob><ind_active type="tinyint"  label="Active">1</ind_active></row>
<row><id_poblacion type="int" >10461</id_poblacion><id_prov type="smallint" >1594</id_prov><name_pob type="varchar"  label="City">Chillicothe</name_pob><ind_active type="tinyint"  label="Active">1</ind_active></row>
<row><id_poblacion type="int" >10462</id_poblacion><id_prov type="smallint" >1594</id_prov><name_pob type="varchar"  label="City">Pontiac</name_pob><ind_active type="tinyint"  label="Active">1</ind_active></row>
<row><id_poblacion type="int" >10463</id_poblacion><id_prov type="smallint" >1594</id_prov><name_pob type="varchar"  label="City">Howell</name_pob><ind_active type="tinyint"  label="Active">1</ind_active></row>
<row><id_poblacion type="int" >10464</id_poblacion><id_prov type="smallint" >1594</id_prov><name_pob type="varchar"  label="City">Livingston</name_pob><ind_active type="tinyint"  label="Active">1</ind_active></row>
<row><id_poblacion type="int" >10465</id_poblacion><id_prov type="smallint" >1595</id_prov><name_pob type="varchar"  label="City">Harrisville</name_pob><ind_active type="tinyint"  label="Active">1</ind_active></row>
<row><id_poblacion type="int" >10466</id_poblacion><id_prov type="smallint" >1596</id_prov><name_pob type="varchar"  label="City">Spencer</name_pob><ind_active type="tinyint"  label="Active">1</ind_active></row>
<row><id_poblacion type="int" >10467</id_poblacion><id_prov type="smallint" >1596</id_prov><name_pob type="varchar"  label="City">Clinton</name_pob><ind_active type="tinyint"  label="Active">1</ind_active></row>
<row><id_poblacion type="int" >10468</id_poblacion><id_prov type="smallint" >1596</id_prov><name_pob type="varchar"  label="City">Keosauqua</name_pob><ind_active type="tinyint"  label="Active">1</ind_active></row>
<row><id_poblacion type="int" >10469</id_poblacion><id_prov type="smallint" >1596</id_prov><name_pob type="varchar"  label="City">Paw Paw</name_pob><ind_active type="tinyint"  label="Active">1</ind_active></row>
<row><id_poblacion type="int" >10470</id_poblacion><id_prov type="smallint" >1597</id_prov><name_pob type="varchar"  label="City">Allegan</name_pob><ind_active type="tinyint"  label="Active">1</ind_active></row>
<row><id_poblacion type="int" >10471</id_poblacion><id_prov type="smallint" >1598</id_prov><name_pob type="varchar"  label="City">Bellaire</name_pob><ind_active type="tinyint"  label="Active">1</ind_active></row>
<row><id_poblacion type="int" >10472</id_poblacion><id_prov type="smallint" >1599</id_prov><name_pob type="varchar"  label="City">Delta</name_pob><ind_active type="tinyint"  label="Active">1</ind_active></row>
<row><id_poblacion type="int" >10473</id_poblacion><id_prov type="smallint" >1599</id_prov><name_pob type="varchar"  label="City">Escanaba</name_pob><ind_active type="tinyint"  label="Active">1</ind_active></row>
<row><id_poblacion type="int" >10474</id_poblacion><id_prov type="smallint" >1599</id_prov><name_pob type="varchar"  label="City">Cooper</name_pob><ind_active type="tinyint"  label="Active">1</ind_active></row>
<row><id_poblacion type="int" >10475</id_poblacion><id_prov type="smallint" >1600</id_prov><name_pob type="varchar"  label="City">Van Buren</name_pob><ind_active type="tinyint"  label="Active">1</ind_active></row>
<row><id_poblacion type="int" >10476</id_poblacion><id_prov type="smallint" >1600</id_prov><name_pob type="varchar"  label="City">Prairie du</name_pob><ind_active type="tinyint"  label="Active">1</ind_active></row>
<row><id_poblacion type="int" >10477</id_poblacion><id_prov type="smallint" >1600</id_prov><name_pob type="varchar"  label="City">Meadville</name_pob><ind_active type="tinyint"  label="Active">1</ind_active></row>
<row><id_poblacion type="int" >10478</id_poblacion><id_prov type="smallint" >1600</id_prov><name_pob type="varchar"  label="City">Bucyrus</name_pob><ind_active type="tinyint"  label="Active">1</ind_active></row>
<row><id_poblacion type="int" >10479</id_poblacion><id_prov type="smallint" >1600</id_prov><name_pob type="varchar"  label="City">Steelville</name_pob><ind_active type="tinyint"  label="Active">1</ind_active></row>
<row><id_poblacion type="int" >10480</id_poblacion><id_prov type="smallint" >1600</id_prov><name_pob type="varchar"  label="City">Grayling</name_pob><ind_active type="tinyint"  label="Active">1</ind_active></row>
<row><id_poblacion type="int" >10481</id_poblacion><id_prov type="smallint" >1600</id_prov><name_pob type="varchar"  label="City">Girard</name_pob><ind_active type="tinyint"  label="Active">1</ind_active></row>
<row><id_poblacion type="int" >10482</id_poblacion><id_prov type="smallint" >1600</id_prov><name_pob type="varchar"  label="City">Denison</name_pob><ind_active type="tinyint"  label="Active">1</ind_active></row>
<row><id_poblacion type="int" >10483</id_poblacion><id_prov type="smallint" >1600</id_prov><name_pob type="varchar"  label="City">Knoxville</name_pob><ind_active type="tinyint"  label="Active">1</ind_active></row>
<row><id_poblacion type="int" >10484</id_poblacion><id_prov type="smallint" >1600</id_prov><name_pob type="varchar"  label="City">English</name_pob><ind_active type="tinyint"  label="Active">1</ind_active></row>
<row><id_poblacion type="int" >10485</id_poblacion><id_prov type="smallint" >1600</id_prov><name_pob type="varchar"  label="City">Robinson</name_pob><ind_active type="tinyint"  label="Active">1</ind_active></row>
<row><id_poblacion type="int" >10486</id_poblacion><id_prov type="smallint" >1601</id_prov><name_pob type="varchar"  label="City">Manistee</name_pob><ind_active type="tinyint"  label="Active">1</ind_active></row>
<row><id_poblacion type="int" >10487</id_poblacion><id_prov type="smallint" >1602</id_prov><name_pob type="varchar"  label="City">Marquette</name_pob><ind_active type="tinyint"  label="Active">1</ind_active></row>
<row><id_poblacion type="int" >10488</id_poblacion><id_prov type="smallint" >1602</id_prov><name_pob type="varchar"  label="City">Montello</name_pob><ind_active type="tinyint"  label="Active">1</ind_active></row>
<row><id_poblacion type="int" >10489</id_poblacion><id_prov type="smallint" >1603</id_prov><name_pob type="varchar"  label="City">Ann Arbor</name_pob><ind_active type="tinyint"  label="Active">1</ind_active></row>
<row><id_poblacion type="int" >10490</id_poblacion><id_prov type="smallint" >1604</id_prov><name_pob type="varchar"  label="City">Charlevoix</name_pob><ind_active type="tinyint"  label="Active">1</ind_active></row>
<row><id_poblacion type="int" >10491</id_poblacion><id_prov type="smallint" >1605</id_prov><name_pob type="varchar"  label="City">Norwalk</name_pob><ind_active type="tinyint"  label="Active">1</ind_active></row>
<row><id_poblacion type="int" >10492</id_poblacion><id_prov type="smallint" >1605</id_prov><name_pob type="varchar"  label="City">Bad Axe</name_pob><ind_active type="tinyint"  label="Active">1</ind_active></row>
<row><id_poblacion type="int" >10493</id_poblacion><id_prov type="smallint" >1606</id_prov><name_pob type="varchar"  label="City">Alpena</name_pob><ind_active type="tinyint"  label="Active">1</ind_active></row>
<row><id_poblacion type="int" >10494</id_poblacion><id_prov type="smallint" >1607</id_prov><name_pob type="varchar"  label="City">Cadillac</name_pob><ind_active type="tinyint"  label="Active">1</ind_active></row>
<row><id_poblacion type="int" >10495</id_poblacion><id_prov type="smallint" >1608</id_prov><name_pob type="varchar"  label="City">Mount Pleas</name_pob><ind_active type="tinyint"  label="Active">1</ind_active></row>
<row><id_poblacion type="int" >10496</id_poblacion><id_prov type="smallint" >1609</id_prov><name_pob type="varchar"  label="City">Munising</name_pob><ind_active type="tinyint"  label="Active">1</ind_active></row>
<row><id_poblacion type="int" >10498</id_poblacion><id_prov type="smallint" >1610</id_prov><name_pob type="varchar"  label="City">Edna</name_pob><ind_active type="tinyint"  label="Active">1</ind_active></row>
<row><id_poblacion type="int" >10499</id_poblacion><id_prov type="smallint" >1610</id_prov><name_pob type="varchar"  label="City">Gainesboro</name_pob><ind_active type="tinyint"  label="Active">1</ind_active></row>
<row><id_poblacion type="int" >10500</id_poblacion><id_prov type="smallint" >1610</id_prov><name_pob type="varchar"  label="City">Kadoka</name_pob><ind_active type="tinyint"  label="Active">1</ind_active></row>
<row><id_poblacion type="int" >10501</id_poblacion><id_prov type="smallint" >1610</id_prov><name_pob type="varchar"  label="City">Medford</name_pob><ind_active type="tinyint"  label="Active">1</ind_active></row>
<row><id_poblacion type="int" >10502</id_poblacion><id_prov type="smallint" >1610</id_prov><name_pob type="varchar"  label="City">Sylva</name_pob><ind_active type="tinyint"  label="Active">1</ind_active></row>
<row><id_poblacion type="int" >10504</id_poblacion><id_prov type="smallint" >1610</id_prov><name_pob type="varchar"  label="City">Ripley</name_pob><ind_active type="tinyint"  label="Active">1</ind_active></row>
<row><id_poblacion type="int" >10505</id_poblacion><id_prov type="smallint" >1610</id_prov><name_pob type="varchar"  label="City">Pascagoula</name_pob><ind_active type="tinyint"  label="Active">1</ind_active></row>
<row><id_poblacion type="int" >10506</id_poblacion><id_prov type="smallint" >1610</id_prov><name_pob type="varchar"  label="City">Independenc</name_pob><ind_active type="tinyint"  label="Active">1</ind_active></row>
<row><id_poblacion type="int" >10507</id_poblacion><id_prov type="smallint" >1610</id_prov><name_pob type="varchar"  label="City">Black River</name_pob><ind_active type="tinyint"  label="Active">1</ind_active></row>
<row><id_poblacion type="int" >10508</id_poblacion><id_prov type="smallint" >1610</id_prov><name_pob type="varchar"  label="City">Marianna</name_pob><ind_active type="tinyint"  label="Active">1</ind_active></row>
<row><id_poblacion type="int" >10510</id_poblacion><id_prov type="smallint" >1610</id_prov><name_pob type="varchar"  label="City">Altus</name_pob><ind_active type="tinyint"  label="Active">1</ind_active></row>
<row><id_poblacion type="int" >10511</id_poblacion><id_prov type="smallint" >1610</id_prov><name_pob type="varchar"  label="City">Scottsboro</name_pob><ind_active type="tinyint"  label="Active">1</ind_active></row>
<row><id_poblacion type="int" >10512</id_poblacion><id_prov type="smallint" >1610</id_prov><name_pob type="varchar"  label="City">Walden</name_pob><ind_active type="tinyint"  label="Active">1</ind_active></row>
<row><id_poblacion type="int" >10513</id_poblacion><id_prov type="smallint" >1610</id_prov><name_pob type="varchar"  label="City">Jefferson</name_pob><ind_active type="tinyint"  label="Active">1</ind_active></row>
<row><id_poblacion type="int" >10514</id_poblacion><id_prov type="smallint" >1610</id_prov><name_pob type="varchar"  label="City">Maquoketa</name_pob><ind_active type="tinyint"  label="Active">1</ind_active></row>
<row><id_poblacion type="int" >10515</id_poblacion><id_prov type="smallint" >1610</id_prov><name_pob type="varchar"  label="City">Murphysboro</name_pob><ind_active type="tinyint"  label="Active">1</ind_active></row>
<row><id_poblacion type="int" >10516</id_poblacion><id_prov type="smallint" >1610</id_prov><name_pob type="varchar"  label="City">Brownstown</name_pob><ind_active type="tinyint"  label="Active">1</ind_active></row>
<row><id_poblacion type="int" >10517</id_poblacion><id_prov type="smallint" >1610</id_prov><name_pob type="varchar"  label="City">Holton</name_pob><ind_active type="tinyint"  label="Active">1</ind_active></row>
<row><id_poblacion type="int" >10518</id_poblacion><id_prov type="smallint" >1610</id_prov><name_pob type="varchar"  label="City">McKee</name_pob><ind_active type="tinyint"  label="Active">1</ind_active></row>
<row><id_poblacion type="int" >10519</id_poblacion><id_prov type="smallint" >1610</id_prov><name_pob type="varchar"  label="City">Jonesboro</name_pob><ind_active type="tinyint"  label="Active">1</ind_active></row>
<row><id_poblacion type="int" >10520</id_poblacion><id_prov type="smallint" >1610</id_prov><name_pob type="varchar"  label="City">Newport</name_pob><ind_active type="tinyint"  label="Active">1</ind_active></row>
<row><id_poblacion type="int" >10521</id_poblacion><id_prov type="smallint" >1611</id_prov><name_pob type="varchar"  label="City">Beulah</name_pob><ind_active type="tinyint"  label="Active">1</ind_active></row>
<row><id_poblacion type="int" >10522</id_poblacion><id_prov type="smallint" >1612</id_prov><name_pob type="varchar"  label="City">Houghton</name_pob><ind_active type="tinyint"  label="Active">1</ind_active></row>
<row><id_poblacion type="int" >10523</id_poblacion><id_prov type="smallint" >1613</id_prov><name_pob type="varchar"  label="City">Coldwater</name_pob><ind_active type="tinyint"  label="Active">1</ind_active></row>
<row><id_poblacion type="int" >10524</id_poblacion><id_prov type="smallint" >1614</id_prov><name_pob type="varchar"  label="City">Stanton</name_pob><ind_active type="tinyint"  label="Active">1</ind_active></row>
<row><id_poblacion type="int" >10525</id_poblacion><id_prov type="smallint" >1615</id_prov><name_pob type="varchar"  label="City">Harrison</name_pob><ind_active type="tinyint"  label="Active">1</ind_active></row>
<row><id_poblacion type="int" >10526</id_poblacion><id_prov type="smallint" >1616</id_prov><name_pob type="varchar"  label="City">Manistique</name_pob><ind_active type="tinyint"  label="Active">1</ind_active></row>
<row><id_poblacion type="int" >10527</id_poblacion><id_prov type="smallint" >1617</id_prov><name_pob type="varchar"  label="City">Gaylord</name_pob><ind_active type="tinyint"  label="Active">1</ind_active></row>
<row><id_poblacion type="int" >10528</id_poblacion><id_prov type="smallint" >1617</id_prov><name_pob type="varchar"  label="City">Cooperstown</name_pob><ind_active type="tinyint"  label="Active">1</ind_active></row>
<row><id_poblacion type="int" >10529</id_poblacion><id_prov type="smallint" >1618</id_prov><name_pob type="varchar"  label="City">Charlotte</name_pob><ind_active type="tinyint"  label="Active">1</ind_active></row>
<row><id_poblacion type="int" >10530</id_poblacion><id_prov type="smallint" >1619</id_prov><name_pob type="varchar"  label="City">Mio</name_pob><ind_active type="tinyint"  label="Active">1</ind_active></row>
<row><id_poblacion type="int" >10531</id_poblacion><id_prov type="smallint" >1620</id_prov><name_pob type="varchar"  label="City">Sandusky</name_pob><ind_active type="tinyint"  label="Active">1</ind_active></row>
<row><id_poblacion type="int" >10532</id_poblacion><id_prov type="smallint" >1621</id_prov><name_pob type="varchar"  label="City">Bay City</name_pob><ind_active type="tinyint"  label="Active">1</ind_active></row>
<row><id_poblacion type="int" >10533</id_poblacion><id_prov type="smallint" >1621</id_prov><name_pob type="varchar"  label="City">Panama City</name_pob><ind_active type="tinyint"  label="Active">1</ind_active></row>
<row><id_poblacion type="int" >10534</id_poblacion><id_prov type="smallint" >1622</id_prov><name_pob type="varchar"  label="City">Atlanta</name_pob><ind_active type="tinyint"  label="Active">1</ind_active></row>
<row><id_poblacion type="int" >10535</id_poblacion><id_prov type="smallint" >1623</id_prov><name_pob type="varchar"  label="City">Kissimmee</name_pob><ind_active type="tinyint"  label="Active">1</ind_active></row>
<row><id_poblacion type="int" >10536</id_poblacion><id_prov type="smallint" >1623</id_prov><name_pob type="varchar"  label="City">Sibley</name_pob><ind_active type="tinyint"  label="Active">1</ind_active></row>
<row><id_poblacion type="int" >10537</id_poblacion><id_prov type="smallint" >1623</id_prov><name_pob type="varchar"  label="City">Reed City</name_pob><ind_active type="tinyint"  label="Active">1</ind_active></row>
<row><id_poblacion type="int" >10538</id_poblacion><id_prov type="smallint" >1624</id_prov><name_pob type="varchar"  label="City">White Cloud</name_pob><ind_active type="tinyint"  label="Active">1</ind_active></row>
<row><id_poblacion type="int" >10539</id_poblacion><id_prov type="smallint" >1625</id_prov><name_pob type="varchar"  label="City">Cheboygan</name_pob><ind_active type="tinyint"  label="Active">1</ind_active></row>
<row><id_poblacion type="int" >10540</id_poblacion><id_prov type="smallint" >1626</id_prov><name_pob type="varchar"  label="City">Belleville</name_pob><ind_active type="tinyint"  label="Active">1</ind_active></row>
<row><id_poblacion type="int" >10541</id_poblacion><id_prov type="smallint" >1626</id_prov><name_pob type="varchar"  label="City">Port Huron</name_pob><ind_active type="tinyint"  label="Active">1</ind_active></row>
<row><id_poblacion type="int" >10542</id_poblacion><id_prov type="smallint" >1626</id_prov><name_pob type="varchar"  label="City">Ashville, P</name_pob><ind_active type="tinyint"  label="Active">1</ind_active></row>
<row><id_poblacion type="int" >10543</id_poblacion><id_prov type="smallint" >1626</id_prov><name_pob type="varchar"  label="City">Osceola</name_pob><ind_active type="tinyint"  label="Active">1</ind_active></row>
<row><id_poblacion type="int" >10544</id_poblacion><id_prov type="smallint" >1627</id_prov><name_pob type="varchar"  label="City">Muskegon</name_pob><ind_active type="tinyint"  label="Active">1</ind_active></row>
<row><id_poblacion type="int" >10545</id_poblacion><id_prov type="smallint" >1628</id_prov><name_pob type="varchar"  label="City">Roscommon</name_pob><ind_active type="tinyint"  label="Active">1</ind_active></row>
<row><id_poblacion type="int" >10546</id_poblacion><id_prov type="smallint" >1629</id_prov><name_pob type="varchar"  label="City">Tawas City</name_pob><ind_active type="tinyint"  label="Active">1</ind_active></row>
<row><id_poblacion type="int" >10547</id_poblacion><id_prov type="smallint" >1630</id_prov><name_pob type="varchar"  label="City">Eagle River</name_pob><ind_active type="tinyint"  label="Active">1</ind_active></row>
<row><id_poblacion type="int" >10548</id_poblacion><id_prov type="smallint" >1631</id_prov><name_pob type="varchar"  label="City">Gladwin</name_pob><ind_active type="tinyint"  label="Active">1</ind_active></row>
<row><id_poblacion type="int" >10549</id_poblacion><id_prov type="smallint" >1632</id_prov><name_pob type="varchar"  label="City">Estherville</name_pob><ind_active type="tinyint"  label="Active">1</ind_active></row>
<row><id_poblacion type="int" >10550</id_poblacion><id_prov type="smallint" >1632</id_prov><name_pob type="varchar"  label="City">Petoskey</name_pob><ind_active type="tinyint"  label="Active">1</ind_active></row>
<row><id_poblacion type="int" >10551</id_poblacion><id_prov type="smallint" >1633</id_prov><name_pob type="varchar"  label="City">Ontonagon</name_pob><ind_active type="tinyint"  label="Active">1</ind_active></row>
<row><id_poblacion type="int" >10552</id_poblacion><id_prov type="smallint" >1634</id_prov><name_pob type="varchar"  label="City">Rogers City</name_pob><ind_active type="tinyint"  label="Active">1</ind_active></row>
<row><id_poblacion type="int" >10553</id_poblacion><id_prov type="smallint" >1635</id_prov><name_pob type="varchar"  label="City">Nashville</name_pob><ind_active type="tinyint"  label="Active">1</ind_active></row>
<row><id_poblacion type="int" >10554</id_poblacion><id_prov type="smallint" >1635</id_prov><name_pob type="varchar"  label="City">Saint Josep</name_pob><ind_active type="tinyint"  label="Active">1</ind_active></row>
<row><id_poblacion type="int" >10555</id_poblacion><id_prov type="smallint" >1636</id_prov><name_pob type="varchar"  label="City">Kalkaska</name_pob><ind_active type="tinyint"  label="Active">1</ind_active></row>
<row><id_poblacion type="int" >10556</id_poblacion><id_prov type="smallint" >1637</id_prov><name_pob type="varchar"  label="City">Kalamazoo</name_pob><ind_active type="tinyint"  label="Active">1</ind_active></row>
<row><id_poblacion type="int" >10557</id_poblacion><id_prov type="smallint" >1638</id_prov><name_pob type="varchar"  label="City">Bessemer</name_pob><ind_active type="tinyint"  label="Active">1</ind_active></row>
<row><id_poblacion type="int" >10558</id_poblacion><id_prov type="smallint" >1639</id_prov><name_pob type="varchar"  label="City">South Bend</name_pob><ind_active type="tinyint"  label="Active">1</ind_active></row>
<row><id_poblacion type="int" >10559</id_poblacion><id_prov type="smallint" >1639</id_prov><name_pob type="varchar"  label="City">Centreville</name_pob><ind_active type="tinyint"  label="Active">1</ind_active></row>
<row><id_poblacion type="int" >10560</id_poblacion><id_prov type="smallint" >1640</id_prov><name_pob type="varchar"  label="City">Traverse Ci</name_pob><ind_active type="tinyint"  label="Active">1</ind_active></row>
<row><id_poblacion type="int" >10561</id_poblacion><id_prov type="smallint" >1641</id_prov><name_pob type="varchar"  label="City">Saginaw</name_pob><ind_active type="tinyint"  label="Active">1</ind_active></row>
<row><id_poblacion type="int" >10562</id_poblacion><id_prov type="smallint" >1642</id_prov><name_pob type="varchar"  label="City">Sault Saint</name_pob><ind_active type="tinyint"  label="Active">1</ind_active></row>
<row><id_poblacion type="int" >10563</id_poblacion><id_prov type="smallint" >1642</id_prov><name_pob type="varchar"  label="City">Montevideo</name_pob><ind_active type="tinyint"  label="Active">1</ind_active></row>
<row><id_poblacion type="int" >10564</id_poblacion><id_prov type="smallint" >1642</id_prov><name_pob type="varchar"  label="City">Chippewa Fa</name_pob><ind_active type="tinyint"  label="Active">1</ind_active></row>
<row><id_poblacion type="int" >10565</id_poblacion><id_prov type="smallint" >1643</id_prov><name_pob type="varchar"  label="City">Menominee</name_pob><ind_active type="tinyint"  label="Active">1</ind_active></row>
<row><id_poblacion type="int" >10566</id_poblacion><id_prov type="smallint" >1643</id_prov><name_pob type="varchar"  label="City">Keshena</name_pob><ind_active type="tinyint"  label="Active">1</ind_active></row>
<row><id_poblacion type="int" >10567</id_poblacion><id_prov type="smallint" >1644</id_prov><name_pob type="varchar"  label="City">Hillsdale</name_pob><ind_active type="tinyint"  label="Active">1</ind_active></row>
<row><id_poblacion type="int" >10568</id_poblacion><id_prov type="smallint" >1645</id_prov><name_pob type="varchar"  label="City">Spirit Lake</name_pob><ind_active type="tinyint"  label="Active">1</ind_active></row>
<row><id_poblacion type="int" >10569</id_poblacion><id_prov type="smallint" >1645</id_prov><name_pob type="varchar"  label="City">Abilene</name_pob><ind_active type="tinyint"  label="Active">1</ind_active></row>
<row><id_poblacion type="int" >10570</id_poblacion><id_prov type="smallint" >1645</id_prov><name_pob type="varchar"  label="City">Iron Mounta</name_pob><ind_active type="tinyint"  label="Active">1</ind_active></row>
<row><id_poblacion type="int" >10571</id_poblacion><id_prov type="smallint" >1646</id_prov><name_pob type="varchar"  label="City">Crown Point</name_pob><ind_active type="tinyint"  label="Active">1</ind_active></row>
<row><id_poblacion type="int" >10572</id_poblacion><id_prov type="smallint" >1646</id_prov><name_pob type="varchar"  label="City">Polson</name_pob><ind_active type="tinyint"  label="Active">1</ind_active></row>
<row><id_poblacion type="int" >10573</id_poblacion><id_prov type="smallint" >1646</id_prov><name_pob type="varchar"  label="City">Madison</name_pob><ind_active type="tinyint"  label="Active">1</ind_active></row>
<row><id_poblacion type="int" >10574</id_poblacion><id_prov type="smallint" >1646</id_prov><name_pob type="varchar"  label="City">Lakeview</name_pob><ind_active type="tinyint"  label="Active">1</ind_active></row>
<row><id_poblacion type="int" >10575</id_poblacion><id_prov type="smallint" >1646</id_prov><name_pob type="varchar"  label="City">Painesville</name_pob><ind_active type="tinyint"  label="Active">1</ind_active></row>
<row><id_poblacion type="int" >10576</id_poblacion><id_prov type="smallint" >1646</id_prov><name_pob type="varchar"  label="City">Tiptonville</name_pob><ind_active type="tinyint"  label="Active">1</ind_active></row>
<row><id_poblacion type="int" >10577</id_poblacion><id_prov type="smallint" >1646</id_prov><name_pob type="varchar"  label="City">Two Harbors</name_pob><ind_active type="tinyint"  label="Active">1</ind_active></row>
<row><id_poblacion type="int" >10578</id_poblacion><id_prov type="smallint" >1646</id_prov><name_pob type="varchar"  label="City">Lakeport</name_pob><ind_active type="tinyint"  label="Active">1</ind_active></row>
<row><id_poblacion type="int" >10579</id_poblacion><id_prov type="smallint" >1646</id_prov><name_pob type="varchar"  label="City">Baldwin</name_pob><ind_active type="tinyint"  label="Active">1</ind_active></row>
<row><id_poblacion type="int" >10580</id_poblacion><id_prov type="smallint" >1646</id_prov><name_pob type="varchar"  label="City">Waukegan</name_pob><ind_active type="tinyint"  label="Active">1</ind_active></row>
<row><id_poblacion type="int" >10581</id_poblacion><id_prov type="smallint" >1646</id_prov><name_pob type="varchar"  label="City">Tavares</name_pob><ind_active type="tinyint"  label="Active">1</ind_active></row>
<row><id_poblacion type="int" >10582</id_poblacion><id_prov type="smallint" >1646</id_prov><name_pob type="varchar"  label="City">Leadville</name_pob><ind_active type="tinyint"  label="Active">1</ind_active></row>
<row><id_poblacion type="int" >10583</id_poblacion><id_prov type="smallint" >1647</id_prov><name_pob type="varchar"  label="City">Mason</name_pob><ind_active type="tinyint"  label="Active">1</ind_active></row>
<row><id_poblacion type="int" >10584</id_poblacion><id_prov type="smallint" >1648</id_prov><name_pob type="varchar"  label="City">Ionia</name_pob><ind_active type="tinyint"  label="Active">1</ind_active></row>
<row><id_poblacion type="int" >10585</id_poblacion><id_prov type="smallint" >1649</id_prov><name_pob type="varchar"  label="City">Ithaca</name_pob><ind_active type="tinyint"  label="Active">1</ind_active></row>
<row><id_poblacion type="int" >10586</id_poblacion><id_prov type="smallint" >1650</id_prov><name_pob type="varchar"  label="City">Midland</name_pob><ind_active type="tinyint"  label="Active">1</ind_active></row>
<row><id_poblacion type="int" >10588</id_poblacion><id_prov type="smallint" >1651</id_prov><name_pob type="varchar"  label="City">Flint</name_pob><ind_active type="tinyint"  label="Active">1</ind_active></row>
<row><id_poblacion type="int" >10589</id_poblacion><id_prov type="smallint" >1651</id_prov><name_pob type="varchar"  label="City">Batavia</name_pob><ind_active type="tinyint"  label="Active">1</ind_active></row>
<row><id_poblacion type="int" >10590</id_poblacion><id_prov type="smallint" >1652</id_prov><name_pob type="varchar"  label="City">Grand Rapid</name_pob><ind_active type="tinyint"  label="Active">1</ind_active></row>
<row><id_poblacion type="int" >10591</id_poblacion><id_prov type="smallint" >1652</id_prov><name_pob type="varchar"  label="City">Warwick</name_pob><ind_active type="tinyint"  label="Active">1</ind_active></row>
<row><id_poblacion type="int" >10592</id_poblacion><id_prov type="smallint" >1652</id_prov><name_pob type="varchar"  label="City">Chestertown</name_pob><ind_active type="tinyint"  label="Active">1</ind_active></row>
<row><id_poblacion type="int" >10593</id_poblacion><id_prov type="smallint" >1652</id_prov><name_pob type="varchar"  label="City">Dover</name_pob><ind_active type="tinyint"  label="Active">1</ind_active></row>
<row><id_poblacion type="int" >10594</id_poblacion><id_prov type="smallint" >1652</id_prov><name_pob type="varchar"  label="City">Jayton</name_pob><ind_active type="tinyint"  label="Active">1</ind_active></row>
<row><id_poblacion type="int" >10595</id_poblacion><id_prov type="smallint" >1653</id_prov><name_pob type="varchar"  label="City">Pontiac</name_pob><ind_active type="tinyint"  label="Active">1</ind_active></row>
<row><id_poblacion type="int" >10596</id_poblacion><id_prov type="smallint" >1654</id_prov><name_pob type="varchar"  label="City">Crystal Fal</name_pob><ind_active type="tinyint"  label="Active">1</ind_active></row>
<row><id_poblacion type="int" >10597</id_poblacion><id_prov type="smallint" >1654</id_prov><name_pob type="varchar"  label="City">Hurley</name_pob><ind_active type="tinyint"  label="Active">1</ind_active></row>
<row><id_poblacion type="int" >10598</id_poblacion><id_prov type="smallint" >1654</id_prov><name_pob type="varchar"  label="City">Parowan</name_pob><ind_active type="tinyint"  label="Active">1</ind_active></row>
<row><id_poblacion type="int" >10599</id_poblacion><id_prov type="smallint" >1654</id_prov><name_pob type="varchar"  label="City">Ironton</name_pob><ind_active type="tinyint"  label="Active">1</ind_active></row>
<row><id_poblacion type="int" >10600</id_poblacion><id_prov type="smallint" >1655</id_prov><name_pob type="varchar"  label="City">Leland</name_pob><ind_active type="tinyint"  label="Active">1</ind_active></row>
<row><id_poblacion type="int" >10601</id_poblacion><id_prov type="smallint" >1656</id_prov><name_pob type="varchar"  label="City">Saint Johns</name_pob><ind_active type="tinyint"  label="Active">1</ind_active></row>
<row><id_poblacion type="int" >10602</id_poblacion><id_prov type="smallint" >1656</id_prov><name_pob type="varchar"  label="City">Carlyle</name_pob><ind_active type="tinyint"  label="Active">1</ind_active></row>
<row><id_poblacion type="int" >10603</id_poblacion><id_prov type="smallint" >1656</id_prov><name_pob type="varchar"  label="City">Albany</name_pob><ind_active type="tinyint"  label="Active">1</ind_active></row>
<row><id_poblacion type="int" >10604</id_poblacion><id_prov type="smallint" >1656</id_prov><name_pob type="varchar"  label="City">Plattsburg</name_pob><ind_active type="tinyint"  label="Active">1</ind_active></row>
<row><id_poblacion type="int" >10605</id_poblacion><id_prov type="smallint" >1656</id_prov><name_pob type="varchar"  label="City">Plattsburgh</name_pob><ind_active type="tinyint"  label="Active">1</ind_active></row>
<row><id_poblacion type="int" >10606</id_poblacion><id_prov type="smallint" >1656</id_prov><name_pob type="varchar"  label="City">Wilmington</name_pob><ind_active type="tinyint"  label="Active">1</ind_active></row>
<row><id_poblacion type="int" >10607</id_poblacion><id_prov type="smallint" >1656</id_prov><name_pob type="varchar"  label="City">Lock Haven</name_pob><ind_active type="tinyint"  label="Active">1</ind_active></row>
<row><id_poblacion type="int" >10608</id_poblacion><id_prov type="smallint" >1656</id_prov><name_pob type="varchar"  label="City">Clinton</name_pob><ind_active type="tinyint"  label="Active">1</ind_active></row>
<row><id_poblacion type="int" >10609</id_poblacion><id_prov type="smallint" >1656</id_prov><name_pob type="varchar"  label="City">Frankfort</name_pob><ind_active type="tinyint"  label="Active">1</ind_active></row>
<row><id_poblacion type="int" >10610</id_poblacion><id_prov type="smallint" >1657</id_prov><name_pob type="varchar"  label="City">West Branch</name_pob><ind_active type="tinyint"  label="Active">1</ind_active></row>
<row><id_poblacion type="int" >10611</id_poblacion><id_prov type="smallint" >1658</id_prov><name_pob type="varchar"  label="City">Monroe</name_pob><ind_active type="tinyint"  label="Active">1</ind_active></row>
<row><id_poblacion type="int" >10612</id_poblacion><id_prov type="smallint" >1658</id_prov><name_pob type="varchar"  label="City">Stroudsburg</name_pob><ind_active type="tinyint"  label="Active">1</ind_active></row>
<row><id_poblacion type="int" >10613</id_poblacion><id_prov type="smallint" >1658</id_prov><name_pob type="varchar"  label="City">Union</name_pob><ind_active type="tinyint"  label="Active">1</ind_active></row>
<row><id_poblacion type="int" >10614</id_poblacion><id_prov type="smallint" >1658</id_prov><name_pob type="varchar"  label="City">Madisonvill</name_pob><ind_active type="tinyint"  label="Active">1</ind_active></row>
<row><id_poblacion type="int" >10615</id_poblacion><id_prov type="smallint" >1658</id_prov><name_pob type="varchar"  label="City">Woodsfield</name_pob><ind_active type="tinyint"  label="Active">1</ind_active></row>
<row><id_poblacion type="int" >10616</id_poblacion><id_prov type="smallint" >1658</id_prov><name_pob type="varchar"  label="City">Rochester</name_pob><ind_active type="tinyint"  label="Active">1</ind_active></row>
<row><id_poblacion type="int" >10617</id_poblacion><id_prov type="smallint" >1658</id_prov><name_pob type="varchar"  label="City">Aberdeen</name_pob><ind_active type="tinyint"  label="Active">1</ind_active></row>
<row><id_poblacion type="int" >10618</id_poblacion><id_prov type="smallint" >1658</id_prov><name_pob type="varchar"  label="City">Paris</name_pob><ind_active type="tinyint"  label="Active">1</ind_active></row>
<row><id_poblacion type="int" >10619</id_poblacion><id_prov type="smallint" >1658</id_prov><name_pob type="varchar"  label="City">Bloomington</name_pob><ind_active type="tinyint"  label="Active">1</ind_active></row>
<row><id_poblacion type="int" >10620</id_poblacion><id_prov type="smallint" >1658</id_prov><name_pob type="varchar"  label="City">Waterloo</name_pob><ind_active type="tinyint"  label="Active">1</ind_active></row>
<row><id_poblacion type="int" >10621</id_poblacion><id_prov type="smallint" >1658</id_prov><name_pob type="varchar"  label="City">Albia</name_pob><ind_active type="tinyint"  label="Active">1</ind_active></row>
<row><id_poblacion type="int" >10622</id_poblacion><id_prov type="smallint" >1658</id_prov><name_pob type="varchar"  label="City">Forsyth</name_pob><ind_active type="tinyint"  label="Active">1</ind_active></row>
<row><id_poblacion type="int" >10623</id_poblacion><id_prov type="smallint" >1658</id_prov><name_pob type="varchar"  label="City">Monroeville</name_pob><ind_active type="tinyint"  label="Active">1</ind_active></row>
<row><id_poblacion type="int" >10624</id_poblacion><id_prov type="smallint" >1658</id_prov><name_pob type="varchar"  label="City">Key West</name_pob><ind_active type="tinyint"  label="Active">1</ind_active></row>
<row><id_poblacion type="int" >10625</id_poblacion><id_prov type="smallint" >1658</id_prov><name_pob type="varchar"  label="City">Sparta</name_pob><ind_active type="tinyint"  label="Active">1</ind_active></row>
<row><id_poblacion type="int" >10626</id_poblacion><id_prov type="smallint" >1658</id_prov><name_pob type="varchar"  label="City">Clarendon</name_pob><ind_active type="tinyint"  label="Active">1</ind_active></row>
<row><id_poblacion type="int" >10627</id_poblacion><id_prov type="smallint" >1658</id_prov><name_pob type="varchar"  label="City">Tompkinsvil</name_pob><ind_active type="tinyint"  label="Active">1</ind_active></row>
<row><id_poblacion type="int" >10628</id_poblacion><id_prov type="smallint" >1659</id_prov><name_pob type="varchar"  label="City">Minneapolis</name_pob><ind_active type="tinyint"  label="Active">1</ind_active></row>
<row><id_poblacion type="int" >10629</id_poblacion><id_prov type="smallint" >1659</id_prov><name_pob type="varchar"  label="City">Grand Haven</name_pob><ind_active type="tinyint"  label="Active">1</ind_active></row>
<row><id_poblacion type="int" >10630</id_poblacion><id_prov type="smallint" >1659</id_prov><name_pob type="varchar"  label="City">Port Clinto</name_pob><ind_active type="tinyint"  label="Active">1</ind_active></row>
<row><id_poblacion type="int" >10631</id_poblacion><id_prov type="smallint" >1659</id_prov><name_pob type="varchar"  label="City">Miami</name_pob><ind_active type="tinyint"  label="Active">1</ind_active></row>
<row><id_poblacion type="int" >10632</id_poblacion><id_prov type="smallint" >1660</id_prov><name_pob type="varchar"  label="City">Hastings</name_pob><ind_active type="tinyint"  label="Active">1</ind_active></row>
<row><id_poblacion type="int" >10633</id_poblacion><id_prov type="smallint" >1660</id_prov><name_pob type="varchar"  label="City">Cassville</name_pob><ind_active type="tinyint"  label="Active">1</ind_active></row>
<row><id_poblacion type="int" >10634</id_poblacion><id_prov type="smallint" >1661</id_prov><name_pob type="varchar"  label="City">Corunna</name_pob><ind_active type="tinyint"  label="Active">1</ind_active></row>
<row><id_poblacion type="int" >10635</id_poblacion><id_prov type="smallint" >1662</id_prov><name_pob type="varchar"  label="City">Hart</name_pob><ind_active type="tinyint"  label="Active">1</ind_active></row>
<row><id_poblacion type="int" >10636</id_poblacion><id_prov type="smallint" >1663</id_prov><name_pob type="varchar"  label="City">Harrisonvil</name_pob><ind_active type="tinyint"  label="Active">1</ind_active></row>
<row><id_poblacion type="int" >10637</id_poblacion><id_prov type="smallint" >1663</id_prov><name_pob type="varchar"  label="City">Plattsmouth</name_pob><ind_active type="tinyint"  label="Active">1</ind_active></row>
<row><id_poblacion type="int" >10638</id_poblacion><id_prov type="smallint" >1663</id_prov><name_pob type="varchar"  label="City">Linden</name_pob><ind_active type="tinyint"  label="Active">1</ind_active></row>
<row><id_poblacion type="int" >10639</id_poblacion><id_prov type="smallint" >1663</id_prov><name_pob type="varchar"  label="City">Fargo</name_pob><ind_active type="tinyint"  label="Active">1</ind_active></row>
<row><id_poblacion type="int" >10640</id_poblacion><id_prov type="smallint" >1663</id_prov><name_pob type="varchar"  label="City">Cassopolis</name_pob><ind_active type="tinyint"  label="Active">1</ind_active></row>
<row><id_poblacion type="int" >10641</id_poblacion><id_prov type="smallint" >1663</id_prov><name_pob type="varchar"  label="City">Logansport</name_pob><ind_active type="tinyint"  label="Active">1</ind_active></row>
<row><id_poblacion type="int" >10642</id_poblacion><id_prov type="smallint" >1663</id_prov><name_pob type="varchar"  label="City">Atlantic</name_pob><ind_active type="tinyint"  label="Active">1</ind_active></row>
<row><id_poblacion type="int" >10643</id_poblacion><id_prov type="smallint" >1663</id_prov><name_pob type="varchar"  label="City">Virginia</name_pob><ind_active type="tinyint"  label="Active">1</ind_active></row>
<row><id_poblacion type="int" >10644</id_poblacion><id_prov type="smallint" >1663</id_prov><name_pob type="varchar"  label="City">Walker</name_pob><ind_active type="tinyint"  label="Active">1</ind_active></row>
<row><id_poblacion type="int" >10645</id_poblacion><id_prov type="smallint" >1664</id_prov><name_pob type="varchar"  label="City">Lapeer</name_pob><ind_active type="tinyint"  label="Active">1</ind_active></row>
<row><id_poblacion type="int" >10646</id_poblacion><id_prov type="smallint" >1665</id_prov><name_pob type="varchar"  label="City">Adrian</name_pob><ind_active type="tinyint"  label="Active">1</ind_active></row>
<row><id_poblacion type="int" >10647</id_poblacion><id_prov type="smallint" >1666</id_prov><name_pob type="varchar"  label="City">Marshall</name_pob><ind_active type="tinyint"  label="Active">1</ind_active></row>
<row><id_poblacion type="int" >10648</id_poblacion><id_prov type="smallint" >1666</id_prov><name_pob type="varchar"  label="City">Port Lavaca</name_pob><ind_active type="tinyint"  label="Active">1</ind_active></row>
<row><id_poblacion type="int" >10649</id_poblacion><id_prov type="smallint" >1666</id_prov><name_pob type="varchar"  label="City">Saint Matth</name_pob><ind_active type="tinyint"  label="Active">1</ind_active></row>
<row><id_poblacion type="int" >10650</id_poblacion><id_prov type="smallint" >1666</id_prov><name_pob type="varchar"  label="City">Blountstown</name_pob><ind_active type="tinyint"  label="Active">1</ind_active></row>
<row><id_poblacion type="int" >10651</id_poblacion><id_prov type="smallint" >1666</id_prov><name_pob type="varchar"  label="City">Pittsboro</name_pob><ind_active type="tinyint"  label="Active">1</ind_active></row>
<row><id_poblacion type="int" >10652</id_poblacion><id_prov type="smallint" >1666</id_prov><name_pob type="varchar"  label="City">Grantsville</name_pob><ind_active type="tinyint"  label="Active">1</ind_active></row>
<row><id_poblacion type="int" >10653</id_poblacion><id_prov type="smallint" >1666</id_prov><name_pob type="varchar"  label="City">Morgan</name_pob><ind_active type="tinyint"  label="Active">1</ind_active></row>
<row><id_poblacion type="int" >10654</id_poblacion><id_prov type="smallint" >1666</id_prov><name_pob type="varchar"  label="City">Hampton</name_pob><ind_active type="tinyint"  label="Active">1</ind_active></row>
<row><id_poblacion type="int" >10655</id_poblacion><id_prov type="smallint" >1666</id_prov><name_pob type="varchar"  label="City">Anniston</name_pob><ind_active type="tinyint"  label="Active">1</ind_active></row>
<row><id_poblacion type="int" >10656</id_poblacion><id_prov type="smallint" >1666</id_prov><name_pob type="varchar"  label="City">Rockwell Ci</name_pob><ind_active type="tinyint"  label="Active">1</ind_active></row>
<row><id_poblacion type="int" >10657</id_poblacion><id_prov type="smallint" >1666</id_prov><name_pob type="varchar"  label="City">Hardin</name_pob><ind_active type="tinyint"  label="Active">1</ind_active></row>
<row><id_poblacion type="int" >10658</id_poblacion><id_prov type="smallint" >1667</id_prov><name_pob type="varchar"  label="City">Lake City</name_pob><ind_active type="tinyint"  label="Active">1</ind_active></row>
<row><id_poblacion type="int" >10659</id_poblacion><id_prov type="smallint" >1668</id_prov><name_pob type="varchar"  label="City">L'Anse</name_pob><ind_active type="tinyint"  label="Active">1</ind_active></row>
</poblacion>
</root>