<?xml version="1.0" encoding="UTF-8"?>
<root>
<poblacion>
<row><id_poblacion type="int" >10660</id_poblacion><id_prov type="smallint" >1669</id_prov><name_pob type="varchar"  label="City">Wabasha</name_pob><ind_active type="tinyint"  label="Active">1</ind_active></row>
<row><id_poblacion type="int" >10661</id_poblacion><id_prov type="smallint" >1670</id_prov><name_pob type="varchar"  label="City">Brainerd</name_pob><ind_active type="tinyint"  label="Active">1</ind_active></row>
<row><id_poblacion type="int" >10662</id_poblacion><id_prov type="smallint" >1671</id_prov><name_pob type="varchar"  label="City">Anoka</name_pob><ind_active type="tinyint"  label="Active">1</ind_active></row>
<row><id_poblacion type="int" >10663</id_poblacion><id_prov type="smallint" >1672</id_prov><name_pob type="varchar"  label="City">Le Center</name_pob><ind_active type="tinyint"  label="Active">1</ind_active></row>
<row><id_poblacion type="int" >10664</id_poblacion><id_prov type="smallint" >1673</id_prov><name_pob type="varchar"  label="City">Cambridge</name_pob><ind_active type="tinyint"  label="Active">1</ind_active></row>
<row><id_poblacion type="int" >10665</id_poblacion><id_prov type="smallint" >1674</id_prov><name_pob type="varchar"  label="City">Saint Paul</name_pob><ind_active type="tinyint"  label="Active">1</ind_active></row>
<row><id_poblacion type="int" >10666</id_poblacion><id_prov type="smallint" >1674</id_prov><name_pob type="varchar"  label="City">Devils Lake</name_pob><ind_active type="tinyint"  label="Active">1</ind_active></row>
<row><id_poblacion type="int" >10667</id_poblacion><id_prov type="smallint" >1675</id_prov><name_pob type="varchar"  label="City">Blue Earth</name_pob><ind_active type="tinyint"  label="Active">1</ind_active></row>
<row><id_poblacion type="int" >10668</id_poblacion><id_prov type="smallint" >1676</id_prov><name_pob type="varchar"  label="City">Red Lake Fa</name_pob><ind_active type="tinyint"  label="Active">1</ind_active></row>
<row><id_poblacion type="int" >10669</id_poblacion><id_prov type="smallint" >1677</id_prov><name_pob type="varchar"  label="City">Buffalo</name_pob><ind_active type="tinyint"  label="Active">1</ind_active></row>
<row><id_poblacion type="int" >10670</id_poblacion><id_prov type="smallint" >1677</id_prov><name_pob type="varchar"  label="City">Hartville</name_pob><ind_active type="tinyint"  label="Active">1</ind_active></row>
<row><id_poblacion type="int" >10671</id_poblacion><id_prov type="smallint" >1677</id_prov><name_pob type="varchar"  label="City">Clarion</name_pob><ind_active type="tinyint"  label="Active">1</ind_active></row>
<row><id_poblacion type="int" >10672</id_poblacion><id_prov type="smallint" >1678</id_prov><name_pob type="varchar"  label="City">Wadena</name_pob><ind_active type="tinyint"  label="Active">1</ind_active></row>
<row><id_poblacion type="int" >10673</id_poblacion><id_prov type="smallint" >1679</id_prov><name_pob type="varchar"  label="City">Fergus Fall</name_pob><ind_active type="tinyint"  label="Active">1</ind_active></row>
<row><id_poblacion type="int" >10674</id_poblacion><id_prov type="smallint" >1680</id_prov><name_pob type="varchar"  label="City">Thief River</name_pob><ind_active type="tinyint"  label="Active">1</ind_active></row>
<row><id_poblacion type="int" >10675</id_poblacion><id_prov type="smallint" >1680</id_prov><name_pob type="varchar"  label="City">Rapid City</name_pob><ind_active type="tinyint"  label="Active">1</ind_active></row>
<row><id_poblacion type="int" >10676</id_poblacion><id_prov type="smallint" >1681</id_prov><name_pob type="varchar"  label="City">Mankato</name_pob><ind_active type="tinyint"  label="Active">1</ind_active></row>
<row><id_poblacion type="int" >10677</id_poblacion><id_prov type="smallint" >1682</id_prov><name_pob type="varchar"  label="City">Grand Rapid</name_pob><ind_active type="tinyint"  label="Active">1</ind_active></row>
<row><id_poblacion type="int" >10678</id_poblacion><id_prov type="smallint" >1683</id_prov><name_pob type="varchar"  label="City">Hallock</name_pob><ind_active type="tinyint"  label="Active">1</ind_active></row>
<row><id_poblacion type="int" >10679</id_poblacion><id_prov type="smallint" >1684</id_prov><name_pob type="varchar"  label="City">Granite Fal</name_pob><ind_active type="tinyint"  label="Active">1</ind_active></row>
<row><id_poblacion type="int" >10680</id_poblacion><id_prov type="smallint" >1685</id_prov><name_pob type="varchar"  label="City">Emporia</name_pob><ind_active type="tinyint"  label="Active">1</ind_active></row>
<row><id_poblacion type="int" >10681</id_poblacion><id_prov type="smallint" >1685</id_prov><name_pob type="varchar"  label="City">Eddyville</name_pob><ind_active type="tinyint"  label="Active">1</ind_active></row>
<row><id_poblacion type="int" >10682</id_poblacion><id_prov type="smallint" >1685</id_prov><name_pob type="varchar"  label="City">Yerington</name_pob><ind_active type="tinyint"  label="Active">1</ind_active></row>
<row><id_poblacion type="int" >10683</id_poblacion><id_prov type="smallint" >1685</id_prov><name_pob type="varchar"  label="City">Rock Rapids</name_pob><ind_active type="tinyint"  label="Active">1</ind_active></row>
<row><id_poblacion type="int" >10684</id_poblacion><id_prov type="smallint" >1685</id_prov><name_pob type="varchar"  label="City">Marshall</name_pob><ind_active type="tinyint"  label="Active">1</ind_active></row>
<row><id_poblacion type="int" >10685</id_poblacion><id_prov type="smallint" >1686</id_prov><name_pob type="varchar"  label="City">Internation</name_pob><ind_active type="tinyint"  label="Active">1</ind_active></row>
<row><id_poblacion type="int" >10686</id_poblacion><id_prov type="smallint" >1687</id_prov><name_pob type="varchar"  label="City">Pine City</name_pob><ind_active type="tinyint"  label="Active">1</ind_active></row>
<row><id_poblacion type="int" >10687</id_poblacion><id_prov type="smallint" >1688</id_prov><name_pob type="varchar"  label="City">Saint James</name_pob><ind_active type="tinyint"  label="Active">1</ind_active></row>
<row><id_poblacion type="int" >10688</id_poblacion><id_prov type="smallint" >1689</id_prov><name_pob type="varchar"  label="City">Pipestone</name_pob><ind_active type="tinyint"  label="Active">1</ind_active></row>
<row><id_poblacion type="int" >10689</id_poblacion><id_prov type="smallint" >1690</id_prov><name_pob type="varchar"  label="City">Grand Marai</name_pob><ind_active type="tinyint"  label="Active">1</ind_active></row>
<row><id_poblacion type="int" >10690</id_poblacion><id_prov type="smallint" >1690</id_prov><name_pob type="varchar"  label="City">Adel</name_pob><ind_active type="tinyint"  label="Active">1</ind_active></row>
<row><id_poblacion type="int" >10691</id_poblacion><id_prov type="smallint" >1690</id_prov><name_pob type="varchar"  label="City">Chicago</name_pob><ind_active type="tinyint"  label="Active">1</ind_active></row>
<row><id_poblacion type="int" >10692</id_poblacion><id_prov type="smallint" >1691</id_prov><name_pob type="varchar"  label="City">Ortonville</name_pob><ind_active type="tinyint"  label="Active">1</ind_active></row>
<row><id_poblacion type="int" >10693</id_poblacion><id_prov type="smallint" >1692</id_prov><name_pob type="varchar"  label="City">Center City</name_pob><ind_active type="tinyint"  label="Active">1</ind_active></row>
<row><id_poblacion type="int" >10694</id_poblacion><id_prov type="smallint" >1693</id_prov><name_pob type="varchar"  label="City">Rochester</name_pob><ind_active type="tinyint"  label="Active">1</ind_active></row>
<row><id_poblacion type="int" >10695</id_poblacion><id_prov type="smallint" >1694</id_prov><name_pob type="varchar"  label="City">Orofino</name_pob><ind_active type="tinyint"  label="Active">1</ind_active></row>
<row><id_poblacion type="int" >10696</id_poblacion><id_prov type="smallint" >1694</id_prov><name_pob type="varchar"  label="City">Bagley</name_pob><ind_active type="tinyint"  label="Active">1</ind_active></row>
<row><id_poblacion type="int" >10697</id_poblacion><id_prov type="smallint" >1695</id_prov><name_pob type="varchar"  label="City">Brenham</name_pob><ind_active type="tinyint"  label="Active">1</ind_active></row>
<row><id_poblacion type="int" >10698</id_poblacion><id_prov type="smallint" >1695</id_prov><name_pob type="varchar"  label="City">Greenville</name_pob><ind_active type="tinyint"  label="Active">1</ind_active></row>
<row><id_poblacion type="int" >10699</id_poblacion><id_prov type="smallint" >1695</id_prov><name_pob type="varchar"  label="City">Plymouth</name_pob><ind_active type="tinyint"  label="Active">1</ind_active></row>
<row><id_poblacion type="int" >10700</id_poblacion><id_prov type="smallint" >1695</id_prov><name_pob type="varchar"  label="City">Blair</name_pob><ind_active type="tinyint"  label="Active">1</ind_active></row>
<row><id_poblacion type="int" >10701</id_poblacion><id_prov type="smallint" >1695</id_prov><name_pob type="varchar"  label="City">Hudson Fall</name_pob><ind_active type="tinyint"  label="Active">1</ind_active></row>
<row><id_poblacion type="int" >10702</id_poblacion><id_prov type="smallint" >1695</id_prov><name_pob type="varchar"  label="City">Bartlesvill</name_pob><ind_active type="tinyint"  label="Active">1</ind_active></row>
<row><id_poblacion type="int" >10704</id_poblacion><id_prov type="smallint" >1695</id_prov><name_pob type="varchar"  label="City">Potosi</name_pob><ind_active type="tinyint"  label="Active">1</ind_active></row>
<row><id_poblacion type="int" >10705</id_poblacion><id_prov type="smallint" >1695</id_prov><name_pob type="varchar"  label="City">Jonesboro</name_pob><ind_active type="tinyint"  label="Active">1</ind_active></row>
<row><id_poblacion type="int" >10706</id_poblacion><id_prov type="smallint" >1695</id_prov><name_pob type="varchar"  label="City">Marietta</name_pob><ind_active type="tinyint"  label="Active">1</ind_active></row>
<row><id_poblacion type="int" >10707</id_poblacion><id_prov type="smallint" >1695</id_prov><name_pob type="varchar"  label="City">Saint Georg</name_pob><ind_active type="tinyint"  label="Active">1</ind_active></row>
<row><id_poblacion type="int" >10708</id_poblacion><id_prov type="smallint" >1695</id_prov><name_pob type="varchar"  label="City">Abingdon</name_pob><ind_active type="tinyint"  label="Active">1</ind_active></row>
<row><id_poblacion type="int" >10709</id_poblacion><id_prov type="smallint" >1695</id_prov><name_pob type="varchar"  label="City">Montpelier</name_pob><ind_active type="tinyint"  label="Active">1</ind_active></row>
<row><id_poblacion type="int" >10710</id_poblacion><id_prov type="smallint" >1695</id_prov><name_pob type="varchar"  label="City">West Bend</name_pob><ind_active type="tinyint"  label="Active">1</ind_active></row>
<row><id_poblacion type="int" >10711</id_poblacion><id_prov type="smallint" >1695</id_prov><name_pob type="varchar"  label="City">Wakefield</name_pob><ind_active type="tinyint"  label="Active">1</ind_active></row>
<row><id_poblacion type="int" >10712</id_poblacion><id_prov type="smallint" >1695</id_prov><name_pob type="varchar"  label="City">Salem</name_pob><ind_active type="tinyint"  label="Active">1</ind_active></row>
<row><id_poblacion type="int" >10713</id_poblacion><id_prov type="smallint" >1695</id_prov><name_pob type="varchar"  label="City">Fayettevill</name_pob><ind_active type="tinyint"  label="Active">1</ind_active></row>
<row><id_poblacion type="int" >10714</id_poblacion><id_prov type="smallint" >1695</id_prov><name_pob type="varchar"  label="City">Akron</name_pob><ind_active type="tinyint"  label="Active">1</ind_active></row>
<row><id_poblacion type="int" >10715</id_poblacion><id_prov type="smallint" >1695</id_prov><name_pob type="varchar"  label="City">Chipley</name_pob><ind_active type="tinyint"  label="Active">1</ind_active></row>
<row><id_poblacion type="int" >10716</id_poblacion><id_prov type="smallint" >1695</id_prov><name_pob type="varchar"  label="City">Sandersvill</name_pob><ind_active type="tinyint"  label="Active">1</ind_active></row>
<row><id_poblacion type="int" >10718</id_poblacion><id_prov type="smallint" >1695</id_prov><name_pob type="varchar"  label="City">Stillwater</name_pob><ind_active type="tinyint"  label="Active">1</ind_active></row>
<row><id_poblacion type="int" >10719</id_poblacion><id_prov type="smallint" >1695</id_prov><name_pob type="varchar"  label="City">Nashville</name_pob><ind_active type="tinyint"  label="Active">1</ind_active></row>
<row><id_poblacion type="int" >10720</id_poblacion><id_prov type="smallint" >1695</id_prov><name_pob type="varchar"  label="City">Chatom</name_pob><ind_active type="tinyint"  label="Active">1</ind_active></row>
<row><id_poblacion type="int" >10722</id_poblacion><id_prov type="smallint" >1695</id_prov><name_pob type="varchar"  label="City">Hillsboro</name_pob><ind_active type="tinyint"  label="Active">1</ind_active></row>
<row><id_poblacion type="int" >10723</id_poblacion><id_prov type="smallint" >1695</id_prov><name_pob type="varchar"  label="City">Springfield</name_pob><ind_active type="tinyint"  label="Active">1</ind_active></row>
<row><id_poblacion type="int" >10724</id_poblacion><id_prov type="smallint" >1695</id_prov><name_pob type="varchar"  label="City">Franklinton</name_pob><ind_active type="tinyint"  label="Active">1</ind_active></row>
<row><id_poblacion type="int" >10725</id_poblacion><id_prov type="smallint" >1695</id_prov><name_pob type="varchar"  label="City">Hagerstown</name_pob><ind_active type="tinyint"  label="Active">1</ind_active></row>
<row><id_poblacion type="int" >10726</id_poblacion><id_prov type="smallint" >1695</id_prov><name_pob type="varchar"  label="City">Machias</name_pob><ind_active type="tinyint"  label="Active">1</ind_active></row>
<row><id_poblacion type="int" >10727</id_poblacion><id_prov type="smallint" >1695</id_prov><name_pob type="varchar"  label="City">Weiser</name_pob><ind_active type="tinyint"  label="Active">1</ind_active></row>
<row><id_poblacion type="int" >10728</id_poblacion><id_prov type="smallint" >1696</id_prov><name_pob type="varchar"  label="City">Bolivar</name_pob><ind_active type="tinyint"  label="Active">1</ind_active></row>
<row><id_poblacion type="int" >10729</id_poblacion><id_prov type="smallint" >1696</id_prov><name_pob type="varchar"  label="City">Balsam Lake</name_pob><ind_active type="tinyint"  label="Active">1</ind_active></row>
<row><id_poblacion type="int" >10730</id_poblacion><id_prov type="smallint" >1696</id_prov><name_pob type="varchar"  label="City">Livingston</name_pob><ind_active type="tinyint"  label="Active">1</ind_active></row>
<row><id_poblacion type="int" >10731</id_poblacion><id_prov type="smallint" >1696</id_prov><name_pob type="varchar"  label="City">Benton</name_pob><ind_active type="tinyint"  label="Active">1</ind_active></row>
<row><id_poblacion type="int" >10732</id_poblacion><id_prov type="smallint" >1696</id_prov><name_pob type="varchar"  label="City">Dallas</name_pob><ind_active type="tinyint"  label="Active">1</ind_active></row>
<row><id_poblacion type="int" >10733</id_poblacion><id_prov type="smallint" >1696</id_prov><name_pob type="varchar"  label="City">Columbus</name_pob><ind_active type="tinyint"  label="Active">1</ind_active></row>
<row><id_poblacion type="int" >10734</id_poblacion><id_prov type="smallint" >1696</id_prov><name_pob type="varchar"  label="City">Crookston</name_pob><ind_active type="tinyint"  label="Active">1</ind_active></row>
<row><id_poblacion type="int" >10735</id_poblacion><id_prov type="smallint" >1696</id_prov><name_pob type="varchar"  label="City">Des Moines</name_pob><ind_active type="tinyint"  label="Active">1</ind_active></row>
<row><id_poblacion type="int" >10736</id_poblacion><id_prov type="smallint" >1696</id_prov><name_pob type="varchar"  label="City">Cedartown</name_pob><ind_active type="tinyint"  label="Active">1</ind_active></row>
<row><id_poblacion type="int" >10737</id_poblacion><id_prov type="smallint" >1696</id_prov><name_pob type="varchar"  label="City">Bartow</name_pob><ind_active type="tinyint"  label="Active">1</ind_active></row>
<row><id_poblacion type="int" >10738</id_poblacion><id_prov type="smallint" >1696</id_prov><name_pob type="varchar"  label="City">Mena</name_pob><ind_active type="tinyint"  label="Active">1</ind_active></row>
<row><id_poblacion type="int" >10739</id_poblacion><id_prov type="smallint" >1696</id_prov><name_pob type="varchar"  label="City">Osceola</name_pob><ind_active type="tinyint"  label="Active">1</ind_active></row>
<row><id_poblacion type="int" >10740</id_poblacion><id_prov type="smallint" >1697</id_prov><name_pob type="varchar"  label="City">Albert Lea</name_pob><ind_active type="tinyint"  label="Active">1</ind_active></row>
<row><id_poblacion type="int" >10741</id_poblacion><id_prov type="smallint" >1698</id_prov><name_pob type="varchar"  label="City">Glenwood</name_pob><ind_active type="tinyint"  label="Active">1</ind_active></row>
<row><id_poblacion type="int" >10742</id_poblacion><id_prov type="smallint" >1698</id_prov><name_pob type="varchar"  label="City">Russellvill</name_pob><ind_active type="tinyint"  label="Active">1</ind_active></row>
<row><id_poblacion type="int" >10743</id_poblacion><id_prov type="smallint" >1698</id_prov><name_pob type="varchar"  label="City">Golconda</name_pob><ind_active type="tinyint"  label="Active">1</ind_active></row>
<row><id_poblacion type="int" >10744</id_poblacion><id_prov type="smallint" >1699</id_prov><name_pob type="varchar"  label="City">Ada</name_pob><ind_active type="tinyint"  label="Active">1</ind_active></row>
<row><id_poblacion type="int" >10745</id_poblacion><id_prov type="smallint" >1700</id_prov><name_pob type="varchar"  label="City">Waseca</name_pob><ind_active type="tinyint"  label="Active">1</ind_active></row>
<row><id_poblacion type="int" >10746</id_poblacion><id_prov type="smallint" >1701</id_prov><name_pob type="varchar"  label="City">Geneva</name_pob><ind_active type="tinyint"  label="Active">1</ind_active></row>
<row><id_poblacion type="int" >10747</id_poblacion><id_prov type="smallint" >1701</id_prov><name_pob type="varchar"  label="City">Preston</name_pob><ind_active type="tinyint"  label="Active">1</ind_active></row>
<row><id_poblacion type="int" >10748</id_poblacion><id_prov type="smallint" >1702</id_prov><name_pob type="varchar"  label="City">Minneapolis</name_pob><ind_active type="tinyint"  label="Active">1</ind_active></row>
<row><id_poblacion type="int" >10749</id_poblacion><id_prov type="smallint" >1703</id_prov><name_pob type="varchar"  label="City">Mahnomen</name_pob><ind_active type="tinyint"  label="Active">1</ind_active></row>
<row><id_poblacion type="int" >10750</id_poblacion><id_prov type="smallint" >1704</id_prov><name_pob type="varchar"  label="City">Madison</name_pob><ind_active type="tinyint"  label="Active">1</ind_active></row>
<row><id_poblacion type="int" >10751</id_poblacion><id_prov type="smallint" >1705</id_prov><name_pob type="varchar"  label="City">Sault Saint</name_pob><ind_active type="tinyint"  label="Active">1</ind_active></row>
<row><id_poblacion type="int" >10752</id_poblacion><id_prov type="smallint" >1705</id_prov><name_pob type="varchar"  label="City">Montevideo</name_pob><ind_active type="tinyint"  label="Active">1</ind_active></row>
<row><id_poblacion type="int" >10753</id_poblacion><id_prov type="smallint" >1705</id_prov><name_pob type="varchar"  label="City">Chippewa Fa</name_pob><ind_active type="tinyint"  label="Active">1</ind_active></row>
<row><id_poblacion type="int" >10754</id_poblacion><id_prov type="smallint" >1706</id_prov><name_pob type="varchar"  label="City">Glencoe</name_pob><ind_active type="tinyint"  label="Active">1</ind_active></row>
<row><id_poblacion type="int" >10755</id_poblacion><id_prov type="smallint" >1707</id_prov><name_pob type="varchar"  label="City">Duluth</name_pob><ind_active type="tinyint"  label="Active">1</ind_active></row>
<row><id_poblacion type="int" >10756</id_poblacion><id_prov type="smallint" >1707</id_prov><name_pob type="varchar"  label="City">Clayton</name_pob><ind_active type="tinyint"  label="Active">1</ind_active></row>
<row><id_poblacion type="int" >10757</id_poblacion><id_prov type="smallint" >1707</id_prov><name_pob type="varchar"  label="City">Saint Louis</name_pob><ind_active type="tinyint"  label="Active">1</ind_active></row>
<row><id_poblacion type="int" >10758</id_poblacion><id_prov type="smallint" >1708</id_prov><name_pob type="varchar"  label="City">Erin</name_pob><ind_active type="tinyint"  label="Active">1</ind_active></row>
<row><id_poblacion type="int" >10759</id_poblacion><id_prov type="smallint" >1708</id_prov><name_pob type="varchar"  label="City">Caledonia</name_pob><ind_active type="tinyint"  label="Active">1</ind_active></row>
<row><id_poblacion type="int" >10760</id_poblacion><id_prov type="smallint" >1708</id_prov><name_pob type="varchar"  label="City">Perry</name_pob><ind_active type="tinyint"  label="Active">1</ind_active></row>
<row><id_poblacion type="int" >10761</id_poblacion><id_prov type="smallint" >1708</id_prov><name_pob type="varchar"  label="City">Dothan</name_pob><ind_active type="tinyint"  label="Active">1</ind_active></row>
<row><id_poblacion type="int" >10762</id_poblacion><id_prov type="smallint" >1708</id_prov><name_pob type="varchar"  label="City">Crockett</name_pob><ind_active type="tinyint"  label="Active">1</ind_active></row>
<row><id_poblacion type="int" >10763</id_poblacion><id_prov type="smallint" >1709</id_prov><name_pob type="varchar"  label="City">Redwood Fal</name_pob><ind_active type="tinyint"  label="Active">1</ind_active></row>
<row><id_poblacion type="int" >10764</id_poblacion><id_prov type="smallint" >1710</id_prov><name_pob type="varchar"  label="City">Red Wing</name_pob><ind_active type="tinyint"  label="Active">1</ind_active></row>
<row><id_poblacion type="int" >10765</id_poblacion><id_prov type="smallint" >1711</id_prov><name_pob type="varchar"  label="City">Chaska</name_pob><ind_active type="tinyint"  label="Active">1</ind_active></row>
<row><id_poblacion type="int" >10766</id_poblacion><id_prov type="smallint" >1712</id_prov><name_pob type="varchar"  label="City">Silver City</name_pob><ind_active type="tinyint"  label="Active">1</ind_active></row>
<row><id_poblacion type="int" >10767</id_poblacion><id_prov type="smallint" >1712</id_prov><name_pob type="varchar"  label="City">Sheridan</name_pob><ind_active type="tinyint"  label="Active">1</ind_active></row>
<row><id_poblacion type="int" >10768</id_poblacion><id_prov type="smallint" >1712</id_prov><name_pob type="varchar"  label="City">Lancaster</name_pob><ind_active type="tinyint"  label="Active">1</ind_active></row>
<row><id_poblacion type="int" >10769</id_poblacion><id_prov type="smallint" >1712</id_prov><name_pob type="varchar"  label="City">Petersburg</name_pob><ind_active type="tinyint"  label="Active">1</ind_active></row>
<row><id_poblacion type="int" >10770</id_poblacion><id_prov type="smallint" >1712</id_prov><name_pob type="varchar"  label="City">Ephrata</name_pob><ind_active type="tinyint"  label="Active">1</ind_active></row>
<row><id_poblacion type="int" >10771</id_poblacion><id_prov type="smallint" >1712</id_prov><name_pob type="varchar"  label="City">Milbank</name_pob><ind_active type="tinyint"  label="Active">1</ind_active></row>
<row><id_poblacion type="int" >10772</id_poblacion><id_prov type="smallint" >1712</id_prov><name_pob type="varchar"  label="City">Canyon City</name_pob><ind_active type="tinyint"  label="Active">1</ind_active></row>
<row><id_poblacion type="int" >10773</id_poblacion><id_prov type="smallint" >1712</id_prov><name_pob type="varchar"  label="City">Medford</name_pob><ind_active type="tinyint"  label="Active">1</ind_active></row>
<row><id_poblacion type="int" >10774</id_poblacion><id_prov type="smallint" >1712</id_prov><name_pob type="varchar"  label="City">Carson</name_pob><ind_active type="tinyint"  label="Active">1</ind_active></row>
<row><id_poblacion type="int" >10775</id_poblacion><id_prov type="smallint" >1712</id_prov><name_pob type="varchar"  label="City">Elbow Lake</name_pob><ind_active type="tinyint"  label="Active">1</ind_active></row>
<row><id_poblacion type="int" >10776</id_poblacion><id_prov type="smallint" >1712</id_prov><name_pob type="varchar"  label="City">Colfax</name_pob><ind_active type="tinyint"  label="Active">1</ind_active></row>
<row><id_poblacion type="int" >10777</id_poblacion><id_prov type="smallint" >1712</id_prov><name_pob type="varchar"  label="City">Williamstow</name_pob><ind_active type="tinyint"  label="Active">1</ind_active></row>
<row><id_poblacion type="int" >10778</id_poblacion><id_prov type="smallint" >1712</id_prov><name_pob type="varchar"  label="City">Marion</name_pob><ind_active type="tinyint"  label="Active">1</ind_active></row>
<row><id_poblacion type="int" >10779</id_poblacion><id_prov type="smallint" >1712</id_prov><name_pob type="varchar"  label="City">Ulysses</name_pob><ind_active type="tinyint"  label="Active">1</ind_active></row>
<row><id_poblacion type="int" >10780</id_poblacion><id_prov type="smallint" >1712</id_prov><name_pob type="varchar"  label="City">Hyannis</name_pob><ind_active type="tinyint"  label="Active">1</ind_active></row>
<row><id_poblacion type="int" >10781</id_poblacion><id_prov type="smallint" >1713</id_prov><name_pob type="varchar"  label="City">Windom</name_pob><ind_active type="tinyint"  label="Active">1</ind_active></row>
<row><id_poblacion type="int" >10782</id_poblacion><id_prov type="smallint" >1714</id_prov><name_pob type="varchar"  label="City">Winona</name_pob><ind_active type="tinyint"  label="Active">1</ind_active></row>
<row><id_poblacion type="int" >10783</id_poblacion><id_prov type="smallint" >1715</id_prov><name_pob type="varchar"  label="City">Huntsville</name_pob><ind_active type="tinyint"  label="Active">1</ind_active></row>
<row><id_poblacion type="int" >10784</id_poblacion><id_prov type="smallint" >1715</id_prov><name_pob type="varchar"  label="City">Davenport</name_pob><ind_active type="tinyint"  label="Active">1</ind_active></row>
<row><id_poblacion type="int" >10785</id_poblacion><id_prov type="smallint" >1715</id_prov><name_pob type="varchar"  label="City">Winchester</name_pob><ind_active type="tinyint"  label="Active">1</ind_active></row>
<row><id_poblacion type="int" >10786</id_poblacion><id_prov type="smallint" >1715</id_prov><name_pob type="varchar"  label="City">Scottsburg</name_pob><ind_active type="tinyint"  label="Active">1</ind_active></row>
<row><id_poblacion type="int" >10787</id_poblacion><id_prov type="smallint" >1715</id_prov><name_pob type="varchar"  label="City">Georgetown</name_pob><ind_active type="tinyint"  label="Active">1</ind_active></row>
<row><id_poblacion type="int" >10788</id_poblacion><id_prov type="smallint" >1715</id_prov><name_pob type="varchar"  label="City">Forest</name_pob><ind_active type="tinyint"  label="Active">1</ind_active></row>
<row><id_poblacion type="int" >10789</id_poblacion><id_prov type="smallint" >1715</id_prov><name_pob type="varchar"  label="City">Scott City</name_pob><ind_active type="tinyint"  label="Active">1</ind_active></row>
<row><id_poblacion type="int" >10790</id_poblacion><id_prov type="smallint" >1715</id_prov><name_pob type="varchar"  label="City">Gate City</name_pob><ind_active type="tinyint"  label="Active">1</ind_active></row>
<row><id_poblacion type="int" >10791</id_poblacion><id_prov type="smallint" >1715</id_prov><name_pob type="varchar"  label="City">Benton</name_pob><ind_active type="tinyint"  label="Active">1</ind_active></row>
<row><id_poblacion type="int" >10792</id_poblacion><id_prov type="smallint" >1715</id_prov><name_pob type="varchar"  label="City">Shakopee</name_pob><ind_active type="tinyint"  label="Active">1</ind_active></row>
<row><id_poblacion type="int" >10793</id_poblacion><id_prov type="smallint" >1715</id_prov><name_pob type="varchar"  label="City">Waldron</name_pob><ind_active type="tinyint"  label="Active">1</ind_active></row>
<row><id_poblacion type="int" >10794</id_poblacion><id_prov type="smallint" >1716</id_prov><name_pob type="varchar"  label="City">Aitkin</name_pob><ind_active type="tinyint"  label="Active">1</ind_active></row>
<row><id_poblacion type="int" >10795</id_poblacion><id_prov type="smallint" >1717</id_prov><name_pob type="varchar"  label="City">Alexandria</name_pob><ind_active type="tinyint"  label="Active">1</ind_active></row>
<row><id_poblacion type="int" >10796</id_poblacion><id_prov type="smallint" >1717</id_prov><name_pob type="varchar"  label="City">Superior</name_pob><ind_active type="tinyint"  label="Active">1</ind_active></row>
<row><id_poblacion type="int" >10797</id_poblacion><id_prov type="smallint" >1717</id_prov><name_pob type="varchar"  label="City">Waterville</name_pob><ind_active type="tinyint"  label="Active">1</ind_active></row>
<row><id_poblacion type="int" >10798</id_poblacion><id_prov type="smallint" >1717</id_prov><name_pob type="varchar"  label="City">Armour</name_pob><ind_active type="tinyint"  label="Active">1</ind_active></row>
<row><id_poblacion type="int" >10799</id_poblacion><id_prov type="smallint" >1717</id_prov><name_pob type="varchar"  label="City">Roseburg</name_pob><ind_active type="tinyint"  label="Active">1</ind_active></row>
<row><id_poblacion type="int" >10800</id_poblacion><id_prov type="smallint" >1717</id_prov><name_pob type="varchar"  label="City">Minden</name_pob><ind_active type="tinyint"  label="Active">1</ind_active></row>
<row><id_poblacion type="int" >10801</id_poblacion><id_prov type="smallint" >1717</id_prov><name_pob type="varchar"  label="City">Omaha</name_pob><ind_active type="tinyint"  label="Active">1</ind_active></row>
<row><id_poblacion type="int" >10802</id_poblacion><id_prov type="smallint" >1717</id_prov><name_pob type="varchar"  label="City">Lawrence</name_pob><ind_active type="tinyint"  label="Active">1</ind_active></row>
<row><id_poblacion type="int" >10803</id_poblacion><id_prov type="smallint" >1717</id_prov><name_pob type="varchar"  label="City">Tuscola</name_pob><ind_active type="tinyint"  label="Active">1</ind_active></row>
<row><id_poblacion type="int" >10804</id_poblacion><id_prov type="smallint" >1717</id_prov><name_pob type="varchar"  label="City">Douglasvill</name_pob><ind_active type="tinyint"  label="Active">1</ind_active></row>
<row><id_poblacion type="int" >10805</id_poblacion><id_prov type="smallint" >1717</id_prov><name_pob type="varchar"  label="City">Castle Rock</name_pob><ind_active type="tinyint"  label="Active">1</ind_active></row>
<row><id_poblacion type="int" >10806</id_poblacion><id_prov type="smallint" >1717</id_prov><name_pob type="varchar"  label="City">Ava</name_pob><ind_active type="tinyint"  label="Active">1</ind_active></row>
<row><id_poblacion type="int" >10807</id_poblacion><id_prov type="smallint" >1718</id_prov><name_pob type="varchar"  label="City">Wheaton</name_pob><ind_active type="tinyint"  label="Active">1</ind_active></row>
<row><id_poblacion type="int" >10808</id_poblacion><id_prov type="smallint" >1719</id_prov><name_pob type="varchar"  label="City">Benson</name_pob><ind_active type="tinyint"  label="Active">1</ind_active></row>
<row><id_poblacion type="int" >10809</id_poblacion><id_prov type="smallint" >1720</id_prov><name_pob type="varchar"  label="City">Elkton</name_pob><ind_active type="tinyint"  label="Active">1</ind_active></row>
<row><id_poblacion type="int" >10810</id_poblacion><id_prov type="smallint" >1720</id_prov><name_pob type="varchar"  label="City">Long Prairi</name_pob><ind_active type="tinyint"  label="Active">1</ind_active></row>
<row><id_poblacion type="int" >10811</id_poblacion><id_prov type="smallint" >1720</id_prov><name_pob type="varchar"  label="City">Winner</name_pob><ind_active type="tinyint"  label="Active">1</ind_active></row>
<row><id_poblacion type="int" >10812</id_poblacion><id_prov type="smallint" >1721</id_prov><name_pob type="varchar"  label="City">Park Rapids</name_pob><ind_active type="tinyint"  label="Active">1</ind_active></row>
<row><id_poblacion type="int" >10813</id_poblacion><id_prov type="smallint" >1722</id_prov><name_pob type="varchar"  label="City">Gaylord</name_pob><ind_active type="tinyint"  label="Active">1</ind_active></row>
<row><id_poblacion type="int" >10814</id_poblacion><id_prov type="smallint" >1723</id_prov><name_pob type="varchar"  label="City">Ashland</name_pob><ind_active type="tinyint"  label="Active">1</ind_active></row>
<row><id_poblacion type="int" >10815</id_poblacion><id_prov type="smallint" >1723</id_prov><name_pob type="varchar"  label="City">Prosser</name_pob><ind_active type="tinyint"  label="Active">1</ind_active></row>
<row><id_poblacion type="int" >10816</id_poblacion><id_prov type="smallint" >1723</id_prov><name_pob type="varchar"  label="City">Corvallis</name_pob><ind_active type="tinyint"  label="Active">1</ind_active></row>
<row><id_poblacion type="int" >10817</id_poblacion><id_prov type="smallint" >1723</id_prov><name_pob type="varchar"  label="City">Warsaw</name_pob><ind_active type="tinyint"  label="Active">1</ind_active></row>
<row><id_poblacion type="int" >10818</id_poblacion><id_prov type="smallint" >1723</id_prov><name_pob type="varchar"  label="City">Foley</name_pob><ind_active type="tinyint"  label="Active">1</ind_active></row>
<row><id_poblacion type="int" >10819</id_poblacion><id_prov type="smallint" >1723</id_prov><name_pob type="varchar"  label="City">Fowler</name_pob><ind_active type="tinyint"  label="Active">1</ind_active></row>
<row><id_poblacion type="int" >10820</id_poblacion><id_prov type="smallint" >1723</id_prov><name_pob type="varchar"  label="City">Vinton</name_pob><ind_active type="tinyint"  label="Active">1</ind_active></row>
<row><id_poblacion type="int" >10821</id_poblacion><id_prov type="smallint" >1723</id_prov><name_pob type="varchar"  label="City">Bentonville</name_pob><ind_active type="tinyint"  label="Active">1</ind_active></row>
<row><id_poblacion type="int" >10822</id_poblacion><id_prov type="smallint" >1723</id_prov><name_pob type="varchar"  label="City">Camden</name_pob><ind_active type="tinyint"  label="Active">1</ind_active></row>
<row><id_poblacion type="int" >10823</id_poblacion><id_prov type="smallint" >1724</id_prov><name_pob type="varchar"  label="City">Milaca</name_pob><ind_active type="tinyint"  label="Active">1</ind_active></row>
<row><id_poblacion type="int" >10824</id_poblacion><id_prov type="smallint" >1725</id_prov><name_pob type="varchar"  label="City">Carlton</name_pob><ind_active type="tinyint"  label="Active">1</ind_active></row>
<row><id_poblacion type="int" >10825</id_poblacion><id_prov type="smallint" >1726</id_prov><name_pob type="varchar"  label="City">Eastman</name_pob><ind_active type="tinyint"  label="Active">1</ind_active></row>
<row><id_poblacion type="int" >10826</id_poblacion><id_prov type="smallint" >1726</id_prov><name_pob type="varchar"  label="City">Mantorville</name_pob><ind_active type="tinyint"  label="Active">1</ind_active></row>
<row><id_poblacion type="int" >10827</id_poblacion><id_prov type="smallint" >1726</id_prov><name_pob type="varchar"  label="City">Fremont</name_pob><ind_active type="tinyint"  label="Active">1</ind_active></row>
<row><id_poblacion type="int" >10828</id_poblacion><id_prov type="smallint" >1726</id_prov><name_pob type="varchar"  label="City">Juneau</name_pob><ind_active type="tinyint"  label="Active">1</ind_active></row>
<row><id_poblacion type="int" >10829</id_poblacion><id_prov type="smallint" >1727</id_prov><name_pob type="varchar"  label="City">Saint Cloud</name_pob><ind_active type="tinyint"  label="Active">1</ind_active></row>
<row><id_poblacion type="int" >10830</id_poblacion><id_prov type="smallint" >1728</id_prov><name_pob type="varchar"  label="City">Owatonna</name_pob><ind_active type="tinyint"  label="Active">1</ind_active></row>
<row><id_poblacion type="int" >10831</id_poblacion><id_prov type="smallint" >1728</id_prov><name_pob type="varchar"  label="City">Finley</name_pob><ind_active type="tinyint"  label="Active">1</ind_active></row>
<row><id_poblacion type="int" >10832</id_poblacion><id_prov type="smallint" >1729</id_prov><name_pob type="varchar"  label="City">New Ulm</name_pob><ind_active type="tinyint"  label="Active">1</ind_active></row>
<row><id_poblacion type="int" >10833</id_poblacion><id_prov type="smallint" >1729</id_prov><name_pob type="varchar"  label="City">Green Bay</name_pob><ind_active type="tinyint"  label="Active">1</ind_active></row>
<row><id_poblacion type="int" >10834</id_poblacion><id_prov type="smallint" >1729</id_prov><name_pob type="varchar"  label="City">Brownwood</name_pob><ind_active type="tinyint"  label="Active">1</ind_active></row>
<row><id_poblacion type="int" >10835</id_poblacion><id_prov type="smallint" >1729</id_prov><name_pob type="varchar"  label="City">Aberdeen</name_pob><ind_active type="tinyint"  label="Active">1</ind_active></row>
<row><id_poblacion type="int" >10836</id_poblacion><id_prov type="smallint" >1729</id_prov><name_pob type="varchar"  label="City">Ainsworth</name_pob><ind_active type="tinyint"  label="Active">1</ind_active></row>
<row><id_poblacion type="int" >10837</id_poblacion><id_prov type="smallint" >1729</id_prov><name_pob type="varchar"  label="City">Hiawatha</name_pob><ind_active type="tinyint"  label="Active">1</ind_active></row>
<row><id_poblacion type="int" >10838</id_poblacion><id_prov type="smallint" >1729</id_prov><name_pob type="varchar"  label="City">Nashville</name_pob><ind_active type="tinyint"  label="Active">1</ind_active></row>
<row><id_poblacion type="int" >10839</id_poblacion><id_prov type="smallint" >1729</id_prov><name_pob type="varchar"  label="City">Mount Sterl</name_pob><ind_active type="tinyint"  label="Active">1</ind_active></row>
<row><id_poblacion type="int" >10840</id_poblacion><id_prov type="smallint" >1729</id_prov><name_pob type="varchar"  label="City">Georgetown</name_pob><ind_active type="tinyint"  label="Active">1</ind_active></row>
<row><id_poblacion type="int" >10841</id_poblacion><id_prov type="smallint" >1730</id_prov><name_pob type="varchar"  label="City">Litchfield</name_pob><ind_active type="tinyint"  label="Active">1</ind_active></row>
<row><id_poblacion type="int" >10842</id_poblacion><id_prov type="smallint" >1731</id_prov><name_pob type="varchar"  label="City">Hugoton</name_pob><ind_active type="tinyint"  label="Active">1</ind_active></row>
<row><id_poblacion type="int" >10843</id_poblacion><id_prov type="smallint" >1731</id_prov><name_pob type="varchar"  label="City">Morris</name_pob><ind_active type="tinyint"  label="Active">1</ind_active></row>
<row><id_poblacion type="int" >10844</id_poblacion><id_prov type="smallint" >1731</id_prov><name_pob type="varchar"  label="City">Colville</name_pob><ind_active type="tinyint"  label="Active">1</ind_active></row>
<row><id_poblacion type="int" >10845</id_poblacion><id_prov type="smallint" >1732</id_prov><name_pob type="varchar"  label="City">Elk River</name_pob><ind_active type="tinyint"  label="Active">1</ind_active></row>
<row><id_poblacion type="int" >10846</id_poblacion><id_prov type="smallint" >1733</id_prov><name_pob type="varchar"  label="City">Detroit Lak</name_pob><ind_active type="tinyint"  label="Active">1</ind_active></row>
<row><id_poblacion type="int" >10847</id_poblacion><id_prov type="smallint" >1734</id_prov><name_pob type="varchar"  label="City">Olivia</name_pob><ind_active type="tinyint"  label="Active">1</ind_active></row>
<row><id_poblacion type="int" >10848</id_poblacion><id_prov type="smallint" >1734</id_prov><name_pob type="varchar"  label="City">Mohall</name_pob><ind_active type="tinyint"  label="Active">1</ind_active></row>
<row><id_poblacion type="int" >10849</id_poblacion><id_prov type="smallint" >1735</id_prov><name_pob type="varchar"  label="City">Worthington</name_pob><ind_active type="tinyint"  label="Active">1</ind_active></row>
<row><id_poblacion type="int" >10850</id_poblacion><id_prov type="smallint" >1736</id_prov><name_pob type="varchar"  label="City">Lyons</name_pob><ind_active type="tinyint"  label="Active">1</ind_active></row>
<row><id_poblacion type="int" >10851</id_poblacion><id_prov type="smallint" >1736</id_prov><name_pob type="varchar"  label="City">Faribault</name_pob><ind_active type="tinyint"  label="Active">1</ind_active></row>
<row><id_poblacion type="int" >10852</id_poblacion><id_prov type="smallint" >1737</id_prov><name_pob type="varchar"  label="City">Saint Peter</name_pob><ind_active type="tinyint"  label="Active">1</ind_active></row>
<row><id_poblacion type="int" >10853</id_poblacion><id_prov type="smallint" >1738</id_prov><name_pob type="varchar"  label="City">North Platt</name_pob><ind_active type="tinyint"  label="Active">1</ind_active></row>
<row><id_poblacion type="int" >10854</id_poblacion><id_prov type="smallint" >1738</id_prov><name_pob type="varchar"  label="City">Kemmerer</name_pob><ind_active type="tinyint"  label="Active">1</ind_active></row>
<row><id_poblacion type="int" >10855</id_poblacion><id_prov type="smallint" >1738</id_prov><name_pob type="varchar"  label="City">Hamlin</name_pob><ind_active type="tinyint"  label="Active">1</ind_active></row>
<row><id_poblacion type="int" >10856</id_poblacion><id_prov type="smallint" >1738</id_prov><name_pob type="varchar"  label="City">Merrill</name_pob><ind_active type="tinyint"  label="Active">1</ind_active></row>
<row><id_poblacion type="int" >10857</id_poblacion><id_prov type="smallint" >1738</id_prov><name_pob type="varchar"  label="City">Davenport</name_pob><ind_active type="tinyint"  label="Active">1</ind_active></row>
<row><id_poblacion type="int" >10858</id_poblacion><id_prov type="smallint" >1738</id_prov><name_pob type="varchar"  label="City">Fayettevill</name_pob><ind_active type="tinyint"  label="Active">1</ind_active></row>
<row><id_poblacion type="int" >10859</id_poblacion><id_prov type="smallint" >1738</id_prov><name_pob type="varchar"  label="City">Canton</name_pob><ind_active type="tinyint"  label="Active">1</ind_active></row>
<row><id_poblacion type="int" >10860</id_poblacion><id_prov type="smallint" >1738</id_prov><name_pob type="varchar"  label="City">Newport</name_pob><ind_active type="tinyint"  label="Active">1</ind_active></row>
<row><id_poblacion type="int" >10861</id_poblacion><id_prov type="smallint" >1738</id_prov><name_pob type="varchar"  label="City">Chandler</name_pob><ind_active type="tinyint"  label="Active">1</ind_active></row>
<row><id_poblacion type="int" >10862</id_poblacion><id_prov type="smallint" >1738</id_prov><name_pob type="varchar"  label="City">Pioche</name_pob><ind_active type="tinyint"  label="Active">1</ind_active></row>
<row><id_poblacion type="int" >10863</id_poblacion><id_prov type="smallint" >1738</id_prov><name_pob type="varchar"  label="City">Carrizozo</name_pob><ind_active type="tinyint"  label="Active">1</ind_active></row>
<row><id_poblacion type="int" >10864</id_poblacion><id_prov type="smallint" >1738</id_prov><name_pob type="varchar"  label="City">Wiscasset</name_pob><ind_active type="tinyint"  label="Active">1</ind_active></row>
<row><id_poblacion type="int" >10867</id_poblacion><id_prov type="smallint" >1738</id_prov><name_pob type="varchar"  label="City">Hugo</name_pob><ind_active type="tinyint"  label="Active">1</ind_active></row>
<row><id_poblacion type="int" >10868</id_poblacion><id_prov type="smallint" >1738</id_prov><name_pob type="varchar"  label="City">Shoshone</name_pob><ind_active type="tinyint"  label="Active">1</ind_active></row>
<row><id_poblacion type="int" >10869</id_poblacion><id_prov type="smallint" >1738</id_prov><name_pob type="varchar"  label="City">Lincoln</name_pob><ind_active type="tinyint"  label="Active">1</ind_active></row>
<row><id_poblacion type="int" >10870</id_poblacion><id_prov type="smallint" >1738</id_prov><name_pob type="varchar"  label="City">Stanford</name_pob><ind_active type="tinyint"  label="Active">1</ind_active></row>
<row><id_poblacion type="int" >10871</id_poblacion><id_prov type="smallint" >1738</id_prov><name_pob type="varchar"  label="City">Troy</name_pob><ind_active type="tinyint"  label="Active">1</ind_active></row>
<row><id_poblacion type="int" >10872</id_poblacion><id_prov type="smallint" >1738</id_prov><name_pob type="varchar"  label="City">Ivanhoe</name_pob><ind_active type="tinyint"  label="Active">1</ind_active></row>
<row><id_poblacion type="int" >10873</id_poblacion><id_prov type="smallint" >1738</id_prov><name_pob type="varchar"  label="City">Star City</name_pob><ind_active type="tinyint"  label="Active">1</ind_active></row>
<row><id_poblacion type="int" >10874</id_poblacion><id_prov type="smallint" >1738</id_prov><name_pob type="varchar"  label="City">Brookhaven</name_pob><ind_active type="tinyint"  label="Active">1</ind_active></row>
<row><id_poblacion type="int" >10875</id_poblacion><id_prov type="smallint" >1738</id_prov><name_pob type="varchar"  label="City">Libby</name_pob><ind_active type="tinyint"  label="Active">1</ind_active></row>
<row><id_poblacion type="int" >10876</id_poblacion><id_prov type="smallint" >1738</id_prov><name_pob type="varchar"  label="City">Ruston</name_pob><ind_active type="tinyint"  label="Active">1</ind_active></row>
<row><id_poblacion type="int" >10878</id_poblacion><id_prov type="smallint" >1739</id_prov><name_pob type="varchar"  label="City">Edna</name_pob><ind_active type="tinyint"  label="Active">1</ind_active></row>
<row><id_poblacion type="int" >10879</id_poblacion><id_prov type="smallint" >1739</id_prov><name_pob type="varchar"  label="City">Gainesboro</name_pob><ind_active type="tinyint"  label="Active">1</ind_active></row>
<row><id_poblacion type="int" >10880</id_poblacion><id_prov type="smallint" >1739</id_prov><name_pob type="varchar"  label="City">Kadoka</name_pob><ind_active type="tinyint"  label="Active">1</ind_active></row>
<row><id_poblacion type="int" >10881</id_poblacion><id_prov type="smallint" >1739</id_prov><name_pob type="varchar"  label="City">Medford</name_pob><ind_active type="tinyint"  label="Active">1</ind_active></row>
<row><id_poblacion type="int" >10882</id_poblacion><id_prov type="smallint" >1739</id_prov><name_pob type="varchar"  label="City">Sylva</name_pob><ind_active type="tinyint"  label="Active">1</ind_active></row>
<row><id_poblacion type="int" >10884</id_poblacion><id_prov type="smallint" >1739</id_prov><name_pob type="varchar"  label="City">Ripley</name_pob><ind_active type="tinyint"  label="Active">1</ind_active></row>
<row><id_poblacion type="int" >10885</id_poblacion><id_prov type="smallint" >1739</id_prov><name_pob type="varchar"  label="City">Pascagoula</name_pob><ind_active type="tinyint"  label="Active">1</ind_active></row>
<row><id_poblacion type="int" >10886</id_poblacion><id_prov type="smallint" >1739</id_prov><name_pob type="varchar"  label="City">Independenc</name_pob><ind_active type="tinyint"  label="Active">1</ind_active></row>
<row><id_poblacion type="int" >10887</id_poblacion><id_prov type="smallint" >1739</id_prov><name_pob type="varchar"  label="City">Black River</name_pob><ind_active type="tinyint"  label="Active">1</ind_active></row>
<row><id_poblacion type="int" >10888</id_poblacion><id_prov type="smallint" >1739</id_prov><name_pob type="varchar"  label="City">Marianna</name_pob><ind_active type="tinyint"  label="Active">1</ind_active></row>
<row><id_poblacion type="int" >10890</id_poblacion><id_prov type="smallint" >1739</id_prov><name_pob type="varchar"  label="City">Altus</name_pob><ind_active type="tinyint"  label="Active">1</ind_active></row>
<row><id_poblacion type="int" >10891</id_poblacion><id_prov type="smallint" >1739</id_prov><name_pob type="varchar"  label="City">Scottsboro</name_pob><ind_active type="tinyint"  label="Active">1</ind_active></row>
<row><id_poblacion type="int" >10892</id_poblacion><id_prov type="smallint" >1739</id_prov><name_pob type="varchar"  label="City">Walden</name_pob><ind_active type="tinyint"  label="Active">1</ind_active></row>
<row><id_poblacion type="int" >10893</id_poblacion><id_prov type="smallint" >1739</id_prov><name_pob type="varchar"  label="City">Jefferson</name_pob><ind_active type="tinyint"  label="Active">1</ind_active></row>
<row><id_poblacion type="int" >10894</id_poblacion><id_prov type="smallint" >1739</id_prov><name_pob type="varchar"  label="City">Maquoketa</name_pob><ind_active type="tinyint"  label="Active">1</ind_active></row>
<row><id_poblacion type="int" >10895</id_poblacion><id_prov type="smallint" >1739</id_prov><name_pob type="varchar"  label="City">Murphysboro</name_pob><ind_active type="tinyint"  label="Active">1</ind_active></row>
<row><id_poblacion type="int" >10896</id_poblacion><id_prov type="smallint" >1739</id_prov><name_pob type="varchar"  label="City">Brownstown</name_pob><ind_active type="tinyint"  label="Active">1</ind_active></row>
<row><id_poblacion type="int" >10897</id_poblacion><id_prov type="smallint" >1739</id_prov><name_pob type="varchar"  label="City">Holton</name_pob><ind_active type="tinyint"  label="Active">1</ind_active></row>
<row><id_poblacion type="int" >10898</id_poblacion><id_prov type="smallint" >1739</id_prov><name_pob type="varchar"  label="City">McKee</name_pob><ind_active type="tinyint"  label="Active">1</ind_active></row>
<row><id_poblacion type="int" >10899</id_poblacion><id_prov type="smallint" >1739</id_prov><name_pob type="varchar"  label="City">Jonesboro</name_pob><ind_active type="tinyint"  label="Active">1</ind_active></row>
<row><id_poblacion type="int" >10900</id_poblacion><id_prov type="smallint" >1739</id_prov><name_pob type="varchar"  label="City">Newport</name_pob><ind_active type="tinyint"  label="Active">1</ind_active></row>
<row><id_poblacion type="int" >10901</id_poblacion><id_prov type="smallint" >1740</id_prov><name_pob type="varchar"  label="City">Crown Point</name_pob><ind_active type="tinyint"  label="Active">1</ind_active></row>
<row><id_poblacion type="int" >10902</id_poblacion><id_prov type="smallint" >1740</id_prov><name_pob type="varchar"  label="City">Polson</name_pob><ind_active type="tinyint"  label="Active">1</ind_active></row>
<row><id_poblacion type="int" >10903</id_poblacion><id_prov type="smallint" >1740</id_prov><name_pob type="varchar"  label="City">Madison</name_pob><ind_active type="tinyint"  label="Active">1</ind_active></row>
<row><id_poblacion type="int" >10904</id_poblacion><id_prov type="smallint" >1740</id_prov><name_pob type="varchar"  label="City">Lakeview</name_pob><ind_active type="tinyint"  label="Active">1</ind_active></row>
<row><id_poblacion type="int" >10905</id_poblacion><id_prov type="smallint" >1740</id_prov><name_pob type="varchar"  label="City">Painesville</name_pob><ind_active type="tinyint"  label="Active">1</ind_active></row>
<row><id_poblacion type="int" >10906</id_poblacion><id_prov type="smallint" >1740</id_prov><name_pob type="varchar"  label="City">Tiptonville</name_pob><ind_active type="tinyint"  label="Active">1</ind_active></row>
<row><id_poblacion type="int" >10907</id_poblacion><id_prov type="smallint" >1740</id_prov><name_pob type="varchar"  label="City">Two Harbors</name_pob><ind_active type="tinyint"  label="Active">1</ind_active></row>
<row><id_poblacion type="int" >10908</id_poblacion><id_prov type="smallint" >1740</id_prov><name_pob type="varchar"  label="City">Lakeport</name_pob><ind_active type="tinyint"  label="Active">1</ind_active></row>
<row><id_poblacion type="int" >10909</id_poblacion><id_prov type="smallint" >1740</id_prov><name_pob type="varchar"  label="City">Baldwin</name_pob><ind_active type="tinyint"  label="Active">1</ind_active></row>
<row><id_poblacion type="int" >10910</id_poblacion><id_prov type="smallint" >1740</id_prov><name_pob type="varchar"  label="City">Waukegan</name_pob><ind_active type="tinyint"  label="Active">1</ind_active></row>
<row><id_poblacion type="int" >10911</id_poblacion><id_prov type="smallint" >1740</id_prov><name_pob type="varchar"  label="City">Tavares</name_pob><ind_active type="tinyint"  label="Active">1</ind_active></row>
<row><id_poblacion type="int" >10912</id_poblacion><id_prov type="smallint" >1740</id_prov><name_pob type="varchar"  label="City">Leadville</name_pob><ind_active type="tinyint"  label="Active">1</ind_active></row>
<row><id_poblacion type="int" >10913</id_poblacion><id_prov type="smallint" >1741</id_prov><name_pob type="varchar"  label="City">Bemidji</name_pob><ind_active type="tinyint"  label="Active">1</ind_active></row>
<row><id_poblacion type="int" >10914</id_poblacion><id_prov type="smallint" >1742</id_prov><name_pob type="varchar"  label="City">Dakota City</name_pob><ind_active type="tinyint"  label="Active">1</ind_active></row>
<row><id_poblacion type="int" >10915</id_poblacion><id_prov type="smallint" >1742</id_prov><name_pob type="varchar"  label="City">Hastings</name_pob><ind_active type="tinyint"  label="Active">1</ind_active></row>
<row><id_poblacion type="int" >10916</id_poblacion><id_prov type="smallint" >1743</id_prov><name_pob type="varchar"  label="City">Breckenridg</name_pob><ind_active type="tinyint"  label="Active">1</ind_active></row>
<row><id_poblacion type="int" >10917</id_poblacion><id_prov type="smallint" >1744</id_prov><name_pob type="varchar"  label="City">Harrisonvil</name_pob><ind_active type="tinyint"  label="Active">1</ind_active></row>
<row><id_poblacion type="int" >10918</id_poblacion><id_prov type="smallint" >1744</id_prov><name_pob type="varchar"  label="City">Plattsmouth</name_pob><ind_active type="tinyint"  label="Active">1</ind_active></row>
<row><id_poblacion type="int" >10919</id_poblacion><id_prov type="smallint" >1744</id_prov><name_pob type="varchar"  label="City">Linden</name_pob><ind_active type="tinyint"  label="Active">1</ind_active></row>
<row><id_poblacion type="int" >10920</id_poblacion><id_prov type="smallint" >1744</id_prov><name_pob type="varchar"  label="City">Fargo</name_pob><ind_active type="tinyint"  label="Active">1</ind_active></row>
<row><id_poblacion type="int" >10921</id_poblacion><id_prov type="smallint" >1744</id_prov><name_pob type="varchar"  label="City">Cassopolis</name_pob><ind_active type="tinyint"  label="Active">1</ind_active></row>
<row><id_poblacion type="int" >10922</id_poblacion><id_prov type="smallint" >1744</id_prov><name_pob type="varchar"  label="City">Logansport</name_pob><ind_active type="tinyint"  label="Active">1</ind_active></row>
<row><id_poblacion type="int" >10923</id_poblacion><id_prov type="smallint" >1744</id_prov><name_pob type="varchar"  label="City">Atlantic</name_pob><ind_active type="tinyint"  label="Active">1</ind_active></row>
<row><id_poblacion type="int" >10924</id_poblacion><id_prov type="smallint" >1744</id_prov><name_pob type="varchar"  label="City">Virginia</name_pob><ind_active type="tinyint"  label="Active">1</ind_active></row>
<row><id_poblacion type="int" >10925</id_poblacion><id_prov type="smallint" >1744</id_prov><name_pob type="varchar"  label="City">Walker</name_pob><ind_active type="tinyint"  label="Active">1</ind_active></row>
<row><id_poblacion type="int" >10926</id_poblacion><id_prov type="smallint" >1745</id_prov><name_pob type="varchar"  label="City">Janesville</name_pob><ind_active type="tinyint"  label="Active">1</ind_active></row>
<row><id_poblacion type="int" >10927</id_poblacion><id_prov type="smallint" >1745</id_prov><name_pob type="varchar"  label="City">Luverne</name_pob><ind_active type="tinyint"  label="Active">1</ind_active></row>
<row><id_poblacion type="int" >10928</id_poblacion><id_prov type="smallint" >1745</id_prov><name_pob type="varchar"  label="City">Bassett</name_pob><ind_active type="tinyint"  label="Active">1</ind_active></row>
<row><id_poblacion type="int" >10929</id_poblacion><id_prov type="smallint" >1746</id_prov><name_pob type="varchar"  label="City">Little Fall</name_pob><ind_active type="tinyint"  label="Active">1</ind_active></row>
<row><id_poblacion type="int" >10930</id_poblacion><id_prov type="smallint" >1747</id_prov><name_pob type="varchar"  label="City">Roseau</name_pob><ind_active type="tinyint"  label="Active">1</ind_active></row>
<row><id_poblacion type="int" >10931</id_poblacion><id_prov type="smallint" >1748</id_prov><name_pob type="varchar"  label="City">Mora</name_pob><ind_active type="tinyint"  label="Active">1</ind_active></row>
<row><id_poblacion type="int" >10932</id_poblacion><id_prov type="smallint" >1749</id_prov><name_pob type="varchar"  label="City">Baudette</name_pob><ind_active type="tinyint"  label="Active">1</ind_active></row>
<row><id_poblacion type="int" >10933</id_poblacion><id_prov type="smallint" >1750</id_prov><name_pob type="varchar"  label="City">Austin</name_pob><ind_active type="tinyint"  label="Active">1</ind_active></row>
<row><id_poblacion type="int" >10934</id_poblacion><id_prov type="smallint" >1751</id_prov><name_pob type="varchar"  label="City">Williamston</name_pob><ind_active type="tinyint"  label="Active">1</ind_active></row>
<row><id_poblacion type="int" >10935</id_poblacion><id_prov type="smallint" >1751</id_prov><name_pob type="varchar"  label="City">Stanton</name_pob><ind_active type="tinyint"  label="Active">1</ind_active></row>
<row><id_poblacion type="int" >10936</id_poblacion><id_prov type="smallint" >1751</id_prov><name_pob type="varchar"  label="City">Fairmont</name_pob><ind_active type="tinyint"  label="Active">1</ind_active></row>
<row><id_poblacion type="int" >10937</id_poblacion><id_prov type="smallint" >1751</id_prov><name_pob type="varchar"  label="City">Inez</name_pob><ind_active type="tinyint"  label="Active">1</ind_active></row>
<row><id_poblacion type="int" >10938</id_poblacion><id_prov type="smallint" >1751</id_prov><name_pob type="varchar"  label="City">Shoals</name_pob><ind_active type="tinyint"  label="Active">1</ind_active></row>
<row><id_poblacion type="int" >10939</id_poblacion><id_prov type="smallint" >1751</id_prov><name_pob type="varchar"  label="City">Stuart</name_pob><ind_active type="tinyint"  label="Active">1</ind_active></row>
<row><id_poblacion type="int" >10940</id_poblacion><id_prov type="smallint" >1752</id_prov><name_pob type="varchar"  label="City">Chatsworth</name_pob><ind_active type="tinyint"  label="Active">1</ind_active></row>
<row><id_poblacion type="int" >10941</id_poblacion><id_prov type="smallint" >1752</id_prov><name_pob type="varchar"  label="City">Slayton</name_pob><ind_active type="tinyint"  label="Active">1</ind_active></row>
<row><id_poblacion type="int" >10942</id_poblacion><id_prov type="smallint" >1752</id_prov><name_pob type="varchar"  label="City">Sulphur</name_pob><ind_active type="tinyint"  label="Active">1</ind_active></row>
<row><id_poblacion type="int" >10943</id_poblacion><id_prov type="smallint" >1753</id_prov><name_pob type="varchar"  label="City">Henrietta</name_pob><ind_active type="tinyint"  label="Active">1</ind_active></row>
<row><id_poblacion type="int" >10944</id_poblacion><id_prov type="smallint" >1753</id_prov><name_pob type="varchar"  label="City">Moorhead</name_pob><ind_active type="tinyint"  label="Active">1</ind_active></row>
<row><id_poblacion type="int" >10945</id_poblacion><id_prov type="smallint" >1753</id_prov><name_pob type="varchar"  label="City">Liberty</name_pob><ind_active type="tinyint"  label="Active">1</ind_active></row>
<row><id_poblacion type="int" >10946</id_poblacion><id_prov type="smallint" >1753</id_prov><name_pob type="varchar"  label="City">West Point</name_pob><ind_active type="tinyint"  label="Active">1</ind_active></row>
<row><id_poblacion type="int" >10947</id_poblacion><id_prov type="smallint" >1753</id_prov><name_pob type="varchar"  label="City">Hayesville</name_pob><ind_active type="tinyint"  label="Active">1</ind_active></row>
<row><id_poblacion type="int" >10949</id_poblacion><id_prov type="smallint" >1753</id_prov><name_pob type="varchar"  label="City">Vermillion</name_pob><ind_active type="tinyint"  label="Active">1</ind_active></row>
<row><id_poblacion type="int" >10950</id_poblacion><id_prov type="smallint" >1753</id_prov><name_pob type="varchar"  label="City">Celina</name_pob><ind_active type="tinyint"  label="Active">1</ind_active></row>
<row><id_poblacion type="int" >10951</id_poblacion><id_prov type="smallint" >1753</id_prov><name_pob type="varchar"  label="City">Manchester</name_pob><ind_active type="tinyint"  label="Active">1</ind_active></row>
<row><id_poblacion type="int" >10952</id_poblacion><id_prov type="smallint" >1753</id_prov><name_pob type="varchar"  label="City">Clay</name_pob><ind_active type="tinyint"  label="Active">1</ind_active></row>
<row><id_poblacion type="int" >10953</id_poblacion><id_prov type="smallint" >1753</id_prov><name_pob type="varchar"  label="City">Brazil</name_pob><ind_active type="tinyint"  label="Active">1</ind_active></row>
<row><id_poblacion type="int" >10954</id_poblacion><id_prov type="smallint" >1753</id_prov><name_pob type="varchar"  label="City">Louisville</name_pob><ind_active type="tinyint"  label="Active">1</ind_active></row>
<row><id_poblacion type="int" >10955</id_poblacion><id_prov type="smallint" >1753</id_prov><name_pob type="varchar"  label="City">Spencer</name_pob><ind_active type="tinyint"  label="Active">1</ind_active></row>
<row><id_poblacion type="int" >10956</id_poblacion><id_prov type="smallint" >1753</id_prov><name_pob type="varchar"  label="City">Fort Gaines</name_pob><ind_active type="tinyint"  label="Active">1</ind_active></row>
<row><id_poblacion type="int" >10957</id_poblacion><id_prov type="smallint" >1753</id_prov><name_pob type="varchar"  label="City">Green Cove</name_pob><ind_active type="tinyint"  label="Active">1</ind_active></row>
<row><id_poblacion type="int" >10959</id_poblacion><id_prov type="smallint" >1753</id_prov><name_pob type="varchar"  label="City">Ashland</name_pob><ind_active type="tinyint"  label="Active">1</ind_active></row>
<row><id_poblacion type="int" >10960</id_poblacion><id_prov type="smallint" >1753</id_prov><name_pob type="varchar"  label="City">Corning, Pi</name_pob><ind_active type="tinyint"  label="Active">1</ind_active></row>
<row><id_poblacion type="int" >10961</id_poblacion><id_prov type="smallint" >1754</id_prov><name_pob type="varchar"  label="City">Willmar</name_pob><ind_active type="tinyint"  label="Active">1</ind_active></row>
<row><id_poblacion type="int" >10962</id_poblacion><id_prov type="smallint" >1755</id_prov><name_pob type="varchar"  label="City">Moundsville</name_pob><ind_active type="tinyint"  label="Active">1</ind_active></row>
<row><id_poblacion type="int" >10963</id_poblacion><id_prov type="smallint" >1755</id_prov><name_pob type="varchar"  label="City">Lewisburg</name_pob><ind_active type="tinyint"  label="Active">1</ind_active></row>
<row><id_poblacion type="int" >10964</id_poblacion><id_prov type="smallint" >1755</id_prov><name_pob type="varchar"  label="City">Guntersvill</name_pob><ind_active type="tinyint"  label="Active">1</ind_active></row>
<row><id_poblacion type="int" >10965</id_poblacion><id_prov type="smallint" >1755</id_prov><name_pob type="varchar"  label="City">Britton</name_pob><ind_active type="tinyint"  label="Active">1</ind_active></row>
<row><id_poblacion type="int" >10966</id_poblacion><id_prov type="smallint" >1755</id_prov><name_pob type="varchar"  label="City">Madill</name_pob><ind_active type="tinyint"  label="Active">1</ind_active></row>
<row><id_poblacion type="int" >10967</id_poblacion><id_prov type="smallint" >1755</id_prov><name_pob type="varchar"  label="City">Holly Sprin</name_pob><ind_active type="tinyint"  label="Active">1</ind_active></row>
<row><id_poblacion type="int" >10968</id_poblacion><id_prov type="smallint" >1755</id_prov><name_pob type="varchar"  label="City">Benton</name_pob><ind_active type="tinyint"  label="Active">1</ind_active></row>
<row><id_poblacion type="int" >10969</id_poblacion><id_prov type="smallint" >1755</id_prov><name_pob type="varchar"  label="City">Marysville</name_pob><ind_active type="tinyint"  label="Active">1</ind_active></row>
<row><id_poblacion type="int" >10970</id_poblacion><id_prov type="smallint" >1755</id_prov><name_pob type="varchar"  label="City">Plymouth</name_pob><ind_active type="tinyint"  label="Active">1</ind_active></row>
<row><id_poblacion type="int" >10971</id_poblacion><id_prov type="smallint" >1755</id_prov><name_pob type="varchar"  label="City">Marshalltow</name_pob><ind_active type="tinyint"  label="Active">1</ind_active></row>
<row><id_poblacion type="int" >10972</id_poblacion><id_prov type="smallint" >1755</id_prov><name_pob type="varchar"  label="City">Lacon</name_pob><ind_active type="tinyint"  label="Active">1</ind_active></row>
<row><id_poblacion type="int" >10973</id_poblacion><id_prov type="smallint" >1755</id_prov><name_pob type="varchar"  label="City">Warren</name_pob><ind_active type="tinyint"  label="Active">1</ind_active></row>
</poblacion>
</root>