<?xml version="1.0" encoding="UTF-8"?>
<root>
<poblacion>
<row><id_poblacion type="int" >12213</id_poblacion><id_prov type="smallint" >1953</id_prov><name_pob type="varchar"  label="City">Great Falls</name_pob><ind_active type="tinyint"  label="Active">1</ind_active></row>
<row><id_poblacion type="int" >12214</id_poblacion><id_prov type="smallint" >1954</id_prov><name_pob type="varchar"  label="City">White Sulph</name_pob><ind_active type="tinyint"  label="Active">1</ind_active></row>
<row><id_poblacion type="int" >12215</id_poblacion><id_prov type="smallint" >1955</id_prov><name_pob type="varchar"  label="City">Dillon</name_pob><ind_active type="tinyint"  label="Active">1</ind_active></row>
<row><id_poblacion type="int" >12216</id_poblacion><id_prov type="smallint" >1956</id_prov><name_pob type="varchar"  label="City">Forsyth</name_pob><ind_active type="tinyint"  label="Active">1</ind_active></row>
<row><id_poblacion type="int" >12217</id_poblacion><id_prov type="smallint" >1957</id_prov><name_pob type="varchar"  label="City">Wolf Point</name_pob><ind_active type="tinyint"  label="Active">1</ind_active></row>
<row><id_poblacion type="int" >12218</id_poblacion><id_prov type="smallint" >1957</id_prov><name_pob type="varchar"  label="City">Portales</name_pob><ind_active type="tinyint"  label="Active">1</ind_active></row>
<row><id_poblacion type="int" >12219</id_poblacion><id_prov type="smallint" >1958</id_prov><name_pob type="varchar"  label="City">Bristol</name_pob><ind_active type="tinyint"  label="Active">1</ind_active></row>
<row><id_poblacion type="int" >12220</id_poblacion><id_prov type="smallint" >1958</id_prov><name_pob type="varchar"  label="City">Hinesville</name_pob><ind_active type="tinyint"  label="Active">1</ind_active></row>
<row><id_poblacion type="int" >12221</id_poblacion><id_prov type="smallint" >1958</id_prov><name_pob type="varchar"  label="City">Chester</name_pob><ind_active type="tinyint"  label="Active">1</ind_active></row>
<row><id_poblacion type="int" >12222</id_poblacion><id_prov type="smallint" >1958</id_prov><name_pob type="varchar"  label="City">Liberty</name_pob><ind_active type="tinyint"  label="Active">1</ind_active></row>
<row><id_poblacion type="int" >12223</id_poblacion><id_prov type="smallint" >1959</id_prov><name_pob type="varchar"  label="City">North Platt</name_pob><ind_active type="tinyint"  label="Active">1</ind_active></row>
<row><id_poblacion type="int" >12224</id_poblacion><id_prov type="smallint" >1959</id_prov><name_pob type="varchar"  label="City">Kemmerer</name_pob><ind_active type="tinyint"  label="Active">1</ind_active></row>
<row><id_poblacion type="int" >12225</id_poblacion><id_prov type="smallint" >1959</id_prov><name_pob type="varchar"  label="City">Hamlin</name_pob><ind_active type="tinyint"  label="Active">1</ind_active></row>
<row><id_poblacion type="int" >12226</id_poblacion><id_prov type="smallint" >1959</id_prov><name_pob type="varchar"  label="City">Merrill</name_pob><ind_active type="tinyint"  label="Active">1</ind_active></row>
<row><id_poblacion type="int" >12227</id_poblacion><id_prov type="smallint" >1959</id_prov><name_pob type="varchar"  label="City">Davenport</name_pob><ind_active type="tinyint"  label="Active">1</ind_active></row>
<row><id_poblacion type="int" >12228</id_poblacion><id_prov type="smallint" >1959</id_prov><name_pob type="varchar"  label="City">Fayettevill</name_pob><ind_active type="tinyint"  label="Active">1</ind_active></row>
<row><id_poblacion type="int" >12229</id_poblacion><id_prov type="smallint" >1959</id_prov><name_pob type="varchar"  label="City">Canton</name_pob><ind_active type="tinyint"  label="Active">1</ind_active></row>
<row><id_poblacion type="int" >12230</id_poblacion><id_prov type="smallint" >1959</id_prov><name_pob type="varchar"  label="City">Newport</name_pob><ind_active type="tinyint"  label="Active">1</ind_active></row>
<row><id_poblacion type="int" >12231</id_poblacion><id_prov type="smallint" >1959</id_prov><name_pob type="varchar"  label="City">Chandler</name_pob><ind_active type="tinyint"  label="Active">1</ind_active></row>
<row><id_poblacion type="int" >12232</id_poblacion><id_prov type="smallint" >1959</id_prov><name_pob type="varchar"  label="City">Pioche</name_pob><ind_active type="tinyint"  label="Active">1</ind_active></row>
<row><id_poblacion type="int" >12233</id_poblacion><id_prov type="smallint" >1959</id_prov><name_pob type="varchar"  label="City">Carrizozo</name_pob><ind_active type="tinyint"  label="Active">1</ind_active></row>
<row><id_poblacion type="int" >12234</id_poblacion><id_prov type="smallint" >1959</id_prov><name_pob type="varchar"  label="City">Wiscasset</name_pob><ind_active type="tinyint"  label="Active">1</ind_active></row>
<row><id_poblacion type="int" >12237</id_poblacion><id_prov type="smallint" >1959</id_prov><name_pob type="varchar"  label="City">Hugo</name_pob><ind_active type="tinyint"  label="Active">1</ind_active></row>
<row><id_poblacion type="int" >12238</id_poblacion><id_prov type="smallint" >1959</id_prov><name_pob type="varchar"  label="City">Shoshone</name_pob><ind_active type="tinyint"  label="Active">1</ind_active></row>
<row><id_poblacion type="int" >12239</id_poblacion><id_prov type="smallint" >1959</id_prov><name_pob type="varchar"  label="City">Lincoln</name_pob><ind_active type="tinyint"  label="Active">1</ind_active></row>
<row><id_poblacion type="int" >12240</id_poblacion><id_prov type="smallint" >1959</id_prov><name_pob type="varchar"  label="City">Stanford</name_pob><ind_active type="tinyint"  label="Active">1</ind_active></row>
<row><id_poblacion type="int" >12241</id_poblacion><id_prov type="smallint" >1959</id_prov><name_pob type="varchar"  label="City">Troy</name_pob><ind_active type="tinyint"  label="Active">1</ind_active></row>
<row><id_poblacion type="int" >12242</id_poblacion><id_prov type="smallint" >1959</id_prov><name_pob type="varchar"  label="City">Ivanhoe</name_pob><ind_active type="tinyint"  label="Active">1</ind_active></row>
<row><id_poblacion type="int" >12243</id_poblacion><id_prov type="smallint" >1959</id_prov><name_pob type="varchar"  label="City">Star City</name_pob><ind_active type="tinyint"  label="Active">1</ind_active></row>
<row><id_poblacion type="int" >12244</id_poblacion><id_prov type="smallint" >1959</id_prov><name_pob type="varchar"  label="City">Brookhaven</name_pob><ind_active type="tinyint"  label="Active">1</ind_active></row>
<row><id_poblacion type="int" >12245</id_poblacion><id_prov type="smallint" >1959</id_prov><name_pob type="varchar"  label="City">Libby</name_pob><ind_active type="tinyint"  label="Active">1</ind_active></row>
<row><id_poblacion type="int" >12246</id_poblacion><id_prov type="smallint" >1959</id_prov><name_pob type="varchar"  label="City">Ruston</name_pob><ind_active type="tinyint"  label="Active">1</ind_active></row>
<row><id_poblacion type="int" >12247</id_poblacion><id_prov type="smallint" >1960</id_prov><name_pob type="varchar"  label="City">Baker</name_pob><ind_active type="tinyint"  label="Active">1</ind_active></row>
<row><id_poblacion type="int" >12248</id_poblacion><id_prov type="smallint" >1961</id_prov><name_pob type="varchar"  label="City">Thompson Fa</name_pob><ind_active type="tinyint"  label="Active">1</ind_active></row>
<row><id_poblacion type="int" >12249</id_poblacion><id_prov type="smallint" >1962</id_prov><name_pob type="varchar"  label="City">Hamilton</name_pob><ind_active type="tinyint"  label="Active">1</ind_active></row>
<row><id_poblacion type="int" >12250</id_poblacion><id_prov type="smallint" >1963</id_prov><name_pob type="varchar"  label="City">Helena</name_pob><ind_active type="tinyint"  label="Active">1</ind_active></row>
<row><id_poblacion type="int" >12251</id_poblacion><id_prov type="smallint" >1964</id_prov><name_pob type="varchar"  label="City">Winnett</name_pob><ind_active type="tinyint"  label="Active">1</ind_active></row>
<row><id_poblacion type="int" >12252</id_poblacion><id_prov type="smallint" >1965</id_prov><name_pob type="varchar"  label="City">Billings</name_pob><ind_active type="tinyint"  label="Active">1</ind_active></row>
<row><id_poblacion type="int" >12253</id_poblacion><id_prov type="smallint" >1966</id_prov><name_pob type="varchar"  label="City">Creede</name_pob><ind_active type="tinyint"  label="Active">1</ind_active></row>
<row><id_poblacion type="int" >12254</id_poblacion><id_prov type="smallint" >1966</id_prov><name_pob type="varchar"  label="City">Superior</name_pob><ind_active type="tinyint"  label="Active">1</ind_active></row>
<row><id_poblacion type="int" >12255</id_poblacion><id_prov type="smallint" >1966</id_prov><name_pob type="varchar"  label="City">Hawthorne</name_pob><ind_active type="tinyint"  label="Active">1</ind_active></row>
<row><id_poblacion type="int" >12256</id_poblacion><id_prov type="smallint" >1966</id_prov><name_pob type="varchar"  label="City">Keyser</name_pob><ind_active type="tinyint"  label="Active">1</ind_active></row>
<row><id_poblacion type="int" >12257</id_poblacion><id_prov type="smallint" >1967</id_prov><name_pob type="varchar"  label="City">Lewistown</name_pob><ind_active type="tinyint"  label="Active">1</ind_active></row>
<row><id_poblacion type="int" >12258</id_poblacion><id_prov type="smallint" >1968</id_prov><name_pob type="varchar"  label="City">Des Arc, De</name_pob><ind_active type="tinyint"  label="Active">1</ind_active></row>
<row><id_poblacion type="int" >12259</id_poblacion><id_prov type="smallint" >1968</id_prov><name_pob type="varchar"  label="City">Terry</name_pob><ind_active type="tinyint"  label="Active">1</ind_active></row>
<row><id_poblacion type="int" >12260</id_poblacion><id_prov type="smallint" >1969</id_prov><name_pob type="varchar"  label="City">Stanton</name_pob><ind_active type="tinyint"  label="Active">1</ind_active></row>
<row><id_poblacion type="int" >12261</id_poblacion><id_prov type="smallint" >1969</id_prov><name_pob type="varchar"  label="City">Deer Lodge</name_pob><ind_active type="tinyint"  label="Active">1</ind_active></row>
<row><id_poblacion type="int" >12262</id_poblacion><id_prov type="smallint" >1970</id_prov><name_pob type="varchar"  label="City">Broadus</name_pob><ind_active type="tinyint"  label="Active">1</ind_active></row>
<row><id_poblacion type="int" >12263</id_poblacion><id_prov type="smallint" >1971</id_prov><name_pob type="varchar"  label="City">Richland Ce</name_pob><ind_active type="tinyint"  label="Active">1</ind_active></row>
<row><id_poblacion type="int" >12264</id_poblacion><id_prov type="smallint" >1971</id_prov><name_pob type="varchar"  label="City">Olney</name_pob><ind_active type="tinyint"  label="Active">1</ind_active></row>
<row><id_poblacion type="int" >12265</id_poblacion><id_prov type="smallint" >1971</id_prov><name_pob type="varchar"  label="City">Rayville</name_pob><ind_active type="tinyint"  label="Active">1</ind_active></row>
<row><id_poblacion type="int" >12266</id_poblacion><id_prov type="smallint" >1971</id_prov><name_pob type="varchar"  label="City">Sidney</name_pob><ind_active type="tinyint"  label="Active">1</ind_active></row>
<row><id_poblacion type="int" >12267</id_poblacion><id_prov type="smallint" >1971</id_prov><name_pob type="varchar"  label="City">Wahpeton</name_pob><ind_active type="tinyint"  label="Active">1</ind_active></row>
<row><id_poblacion type="int" >12268</id_poblacion><id_prov type="smallint" >1971</id_prov><name_pob type="varchar"  label="City">Mansfield</name_pob><ind_active type="tinyint"  label="Active">1</ind_active></row>
<row><id_poblacion type="int" >12269</id_poblacion><id_prov type="smallint" >1971</id_prov><name_pob type="varchar"  label="City">Columbia</name_pob><ind_active type="tinyint"  label="Active">1</ind_active></row>
<row><id_poblacion type="int" >12270</id_poblacion><id_prov type="smallint" >1972</id_prov><name_pob type="varchar"  label="City">Columbus</name_pob><ind_active type="tinyint"  label="Active">1</ind_active></row>
<row><id_poblacion type="int" >12271</id_poblacion><id_prov type="smallint" >1973</id_prov><name_pob type="varchar"  label="City">Dawsonville</name_pob><ind_active type="tinyint"  label="Active">1</ind_active></row>
<row><id_poblacion type="int" >12272</id_poblacion><id_prov type="smallint" >1973</id_prov><name_pob type="varchar"  label="City">Glendive</name_pob><ind_active type="tinyint"  label="Active">1</ind_active></row>
<row><id_poblacion type="int" >12273</id_poblacion><id_prov type="smallint" >1973</id_prov><name_pob type="varchar"  label="City">Lexington</name_pob><ind_active type="tinyint"  label="Active">1</ind_active></row>
<row><id_poblacion type="int" >12274</id_poblacion><id_prov type="smallint" >1973</id_prov><name_pob type="varchar"  label="City">Lamesa</name_pob><ind_active type="tinyint"  label="Active">1</ind_active></row>
<row><id_poblacion type="int" >12275</id_poblacion><id_prov type="smallint" >1974</id_prov><name_pob type="varchar"  label="City">Shelby</name_pob><ind_active type="tinyint"  label="Active">1</ind_active></row>
<row><id_poblacion type="int" >12276</id_poblacion><id_prov type="smallint" >1975</id_prov><name_pob type="varchar"  label="City">Van Buren</name_pob><ind_active type="tinyint"  label="Active">1</ind_active></row>
<row><id_poblacion type="int" >12277</id_poblacion><id_prov type="smallint" >1975</id_prov><name_pob type="varchar"  label="City">Elizabethto</name_pob><ind_active type="tinyint"  label="Active">1</ind_active></row>
<row><id_poblacion type="int" >12278</id_poblacion><id_prov type="smallint" >1975</id_prov><name_pob type="varchar"  label="City">Ekalaka</name_pob><ind_active type="tinyint"  label="Active">1</ind_active></row>
<row><id_poblacion type="int" >12279</id_poblacion><id_prov type="smallint" >1975</id_prov><name_pob type="varchar"  label="City">Grayson</name_pob><ind_active type="tinyint"  label="Active">1</ind_active></row>
<row><id_poblacion type="int" >12280</id_poblacion><id_prov type="smallint" >1975</id_prov><name_pob type="varchar"  label="City">Ardmore</name_pob><ind_active type="tinyint"  label="Active">1</ind_active></row>
<row><id_poblacion type="int" >12281</id_poblacion><id_prov type="smallint" >1976</id_prov><name_pob type="varchar"  label="City">Anaconda</name_pob><ind_active type="tinyint"  label="Active">1</ind_active></row>
<row><id_poblacion type="int" >12282</id_poblacion><id_prov type="smallint" >1977</id_prov><name_pob type="varchar"  label="City">Driggs</name_pob><ind_active type="tinyint"  label="Active">1</ind_active></row>
<row><id_poblacion type="int" >12283</id_poblacion><id_prov type="smallint" >1977</id_prov><name_pob type="varchar"  label="City">Choteau</name_pob><ind_active type="tinyint"  label="Active">1</ind_active></row>
<row><id_poblacion type="int" >12284</id_poblacion><id_prov type="smallint" >1977</id_prov><name_pob type="varchar"  label="City">Jackson</name_pob><ind_active type="tinyint"  label="Active">1</ind_active></row>
<row><id_poblacion type="int" >12285</id_poblacion><id_prov type="smallint" >1978</id_prov><name_pob type="varchar"  label="City">Scobey</name_pob><ind_active type="tinyint"  label="Active">1</ind_active></row>
<row><id_poblacion type="int" >12286</id_poblacion><id_prov type="smallint" >1979</id_prov><name_pob type="varchar"  label="City">Big Timber</name_pob><ind_active type="tinyint"  label="Active">1</ind_active></row>
<row><id_poblacion type="int" >12287</id_poblacion><id_prov type="smallint" >1980</id_prov><name_pob type="varchar"  label="City">Westcliffe</name_pob><ind_active type="tinyint"  label="Active">1</ind_active></row>
<row><id_poblacion type="int" >12288</id_poblacion><id_prov type="smallint" >1980</id_prov><name_pob type="varchar"  label="City">Custer</name_pob><ind_active type="tinyint"  label="Active">1</ind_active></row>
<row><id_poblacion type="int" >12289</id_poblacion><id_prov type="smallint" >1980</id_prov><name_pob type="varchar"  label="City">Arapaho</name_pob><ind_active type="tinyint"  label="Active">1</ind_active></row>
<row><id_poblacion type="int" >12290</id_poblacion><id_prov type="smallint" >1980</id_prov><name_pob type="varchar"  label="City">Broken Bow</name_pob><ind_active type="tinyint"  label="Active">1</ind_active></row>
<row><id_poblacion type="int" >12291</id_poblacion><id_prov type="smallint" >1980</id_prov><name_pob type="varchar"  label="City">Miles City</name_pob><ind_active type="tinyint"  label="Active">1</ind_active></row>
<row><id_poblacion type="int" >12292</id_poblacion><id_prov type="smallint" >1980</id_prov><name_pob type="varchar"  label="City">Challis</name_pob><ind_active type="tinyint"  label="Active">1</ind_active></row>
<row><id_poblacion type="int" >12293</id_poblacion><id_prov type="smallint" >1981</id_prov><name_pob type="varchar"  label="City">Stanford</name_pob><ind_active type="tinyint"  label="Active">1</ind_active></row>
<row><id_poblacion type="int" >12294</id_poblacion><id_prov type="smallint" >1982</id_prov><name_pob type="varchar"  label="City">Jackson</name_pob><ind_active type="tinyint"  label="Active">1</ind_active></row>
<row><id_poblacion type="int" >12295</id_poblacion><id_prov type="smallint" >1982</id_prov><name_pob type="varchar"  label="City">Frederickto</name_pob><ind_active type="tinyint"  label="Active">1</ind_active></row>
<row><id_poblacion type="int" >12296</id_poblacion><id_prov type="smallint" >1982</id_prov><name_pob type="varchar"  label="City">Madisonvill</name_pob><ind_active type="tinyint"  label="Active">1</ind_active></row>
<row><id_poblacion type="int" >12297</id_poblacion><id_prov type="smallint" >1982</id_prov><name_pob type="varchar"  label="City">London</name_pob><ind_active type="tinyint"  label="Active">1</ind_active></row>
<row><id_poblacion type="int" >12298</id_poblacion><id_prov type="smallint" >1982</id_prov><name_pob type="varchar"  label="City">Wampsville</name_pob><ind_active type="tinyint"  label="Active">1</ind_active></row>
<row><id_poblacion type="int" >12300</id_poblacion><id_prov type="smallint" >1982</id_prov><name_pob type="varchar"  label="City">Marshall</name_pob><ind_active type="tinyint"  label="Active">1</ind_active></row>
<row><id_poblacion type="int" >12301</id_poblacion><id_prov type="smallint" >1982</id_prov><name_pob type="varchar"  label="City">Virginia Ci</name_pob><ind_active type="tinyint"  label="Active">1</ind_active></row>
<row><id_poblacion type="int" >12302</id_poblacion><id_prov type="smallint" >1982</id_prov><name_pob type="varchar"  label="City">Canton</name_pob><ind_active type="tinyint"  label="Active">1</ind_active></row>
<row><id_poblacion type="int" >12303</id_poblacion><id_prov type="smallint" >1982</id_prov><name_pob type="varchar"  label="City">Richmond</name_pob><ind_active type="tinyint"  label="Active">1</ind_active></row>
<row><id_poblacion type="int" >12304</id_poblacion><id_prov type="smallint" >1982</id_prov><name_pob type="varchar"  label="City">Anderson</name_pob><ind_active type="tinyint"  label="Active">1</ind_active></row>
<row><id_poblacion type="int" >12305</id_poblacion><id_prov type="smallint" >1982</id_prov><name_pob type="varchar"  label="City">Edwardsvill</name_pob><ind_active type="tinyint"  label="Active">1</ind_active></row>
<row><id_poblacion type="int" >12306</id_poblacion><id_prov type="smallint" >1982</id_prov><name_pob type="varchar"  label="City">Rexburg</name_pob><ind_active type="tinyint"  label="Active">1</ind_active></row>
<row><id_poblacion type="int" >12307</id_poblacion><id_prov type="smallint" >1982</id_prov><name_pob type="varchar"  label="City">Winterset</name_pob><ind_active type="tinyint"  label="Active">1</ind_active></row>
<row><id_poblacion type="int" >12308</id_poblacion><id_prov type="smallint" >1982</id_prov><name_pob type="varchar"  label="City">Danielsvill</name_pob><ind_active type="tinyint"  label="Active">1</ind_active></row>
<row><id_poblacion type="int" >12313</id_poblacion><id_prov type="smallint" >1982</id_prov><name_pob type="varchar"  label="City">Tallulah</name_pob><ind_active type="tinyint"  label="Active">1</ind_active></row>
<row><id_poblacion type="int" >12314</id_poblacion><id_prov type="smallint" >1983</id_prov><name_pob type="varchar"  label="City">Wibaux</name_pob><ind_active type="tinyint"  label="Active">1</ind_active></row>
<row><id_poblacion type="int" >12315</id_poblacion><id_prov type="smallint" >1984</id_prov><name_pob type="varchar"  label="City">Butte</name_pob><ind_active type="tinyint"  label="Active">1</ind_active></row>
<row><id_poblacion type="int" >12316</id_poblacion><id_prov type="smallint" >1985</id_prov><name_pob type="varchar"  label="City">Cascade</name_pob><ind_active type="tinyint"  label="Active">1</ind_active></row>
<row><id_poblacion type="int" >12317</id_poblacion><id_prov type="smallint" >1985</id_prov><name_pob type="varchar"  label="City">Glasgow</name_pob><ind_active type="tinyint"  label="Active">1</ind_active></row>
<row><id_poblacion type="int" >12318</id_poblacion><id_prov type="smallint" >1985</id_prov><name_pob type="varchar"  label="City">Ord</name_pob><ind_active type="tinyint"  label="Active">1</ind_active></row>
<row><id_poblacion type="int" >12319</id_poblacion><id_prov type="smallint" >1986</id_prov><name_pob type="varchar"  label="City">Fort Benton</name_pob><ind_active type="tinyint"  label="Active">1</ind_active></row>
<row><id_poblacion type="int" >12320</id_poblacion><id_prov type="smallint" >1987</id_prov><name_pob type="varchar"  label="City">Price</name_pob><ind_active type="tinyint"  label="Active">1</ind_active></row>
<row><id_poblacion type="int" >12321</id_poblacion><id_prov type="smallint" >1987</id_prov><name_pob type="varchar"  label="City">Rawlins</name_pob><ind_active type="tinyint"  label="Active">1</ind_active></row>
<row><id_poblacion type="int" >12322</id_poblacion><id_prov type="smallint" >1987</id_prov><name_pob type="varchar"  label="City">Jim Thorpe</name_pob><ind_active type="tinyint"  label="Active">1</ind_active></row>
<row><id_poblacion type="int" >12323</id_poblacion><id_prov type="smallint" >1987</id_prov><name_pob type="varchar"  label="City">Red Lodge</name_pob><ind_active type="tinyint"  label="Active">1</ind_active></row>
<row><id_poblacion type="int" >12324</id_poblacion><id_prov type="smallint" >1988</id_prov><name_pob type="varchar"  label="City">Circle</name_pob><ind_active type="tinyint"  label="Active">1</ind_active></row>
<row><id_poblacion type="int" >12325</id_poblacion><id_prov type="smallint" >1989</id_prov><name_pob type="varchar"  label="City">Hysham</name_pob><ind_active type="tinyint"  label="Active">1</ind_active></row>
<row><id_poblacion type="int" >12326</id_poblacion><id_prov type="smallint" >1990</id_prov><name_pob type="varchar"  label="City">Harlowton</name_pob><ind_active type="tinyint"  label="Active">1</ind_active></row>
<row><id_poblacion type="int" >12327</id_poblacion><id_prov type="smallint" >1991</id_prov><name_pob type="varchar"  label="City">McClusky</name_pob><ind_active type="tinyint"  label="Active">1</ind_active></row>
<row><id_poblacion type="int" >12328</id_poblacion><id_prov type="smallint" >1991</id_prov><name_pob type="varchar"  label="City">Rushville</name_pob><ind_active type="tinyint"  label="Active">1</ind_active></row>
<row><id_poblacion type="int" >12329</id_poblacion><id_prov type="smallint" >1991</id_prov><name_pob type="varchar"  label="City">Hoxie</name_pob><ind_active type="tinyint"  label="Active">1</ind_active></row>
<row><id_poblacion type="int" >12330</id_poblacion><id_prov type="smallint" >1991</id_prov><name_pob type="varchar"  label="City">Sheridan</name_pob><ind_active type="tinyint"  label="Active">1</ind_active></row>
<row><id_poblacion type="int" >12331</id_poblacion><id_prov type="smallint" >1991</id_prov><name_pob type="varchar"  label="City">Plentywood</name_pob><ind_active type="tinyint"  label="Active">1</ind_active></row>
<row><id_poblacion type="int" >12332</id_poblacion><id_prov type="smallint" >1992</id_prov><name_pob type="varchar"  label="City">Boulder</name_pob><ind_active type="tinyint"  label="Active">1</ind_active></row>
<row><id_poblacion type="int" >12333</id_poblacion><id_prov type="smallint" >1992</id_prov><name_pob type="varchar"  label="City">Fairbury</name_pob><ind_active type="tinyint"  label="Active">1</ind_active></row>
<row><id_poblacion type="int" >12334</id_poblacion><id_prov type="smallint" >1992</id_prov><name_pob type="varchar"  label="City">Watertown</name_pob><ind_active type="tinyint"  label="Active">1</ind_active></row>
<row><id_poblacion type="int" >12335</id_poblacion><id_prov type="smallint" >1992</id_prov><name_pob type="varchar"  label="City">Steubenvill</name_pob><ind_active type="tinyint"  label="Active">1</ind_active></row>
<row><id_poblacion type="int" >12336</id_poblacion><id_prov type="smallint" >1992</id_prov><name_pob type="varchar"  label="City">Waurika</name_pob><ind_active type="tinyint"  label="Active">1</ind_active></row>
<row><id_poblacion type="int" >12337</id_poblacion><id_prov type="smallint" >1992</id_prov><name_pob type="varchar"  label="City">Madras</name_pob><ind_active type="tinyint"  label="Active">1</ind_active></row>
<row><id_poblacion type="int" >12338</id_poblacion><id_prov type="smallint" >1992</id_prov><name_pob type="varchar"  label="City">Brookville</name_pob><ind_active type="tinyint"  label="Active">1</ind_active></row>
<row><id_poblacion type="int" >12339</id_poblacion><id_prov type="smallint" >1992</id_prov><name_pob type="varchar"  label="City">Beaumont</name_pob><ind_active type="tinyint"  label="Active">1</ind_active></row>
<row><id_poblacion type="int" >12340</id_poblacion><id_prov type="smallint" >1992</id_prov><name_pob type="varchar"  label="City">Port Townse</name_pob><ind_active type="tinyint"  label="Active">1</ind_active></row>
<row><id_poblacion type="int" >12341</id_poblacion><id_prov type="smallint" >1992</id_prov><name_pob type="varchar"  label="City">Jefferson</name_pob><ind_active type="tinyint"  label="Active">1</ind_active></row>
<row><id_poblacion type="int" >12342</id_poblacion><id_prov type="smallint" >1992</id_prov><name_pob type="varchar"  label="City">Fayette</name_pob><ind_active type="tinyint"  label="Active">1</ind_active></row>
<row><id_poblacion type="int" >12343</id_poblacion><id_prov type="smallint" >1992</id_prov><name_pob type="varchar"  label="City">Dandridge</name_pob><ind_active type="tinyint"  label="Active">1</ind_active></row>
<row><id_poblacion type="int" >12344</id_poblacion><id_prov type="smallint" >1992</id_prov><name_pob type="varchar"  label="City">Hillsboro</name_pob><ind_active type="tinyint"  label="Active">1</ind_active></row>
<row><id_poblacion type="int" >12345</id_poblacion><id_prov type="smallint" >1992</id_prov><name_pob type="varchar"  label="City">Gretna</name_pob><ind_active type="tinyint"  label="Active">1</ind_active></row>
<row><id_poblacion type="int" >12347</id_poblacion><id_prov type="smallint" >1992</id_prov><name_pob type="varchar"  label="City">Oskaloosa</name_pob><ind_active type="tinyint"  label="Active">1</ind_active></row>
<row><id_poblacion type="int" >12348</id_poblacion><id_prov type="smallint" >1992</id_prov><name_pob type="varchar"  label="City">Madison</name_pob><ind_active type="tinyint"  label="Active">1</ind_active></row>
<row><id_poblacion type="int" >12349</id_poblacion><id_prov type="smallint" >1992</id_prov><name_pob type="varchar"  label="City">Mount Verno</name_pob><ind_active type="tinyint"  label="Active">1</ind_active></row>
<row><id_poblacion type="int" >12350</id_poblacion><id_prov type="smallint" >1992</id_prov><name_pob type="varchar"  label="City">Rigby</name_pob><ind_active type="tinyint"  label="Active">1</ind_active></row>
<row><id_poblacion type="int" >12351</id_poblacion><id_prov type="smallint" >1992</id_prov><name_pob type="varchar"  label="City">Fairfield</name_pob><ind_active type="tinyint"  label="Active">1</ind_active></row>
<row><id_poblacion type="int" >12353</id_poblacion><id_prov type="smallint" >1992</id_prov><name_pob type="varchar"  label="City">Monticello</name_pob><ind_active type="tinyint"  label="Active">1</ind_active></row>
<row><id_poblacion type="int" >12354</id_poblacion><id_prov type="smallint" >1992</id_prov><name_pob type="varchar"  label="City">Golden</name_pob><ind_active type="tinyint"  label="Active">1</ind_active></row>
<row><id_poblacion type="int" >12355</id_poblacion><id_prov type="smallint" >1992</id_prov><name_pob type="varchar"  label="City">Birmingham</name_pob><ind_active type="tinyint"  label="Active">1</ind_active></row>
<row><id_poblacion type="int" >12356</id_poblacion><id_prov type="smallint" >1992</id_prov><name_pob type="varchar"  label="City">Charles Tow</name_pob><ind_active type="tinyint"  label="Active">1</ind_active></row>
<row><id_poblacion type="int" >12357</id_poblacion><id_prov type="smallint" >1992</id_prov><name_pob type="varchar"  label="City">Pine Bluff</name_pob><ind_active type="tinyint"  label="Active">1</ind_active></row>
<row><id_poblacion type="int" >12358</id_poblacion><id_prov type="smallint" >1993</id_prov><name_pob type="varchar"  label="City">Chinook</name_pob><ind_active type="tinyint"  label="Active">1</ind_active></row>
<row><id_poblacion type="int" >12359</id_poblacion><id_prov type="smallint" >1993</id_prov><name_pob type="varchar"  label="City">Brewster</name_pob><ind_active type="tinyint"  label="Active">1</ind_active></row>
<row><id_poblacion type="int" >12360</id_poblacion><id_prov type="smallint" >1993</id_prov><name_pob type="varchar"  label="City">Watonga</name_pob><ind_active type="tinyint"  label="Active">1</ind_active></row>
<row><id_poblacion type="int" >12361</id_poblacion><id_prov type="smallint" >1993</id_prov><name_pob type="varchar"  label="City">Hailey</name_pob><ind_active type="tinyint"  label="Active">1</ind_active></row>
<row><id_poblacion type="int" >12362</id_poblacion><id_prov type="smallint" >1994</id_prov><name_pob type="varchar"  label="City">Glenwood Sp</name_pob><ind_active type="tinyint"  label="Active">1</ind_active></row>
<row><id_poblacion type="int" >12363</id_poblacion><id_prov type="smallint" >1994</id_prov><name_pob type="varchar"  label="City">Jordan</name_pob><ind_active type="tinyint"  label="Active">1</ind_active></row>
<row><id_poblacion type="int" >12364</id_poblacion><id_prov type="smallint" >1994</id_prov><name_pob type="varchar"  label="City">Burwell</name_pob><ind_active type="tinyint"  label="Active">1</ind_active></row>
<row><id_poblacion type="int" >12365</id_poblacion><id_prov type="smallint" >1994</id_prov><name_pob type="varchar"  label="City">Enid</name_pob><ind_active type="tinyint"  label="Active">1</ind_active></row>
<row><id_poblacion type="int" >12366</id_poblacion><id_prov type="smallint" >1994</id_prov><name_pob type="varchar"  label="City">Panguitch</name_pob><ind_active type="tinyint"  label="Active">1</ind_active></row>
<row><id_poblacion type="int" >12367</id_poblacion><id_prov type="smallint" >1994</id_prov><name_pob type="varchar"  label="City">Pomeroy</name_pob><ind_active type="tinyint"  label="Active">1</ind_active></row>
<row><id_poblacion type="int" >12368</id_poblacion><id_prov type="smallint" >1995</id_prov><name_pob type="varchar"  label="City">Missoula</name_pob><ind_active type="tinyint"  label="Active">1</ind_active></row>
<row><id_poblacion type="int" >12369</id_poblacion><id_prov type="smallint" >1996</id_prov><name_pob type="varchar"  label="City">Shawneetown</name_pob><ind_active type="tinyint"  label="Active">1</ind_active></row>
<row><id_poblacion type="int" >12370</id_poblacion><id_prov type="smallint" >1996</id_prov><name_pob type="varchar"  label="City">Warsaw</name_pob><ind_active type="tinyint"  label="Active">1</ind_active></row>
<row><id_poblacion type="int" >12371</id_poblacion><id_prov type="smallint" >1996</id_prov><name_pob type="varchar"  label="City">Bozeman</name_pob><ind_active type="tinyint"  label="Active">1</ind_active></row>
<row><id_poblacion type="int" >12372</id_poblacion><id_prov type="smallint" >1997</id_prov><name_pob type="varchar"  label="City">Helena</name_pob><ind_active type="tinyint"  label="Active">1</ind_active></row>
<row><id_poblacion type="int" >12373</id_poblacion><id_prov type="smallint" >1997</id_prov><name_pob type="varchar"  label="City">Holyoke</name_pob><ind_active type="tinyint"  label="Active">1</ind_active></row>
<row><id_poblacion type="int" >12374</id_poblacion><id_prov type="smallint" >1997</id_prov><name_pob type="varchar"  label="City">Phillipsbur</name_pob><ind_active type="tinyint"  label="Active">1</ind_active></row>
<row><id_poblacion type="int" >12375</id_poblacion><id_prov type="smallint" >1997</id_prov><name_pob type="varchar"  label="City">Malta</name_pob><ind_active type="tinyint"  label="Active">1</ind_active></row>
<row><id_poblacion type="int" >12376</id_poblacion><id_prov type="smallint" >1998</id_prov><name_pob type="varchar"  label="City">Crown Point</name_pob><ind_active type="tinyint"  label="Active">1</ind_active></row>
<row><id_poblacion type="int" >12377</id_poblacion><id_prov type="smallint" >1998</id_prov><name_pob type="varchar"  label="City">Polson</name_pob><ind_active type="tinyint"  label="Active">1</ind_active></row>
<row><id_poblacion type="int" >12378</id_poblacion><id_prov type="smallint" >1998</id_prov><name_pob type="varchar"  label="City">Madison</name_pob><ind_active type="tinyint"  label="Active">1</ind_active></row>
<row><id_poblacion type="int" >12379</id_poblacion><id_prov type="smallint" >1998</id_prov><name_pob type="varchar"  label="City">Lakeview</name_pob><ind_active type="tinyint"  label="Active">1</ind_active></row>
<row><id_poblacion type="int" >12380</id_poblacion><id_prov type="smallint" >1998</id_prov><name_pob type="varchar"  label="City">Painesville</name_pob><ind_active type="tinyint"  label="Active">1</ind_active></row>
<row><id_poblacion type="int" >12381</id_poblacion><id_prov type="smallint" >1998</id_prov><name_pob type="varchar"  label="City">Tiptonville</name_pob><ind_active type="tinyint"  label="Active">1</ind_active></row>
<row><id_poblacion type="int" >12382</id_poblacion><id_prov type="smallint" >1998</id_prov><name_pob type="varchar"  label="City">Two Harbors</name_pob><ind_active type="tinyint"  label="Active">1</ind_active></row>
<row><id_poblacion type="int" >12383</id_poblacion><id_prov type="smallint" >1998</id_prov><name_pob type="varchar"  label="City">Lakeport</name_pob><ind_active type="tinyint"  label="Active">1</ind_active></row>
<row><id_poblacion type="int" >12384</id_poblacion><id_prov type="smallint" >1998</id_prov><name_pob type="varchar"  label="City">Baldwin</name_pob><ind_active type="tinyint"  label="Active">1</ind_active></row>
<row><id_poblacion type="int" >12385</id_poblacion><id_prov type="smallint" >1998</id_prov><name_pob type="varchar"  label="City">Waukegan</name_pob><ind_active type="tinyint"  label="Active">1</ind_active></row>
<row><id_poblacion type="int" >12386</id_poblacion><id_prov type="smallint" >1998</id_prov><name_pob type="varchar"  label="City">Tavares</name_pob><ind_active type="tinyint"  label="Active">1</ind_active></row>
<row><id_poblacion type="int" >12387</id_poblacion><id_prov type="smallint" >1998</id_prov><name_pob type="varchar"  label="City">Leadville</name_pob><ind_active type="tinyint"  label="Active">1</ind_active></row>
<row><id_poblacion type="int" >12388</id_poblacion><id_prov type="smallint" >1999</id_prov><name_pob type="varchar"  label="City">Havre</name_pob><ind_active type="tinyint"  label="Active">1</ind_active></row>
<row><id_poblacion type="int" >12389</id_poblacion><id_prov type="smallint" >1999</id_prov><name_pob type="varchar"  label="City">Hillsboro</name_pob><ind_active type="tinyint"  label="Active">1</ind_active></row>
<row><id_poblacion type="int" >12390</id_poblacion><id_prov type="smallint" >2000</id_prov><name_pob type="varchar"  label="City">Philipsburg</name_pob><ind_active type="tinyint"  label="Active">1</ind_active></row>
<row><id_poblacion type="int" >12391</id_poblacion><id_prov type="smallint" >2001</id_prov><name_pob type="varchar"  label="City">Kalispell</name_pob><ind_active type="tinyint"  label="Active">1</ind_active></row>
<row><id_poblacion type="int" >12392</id_poblacion><id_prov type="smallint" >2002</id_prov><name_pob type="varchar"  label="City">Ryegate</name_pob><ind_active type="tinyint"  label="Active">1</ind_active></row>
<row><id_poblacion type="int" >12393</id_poblacion><id_prov type="smallint" >2002</id_prov><name_pob type="varchar"  label="City">Beach</name_pob><ind_active type="tinyint"  label="Active">1</ind_active></row>
<row><id_poblacion type="int" >12394</id_poblacion><id_prov type="smallint" >2003</id_prov><name_pob type="varchar"  label="City">Townsend</name_pob><ind_active type="tinyint"  label="Active">1</ind_active></row>
<row><id_poblacion type="int" >12395</id_poblacion><id_prov type="smallint" >2004</id_prov><name_pob type="varchar"  label="City">Roundup</name_pob><ind_active type="tinyint"  label="Active">1</ind_active></row>
<row><id_poblacion type="int" >12396</id_poblacion><id_prov type="smallint" >2005</id_prov><name_pob type="varchar"  label="City">Fairplay</name_pob><ind_active type="tinyint"  label="Active">1</ind_active></row>
<row><id_poblacion type="int" >12397</id_poblacion><id_prov type="smallint" >2005</id_prov><name_pob type="varchar"  label="City">Livingston</name_pob><ind_active type="tinyint"  label="Active">1</ind_active></row>
<row><id_poblacion type="int" >12398</id_poblacion><id_prov type="smallint" >2005</id_prov><name_pob type="varchar"  label="City">Cody</name_pob><ind_active type="tinyint"  label="Active">1</ind_active></row>
<row><id_poblacion type="int" >12399</id_poblacion><id_prov type="smallint" >2006</id_prov><name_pob type="varchar"  label="City">Cut Bank</name_pob><ind_active type="tinyint"  label="Active">1</ind_active></row>
<row><id_poblacion type="int" >12400</id_poblacion><id_prov type="smallint" >2007</id_prov><name_pob type="varchar"  label="City">Conrad</name_pob><ind_active type="tinyint"  label="Active">1</ind_active></row>
<row><id_poblacion type="int" >12401</id_poblacion><id_prov type="smallint" >2008</id_prov><name_pob type="varchar"  label="City">Hardin</name_pob><ind_active type="tinyint"  label="Active">1</ind_active></row>
<row><id_poblacion type="int" >12402</id_poblacion><id_prov type="smallint" >2008</id_prov><name_pob type="varchar"  label="City">Basin</name_pob><ind_active type="tinyint"  label="Active">1</ind_active></row>
</poblacion>
</root>