<?xml version="1.0" encoding="UTF-8"?>
<root>
<poblacion>
<row><id_poblacion type="int" >12403</id_poblacion><id_prov type="smallint" >2009</id_prov><name_pob type="varchar"  label="City">Hebron</name_pob><ind_active type="tinyint"  label="Active">1</ind_active></row>
<row><id_poblacion type="int" >12404</id_poblacion><id_prov type="smallint" >2010</id_prov><name_pob type="varchar"  label="City">Tekamah</name_pob><ind_active type="tinyint"  label="Active">1</ind_active></row>
<row><id_poblacion type="int" >12405</id_poblacion><id_prov type="smallint" >2011</id_prov><name_pob type="varchar"  label="City">Oshkosh</name_pob><ind_active type="tinyint"  label="Active">1</ind_active></row>
<row><id_poblacion type="int" >12406</id_poblacion><id_prov type="smallint" >2012</id_prov><name_pob type="varchar"  label="City">Jackson</name_pob><ind_active type="tinyint"  label="Active">1</ind_active></row>
<row><id_poblacion type="int" >12407</id_poblacion><id_prov type="smallint" >2012</id_prov><name_pob type="varchar"  label="City">Frederickto</name_pob><ind_active type="tinyint"  label="Active">1</ind_active></row>
<row><id_poblacion type="int" >12408</id_poblacion><id_prov type="smallint" >2012</id_prov><name_pob type="varchar"  label="City">Madisonvill</name_pob><ind_active type="tinyint"  label="Active">1</ind_active></row>
<row><id_poblacion type="int" >12409</id_poblacion><id_prov type="smallint" >2012</id_prov><name_pob type="varchar"  label="City">London</name_pob><ind_active type="tinyint"  label="Active">1</ind_active></row>
<row><id_poblacion type="int" >12410</id_poblacion><id_prov type="smallint" >2012</id_prov><name_pob type="varchar"  label="City">Wampsville</name_pob><ind_active type="tinyint"  label="Active">1</ind_active></row>
<row><id_poblacion type="int" >12412</id_poblacion><id_prov type="smallint" >2012</id_prov><name_pob type="varchar"  label="City">Marshall</name_pob><ind_active type="tinyint"  label="Active">1</ind_active></row>
<row><id_poblacion type="int" >12413</id_poblacion><id_prov type="smallint" >2012</id_prov><name_pob type="varchar"  label="City">Virginia Ci</name_pob><ind_active type="tinyint"  label="Active">1</ind_active></row>
<row><id_poblacion type="int" >12414</id_poblacion><id_prov type="smallint" >2012</id_prov><name_pob type="varchar"  label="City">Canton</name_pob><ind_active type="tinyint"  label="Active">1</ind_active></row>
<row><id_poblacion type="int" >12415</id_poblacion><id_prov type="smallint" >2012</id_prov><name_pob type="varchar"  label="City">Richmond</name_pob><ind_active type="tinyint"  label="Active">1</ind_active></row>
<row><id_poblacion type="int" >12416</id_poblacion><id_prov type="smallint" >2012</id_prov><name_pob type="varchar"  label="City">Anderson</name_pob><ind_active type="tinyint"  label="Active">1</ind_active></row>
<row><id_poblacion type="int" >12417</id_poblacion><id_prov type="smallint" >2012</id_prov><name_pob type="varchar"  label="City">Edwardsvill</name_pob><ind_active type="tinyint"  label="Active">1</ind_active></row>
<row><id_poblacion type="int" >12418</id_poblacion><id_prov type="smallint" >2012</id_prov><name_pob type="varchar"  label="City">Rexburg</name_pob><ind_active type="tinyint"  label="Active">1</ind_active></row>
<row><id_poblacion type="int" >12419</id_poblacion><id_prov type="smallint" >2012</id_prov><name_pob type="varchar"  label="City">Winterset</name_pob><ind_active type="tinyint"  label="Active">1</ind_active></row>
<row><id_poblacion type="int" >12420</id_poblacion><id_prov type="smallint" >2012</id_prov><name_pob type="varchar"  label="City">Danielsvill</name_pob><ind_active type="tinyint"  label="Active">1</ind_active></row>
<row><id_poblacion type="int" >12425</id_poblacion><id_prov type="smallint" >2012</id_prov><name_pob type="varchar"  label="City">Tallulah</name_pob><ind_active type="tinyint"  label="Active">1</ind_active></row>
<row><id_poblacion type="int" >12426</id_poblacion><id_prov type="smallint" >2013</id_prov><name_pob type="varchar"  label="City">Thomasville</name_pob><ind_active type="tinyint"  label="Active">1</ind_active></row>
<row><id_poblacion type="int" >12427</id_poblacion><id_prov type="smallint" >2013</id_prov><name_pob type="varchar"  label="City">Colby</name_pob><ind_active type="tinyint"  label="Active">1</ind_active></row>
<row><id_poblacion type="int" >12428</id_poblacion><id_prov type="smallint" >2013</id_prov><name_pob type="varchar"  label="City">Thedford</name_pob><ind_active type="tinyint"  label="Active">1</ind_active></row>
<row><id_poblacion type="int" >12429</id_poblacion><id_prov type="smallint" >2014</id_prov><name_pob type="varchar"  label="City">Harrisonvil</name_pob><ind_active type="tinyint"  label="Active">1</ind_active></row>
<row><id_poblacion type="int" >12430</id_poblacion><id_prov type="smallint" >2014</id_prov><name_pob type="varchar"  label="City">Plattsmouth</name_pob><ind_active type="tinyint"  label="Active">1</ind_active></row>
<row><id_poblacion type="int" >12431</id_poblacion><id_prov type="smallint" >2014</id_prov><name_pob type="varchar"  label="City">Linden</name_pob><ind_active type="tinyint"  label="Active">1</ind_active></row>
<row><id_poblacion type="int" >12432</id_poblacion><id_prov type="smallint" >2014</id_prov><name_pob type="varchar"  label="City">Fargo</name_pob><ind_active type="tinyint"  label="Active">1</ind_active></row>
<row><id_poblacion type="int" >12433</id_poblacion><id_prov type="smallint" >2014</id_prov><name_pob type="varchar"  label="City">Cassopolis</name_pob><ind_active type="tinyint"  label="Active">1</ind_active></row>
<row><id_poblacion type="int" >12434</id_poblacion><id_prov type="smallint" >2014</id_prov><name_pob type="varchar"  label="City">Logansport</name_pob><ind_active type="tinyint"  label="Active">1</ind_active></row>
<row><id_poblacion type="int" >12435</id_poblacion><id_prov type="smallint" >2014</id_prov><name_pob type="varchar"  label="City">Atlantic</name_pob><ind_active type="tinyint"  label="Active">1</ind_active></row>
<row><id_poblacion type="int" >12436</id_poblacion><id_prov type="smallint" >2014</id_prov><name_pob type="varchar"  label="City">Virginia</name_pob><ind_active type="tinyint"  label="Active">1</ind_active></row>
<row><id_poblacion type="int" >12437</id_poblacion><id_prov type="smallint" >2014</id_prov><name_pob type="varchar"  label="City">Walker</name_pob><ind_active type="tinyint"  label="Active">1</ind_active></row>
<row><id_poblacion type="int" >12438</id_poblacion><id_prov type="smallint" >2015</id_prov><name_pob type="varchar"  label="City">Valentine</name_pob><ind_active type="tinyint"  label="Active">1</ind_active></row>
<row><id_poblacion type="int" >12439</id_poblacion><id_prov type="smallint" >2016</id_prov><name_pob type="varchar"  label="City">Chappell</name_pob><ind_active type="tinyint"  label="Active">1</ind_active></row>
<row><id_poblacion type="int" >12440</id_poblacion><id_prov type="smallint" >2016</id_prov><name_pob type="varchar"  label="City">Clear Lake</name_pob><ind_active type="tinyint"  label="Active">1</ind_active></row>
<row><id_poblacion type="int" >12441</id_poblacion><id_prov type="smallint" >2017</id_prov><name_pob type="varchar"  label="City">Beatrice</name_pob><ind_active type="tinyint"  label="Active">1</ind_active></row>
<row><id_poblacion type="int" >12442</id_poblacion><id_prov type="smallint" >2018</id_prov><name_pob type="varchar"  label="City">Columbia</name_pob><ind_active type="tinyint"  label="Active">1</ind_active></row>
<row><id_poblacion type="int" >12443</id_poblacion><id_prov type="smallint" >2018</id_prov><name_pob type="varchar"  label="City">Albion</name_pob><ind_active type="tinyint"  label="Active">1</ind_active></row>
<row><id_poblacion type="int" >12444</id_poblacion><id_prov type="smallint" >2018</id_prov><name_pob type="varchar"  label="City">Burlington</name_pob><ind_active type="tinyint"  label="Active">1</ind_active></row>
<row><id_poblacion type="int" >12445</id_poblacion><id_prov type="smallint" >2018</id_prov><name_pob type="varchar"  label="City">Belvidere</name_pob><ind_active type="tinyint"  label="Active">1</ind_active></row>
<row><id_poblacion type="int" >12446</id_poblacion><id_prov type="smallint" >2018</id_prov><name_pob type="varchar"  label="City">Boone</name_pob><ind_active type="tinyint"  label="Active">1</ind_active></row>
<row><id_poblacion type="int" >12447</id_poblacion><id_prov type="smallint" >2018</id_prov><name_pob type="varchar"  label="City">Harrison</name_pob><ind_active type="tinyint"  label="Active">1</ind_active></row>
<row><id_poblacion type="int" >12448</id_poblacion><id_prov type="smallint" >2018</id_prov><name_pob type="varchar"  label="City">Madison</name_pob><ind_active type="tinyint"  label="Active">1</ind_active></row>
<row><id_poblacion type="int" >12449</id_poblacion><id_prov type="smallint" >2018</id_prov><name_pob type="varchar"  label="City">Lebanon</name_pob><ind_active type="tinyint"  label="Active">1</ind_active></row>
<row><id_poblacion type="int" >12450</id_poblacion><id_prov type="smallint" >2019</id_prov><name_pob type="varchar"  label="City">Alexandria</name_pob><ind_active type="tinyint"  label="Active">1</ind_active></row>
<row><id_poblacion type="int" >12451</id_poblacion><id_prov type="smallint" >2019</id_prov><name_pob type="varchar"  label="City">Superior</name_pob><ind_active type="tinyint"  label="Active">1</ind_active></row>
<row><id_poblacion type="int" >12452</id_poblacion><id_prov type="smallint" >2019</id_prov><name_pob type="varchar"  label="City">Waterville</name_pob><ind_active type="tinyint"  label="Active">1</ind_active></row>
<row><id_poblacion type="int" >12453</id_poblacion><id_prov type="smallint" >2019</id_prov><name_pob type="varchar"  label="City">Armour</name_pob><ind_active type="tinyint"  label="Active">1</ind_active></row>
<row><id_poblacion type="int" >12454</id_poblacion><id_prov type="smallint" >2019</id_prov><name_pob type="varchar"  label="City">Roseburg</name_pob><ind_active type="tinyint"  label="Active">1</ind_active></row>
<row><id_poblacion type="int" >12455</id_poblacion><id_prov type="smallint" >2019</id_prov><name_pob type="varchar"  label="City">Minden</name_pob><ind_active type="tinyint"  label="Active">1</ind_active></row>
<row><id_poblacion type="int" >12456</id_poblacion><id_prov type="smallint" >2019</id_prov><name_pob type="varchar"  label="City">Omaha</name_pob><ind_active type="tinyint"  label="Active">1</ind_active></row>
<row><id_poblacion type="int" >12457</id_poblacion><id_prov type="smallint" >2019</id_prov><name_pob type="varchar"  label="City">Lawrence</name_pob><ind_active type="tinyint"  label="Active">1</ind_active></row>
<row><id_poblacion type="int" >12458</id_poblacion><id_prov type="smallint" >2019</id_prov><name_pob type="varchar"  label="City">Tuscola</name_pob><ind_active type="tinyint"  label="Active">1</ind_active></row>
<row><id_poblacion type="int" >12459</id_poblacion><id_prov type="smallint" >2019</id_prov><name_pob type="varchar"  label="City">Douglasvill</name_pob><ind_active type="tinyint"  label="Active">1</ind_active></row>
<row><id_poblacion type="int" >12460</id_poblacion><id_prov type="smallint" >2019</id_prov><name_pob type="varchar"  label="City">Castle Rock</name_pob><ind_active type="tinyint"  label="Active">1</ind_active></row>
<row><id_poblacion type="int" >12461</id_poblacion><id_prov type="smallint" >2019</id_prov><name_pob type="varchar"  label="City">Ava</name_pob><ind_active type="tinyint"  label="Active">1</ind_active></row>
<row><id_poblacion type="int" >12462</id_poblacion><id_prov type="smallint" >2020</id_prov><name_pob type="varchar"  label="City">Beaver City</name_pob><ind_active type="tinyint"  label="Active">1</ind_active></row>
<row><id_poblacion type="int" >12463</id_poblacion><id_prov type="smallint" >2021</id_prov><name_pob type="varchar"  label="City">Orange City</name_pob><ind_active type="tinyint"  label="Active">1</ind_active></row>
<row><id_poblacion type="int" >12464</id_poblacion><id_prov type="smallint" >2021</id_prov><name_pob type="varchar"  label="City">Fort Yates</name_pob><ind_active type="tinyint"  label="Active">1</ind_active></row>
<row><id_poblacion type="int" >12465</id_poblacion><id_prov type="smallint" >2021</id_prov><name_pob type="varchar"  label="City">Harrison</name_pob><ind_active type="tinyint"  label="Active">1</ind_active></row>
<row><id_poblacion type="int" >12466</id_poblacion><id_prov type="smallint" >2022</id_prov><name_pob type="varchar"  label="City">Cincinnati</name_pob><ind_active type="tinyint"  label="Active">1</ind_active></row>
<row><id_poblacion type="int" >12467</id_poblacion><id_prov type="smallint" >2022</id_prov><name_pob type="varchar"  label="City">Chattanooga</name_pob><ind_active type="tinyint"  label="Active">1</ind_active></row>
<row><id_poblacion type="int" >12468</id_poblacion><id_prov type="smallint" >2022</id_prov><name_pob type="varchar"  label="City">Lake Pleasa</name_pob><ind_active type="tinyint"  label="Active">1</ind_active></row>
<row><id_poblacion type="int" >12469</id_poblacion><id_prov type="smallint" >2022</id_prov><name_pob type="varchar"  label="City">Aurora</name_pob><ind_active type="tinyint"  label="Active">1</ind_active></row>
<row><id_poblacion type="int" >12470</id_poblacion><id_prov type="smallint" >2022</id_prov><name_pob type="varchar"  label="City">Noblesville</name_pob><ind_active type="tinyint"  label="Active">1</ind_active></row>
<row><id_poblacion type="int" >12471</id_poblacion><id_prov type="smallint" >2022</id_prov><name_pob type="varchar"  label="City">McLeansboro</name_pob><ind_active type="tinyint"  label="Active">1</ind_active></row>
<row><id_poblacion type="int" >12472</id_poblacion><id_prov type="smallint" >2022</id_prov><name_pob type="varchar"  label="City">Webster Cit</name_pob><ind_active type="tinyint"  label="Active">1</ind_active></row>
<row><id_poblacion type="int" >12473</id_poblacion><id_prov type="smallint" >2022</id_prov><name_pob type="varchar"  label="City">Jasper</name_pob><ind_active type="tinyint"  label="Active">1</ind_active></row>
<row><id_poblacion type="int" >12474</id_poblacion><id_prov type="smallint" >2022</id_prov><name_pob type="varchar"  label="City">Hamilton</name_pob><ind_active type="tinyint"  label="Active">1</ind_active></row>
<row><id_poblacion type="int" >12475</id_poblacion><id_prov type="smallint" >2022</id_prov><name_pob type="varchar"  label="City">Syracuse</name_pob><ind_active type="tinyint"  label="Active">1</ind_active></row>
<row><id_poblacion type="int" >12476</id_poblacion><id_prov type="smallint" >2023</id_prov><name_pob type="varchar"  label="City">Elwood</name_pob><ind_active type="tinyint"  label="Active">1</ind_active></row>
<row><id_poblacion type="int" >12477</id_poblacion><id_prov type="smallint" >2024</id_prov><name_pob type="varchar"  label="City">Ponca</name_pob><ind_active type="tinyint"  label="Active">1</ind_active></row>
<row><id_poblacion type="int" >12478</id_poblacion><id_prov type="smallint" >2025</id_prov><name_pob type="varchar"  label="City">Pender</name_pob><ind_active type="tinyint"  label="Active">1</ind_active></row>
<row><id_poblacion type="int" >12479</id_poblacion><id_prov type="smallint" >2025</id_prov><name_pob type="varchar"  label="City">Olympia</name_pob><ind_active type="tinyint"  label="Active">1</ind_active></row>
<row><id_poblacion type="int" >12480</id_poblacion><id_prov type="smallint" >2026</id_prov><name_pob type="varchar"  label="City">Taylor</name_pob><ind_active type="tinyint"  label="Active">1</ind_active></row>
<row><id_poblacion type="int" >12481</id_poblacion><id_prov type="smallint" >2027</id_prov><name_pob type="varchar"  label="City">Stockton</name_pob><ind_active type="tinyint"  label="Active">1</ind_active></row>
<row><id_poblacion type="int" >12482</id_poblacion><id_prov type="smallint" >2027</id_prov><name_pob type="varchar"  label="City">Hartington</name_pob><ind_active type="tinyint"  label="Active">1</ind_active></row>
<row><id_poblacion type="int" >12483</id_poblacion><id_prov type="smallint" >2027</id_prov><name_pob type="varchar"  label="City">Tipton</name_pob><ind_active type="tinyint"  label="Active">1</ind_active></row>
<row><id_poblacion type="int" >12484</id_poblacion><id_prov type="smallint" >2028</id_prov><name_pob type="varchar"  label="City">Johnson</name_pob><ind_active type="tinyint"  label="Active">1</ind_active></row>
<row><id_poblacion type="int" >12485</id_poblacion><id_prov type="smallint" >2028</id_prov><name_pob type="varchar"  label="City">Stanton</name_pob><ind_active type="tinyint"  label="Active">1</ind_active></row>
<row><id_poblacion type="int" >12486</id_poblacion><id_prov type="smallint" >2029</id_prov><name_pob type="varchar"  label="City">McClusky</name_pob><ind_active type="tinyint"  label="Active">1</ind_active></row>
<row><id_poblacion type="int" >12487</id_poblacion><id_prov type="smallint" >2029</id_prov><name_pob type="varchar"  label="City">Rushville</name_pob><ind_active type="tinyint"  label="Active">1</ind_active></row>
<row><id_poblacion type="int" >12488</id_poblacion><id_prov type="smallint" >2029</id_prov><name_pob type="varchar"  label="City">Hoxie</name_pob><ind_active type="tinyint"  label="Active">1</ind_active></row>
<row><id_poblacion type="int" >12489</id_poblacion><id_prov type="smallint" >2029</id_prov><name_pob type="varchar"  label="City">Sheridan</name_pob><ind_active type="tinyint"  label="Active">1</ind_active></row>
<row><id_poblacion type="int" >12490</id_poblacion><id_prov type="smallint" >2029</id_prov><name_pob type="varchar"  label="City">Plentywood</name_pob><ind_active type="tinyint"  label="Active">1</ind_active></row>
<row><id_poblacion type="int" >12491</id_poblacion><id_prov type="smallint" >2030</id_prov><name_pob type="varchar"  label="City">Harrisburg</name_pob><ind_active type="tinyint"  label="Active">1</ind_active></row>
<row><id_poblacion type="int" >12492</id_poblacion><id_prov type="smallint" >2031</id_prov><name_pob type="varchar"  label="City">Goodland</name_pob><ind_active type="tinyint"  label="Active">1</ind_active></row>
<row><id_poblacion type="int" >12493</id_poblacion><id_prov type="smallint" >2031</id_prov><name_pob type="varchar"  label="City">Loup City</name_pob><ind_active type="tinyint"  label="Active">1</ind_active></row>
<row><id_poblacion type="int" >12494</id_poblacion><id_prov type="smallint" >2031</id_prov><name_pob type="varchar"  label="City">Moro</name_pob><ind_active type="tinyint"  label="Active">1</ind_active></row>
<row><id_poblacion type="int" >12495</id_poblacion><id_prov type="smallint" >2031</id_prov><name_pob type="varchar"  label="City">Stratford</name_pob><ind_active type="tinyint"  label="Active">1</ind_active></row>
<row><id_poblacion type="int" >12496</id_poblacion><id_prov type="smallint" >2032</id_prov><name_pob type="varchar"  label="City">Stockville</name_pob><ind_active type="tinyint"  label="Active">1</ind_active></row>
<row><id_poblacion type="int" >12497</id_poblacion><id_prov type="smallint" >2033</id_prov><name_pob type="varchar"  label="City">Boulder</name_pob><ind_active type="tinyint"  label="Active">1</ind_active></row>
<row><id_poblacion type="int" >12498</id_poblacion><id_prov type="smallint" >2033</id_prov><name_pob type="varchar"  label="City">Fairbury</name_pob><ind_active type="tinyint"  label="Active">1</ind_active></row>
<row><id_poblacion type="int" >12499</id_poblacion><id_prov type="smallint" >2033</id_prov><name_pob type="varchar"  label="City">Watertown</name_pob><ind_active type="tinyint"  label="Active">1</ind_active></row>
<row><id_poblacion type="int" >12500</id_poblacion><id_prov type="smallint" >2033</id_prov><name_pob type="varchar"  label="City">Steubenvill</name_pob><ind_active type="tinyint"  label="Active">1</ind_active></row>
<row><id_poblacion type="int" >12501</id_poblacion><id_prov type="smallint" >2033</id_prov><name_pob type="varchar"  label="City">Waurika</name_pob><ind_active type="tinyint"  label="Active">1</ind_active></row>
<row><id_poblacion type="int" >12502</id_poblacion><id_prov type="smallint" >2033</id_prov><name_pob type="varchar"  label="City">Madras</name_pob><ind_active type="tinyint"  label="Active">1</ind_active></row>
<row><id_poblacion type="int" >12503</id_poblacion><id_prov type="smallint" >2033</id_prov><name_pob type="varchar"  label="City">Brookville</name_pob><ind_active type="tinyint"  label="Active">1</ind_active></row>
<row><id_poblacion type="int" >12504</id_poblacion><id_prov type="smallint" >2033</id_prov><name_pob type="varchar"  label="City">Beaumont</name_pob><ind_active type="tinyint"  label="Active">1</ind_active></row>
<row><id_poblacion type="int" >12505</id_poblacion><id_prov type="smallint" >2033</id_prov><name_pob type="varchar"  label="City">Port Townse</name_pob><ind_active type="tinyint"  label="Active">1</ind_active></row>
<row><id_poblacion type="int" >12506</id_poblacion><id_prov type="smallint" >2033</id_prov><name_pob type="varchar"  label="City">Jefferson</name_pob><ind_active type="tinyint"  label="Active">1</ind_active></row>
<row><id_poblacion type="int" >12507</id_poblacion><id_prov type="smallint" >2033</id_prov><name_pob type="varchar"  label="City">Fayette</name_pob><ind_active type="tinyint"  label="Active">1</ind_active></row>
<row><id_poblacion type="int" >12508</id_poblacion><id_prov type="smallint" >2033</id_prov><name_pob type="varchar"  label="City">Dandridge</name_pob><ind_active type="tinyint"  label="Active">1</ind_active></row>
<row><id_poblacion type="int" >12509</id_poblacion><id_prov type="smallint" >2033</id_prov><name_pob type="varchar"  label="City">Hillsboro</name_pob><ind_active type="tinyint"  label="Active">1</ind_active></row>
<row><id_poblacion type="int" >12510</id_poblacion><id_prov type="smallint" >2033</id_prov><name_pob type="varchar"  label="City">Gretna</name_pob><ind_active type="tinyint"  label="Active">1</ind_active></row>
<row><id_poblacion type="int" >12512</id_poblacion><id_prov type="smallint" >2033</id_prov><name_pob type="varchar"  label="City">Oskaloosa</name_pob><ind_active type="tinyint"  label="Active">1</ind_active></row>
<row><id_poblacion type="int" >12513</id_poblacion><id_prov type="smallint" >2033</id_prov><name_pob type="varchar"  label="City">Madison</name_pob><ind_active type="tinyint"  label="Active">1</ind_active></row>
<row><id_poblacion type="int" >12514</id_poblacion><id_prov type="smallint" >2033</id_prov><name_pob type="varchar"  label="City">Mount Verno</name_pob><ind_active type="tinyint"  label="Active">1</ind_active></row>
<row><id_poblacion type="int" >12515</id_poblacion><id_prov type="smallint" >2033</id_prov><name_pob type="varchar"  label="City">Rigby</name_pob><ind_active type="tinyint"  label="Active">1</ind_active></row>
<row><id_poblacion type="int" >12516</id_poblacion><id_prov type="smallint" >2033</id_prov><name_pob type="varchar"  label="City">Fairfield</name_pob><ind_active type="tinyint"  label="Active">1</ind_active></row>
<row><id_poblacion type="int" >12518</id_poblacion><id_prov type="smallint" >2033</id_prov><name_pob type="varchar"  label="City">Monticello</name_pob><ind_active type="tinyint"  label="Active">1</ind_active></row>
<row><id_poblacion type="int" >12519</id_poblacion><id_prov type="smallint" >2033</id_prov><name_pob type="varchar"  label="City">Golden</name_pob><ind_active type="tinyint"  label="Active">1</ind_active></row>
<row><id_poblacion type="int" >12520</id_poblacion><id_prov type="smallint" >2033</id_prov><name_pob type="varchar"  label="City">Birmingham</name_pob><ind_active type="tinyint"  label="Active">1</ind_active></row>
<row><id_poblacion type="int" >12521</id_poblacion><id_prov type="smallint" >2033</id_prov><name_pob type="varchar"  label="City">Charles Tow</name_pob><ind_active type="tinyint"  label="Active">1</ind_active></row>
<row><id_poblacion type="int" >12522</id_poblacion><id_prov type="smallint" >2033</id_prov><name_pob type="varchar"  label="City">Pine Bluff</name_pob><ind_active type="tinyint"  label="Active">1</ind_active></row>
<row><id_poblacion type="int" >12523</id_poblacion><id_prov type="smallint" >2034</id_prov><name_pob type="varchar"  label="City">Neligh</name_pob><ind_active type="tinyint"  label="Active">1</ind_active></row>
<row><id_poblacion type="int" >12524</id_poblacion><id_prov type="smallint" >2035</id_prov><name_pob type="varchar"  label="City">Yorktown</name_pob><ind_active type="tinyint"  label="Active">1</ind_active></row>
<row><id_poblacion type="int" >12527</id_poblacion><id_prov type="smallint" >2035</id_prov><name_pob type="varchar"  label="City">Alfred</name_pob><ind_active type="tinyint"  label="Active">1</ind_active></row>
<row><id_poblacion type="int" >12529</id_poblacion><id_prov type="smallint" >2036</id_prov><name_pob type="varchar"  label="City">Hayes Cente</name_pob><ind_active type="tinyint"  label="Active">1</ind_active></row>
<row><id_poblacion type="int" >12530</id_poblacion><id_prov type="smallint" >2037</id_prov><name_pob type="varchar"  label="City">Schuyler</name_pob><ind_active type="tinyint"  label="Active">1</ind_active></row>
<row><id_poblacion type="int" >12531</id_poblacion><id_prov type="smallint" >2037</id_prov><name_pob type="varchar"  label="City">Raton</name_pob><ind_active type="tinyint"  label="Active">1</ind_active></row>
<row><id_poblacion type="int" >12532</id_poblacion><id_prov type="smallint" >2038</id_prov><name_pob type="varchar"  label="City">Fullerton</name_pob><ind_active type="tinyint"  label="Active">1</ind_active></row>
<row><id_poblacion type="int" >12533</id_poblacion><id_prov type="smallint" >2039</id_prov><name_pob type="varchar"  label="City">Quincy</name_pob><ind_active type="tinyint"  label="Active">1</ind_active></row>
<row><id_poblacion type="int" >12534</id_poblacion><id_prov type="smallint" >2039</id_prov><name_pob type="varchar"  label="City">Friendship</name_pob><ind_active type="tinyint"  label="Active">1</ind_active></row>
<row><id_poblacion type="int" >12535</id_poblacion><id_prov type="smallint" >2039</id_prov><name_pob type="varchar"  label="City">Ritzville</name_pob><ind_active type="tinyint"  label="Active">1</ind_active></row>
<row><id_poblacion type="int" >12536</id_poblacion><id_prov type="smallint" >2039</id_prov><name_pob type="varchar"  label="City">Gettysburg</name_pob><ind_active type="tinyint"  label="Active">1</ind_active></row>
<row><id_poblacion type="int" >12537</id_poblacion><id_prov type="smallint" >2039</id_prov><name_pob type="varchar"  label="City">West Union</name_pob><ind_active type="tinyint"  label="Active">1</ind_active></row>
<row><id_poblacion type="int" >12538</id_poblacion><id_prov type="smallint" >2039</id_prov><name_pob type="varchar"  label="City">Hastings</name_pob><ind_active type="tinyint"  label="Active">1</ind_active></row>
<row><id_poblacion type="int" >12539</id_poblacion><id_prov type="smallint" >2039</id_prov><name_pob type="varchar"  label="City">Hettinger</name_pob><ind_active type="tinyint"  label="Active">1</ind_active></row>
<row><id_poblacion type="int" >12540</id_poblacion><id_prov type="smallint" >2039</id_prov><name_pob type="varchar"  label="City">Decatur</name_pob><ind_active type="tinyint"  label="Active">1</ind_active></row>
<row><id_poblacion type="int" >12541</id_poblacion><id_prov type="smallint" >2039</id_prov><name_pob type="varchar"  label="City">Council</name_pob><ind_active type="tinyint"  label="Active">1</ind_active></row>
<row><id_poblacion type="int" >12542</id_poblacion><id_prov type="smallint" >2039</id_prov><name_pob type="varchar"  label="City">Corning</name_pob><ind_active type="tinyint"  label="Active">1</ind_active></row>
<row><id_poblacion type="int" >12543</id_poblacion><id_prov type="smallint" >2039</id_prov><name_pob type="varchar"  label="City">Brighton</name_pob><ind_active type="tinyint"  label="Active">1</ind_active></row>
<row><id_poblacion type="int" >12544</id_poblacion><id_prov type="smallint" >2039</id_prov><name_pob type="varchar"  label="City">Natchez</name_pob><ind_active type="tinyint"  label="Active">1</ind_active></row>
<row><id_poblacion type="int" >12545</id_poblacion><id_prov type="smallint" >2040</id_prov><name_pob type="varchar"  label="City">Seneca</name_pob><ind_active type="tinyint"  label="Active">1</ind_active></row>
<row><id_poblacion type="int" >12546</id_poblacion><id_prov type="smallint" >2040</id_prov><name_pob type="varchar"  label="City">Auburn</name_pob><ind_active type="tinyint"  label="Active">1</ind_active></row>
<row><id_poblacion type="int" >12547</id_poblacion><id_prov type="smallint" >2041</id_prov><name_pob type="varchar"  label="City">Wheeler</name_pob><ind_active type="tinyint"  label="Active">1</ind_active></row>
<row><id_poblacion type="int" >12548</id_poblacion><id_prov type="smallint" >2041</id_prov><name_pob type="varchar"  label="City">Fossil</name_pob><ind_active type="tinyint"  label="Active">1</ind_active></row>
<row><id_poblacion type="int" >12549</id_poblacion><id_prov type="smallint" >2041</id_prov><name_pob type="varchar"  label="City">Alamo</name_pob><ind_active type="tinyint"  label="Active">1</ind_active></row>
<row><id_poblacion type="int" >12550</id_poblacion><id_prov type="smallint" >2041</id_prov><name_pob type="varchar"  label="City">Bartlett</name_pob><ind_active type="tinyint"  label="Active">1</ind_active></row>
<row><id_poblacion type="int" >12551</id_poblacion><id_prov type="smallint" >2042</id_prov><name_pob type="varchar"  label="City">Fort Dodge</name_pob><ind_active type="tinyint"  label="Active">1</ind_active></row>
<row><id_poblacion type="int" >12552</id_poblacion><id_prov type="smallint" >2042</id_prov><name_pob type="varchar"  label="City">Dixon</name_pob><ind_active type="tinyint"  label="Active">1</ind_active></row>
<row><id_poblacion type="int" >12553</id_poblacion><id_prov type="smallint" >2042</id_prov><name_pob type="varchar"  label="City">Minden</name_pob><ind_active type="tinyint"  label="Active">1</ind_active></row>
<row><id_poblacion type="int" >12554</id_poblacion><id_prov type="smallint" >2042</id_prov><name_pob type="varchar"  label="City">Marshfield</name_pob><ind_active type="tinyint"  label="Active">1</ind_active></row>
<row><id_poblacion type="int" >12555</id_poblacion><id_prov type="smallint" >2042</id_prov><name_pob type="varchar"  label="City">Walthall</name_pob><ind_active type="tinyint"  label="Active">1</ind_active></row>
<row><id_poblacion type="int" >12556</id_poblacion><id_prov type="smallint" >2042</id_prov><name_pob type="varchar"  label="City">Red Cloud</name_pob><ind_active type="tinyint"  label="Active">1</ind_active></row>
<row><id_poblacion type="int" >12557</id_poblacion><id_prov type="smallint" >2042</id_prov><name_pob type="varchar"  label="City">Webster Spr</name_pob><ind_active type="tinyint"  label="Active">1</ind_active></row>
<row><id_poblacion type="int" >12558</id_poblacion><id_prov type="smallint" >2042</id_prov><name_pob type="varchar"  label="City">Preston</name_pob><ind_active type="tinyint"  label="Active">1</ind_active></row>
<row><id_poblacion type="int" >12559</id_poblacion><id_prov type="smallint" >2043</id_prov><name_pob type="varchar"  label="City">North Platt</name_pob><ind_active type="tinyint"  label="Active">1</ind_active></row>
<row><id_poblacion type="int" >12560</id_poblacion><id_prov type="smallint" >2043</id_prov><name_pob type="varchar"  label="City">Kemmerer</name_pob><ind_active type="tinyint"  label="Active">1</ind_active></row>
<row><id_poblacion type="int" >12561</id_poblacion><id_prov type="smallint" >2043</id_prov><name_pob type="varchar"  label="City">Hamlin</name_pob><ind_active type="tinyint"  label="Active">1</ind_active></row>
<row><id_poblacion type="int" >12562</id_poblacion><id_prov type="smallint" >2043</id_prov><name_pob type="varchar"  label="City">Merrill</name_pob><ind_active type="tinyint"  label="Active">1</ind_active></row>
<row><id_poblacion type="int" >12563</id_poblacion><id_prov type="smallint" >2043</id_prov><name_pob type="varchar"  label="City">Davenport</name_pob><ind_active type="tinyint"  label="Active">1</ind_active></row>
<row><id_poblacion type="int" >12564</id_poblacion><id_prov type="smallint" >2043</id_prov><name_pob type="varchar"  label="City">Fayettevill</name_pob><ind_active type="tinyint"  label="Active">1</ind_active></row>
<row><id_poblacion type="int" >12565</id_poblacion><id_prov type="smallint" >2043</id_prov><name_pob type="varchar"  label="City">Canton</name_pob><ind_active type="tinyint"  label="Active">1</ind_active></row>
<row><id_poblacion type="int" >12566</id_poblacion><id_prov type="smallint" >2043</id_prov><name_pob type="varchar"  label="City">Newport</name_pob><ind_active type="tinyint"  label="Active">1</ind_active></row>
<row><id_poblacion type="int" >12567</id_poblacion><id_prov type="smallint" >2043</id_prov><name_pob type="varchar"  label="City">Chandler</name_pob><ind_active type="tinyint"  label="Active">1</ind_active></row>
<row><id_poblacion type="int" >12568</id_poblacion><id_prov type="smallint" >2043</id_prov><name_pob type="varchar"  label="City">Pioche</name_pob><ind_active type="tinyint"  label="Active">1</ind_active></row>
<row><id_poblacion type="int" >12569</id_poblacion><id_prov type="smallint" >2043</id_prov><name_pob type="varchar"  label="City">Carrizozo</name_pob><ind_active type="tinyint"  label="Active">1</ind_active></row>
<row><id_poblacion type="int" >12570</id_poblacion><id_prov type="smallint" >2043</id_prov><name_pob type="varchar"  label="City">Wiscasset</name_pob><ind_active type="tinyint"  label="Active">1</ind_active></row>
<row><id_poblacion type="int" >12573</id_poblacion><id_prov type="smallint" >2043</id_prov><name_pob type="varchar"  label="City">Hugo</name_pob><ind_active type="tinyint"  label="Active">1</ind_active></row>
<row><id_poblacion type="int" >12574</id_poblacion><id_prov type="smallint" >2043</id_prov><name_pob type="varchar"  label="City">Shoshone</name_pob><ind_active type="tinyint"  label="Active">1</ind_active></row>
<row><id_poblacion type="int" >12575</id_poblacion><id_prov type="smallint" >2043</id_prov><name_pob type="varchar"  label="City">Lincoln</name_pob><ind_active type="tinyint"  label="Active">1</ind_active></row>
<row><id_poblacion type="int" >12576</id_poblacion><id_prov type="smallint" >2043</id_prov><name_pob type="varchar"  label="City">Stanford</name_pob><ind_active type="tinyint"  label="Active">1</ind_active></row>
<row><id_poblacion type="int" >12577</id_poblacion><id_prov type="smallint" >2043</id_prov><name_pob type="varchar"  label="City">Troy</name_pob><ind_active type="tinyint"  label="Active">1</ind_active></row>
<row><id_poblacion type="int" >12578</id_poblacion><id_prov type="smallint" >2043</id_prov><name_pob type="varchar"  label="City">Ivanhoe</name_pob><ind_active type="tinyint"  label="Active">1</ind_active></row>
<row><id_poblacion type="int" >12579</id_poblacion><id_prov type="smallint" >2043</id_prov><name_pob type="varchar"  label="City">Star City</name_pob><ind_active type="tinyint"  label="Active">1</ind_active></row>
<row><id_poblacion type="int" >12580</id_poblacion><id_prov type="smallint" >2043</id_prov><name_pob type="varchar"  label="City">Brookhaven</name_pob><ind_active type="tinyint"  label="Active">1</ind_active></row>
<row><id_poblacion type="int" >12581</id_poblacion><id_prov type="smallint" >2043</id_prov><name_pob type="varchar"  label="City">Libby</name_pob><ind_active type="tinyint"  label="Active">1</ind_active></row>
<row><id_poblacion type="int" >12582</id_poblacion><id_prov type="smallint" >2043</id_prov><name_pob type="varchar"  label="City">Ruston</name_pob><ind_active type="tinyint"  label="Active">1</ind_active></row>
<row><id_poblacion type="int" >12584</id_poblacion><id_prov type="smallint" >2044</id_prov><name_pob type="varchar"  label="City">Lyons</name_pob><ind_active type="tinyint"  label="Active">1</ind_active></row>
<row><id_poblacion type="int" >12585</id_poblacion><id_prov type="smallint" >2044</id_prov><name_pob type="varchar"  label="City">Wooster</name_pob><ind_active type="tinyint"  label="Active">1</ind_active></row>
<row><id_poblacion type="int" >12586</id_poblacion><id_prov type="smallint" >2044</id_prov><name_pob type="varchar"  label="City">Honesdale</name_pob><ind_active type="tinyint"  label="Active">1</ind_active></row>
<row><id_poblacion type="int" >12589</id_poblacion><id_prov type="smallint" >2044</id_prov><name_pob type="varchar"  label="City">Detroit</name_pob><ind_active type="tinyint"  label="Active">1</ind_active></row>
<row><id_poblacion type="int" >12590</id_poblacion><id_prov type="smallint" >2044</id_prov><name_pob type="varchar"  label="City">Loa</name_pob><ind_active type="tinyint"  label="Active">1</ind_active></row>
<row><id_poblacion type="int" >12591</id_poblacion><id_prov type="smallint" >2044</id_prov><name_pob type="varchar"  label="City">Greenville</name_pob><ind_active type="tinyint"  label="Active">1</ind_active></row>
<row><id_poblacion type="int" >12593</id_poblacion><id_prov type="smallint" >2044</id_prov><name_pob type="varchar"  label="City">Monticello</name_pob><ind_active type="tinyint"  label="Active">1</ind_active></row>
<row><id_poblacion type="int" >12594</id_poblacion><id_prov type="smallint" >2044</id_prov><name_pob type="varchar"  label="City">Richmond</name_pob><ind_active type="tinyint"  label="Active">1</ind_active></row>
<row><id_poblacion type="int" >12595</id_poblacion><id_prov type="smallint" >2044</id_prov><name_pob type="varchar"  label="City">Fairfield</name_pob><ind_active type="tinyint"  label="Active">1</ind_active></row>
<row><id_poblacion type="int" >12596</id_poblacion><id_prov type="smallint" >2044</id_prov><name_pob type="varchar"  label="City">Corydon</name_pob><ind_active type="tinyint"  label="Active">1</ind_active></row>
<row><id_poblacion type="int" >12597</id_poblacion><id_prov type="smallint" >2044</id_prov><name_pob type="varchar"  label="City">Jesup</name_pob><ind_active type="tinyint"  label="Active">1</ind_active></row>
<row><id_poblacion type="int" >12598</id_poblacion><id_prov type="smallint" >2044</id_prov><name_pob type="varchar"  label="City">Goldsboro</name_pob><ind_active type="tinyint"  label="Active">1</ind_active></row>
<row><id_poblacion type="int" >12599</id_poblacion><id_prov type="smallint" >2045</id_prov><name_pob type="varchar"  label="City">Brenham</name_pob><ind_active type="tinyint"  label="Active">1</ind_active></row>
<row><id_poblacion type="int" >12600</id_poblacion><id_prov type="smallint" >2045</id_prov><name_pob type="varchar"  label="City">Greenville</name_pob><ind_active type="tinyint"  label="Active">1</ind_active></row>
<row><id_poblacion type="int" >12601</id_poblacion><id_prov type="smallint" >2045</id_prov><name_pob type="varchar"  label="City">Plymouth</name_pob><ind_active type="tinyint"  label="Active">1</ind_active></row>
<row><id_poblacion type="int" >12602</id_poblacion><id_prov type="smallint" >2045</id_prov><name_pob type="varchar"  label="City">Blair</name_pob><ind_active type="tinyint"  label="Active">1</ind_active></row>
<row><id_poblacion type="int" >12603</id_poblacion><id_prov type="smallint" >2045</id_prov><name_pob type="varchar"  label="City">Hudson Fall</name_pob><ind_active type="tinyint"  label="Active">1</ind_active></row>
<row><id_poblacion type="int" >12604</id_poblacion><id_prov type="smallint" >2045</id_prov><name_pob type="varchar"  label="City">Bartlesvill</name_pob><ind_active type="tinyint"  label="Active">1</ind_active></row>
<row><id_poblacion type="int" >12606</id_poblacion><id_prov type="smallint" >2045</id_prov><name_pob type="varchar"  label="City">Potosi</name_pob><ind_active type="tinyint"  label="Active">1</ind_active></row>
<row><id_poblacion type="int" >12607</id_poblacion><id_prov type="smallint" >2045</id_prov><name_pob type="varchar"  label="City">Jonesboro</name_pob><ind_active type="tinyint"  label="Active">1</ind_active></row>
<row><id_poblacion type="int" >12608</id_poblacion><id_prov type="smallint" >2045</id_prov><name_pob type="varchar"  label="City">Marietta</name_pob><ind_active type="tinyint"  label="Active">1</ind_active></row>
<row><id_poblacion type="int" >12609</id_poblacion><id_prov type="smallint" >2045</id_prov><name_pob type="varchar"  label="City">Saint Georg</name_pob><ind_active type="tinyint"  label="Active">1</ind_active></row>
<row><id_poblacion type="int" >12610</id_poblacion><id_prov type="smallint" >2045</id_prov><name_pob type="varchar"  label="City">Abingdon</name_pob><ind_active type="tinyint"  label="Active">1</ind_active></row>
<row><id_poblacion type="int" >12611</id_poblacion><id_prov type="smallint" >2045</id_prov><name_pob type="varchar"  label="City">Montpelier</name_pob><ind_active type="tinyint"  label="Active">1</ind_active></row>
<row><id_poblacion type="int" >12612</id_poblacion><id_prov type="smallint" >2045</id_prov><name_pob type="varchar"  label="City">West Bend</name_pob><ind_active type="tinyint"  label="Active">1</ind_active></row>
<row><id_poblacion type="int" >12613</id_poblacion><id_prov type="smallint" >2045</id_prov><name_pob type="varchar"  label="City">Wakefield</name_pob><ind_active type="tinyint"  label="Active">1</ind_active></row>
<row><id_poblacion type="int" >12614</id_poblacion><id_prov type="smallint" >2045</id_prov><name_pob type="varchar"  label="City">Salem</name_pob><ind_active type="tinyint"  label="Active">1</ind_active></row>
<row><id_poblacion type="int" >12615</id_poblacion><id_prov type="smallint" >2045</id_prov><name_pob type="varchar"  label="City">Fayettevill</name_pob><ind_active type="tinyint"  label="Active">1</ind_active></row>
<row><id_poblacion type="int" >12616</id_poblacion><id_prov type="smallint" >2045</id_prov><name_pob type="varchar"  label="City">Akron</name_pob><ind_active type="tinyint"  label="Active">1</ind_active></row>
<row><id_poblacion type="int" >12617</id_poblacion><id_prov type="smallint" >2045</id_prov><name_pob type="varchar"  label="City">Chipley</name_pob><ind_active type="tinyint"  label="Active">1</ind_active></row>
<row><id_poblacion type="int" >12618</id_poblacion><id_prov type="smallint" >2045</id_prov><name_pob type="varchar"  label="City">Sandersvill</name_pob><ind_active type="tinyint"  label="Active">1</ind_active></row>
<row><id_poblacion type="int" >12620</id_poblacion><id_prov type="smallint" >2045</id_prov><name_pob type="varchar"  label="City">Stillwater</name_pob><ind_active type="tinyint"  label="Active">1</ind_active></row>
<row><id_poblacion type="int" >12621</id_poblacion><id_prov type="smallint" >2045</id_prov><name_pob type="varchar"  label="City">Nashville</name_pob><ind_active type="tinyint"  label="Active">1</ind_active></row>
<row><id_poblacion type="int" >12622</id_poblacion><id_prov type="smallint" >2045</id_prov><name_pob type="varchar"  label="City">Chatom</name_pob><ind_active type="tinyint"  label="Active">1</ind_active></row>
<row><id_poblacion type="int" >12624</id_poblacion><id_prov type="smallint" >2045</id_prov><name_pob type="varchar"  label="City">Hillsboro</name_pob><ind_active type="tinyint"  label="Active">1</ind_active></row>
<row><id_poblacion type="int" >12625</id_poblacion><id_prov type="smallint" >2045</id_prov><name_pob type="varchar"  label="City">Springfield</name_pob><ind_active type="tinyint"  label="Active">1</ind_active></row>
<row><id_poblacion type="int" >12626</id_poblacion><id_prov type="smallint" >2045</id_prov><name_pob type="varchar"  label="City">Franklinton</name_pob><ind_active type="tinyint"  label="Active">1</ind_active></row>
<row><id_poblacion type="int" >12627</id_poblacion><id_prov type="smallint" >2045</id_prov><name_pob type="varchar"  label="City">Hagerstown</name_pob><ind_active type="tinyint"  label="Active">1</ind_active></row>
<row><id_poblacion type="int" >12628</id_poblacion><id_prov type="smallint" >2045</id_prov><name_pob type="varchar"  label="City">Machias</name_pob><ind_active type="tinyint"  label="Active">1</ind_active></row>
<row><id_poblacion type="int" >12629</id_poblacion><id_prov type="smallint" >2045</id_prov><name_pob type="varchar"  label="City">Weiser</name_pob><ind_active type="tinyint"  label="Active">1</ind_active></row>
<row><id_poblacion type="int" >12630</id_poblacion><id_prov type="smallint" >2046</id_prov><name_pob type="varchar"  label="City">David City</name_pob><ind_active type="tinyint"  label="Active">1</ind_active></row>
<row><id_poblacion type="int" >12631</id_poblacion><id_prov type="smallint" >2046</id_prov><name_pob type="varchar"  label="City">Poplar Bluf</name_pob><ind_active type="tinyint"  label="Active">1</ind_active></row>
<row><id_poblacion type="int" >12632</id_poblacion><id_prov type="smallint" >2046</id_prov><name_pob type="varchar"  label="City">Butler</name_pob><ind_active type="tinyint"  label="Active">1</ind_active></row>
<row><id_poblacion type="int" >12633</id_poblacion><id_prov type="smallint" >2046</id_prov><name_pob type="varchar"  label="City">Greenville</name_pob><ind_active type="tinyint"  label="Active">1</ind_active></row>
<row><id_poblacion type="int" >12634</id_poblacion><id_prov type="smallint" >2046</id_prov><name_pob type="varchar"  label="City">El Dorado</name_pob><ind_active type="tinyint"  label="Active">1</ind_active></row>
<row><id_poblacion type="int" >12635</id_poblacion><id_prov type="smallint" >2046</id_prov><name_pob type="varchar"  label="City">Hamilton</name_pob><ind_active type="tinyint"  label="Active">1</ind_active></row>
<row><id_poblacion type="int" >12636</id_poblacion><id_prov type="smallint" >2046</id_prov><name_pob type="varchar"  label="City">Allison</name_pob><ind_active type="tinyint"  label="Active">1</ind_active></row>
<row><id_poblacion type="int" >12637</id_poblacion><id_prov type="smallint" >2046</id_prov><name_pob type="varchar"  label="City">Morgantown</name_pob><ind_active type="tinyint"  label="Active">1</ind_active></row>
<row><id_poblacion type="int" >12638</id_poblacion><id_prov type="smallint" >2047</id_prov><name_pob type="varchar"  label="City">Glenwood Sp</name_pob><ind_active type="tinyint"  label="Active">1</ind_active></row>
<row><id_poblacion type="int" >12639</id_poblacion><id_prov type="smallint" >2047</id_prov><name_pob type="varchar"  label="City">Jordan</name_pob><ind_active type="tinyint"  label="Active">1</ind_active></row>
<row><id_poblacion type="int" >12640</id_poblacion><id_prov type="smallint" >2047</id_prov><name_pob type="varchar"  label="City">Burwell</name_pob><ind_active type="tinyint"  label="Active">1</ind_active></row>
<row><id_poblacion type="int" >12641</id_poblacion><id_prov type="smallint" >2047</id_prov><name_pob type="varchar"  label="City">Enid</name_pob><ind_active type="tinyint"  label="Active">1</ind_active></row>
<row><id_poblacion type="int" >12642</id_poblacion><id_prov type="smallint" >2047</id_prov><name_pob type="varchar"  label="City">Panguitch</name_pob><ind_active type="tinyint"  label="Active">1</ind_active></row>
<row><id_poblacion type="int" >12643</id_poblacion><id_prov type="smallint" >2047</id_prov><name_pob type="varchar"  label="City">Pomeroy</name_pob><ind_active type="tinyint"  label="Active">1</ind_active></row>
<row><id_poblacion type="int" >12644</id_poblacion><id_prov type="smallint" >2048</id_prov><name_pob type="varchar"  label="City">West Point</name_pob><ind_active type="tinyint"  label="Active">1</ind_active></row>
<row><id_poblacion type="int" >12645</id_poblacion><id_prov type="smallint" >2049</id_prov><name_pob type="varchar"  label="City">Nelson</name_pob><ind_active type="tinyint"  label="Active">1</ind_active></row>
<row><id_poblacion type="int" >12646</id_poblacion><id_prov type="smallint" >2050</id_prov><name_pob type="varchar"  label="City">Cascade</name_pob><ind_active type="tinyint"  label="Active">1</ind_active></row>
<row><id_poblacion type="int" >12647</id_poblacion><id_prov type="smallint" >2050</id_prov><name_pob type="varchar"  label="City">Glasgow</name_pob><ind_active type="tinyint"  label="Active">1</ind_active></row>
<row><id_poblacion type="int" >12648</id_poblacion><id_prov type="smallint" >2050</id_prov><name_pob type="varchar"  label="City">Ord</name_pob><ind_active type="tinyint"  label="Active">1</ind_active></row>
<row><id_poblacion type="int" >12649</id_poblacion><id_prov type="smallint" >2051</id_prov><name_pob type="varchar"  label="City">Catlettsbur</name_pob><ind_active type="tinyint"  label="Active">1</ind_active></row>
<row><id_poblacion type="int" >12650</id_poblacion><id_prov type="smallint" >2051</id_prov><name_pob type="varchar"  label="City">Butte</name_pob><ind_active type="tinyint"  label="Active">1</ind_active></row>
<row><id_poblacion type="int" >12651</id_poblacion><id_prov type="smallint" >2052</id_prov><name_pob type="varchar"  label="City">Westcliffe</name_pob><ind_active type="tinyint"  label="Active">1</ind_active></row>
<row><id_poblacion type="int" >12652</id_poblacion><id_prov type="smallint" >2052</id_prov><name_pob type="varchar"  label="City">Custer</name_pob><ind_active type="tinyint"  label="Active">1</ind_active></row>
<row><id_poblacion type="int" >12653</id_poblacion><id_prov type="smallint" >2052</id_prov><name_pob type="varchar"  label="City">Arapaho</name_pob><ind_active type="tinyint"  label="Active">1</ind_active></row>
<row><id_poblacion type="int" >12654</id_poblacion><id_prov type="smallint" >2052</id_prov><name_pob type="varchar"  label="City">Broken Bow</name_pob><ind_active type="tinyint"  label="Active">1</ind_active></row>
<row><id_poblacion type="int" >12655</id_poblacion><id_prov type="smallint" >2052</id_prov><name_pob type="varchar"  label="City">Miles City</name_pob><ind_active type="tinyint"  label="Active">1</ind_active></row>
<row><id_poblacion type="int" >12656</id_poblacion><id_prov type="smallint" >2052</id_prov><name_pob type="varchar"  label="City">Challis</name_pob><ind_active type="tinyint"  label="Active">1</ind_active></row>
<row><id_poblacion type="int" >12657</id_poblacion><id_prov type="smallint" >2053</id_prov><name_pob type="varchar"  label="City">Napoleon</name_pob><ind_active type="tinyint"  label="Active">1</ind_active></row>
<row><id_poblacion type="int" >12658</id_poblacion><id_prov type="smallint" >2053</id_prov><name_pob type="varchar"  label="City">Logan</name_pob><ind_active type="tinyint"  label="Active">1</ind_active></row>
<row><id_poblacion type="int" >12659</id_poblacion><id_prov type="smallint" >2053</id_prov><name_pob type="varchar"  label="City">Guthrie</name_pob><ind_active type="tinyint"  label="Active">1</ind_active></row>
<row><id_poblacion type="int" >12660</id_poblacion><id_prov type="smallint" >2053</id_prov><name_pob type="varchar"  label="City">Stapleton</name_pob><ind_active type="tinyint"  label="Active">1</ind_active></row>
<row><id_poblacion type="int" >12661</id_poblacion><id_prov type="smallint" >2053</id_prov><name_pob type="varchar"  label="City">Russellvill</name_pob><ind_active type="tinyint"  label="Active">1</ind_active></row>
<row><id_poblacion type="int" >12662</id_poblacion><id_prov type="smallint" >2053</id_prov><name_pob type="varchar"  label="City">Oakley</name_pob><ind_active type="tinyint"  label="Active">1</ind_active></row>
<row><id_poblacion type="int" >12663</id_poblacion><id_prov type="smallint" >2053</id_prov><name_pob type="varchar"  label="City">Lincoln</name_pob><ind_active type="tinyint"  label="Active">1</ind_active></row>
<row><id_poblacion type="int" >12664</id_poblacion><id_prov type="smallint" >2053</id_prov><name_pob type="varchar"  label="City">Sterling</name_pob><ind_active type="tinyint"  label="Active">1</ind_active></row>
<row><id_poblacion type="int" >12665</id_poblacion><id_prov type="smallint" >2053</id_prov><name_pob type="varchar"  label="City">Booneville,</name_pob><ind_active type="tinyint"  label="Active">1</ind_active></row>
<row><id_poblacion type="int" >12666</id_poblacion><id_prov type="smallint" >2053</id_prov><name_pob type="varchar"  label="City">Bellefontai</name_pob><ind_active type="tinyint"  label="Active">1</ind_active></row>
<row><id_poblacion type="int" >12667</id_poblacion><id_prov type="smallint" >2054</id_prov><name_pob type="varchar"  label="City">Henrietta</name_pob><ind_active type="tinyint"  label="Active">1</ind_active></row>
<row><id_poblacion type="int" >12668</id_poblacion><id_prov type="smallint" >2054</id_prov><name_pob type="varchar"  label="City">Moorhead</name_pob><ind_active type="tinyint"  label="Active">1</ind_active></row>
<row><id_poblacion type="int" >12669</id_poblacion><id_prov type="smallint" >2054</id_prov><name_pob type="varchar"  label="City">Liberty</name_pob><ind_active type="tinyint"  label="Active">1</ind_active></row>
<row><id_poblacion type="int" >12670</id_poblacion><id_prov type="smallint" >2054</id_prov><name_pob type="varchar"  label="City">West Point</name_pob><ind_active type="tinyint"  label="Active">1</ind_active></row>
<row><id_poblacion type="int" >12671</id_poblacion><id_prov type="smallint" >2054</id_prov><name_pob type="varchar"  label="City">Hayesville</name_pob><ind_active type="tinyint"  label="Active">1</ind_active></row>
<row><id_poblacion type="int" >12673</id_poblacion><id_prov type="smallint" >2054</id_prov><name_pob type="varchar"  label="City">Vermillion</name_pob><ind_active type="tinyint"  label="Active">1</ind_active></row>
<row><id_poblacion type="int" >12674</id_poblacion><id_prov type="smallint" >2054</id_prov><name_pob type="varchar"  label="City">Celina</name_pob><ind_active type="tinyint"  label="Active">1</ind_active></row>
<row><id_poblacion type="int" >12675</id_poblacion><id_prov type="smallint" >2054</id_prov><name_pob type="varchar"  label="City">Manchester</name_pob><ind_active type="tinyint"  label="Active">1</ind_active></row>
<row><id_poblacion type="int" >12676</id_poblacion><id_prov type="smallint" >2054</id_prov><name_pob type="varchar"  label="City">Clay</name_pob><ind_active type="tinyint"  label="Active">1</ind_active></row>
<row><id_poblacion type="int" >12677</id_poblacion><id_prov type="smallint" >2054</id_prov><name_pob type="varchar"  label="City">Brazil</name_pob><ind_active type="tinyint"  label="Active">1</ind_active></row>
<row><id_poblacion type="int" >12678</id_poblacion><id_prov type="smallint" >2054</id_prov><name_pob type="varchar"  label="City">Louisville</name_pob><ind_active type="tinyint"  label="Active">1</ind_active></row>
<row><id_poblacion type="int" >12679</id_poblacion><id_prov type="smallint" >2054</id_prov><name_pob type="varchar"  label="City">Spencer</name_pob><ind_active type="tinyint"  label="Active">1</ind_active></row>
<row><id_poblacion type="int" >12680</id_poblacion><id_prov type="smallint" >2054</id_prov><name_pob type="varchar"  label="City">Fort Gaines</name_pob><ind_active type="tinyint"  label="Active">1</ind_active></row>
<row><id_poblacion type="int" >12681</id_poblacion><id_prov type="smallint" >2054</id_prov><name_pob type="varchar"  label="City">Green Cove</name_pob><ind_active type="tinyint"  label="Active">1</ind_active></row>
<row><id_poblacion type="int" >12683</id_poblacion><id_prov type="smallint" >2054</id_prov><name_pob type="varchar"  label="City">Ashland</name_pob><ind_active type="tinyint"  label="Active">1</ind_active></row>
<row><id_poblacion type="int" >12684</id_poblacion><id_prov type="smallint" >2054</id_prov><name_pob type="varchar"  label="City">Corning, Pi</name_pob><ind_active type="tinyint"  label="Active">1</ind_active></row>
<row><id_poblacion type="int" >12685</id_poblacion><id_prov type="smallint" >2055</id_prov><name_pob type="varchar"  label="City">Dakota City</name_pob><ind_active type="tinyint"  label="Active">1</ind_active></row>
<row><id_poblacion type="int" >12686</id_poblacion><id_prov type="smallint" >2055</id_prov><name_pob type="varchar"  label="City">Hastings</name_pob><ind_active type="tinyint"  label="Active">1</ind_active></row>
<row><id_poblacion type="int" >12687</id_poblacion><id_prov type="smallint" >2056</id_prov><name_pob type="varchar"  label="City">Alliance</name_pob><ind_active type="tinyint"  label="Active">1</ind_active></row>
<row><id_poblacion type="int" >12688</id_poblacion><id_prov type="smallint" >2057</id_prov><name_pob type="varchar"  label="City">Lincoln</name_pob><ind_active type="tinyint"  label="Active">1</ind_active></row>
<row><id_poblacion type="int" >12689</id_poblacion><id_prov type="smallint" >2057</id_prov><name_pob type="varchar"  label="City">Lancaster</name_pob><ind_active type="tinyint"  label="Active">1</ind_active></row>
<row><id_poblacion type="int" >12692</id_poblacion><id_prov type="smallint" >2058</id_prov><name_pob type="varchar"  label="City">Eastman</name_pob><ind_active type="tinyint"  label="Active">1</ind_active></row>
<row><id_poblacion type="int" >12693</id_poblacion><id_prov type="smallint" >2058</id_prov><name_pob type="varchar"  label="City">Mantorville</name_pob><ind_active type="tinyint"  label="Active">1</ind_active></row>
<row><id_poblacion type="int" >12694</id_poblacion><id_prov type="smallint" >2058</id_prov><name_pob type="varchar"  label="City">Fremont</name_pob><ind_active type="tinyint"  label="Active">1</ind_active></row>
<row><id_poblacion type="int" >12695</id_poblacion><id_prov type="smallint" >2058</id_prov><name_pob type="varchar"  label="City">Juneau</name_pob><ind_active type="tinyint"  label="Active">1</ind_active></row>
<row><id_poblacion type="int" >12696</id_poblacion><id_prov type="smallint" >2059</id_prov><name_pob type="varchar"  label="City">Chadron</name_pob><ind_active type="tinyint"  label="Active">1</ind_active></row>
<row><id_poblacion type="int" >12697</id_poblacion><id_prov type="smallint" >2060</id_prov><name_pob type="varchar"  label="City">Nebraska Ci</name_pob><ind_active type="tinyint"  label="Active">1</ind_active></row>
<row><id_poblacion type="int" >12698</id_poblacion><id_prov type="smallint" >2061</id_prov><name_pob type="varchar"  label="City">Arthur</name_pob><ind_active type="tinyint"  label="Active">1</ind_active></row>
<row><id_poblacion type="int" >12699</id_poblacion><id_prov type="smallint" >2062</id_prov><name_pob type="varchar"  label="City">Dawsonville</name_pob><ind_active type="tinyint"  label="Active">1</ind_active></row>
<row><id_poblacion type="int" >12700</id_poblacion><id_prov type="smallint" >2062</id_prov><name_pob type="varchar"  label="City">Glendive</name_pob><ind_active type="tinyint"  label="Active">1</ind_active></row>
<row><id_poblacion type="int" >12701</id_poblacion><id_prov type="smallint" >2062</id_prov><name_pob type="varchar"  label="City">Lexington</name_pob><ind_active type="tinyint"  label="Active">1</ind_active></row>
<row><id_poblacion type="int" >12702</id_poblacion><id_prov type="smallint" >2062</id_prov><name_pob type="varchar"  label="City">Lamesa</name_pob><ind_active type="tinyint"  label="Active">1</ind_active></row>
<row><id_poblacion type="int" >12703</id_poblacion><id_prov type="smallint" >2063</id_prov><name_pob type="varchar"  label="City">Harlan</name_pob><ind_active type="tinyint"  label="Active">1</ind_active></row>
<row><id_poblacion type="int" >12704</id_poblacion><id_prov type="smallint" >2063</id_prov><name_pob type="varchar"  label="City">Alma</name_pob><ind_active type="tinyint"  label="Active">1</ind_active></row>
<row><id_poblacion type="int" >12705</id_poblacion><id_prov type="smallint" >2064</id_prov><name_pob type="varchar"  label="City">Trenton</name_pob><ind_active type="tinyint"  label="Active">1</ind_active></row>
<row><id_poblacion type="int" >12706</id_poblacion><id_prov type="smallint" >2065</id_prov><name_pob type="varchar"  label="City">Platte City</name_pob><ind_active type="tinyint"  label="Active">1</ind_active></row>
<row><id_poblacion type="int" >12707</id_poblacion><id_prov type="smallint" >2065</id_prov><name_pob type="varchar"  label="City">Columbus</name_pob><ind_active type="tinyint"  label="Active">1</ind_active></row>
<row><id_poblacion type="int" >12708</id_poblacion><id_prov type="smallint" >2065</id_prov><name_pob type="varchar"  label="City">Wheatland</name_pob><ind_active type="tinyint"  label="Active">1</ind_active></row>
<row><id_poblacion type="int" >12709</id_poblacion><id_prov type="smallint" >2066</id_prov><name_pob type="varchar"  label="City">Chinook</name_pob><ind_active type="tinyint"  label="Active">1</ind_active></row>
<row><id_poblacion type="int" >12710</id_poblacion><id_prov type="smallint" >2066</id_prov><name_pob type="varchar"  label="City">Brewster</name_pob><ind_active type="tinyint"  label="Active">1</ind_active></row>
<row><id_poblacion type="int" >12711</id_poblacion><id_prov type="smallint" >2066</id_prov><name_pob type="varchar"  label="City">Watonga</name_pob><ind_active type="tinyint"  label="Active">1</ind_active></row>
<row><id_poblacion type="int" >12712</id_poblacion><id_prov type="smallint" >2066</id_prov><name_pob type="varchar"  label="City">Hailey</name_pob><ind_active type="tinyint"  label="Active">1</ind_active></row>
<row><id_poblacion type="int" >12713</id_poblacion><id_prov type="smallint" >2067</id_prov><name_pob type="varchar"  label="City">Bridgeport</name_pob><ind_active type="tinyint"  label="Active">1</ind_active></row>
<row><id_poblacion type="int" >12714</id_poblacion><id_prov type="smallint" >2068</id_prov><name_pob type="varchar"  label="City">Blackshear</name_pob><ind_active type="tinyint"  label="Active">1</ind_active></row>
<row><id_poblacion type="int" >12715</id_poblacion><id_prov type="smallint" >2068</id_prov><name_pob type="varchar"  label="City">Rugby</name_pob><ind_active type="tinyint"  label="Active">1</ind_active></row>
<row><id_poblacion type="int" >12716</id_poblacion><id_prov type="smallint" >2068</id_prov><name_pob type="varchar"  label="City">Pierce</name_pob><ind_active type="tinyint"  label="Active">1</ind_active></row>
<row><id_poblacion type="int" >12717</id_poblacion><id_prov type="smallint" >2068</id_prov><name_pob type="varchar"  label="City">Tacoma</name_pob><ind_active type="tinyint"  label="Active">1</ind_active></row>
<row><id_poblacion type="int" >12718</id_poblacion><id_prov type="smallint" >2068</id_prov><name_pob type="varchar"  label="City">Ellsworth</name_pob><ind_active type="tinyint"  label="Active">1</ind_active></row>
<row><id_poblacion type="int" >12719</id_poblacion><id_prov type="smallint" >2069</id_prov><name_pob type="varchar"  label="City">Silver City</name_pob><ind_active type="tinyint"  label="Active">1</ind_active></row>
<row><id_poblacion type="int" >12720</id_poblacion><id_prov type="smallint" >2069</id_prov><name_pob type="varchar"  label="City">Sheridan</name_pob><ind_active type="tinyint"  label="Active">1</ind_active></row>
<row><id_poblacion type="int" >12721</id_poblacion><id_prov type="smallint" >2069</id_prov><name_pob type="varchar"  label="City">Lancaster</name_pob><ind_active type="tinyint"  label="Active">1</ind_active></row>
<row><id_poblacion type="int" >12722</id_poblacion><id_prov type="smallint" >2069</id_prov><name_pob type="varchar"  label="City">Petersburg</name_pob><ind_active type="tinyint"  label="Active">1</ind_active></row>
<row><id_poblacion type="int" >12723</id_poblacion><id_prov type="smallint" >2069</id_prov><name_pob type="varchar"  label="City">Ephrata</name_pob><ind_active type="tinyint"  label="Active">1</ind_active></row>
<row><id_poblacion type="int" >12724</id_poblacion><id_prov type="smallint" >2069</id_prov><name_pob type="varchar"  label="City">Milbank</name_pob><ind_active type="tinyint"  label="Active">1</ind_active></row>
<row><id_poblacion type="int" >12725</id_poblacion><id_prov type="smallint" >2069</id_prov><name_pob type="varchar"  label="City">Canyon City</name_pob><ind_active type="tinyint"  label="Active">1</ind_active></row>
<row><id_poblacion type="int" >12726</id_poblacion><id_prov type="smallint" >2069</id_prov><name_pob type="varchar"  label="City">Medford</name_pob><ind_active type="tinyint"  label="Active">1</ind_active></row>
<row><id_poblacion type="int" >12727</id_poblacion><id_prov type="smallint" >2069</id_prov><name_pob type="varchar"  label="City">Carson</name_pob><ind_active type="tinyint"  label="Active">1</ind_active></row>
<row><id_poblacion type="int" >12728</id_poblacion><id_prov type="smallint" >2069</id_prov><name_pob type="varchar"  label="City">Elbow Lake</name_pob><ind_active type="tinyint"  label="Active">1</ind_active></row>
<row><id_poblacion type="int" >12729</id_poblacion><id_prov type="smallint" >2069</id_prov><name_pob type="varchar"  label="City">Colfax</name_pob><ind_active type="tinyint"  label="Active">1</ind_active></row>
<row><id_poblacion type="int" >12730</id_poblacion><id_prov type="smallint" >2069</id_prov><name_pob type="varchar"  label="City">Williamstow</name_pob><ind_active type="tinyint"  label="Active">1</ind_active></row>
<row><id_poblacion type="int" >12731</id_poblacion><id_prov type="smallint" >2069</id_prov><name_pob type="varchar"  label="City">Marion</name_pob><ind_active type="tinyint"  label="Active">1</ind_active></row>
<row><id_poblacion type="int" >12732</id_poblacion><id_prov type="smallint" >2069</id_prov><name_pob type="varchar"  label="City">Ulysses</name_pob><ind_active type="tinyint"  label="Active">1</ind_active></row>
<row><id_poblacion type="int" >12733</id_poblacion><id_prov type="smallint" >2069</id_prov><name_pob type="varchar"  label="City">Hyannis</name_pob><ind_active type="tinyint"  label="Active">1</ind_active></row>
<row><id_poblacion type="int" >12734</id_poblacion><id_prov type="smallint" >2070</id_prov><name_pob type="varchar"  label="City">Mullen</name_pob><ind_active type="tinyint"  label="Active">1</ind_active></row>
<row><id_poblacion type="int" >12735</id_poblacion><id_prov type="smallint" >2071</id_prov><name_pob type="varchar"  label="City">Benton</name_pob><ind_active type="tinyint"  label="Active">1</ind_active></row>
<row><id_poblacion type="int" >12736</id_poblacion><id_prov type="smallint" >2071</id_prov><name_pob type="varchar"  label="City">Harrisburg</name_pob><ind_active type="tinyint"  label="Active">1</ind_active></row>
<row><id_poblacion type="int" >12737</id_poblacion><id_prov type="smallint" >2071</id_prov><name_pob type="varchar"  label="City">Salina</name_pob><ind_active type="tinyint"  label="Active">1</ind_active></row>
<row><id_poblacion type="int" >12738</id_poblacion><id_prov type="smallint" >2071</id_prov><name_pob type="varchar"  label="City">Marshall</name_pob><ind_active type="tinyint"  label="Active">1</ind_active></row>
<row><id_poblacion type="int" >12739</id_poblacion><id_prov type="smallint" >2071</id_prov><name_pob type="varchar"  label="City">Wilber</name_pob><ind_active type="tinyint"  label="Active">1</ind_active></row>
<row><id_poblacion type="int" >12740</id_poblacion><id_prov type="smallint" >2072</id_prov><name_pob type="varchar"  label="City">Center</name_pob><ind_active type="tinyint"  label="Active">1</ind_active></row>
<row><id_poblacion type="int" >12741</id_poblacion><id_prov type="smallint" >2072</id_prov><name_pob type="varchar"  label="City">Knoxville</name_pob><ind_active type="tinyint"  label="Active">1</ind_active></row>
<row><id_poblacion type="int" >12742</id_poblacion><id_prov type="smallint" >2072</id_prov><name_pob type="varchar"  label="City">Vincennes</name_pob><ind_active type="tinyint"  label="Active">1</ind_active></row>
<row><id_poblacion type="int" >12743</id_poblacion><id_prov type="smallint" >2072</id_prov><name_pob type="varchar"  label="City">Mount Verno</name_pob><ind_active type="tinyint"  label="Active">1</ind_active></row>
<row><id_poblacion type="int" >12744</id_poblacion><id_prov type="smallint" >2072</id_prov><name_pob type="varchar"  label="City">Benjamin</name_pob><ind_active type="tinyint"  label="Active">1</ind_active></row>
<row><id_poblacion type="int" >12745</id_poblacion><id_prov type="smallint" >2072</id_prov><name_pob type="varchar"  label="City">Barbourvill</name_pob><ind_active type="tinyint"  label="Active">1</ind_active></row>
<row><id_poblacion type="int" >12746</id_poblacion><id_prov type="smallint" >2072</id_prov><name_pob type="varchar"  label="City">Galesburg</name_pob><ind_active type="tinyint"  label="Active">1</ind_active></row>
<row><id_poblacion type="int" >12747</id_poblacion><id_prov type="smallint" >2072</id_prov><name_pob type="varchar"  label="City">Edina</name_pob><ind_active type="tinyint"  label="Active">1</ind_active></row>
<row><id_poblacion type="int" >12748</id_poblacion><id_prov type="smallint" >2072</id_prov><name_pob type="varchar"  label="City">Rockland</name_pob><ind_active type="tinyint"  label="Active">1</ind_active></row>
<row><id_poblacion type="int" >12749</id_poblacion><id_prov type="smallint" >2073</id_prov><name_pob type="varchar"  label="City">Liberal</name_pob><ind_active type="tinyint"  label="Active">1</ind_active></row>
<row><id_poblacion type="int" >12750</id_poblacion><id_prov type="smallint" >2073</id_prov><name_pob type="varchar"  label="City">Seward</name_pob><ind_active type="tinyint"  label="Active">1</ind_active></row>
<row><id_poblacion type="int" >12751</id_poblacion><id_prov type="smallint" >2074</id_prov><name_pob type="varchar"  label="City">McCook</name_pob><ind_active type="tinyint"  label="Active">1</ind_active></row>
<row><id_poblacion type="int" >12752</id_poblacion><id_prov type="smallint" >2075</id_prov><name_pob type="varchar"  label="City">Carnesville</name_pob><ind_active type="tinyint"  label="Active">1</ind_active></row>
<row><id_poblacion type="int" >12753</id_poblacion><id_prov type="smallint" >2075</id_prov><name_pob type="varchar"  label="City">Louisburg</name_pob><ind_active type="tinyint"  label="Active">1</ind_active></row>
<row><id_poblacion type="int" >12755</id_poblacion><id_prov type="smallint" >2075</id_prov><name_pob type="varchar"  label="City">Malone</name_pob><ind_active type="tinyint"  label="Active">1</ind_active></row>
<row><id_poblacion type="int" >12756</id_poblacion><id_prov type="smallint" >2075</id_prov><name_pob type="varchar"  label="City">Columbus</name_pob><ind_active type="tinyint"  label="Active">1</ind_active></row>
<row><id_poblacion type="int" >12757</id_poblacion><id_prov type="smallint" >2075</id_prov><name_pob type="varchar"  label="City">Chambersbur</name_pob><ind_active type="tinyint"  label="Active">1</ind_active></row>
<row><id_poblacion type="int" >12758</id_poblacion><id_prov type="smallint" >2075</id_prov><name_pob type="varchar"  label="City">Winchester</name_pob><ind_active type="tinyint"  label="Active">1</ind_active></row>
<row><id_poblacion type="int" >12759</id_poblacion><id_prov type="smallint" >2075</id_prov><name_pob type="varchar"  label="City">Mount Verno</name_pob><ind_active type="tinyint"  label="Active">1</ind_active></row>
<row><id_poblacion type="int" >12760</id_poblacion><id_prov type="smallint" >2075</id_prov><name_pob type="varchar"  label="City">Rocky Mount</name_pob><ind_active type="tinyint"  label="Active">1</ind_active></row>
<row><id_poblacion type="int" >12762</id_poblacion><id_prov type="smallint" >2075</id_prov><name_pob type="varchar"  label="City">Saint Alban</name_pob><ind_active type="tinyint"  label="Active">1</ind_active></row>
<row><id_poblacion type="int" >12763</id_poblacion><id_prov type="smallint" >2075</id_prov><name_pob type="varchar"  label="City">Meadville</name_pob><ind_active type="tinyint"  label="Active">1</ind_active></row>
<row><id_poblacion type="int" >12764</id_poblacion><id_prov type="smallint" >2075</id_prov><name_pob type="varchar"  label="City">Pasco</name_pob><ind_active type="tinyint"  label="Active">1</ind_active></row>
<row><id_poblacion type="int" >12765</id_poblacion><id_prov type="smallint" >2075</id_prov><name_pob type="varchar"  label="City">Benton</name_pob><ind_active type="tinyint"  label="Active">1</ind_active></row>
<row><id_poblacion type="int" >12766</id_poblacion><id_prov type="smallint" >2075</id_prov><name_pob type="varchar"  label="City">Russellvill</name_pob><ind_active type="tinyint"  label="Active">1</ind_active></row>
<row><id_poblacion type="int" >12767</id_poblacion><id_prov type="smallint" >2075</id_prov><name_pob type="varchar"  label="City">Charleston,</name_pob><ind_active type="tinyint"  label="Active">1</ind_active></row>
<row><id_poblacion type="int" >12768</id_poblacion><id_prov type="smallint" >2075</id_prov><name_pob type="varchar"  label="City">Preston</name_pob><ind_active type="tinyint"  label="Active">1</ind_active></row>
<row><id_poblacion type="int" >12769</id_poblacion><id_prov type="smallint" >2075</id_prov><name_pob type="varchar"  label="City">Hampton</name_pob><ind_active type="tinyint"  label="Active">1</ind_active></row>
<row><id_poblacion type="int" >12770</id_poblacion><id_prov type="smallint" >2075</id_prov><name_pob type="varchar"  label="City">Union</name_pob><ind_active type="tinyint"  label="Active">1</ind_active></row>
<row><id_poblacion type="int" >12771</id_poblacion><id_prov type="smallint" >2075</id_prov><name_pob type="varchar"  label="City">Brookville</name_pob><ind_active type="tinyint"  label="Active">1</ind_active></row>
<row><id_poblacion type="int" >12772</id_poblacion><id_prov type="smallint" >2075</id_prov><name_pob type="varchar"  label="City">Ottawa</name_pob><ind_active type="tinyint"  label="Active">1</ind_active></row>
<row><id_poblacion type="int" >12773</id_poblacion><id_prov type="smallint" >2075</id_prov><name_pob type="varchar"  label="City">Frankfort</name_pob><ind_active type="tinyint"  label="Active">1</ind_active></row>
<row><id_poblacion type="int" >12774</id_poblacion><id_prov type="smallint" >2075</id_prov><name_pob type="varchar"  label="City">Winnsboro</name_pob><ind_active type="tinyint"  label="Active">1</ind_active></row>
<row><id_poblacion type="int" >12775</id_poblacion><id_prov type="smallint" >2075</id_prov><name_pob type="varchar"  label="City">Greenfield</name_pob><ind_active type="tinyint"  label="Active">1</ind_active></row>
<row><id_poblacion type="int" >12776</id_poblacion><id_prov type="smallint" >2075</id_prov><name_pob type="varchar"  label="City">Farmington</name_pob><ind_active type="tinyint"  label="Active">1</ind_active></row>
<row><id_poblacion type="int" >12777</id_poblacion><id_prov type="smallint" >2075</id_prov><name_pob type="varchar"  label="City">Apalachicol</name_pob><ind_active type="tinyint"  label="Active">1</ind_active></row>
<row><id_poblacion type="int" >12778</id_poblacion><id_prov type="smallint" >2076</id_prov><name_pob type="varchar"  label="City">Bison</name_pob><ind_active type="tinyint"  label="Active">1</ind_active></row>
<row><id_poblacion type="int" >12779</id_poblacion><id_prov type="smallint" >2076</id_prov><name_pob type="varchar"  label="City">Grant</name_pob><ind_active type="tinyint"  label="Active">1</ind_active></row>
<row><id_poblacion type="int" >12780</id_poblacion><id_prov type="smallint" >2077</id_prov><name_pob type="varchar"  label="City">Imperial</name_pob><ind_active type="tinyint"  label="Active">1</ind_active></row>
<row><id_poblacion type="int" >12781</id_poblacion><id_prov type="smallint" >2077</id_prov><name_pob type="varchar"  label="City">Cottonwood</name_pob><ind_active type="tinyint"  label="Active">1</ind_active></row>
<row><id_poblacion type="int" >12782</id_poblacion><id_prov type="smallint" >2078</id_prov><name_pob type="varchar"  label="City">Larned</name_pob><ind_active type="tinyint"  label="Active">1</ind_active></row>
<row><id_poblacion type="int" >12783</id_poblacion><id_prov type="smallint" >2078</id_prov><name_pob type="varchar"  label="City">Pawnee City</name_pob><ind_active type="tinyint"  label="Active">1</ind_active></row>
<row><id_poblacion type="int" >12784</id_poblacion><id_prov type="smallint" >2078</id_prov><name_pob type="varchar"  label="City">Pawnee</name_pob><ind_active type="tinyint"  label="Active">1</ind_active></row>
<row><id_poblacion type="int" >12785</id_poblacion><id_prov type="smallint" >2079</id_prov><name_pob type="varchar"  label="City">McPherson</name_pob><ind_active type="tinyint"  label="Active">1</ind_active></row>
<row><id_poblacion type="int" >12786</id_poblacion><id_prov type="smallint" >2079</id_prov><name_pob type="varchar"  label="City">Tryon</name_pob><ind_active type="tinyint"  label="Active">1</ind_active></row>
<row><id_poblacion type="int" >12787</id_poblacion><id_prov type="smallint" >2079</id_prov><name_pob type="varchar"  label="City">Leola</name_pob><ind_active type="tinyint"  label="Active">1</ind_active></row>
<row><id_poblacion type="int" >12788</id_poblacion><id_prov type="smallint" >2080</id_prov><name_pob type="varchar"  label="City">Tribune</name_pob><ind_active type="tinyint"  label="Active">1</ind_active></row>
<row><id_poblacion type="int" >12789</id_poblacion><id_prov type="smallint" >2080</id_prov><name_pob type="varchar"  label="City">Greeley</name_pob><ind_active type="tinyint"  label="Active">1</ind_active></row>
<row><id_poblacion type="int" >12790</id_poblacion><id_prov type="smallint" >2081</id_prov><name_pob type="varchar"  label="City">Central Cit</name_pob><ind_active type="tinyint"  label="Active">1</ind_active></row>
<row><id_poblacion type="int" >12791</id_poblacion><id_prov type="smallint" >2082</id_prov><name_pob type="varchar"  label="City">New Ulm</name_pob><ind_active type="tinyint"  label="Active">1</ind_active></row>
<row><id_poblacion type="int" >12792</id_poblacion><id_prov type="smallint" >2082</id_prov><name_pob type="varchar"  label="City">Green Bay</name_pob><ind_active type="tinyint"  label="Active">1</ind_active></row>
<row><id_poblacion type="int" >12793</id_poblacion><id_prov type="smallint" >2082</id_prov><name_pob type="varchar"  label="City">Brownwood</name_pob><ind_active type="tinyint"  label="Active">1</ind_active></row>
<row><id_poblacion type="int" >12794</id_poblacion><id_prov type="smallint" >2082</id_prov><name_pob type="varchar"  label="City">Aberdeen</name_pob><ind_active type="tinyint"  label="Active">1</ind_active></row>
<row><id_poblacion type="int" >12795</id_poblacion><id_prov type="smallint" >2082</id_prov><name_pob type="varchar"  label="City">Ainsworth</name_pob><ind_active type="tinyint"  label="Active">1</ind_active></row>
<row><id_poblacion type="int" >12796</id_poblacion><id_prov type="smallint" >2082</id_prov><name_pob type="varchar"  label="City">Hiawatha</name_pob><ind_active type="tinyint"  label="Active">1</ind_active></row>
<row><id_poblacion type="int" >12797</id_poblacion><id_prov type="smallint" >2082</id_prov><name_pob type="varchar"  label="City">Nashville</name_pob><ind_active type="tinyint"  label="Active">1</ind_active></row>
<row><id_poblacion type="int" >12798</id_poblacion><id_prov type="smallint" >2082</id_prov><name_pob type="varchar"  label="City">Mount Sterl</name_pob><ind_active type="tinyint"  label="Active">1</ind_active></row>
<row><id_poblacion type="int" >12799</id_poblacion><id_prov type="smallint" >2082</id_prov><name_pob type="varchar"  label="City">Georgetown</name_pob><ind_active type="tinyint"  label="Active">1</ind_active></row>
<row><id_poblacion type="int" >12800</id_poblacion><id_prov type="smallint" >2083</id_prov><name_pob type="varchar"  label="City">Janesville</name_pob><ind_active type="tinyint"  label="Active">1</ind_active></row>
<row><id_poblacion type="int" >12801</id_poblacion><id_prov type="smallint" >2083</id_prov><name_pob type="varchar"  label="City">Luverne</name_pob><ind_active type="tinyint"  label="Active">1</ind_active></row>
<row><id_poblacion type="int" >12802</id_poblacion><id_prov type="smallint" >2083</id_prov><name_pob type="varchar"  label="City">Bassett</name_pob><ind_active type="tinyint"  label="Active">1</ind_active></row>
<row><id_poblacion type="int" >12803</id_poblacion><id_prov type="smallint" >2084</id_prov><name_pob type="varchar"  label="City">Sidney</name_pob><ind_active type="tinyint"  label="Active">1</ind_active></row>
<row><id_poblacion type="int" >12804</id_poblacion><id_prov type="smallint" >2084</id_prov><name_pob type="varchar"  label="City">Saint Franc</name_pob><ind_active type="tinyint"  label="Active">1</ind_active></row>
<row><id_poblacion type="int" >12805</id_poblacion><id_prov type="smallint" >2084</id_prov><name_pob type="varchar"  label="City">Cheyenne We</name_pob><ind_active type="tinyint"  label="Active">1</ind_active></row>
<row><id_poblacion type="int" >12806</id_poblacion><id_prov type="smallint" >2085</id_prov><name_pob type="varchar"  label="City">Minden</name_pob><ind_active type="tinyint"  label="Active">1</ind_active></row>
<row><id_poblacion type="int" >12807</id_poblacion><id_prov type="smallint" >2086</id_prov><name_pob type="varchar"  label="City">Ogallala</name_pob><ind_active type="tinyint"  label="Active">1</ind_active></row>
<row><id_poblacion type="int" >12808</id_poblacion><id_prov type="smallint" >2087</id_prov><name_pob type="varchar"  label="City">Benkelman</name_pob><ind_active type="tinyint"  label="Active">1</ind_active></row>
<row><id_poblacion type="int" >12809</id_poblacion><id_prov type="smallint" >2088</id_prov><name_pob type="varchar"  label="City">Gering</name_pob><ind_active type="tinyint"  label="Active">1</ind_active></row>
<row><id_poblacion type="int" >12810</id_poblacion><id_prov type="smallint" >2089</id_prov><name_pob type="varchar"  label="City">Bolivar</name_pob><ind_active type="tinyint"  label="Active">1</ind_active></row>
<row><id_poblacion type="int" >12811</id_poblacion><id_prov type="smallint" >2089</id_prov><name_pob type="varchar"  label="City">Balsam Lake</name_pob><ind_active type="tinyint"  label="Active">1</ind_active></row>
<row><id_poblacion type="int" >12812</id_poblacion><id_prov type="smallint" >2089</id_prov><name_pob type="varchar"  label="City">Livingston</name_pob><ind_active type="tinyint"  label="Active">1</ind_active></row>
<row><id_poblacion type="int" >12813</id_poblacion><id_prov type="smallint" >2089</id_prov><name_pob type="varchar"  label="City">Benton</name_pob><ind_active type="tinyint"  label="Active">1</ind_active></row>
<row><id_poblacion type="int" >12814</id_poblacion><id_prov type="smallint" >2089</id_prov><name_pob type="varchar"  label="City">Dallas</name_pob><ind_active type="tinyint"  label="Active">1</ind_active></row>
<row><id_poblacion type="int" >12815</id_poblacion><id_prov type="smallint" >2089</id_prov><name_pob type="varchar"  label="City">Columbus</name_pob><ind_active type="tinyint"  label="Active">1</ind_active></row>
<row><id_poblacion type="int" >12816</id_poblacion><id_prov type="smallint" >2089</id_prov><name_pob type="varchar"  label="City">Crookston</name_pob><ind_active type="tinyint"  label="Active">1</ind_active></row>
<row><id_poblacion type="int" >12817</id_poblacion><id_prov type="smallint" >2089</id_prov><name_pob type="varchar"  label="City">Des Moines</name_pob><ind_active type="tinyint"  label="Active">1</ind_active></row>
<row><id_poblacion type="int" >12818</id_poblacion><id_prov type="smallint" >2089</id_prov><name_pob type="varchar"  label="City">Cedartown</name_pob><ind_active type="tinyint"  label="Active">1</ind_active></row>
<row><id_poblacion type="int" >12819</id_poblacion><id_prov type="smallint" >2089</id_prov><name_pob type="varchar"  label="City">Bartow</name_pob><ind_active type="tinyint"  label="Active">1</ind_active></row>
<row><id_poblacion type="int" >12820</id_poblacion><id_prov type="smallint" >2089</id_prov><name_pob type="varchar"  label="City">Mena</name_pob><ind_active type="tinyint"  label="Active">1</ind_active></row>
<row><id_poblacion type="int" >12821</id_poblacion><id_prov type="smallint" >2089</id_prov><name_pob type="varchar"  label="City">Osceola</name_pob><ind_active type="tinyint"  label="Active">1</ind_active></row>
<row><id_poblacion type="int" >12822</id_poblacion><id_prov type="smallint" >2090</id_prov><name_pob type="varchar"  label="City">Gainesville</name_pob><ind_active type="tinyint"  label="Active">1</ind_active></row>
<row><id_poblacion type="int" >12823</id_poblacion><id_prov type="smallint" >2090</id_prov><name_pob type="varchar"  label="City">Memphis</name_pob><ind_active type="tinyint"  label="Active">1</ind_active></row>
<row><id_poblacion type="int" >12824</id_poblacion><id_prov type="smallint" >2090</id_prov><name_pob type="varchar"  label="City">Grand Islan</name_pob><ind_active type="tinyint"  label="Active">1</ind_active></row>
<row><id_poblacion type="int" >12825</id_poblacion><id_prov type="smallint" >2091</id_prov><name_pob type="varchar"  label="City">Kearney</name_pob><ind_active type="tinyint"  label="Active">1</ind_active></row>
<row><id_poblacion type="int" >12826</id_poblacion><id_prov type="smallint" >2091</id_prov><name_pob type="varchar"  label="City">Gannvalley</name_pob><ind_active type="tinyint"  label="Active">1</ind_active></row>
<row><id_poblacion type="int" >12827</id_poblacion><id_prov type="smallint" >2091</id_prov><name_pob type="varchar"  label="City">Alma</name_pob><ind_active type="tinyint"  label="Active">1</ind_active></row>
<row><id_poblacion type="int" >12828</id_poblacion><id_prov type="smallint" >2092</id_prov><name_pob type="varchar"  label="City">Falls City</name_pob><ind_active type="tinyint"  label="Active">1</ind_active></row>
<row><id_poblacion type="int" >12829</id_poblacion><id_prov type="smallint" >2093</id_prov><name_pob type="varchar"  label="City">Paintsville</name_pob><ind_active type="tinyint"  label="Active">1</ind_active></row>
<row><id_poblacion type="int" >12830</id_poblacion><id_prov type="smallint" >2093</id_prov><name_pob type="varchar"  label="City">Buffalo</name_pob><ind_active type="tinyint"  label="Active">1</ind_active></row>
<row><id_poblacion type="int" >12831</id_poblacion><id_prov type="smallint" >2093</id_prov><name_pob type="varchar"  label="City">Cleburne</name_pob><ind_active type="tinyint"  label="Active">1</ind_active></row>
<row><id_poblacion type="int" >12832</id_poblacion><id_prov type="smallint" >2093</id_prov><name_pob type="varchar"  label="City">Mountain Ci</name_pob><ind_active type="tinyint"  label="Active">1</ind_active></row>
<row><id_poblacion type="int" >12833</id_poblacion><id_prov type="smallint" >2093</id_prov><name_pob type="varchar"  label="City">Tecumseh</name_pob><ind_active type="tinyint"  label="Active">1</ind_active></row>
<row><id_poblacion type="int" >12834</id_poblacion><id_prov type="smallint" >2093</id_prov><name_pob type="varchar"  label="City">Warrensburg</name_pob><ind_active type="tinyint"  label="Active">1</ind_active></row>
<row><id_poblacion type="int" >12835</id_poblacion><id_prov type="smallint" >2093</id_prov><name_pob type="varchar"  label="City">Olathe</name_pob><ind_active type="tinyint"  label="Active">1</ind_active></row>
<row><id_poblacion type="int" >12836</id_poblacion><id_prov type="smallint" >2093</id_prov><name_pob type="varchar"  label="City">Franklin</name_pob><ind_active type="tinyint"  label="Active">1</ind_active></row>
<row><id_poblacion type="int" >12837</id_poblacion><id_prov type="smallint" >2093</id_prov><name_pob type="varchar"  label="City">Vienna</name_pob><ind_active type="tinyint"  label="Active">1</ind_active></row>
<row><id_poblacion type="int" >12838</id_poblacion><id_prov type="smallint" >2093</id_prov><name_pob type="varchar"  label="City">Iowa City</name_pob><ind_active type="tinyint"  label="Active">1</ind_active></row>
<row><id_poblacion type="int" >12839</id_poblacion><id_prov type="smallint" >2093</id_prov><name_pob type="varchar"  label="City">Clarksville</name_pob><ind_active type="tinyint"  label="Active">1</ind_active></row>
<row><id_poblacion type="int" >12840</id_poblacion><id_prov type="smallint" >2093</id_prov><name_pob type="varchar"  label="City">Wrightsvill</name_pob><ind_active type="tinyint"  label="Active">1</ind_active></row>
<row><id_poblacion type="int" >12841</id_poblacion><id_prov type="smallint" >2094</id_prov><name_pob type="varchar"  label="City">Oregon</name_pob><ind_active type="tinyint"  label="Active">1</ind_active></row>
<row><id_poblacion type="int" >12842</id_poblacion><id_prov type="smallint" >2094</id_prov><name_pob type="varchar"  label="City">O'Neill</name_pob><ind_active type="tinyint"  label="Active">1</ind_active></row>
<row><id_poblacion type="int" >12843</id_poblacion><id_prov type="smallint" >2095</id_prov><name_pob type="varchar"  label="City">Kimball</name_pob><ind_active type="tinyint"  label="Active">1</ind_active></row>
<row><id_poblacion type="int" >12844</id_poblacion><id_prov type="smallint" >2096</id_prov><name_pob type="varchar"  label="City">Nashville</name_pob><ind_active type="tinyint"  label="Active">1</ind_active></row>
<row><id_poblacion type="int" >12845</id_poblacion><id_prov type="smallint" >2096</id_prov><name_pob type="varchar"  label="City">Cresco</name_pob><ind_active type="tinyint"  label="Active">1</ind_active></row>
<row><id_poblacion type="int" >12846</id_poblacion><id_prov type="smallint" >2096</id_prov><name_pob type="varchar"  label="City">Kokomo</name_pob><ind_active type="tinyint"  label="Active">1</ind_active></row>
<row><id_poblacion type="int" >12847</id_poblacion><id_prov type="smallint" >2096</id_prov><name_pob type="varchar"  label="City">Ellicott Ci</name_pob><ind_active type="tinyint"  label="Active">1</ind_active></row>
<row><id_poblacion type="int" >12848</id_poblacion><id_prov type="smallint" >2096</id_prov><name_pob type="varchar"  label="City">Fayette</name_pob><ind_active type="tinyint"  label="Active">1</ind_active></row>
<row><id_poblacion type="int" >12849</id_poblacion><id_prov type="smallint" >2096</id_prov><name_pob type="varchar"  label="City">Saint Paul</name_pob><ind_active type="tinyint"  label="Active">1</ind_active></row>
<row><id_poblacion type="int" >12850</id_poblacion><id_prov type="smallint" >2096</id_prov><name_pob type="varchar"  label="City">Big Spring</name_pob><ind_active type="tinyint"  label="Active">1</ind_active></row>
<row><id_poblacion type="int" >12851</id_poblacion><id_prov type="smallint" >2097</id_prov><name_pob type="varchar"  label="City">Geneva</name_pob><ind_active type="tinyint"  label="Active">1</ind_active></row>
<row><id_poblacion type="int" >12852</id_poblacion><id_prov type="smallint" >2097</id_prov><name_pob type="varchar"  label="City">Preston</name_pob><ind_active type="tinyint"  label="Active">1</ind_active></row>
<row><id_poblacion type="int" >12853</id_poblacion><id_prov type="smallint" >2098</id_prov><name_pob type="varchar"  label="City">Wahoo</name_pob><ind_active type="tinyint"  label="Active">1</ind_active></row>
<row><id_poblacion type="int" >12854</id_poblacion><id_prov type="smallint" >2099</id_prov><name_pob type="varchar"  label="City">Rolla</name_pob><ind_active type="tinyint"  label="Active">1</ind_active></row>
<row><id_poblacion type="int" >12855</id_poblacion><id_prov type="smallint" >2099</id_prov><name_pob type="varchar"  label="City">Holdrege</name_pob><ind_active type="tinyint"  label="Active">1</ind_active></row>
<row><id_poblacion type="int" >12856</id_poblacion><id_prov type="smallint" >2100</id_prov><name_pob type="varchar"  label="City">Springview</name_pob><ind_active type="tinyint"  label="Active">1</ind_active></row>
<row><id_poblacion type="int" >12857</id_poblacion><id_prov type="smallint" >2101</id_prov><name_pob type="varchar"  label="City">Papillion</name_pob><ind_active type="tinyint"  label="Active">1</ind_active></row>
</poblacion>
</root>