<?xml version="1.0" encoding="UTF-8"?>
<root>
<poblacion>
<row><id_poblacion type="int" >13144</id_poblacion><id_prov type="smallint" >2183</id_prov><name_pob type="varchar"  label="City">Smithland</name_pob><ind_active type="tinyint"  label="Active">1</ind_active></row>
<row><id_poblacion type="int" >13145</id_poblacion><id_prov type="smallint" >2183</id_prov><name_pob type="varchar"  label="City">Geneseo</name_pob><ind_active type="tinyint"  label="Active">1</ind_active></row>
<row><id_poblacion type="int" >13146</id_poblacion><id_prov type="smallint" >2183</id_prov><name_pob type="varchar"  label="City">Chillicothe</name_pob><ind_active type="tinyint"  label="Active">1</ind_active></row>
<row><id_poblacion type="int" >13147</id_poblacion><id_prov type="smallint" >2183</id_prov><name_pob type="varchar"  label="City">Pontiac</name_pob><ind_active type="tinyint"  label="Active">1</ind_active></row>
<row><id_poblacion type="int" >13148</id_poblacion><id_prov type="smallint" >2183</id_prov><name_pob type="varchar"  label="City">Howell</name_pob><ind_active type="tinyint"  label="Active">1</ind_active></row>
<row><id_poblacion type="int" >13149</id_poblacion><id_prov type="smallint" >2183</id_prov><name_pob type="varchar"  label="City">Livingston</name_pob><ind_active type="tinyint"  label="Active">1</ind_active></row>
<row><id_poblacion type="int" >13150</id_poblacion><id_prov type="smallint" >2184</id_prov><name_pob type="varchar"  label="City">Jackson</name_pob><ind_active type="tinyint"  label="Active">1</ind_active></row>
<row><id_poblacion type="int" >13151</id_poblacion><id_prov type="smallint" >2184</id_prov><name_pob type="varchar"  label="City">Frederickto</name_pob><ind_active type="tinyint"  label="Active">1</ind_active></row>
<row><id_poblacion type="int" >13152</id_poblacion><id_prov type="smallint" >2184</id_prov><name_pob type="varchar"  label="City">Madisonvill</name_pob><ind_active type="tinyint"  label="Active">1</ind_active></row>
<row><id_poblacion type="int" >13153</id_poblacion><id_prov type="smallint" >2184</id_prov><name_pob type="varchar"  label="City">London</name_pob><ind_active type="tinyint"  label="Active">1</ind_active></row>
<row><id_poblacion type="int" >13154</id_poblacion><id_prov type="smallint" >2184</id_prov><name_pob type="varchar"  label="City">Wampsville</name_pob><ind_active type="tinyint"  label="Active">1</ind_active></row>
<row><id_poblacion type="int" >13156</id_poblacion><id_prov type="smallint" >2184</id_prov><name_pob type="varchar"  label="City">Marshall</name_pob><ind_active type="tinyint"  label="Active">1</ind_active></row>
<row><id_poblacion type="int" >13157</id_poblacion><id_prov type="smallint" >2184</id_prov><name_pob type="varchar"  label="City">Virginia Ci</name_pob><ind_active type="tinyint"  label="Active">1</ind_active></row>
<row><id_poblacion type="int" >13158</id_poblacion><id_prov type="smallint" >2184</id_prov><name_pob type="varchar"  label="City">Canton</name_pob><ind_active type="tinyint"  label="Active">1</ind_active></row>
<row><id_poblacion type="int" >13159</id_poblacion><id_prov type="smallint" >2184</id_prov><name_pob type="varchar"  label="City">Richmond</name_pob><ind_active type="tinyint"  label="Active">1</ind_active></row>
<row><id_poblacion type="int" >13160</id_poblacion><id_prov type="smallint" >2184</id_prov><name_pob type="varchar"  label="City">Anderson</name_pob><ind_active type="tinyint"  label="Active">1</ind_active></row>
<row><id_poblacion type="int" >13161</id_poblacion><id_prov type="smallint" >2184</id_prov><name_pob type="varchar"  label="City">Edwardsvill</name_pob><ind_active type="tinyint"  label="Active">1</ind_active></row>
<row><id_poblacion type="int" >13162</id_poblacion><id_prov type="smallint" >2184</id_prov><name_pob type="varchar"  label="City">Rexburg</name_pob><ind_active type="tinyint"  label="Active">1</ind_active></row>
<row><id_poblacion type="int" >13163</id_poblacion><id_prov type="smallint" >2184</id_prov><name_pob type="varchar"  label="City">Winterset</name_pob><ind_active type="tinyint"  label="Active">1</ind_active></row>
<row><id_poblacion type="int" >13164</id_poblacion><id_prov type="smallint" >2184</id_prov><name_pob type="varchar"  label="City">Danielsvill</name_pob><ind_active type="tinyint"  label="Active">1</ind_active></row>
<row><id_poblacion type="int" >13169</id_poblacion><id_prov type="smallint" >2184</id_prov><name_pob type="varchar"  label="City">Tallulah</name_pob><ind_active type="tinyint"  label="Active">1</ind_active></row>
<row><id_poblacion type="int" >13170</id_poblacion><id_prov type="smallint" >2185</id_prov><name_pob type="varchar"  label="City">Schenectady</name_pob><ind_active type="tinyint"  label="Active">1</ind_active></row>
<row><id_poblacion type="int" >13171</id_poblacion><id_prov type="smallint" >2186</id_prov><name_pob type="varchar"  label="City">Ballston Sp</name_pob><ind_active type="tinyint"  label="Active">1</ind_active></row>
<row><id_poblacion type="int" >13172</id_poblacion><id_prov type="smallint" >2187</id_prov><name_pob type="varchar"  label="City">Schoharie</name_pob><ind_active type="tinyint"  label="Active">1</ind_active></row>
<row><id_poblacion type="int" >13173</id_poblacion><id_prov type="smallint" >2188</id_prov><name_pob type="varchar"  label="City">Watkins Gle</name_pob><ind_active type="tinyint"  label="Active">1</ind_active></row>
<row><id_poblacion type="int" >13174</id_poblacion><id_prov type="smallint" >2188</id_prov><name_pob type="varchar"  label="City">Lancaster</name_pob><ind_active type="tinyint"  label="Active">1</ind_active></row>
<row><id_poblacion type="int" >13175</id_poblacion><id_prov type="smallint" >2188</id_prov><name_pob type="varchar"  label="City">Rushville</name_pob><ind_active type="tinyint"  label="Active">1</ind_active></row>
<row><id_poblacion type="int" >13176</id_poblacion><id_prov type="smallint" >2189</id_prov><name_pob type="varchar"  label="City">Waterloo</name_pob><ind_active type="tinyint"  label="Active">1</ind_active></row>
<row><id_poblacion type="int" >13177</id_poblacion><id_prov type="smallint" >2189</id_prov><name_pob type="varchar"  label="City">Tiffin</name_pob><ind_active type="tinyint"  label="Active">1</ind_active></row>
<row><id_poblacion type="int" >13178</id_poblacion><id_prov type="smallint" >2190</id_prov><name_pob type="varchar"  label="City">Buffalo</name_pob><ind_active type="tinyint"  label="Active">1</ind_active></row>
<row><id_poblacion type="int" >13179</id_poblacion><id_prov type="smallint" >2190</id_prov><name_pob type="varchar"  label="City">Sandusky</name_pob><ind_active type="tinyint"  label="Active">1</ind_active></row>
<row><id_poblacion type="int" >13180</id_poblacion><id_prov type="smallint" >2190</id_prov><name_pob type="varchar"  label="City">Erie</name_pob><ind_active type="tinyint"  label="Active">1</ind_active></row>
<row><id_poblacion type="int" >13181</id_poblacion><id_prov type="smallint" >2191</id_prov><name_pob type="varchar"  label="City">Angola</name_pob><ind_active type="tinyint"  label="Active">1</ind_active></row>
<row><id_poblacion type="int" >13182</id_poblacion><id_prov type="smallint" >2191</id_prov><name_pob type="varchar"  label="City">Bath</name_pob><ind_active type="tinyint"  label="Active">1</ind_active></row>
<row><id_poblacion type="int" >13183</id_poblacion><id_prov type="smallint" >2192</id_prov><name_pob type="varchar"  label="City">Riverhead</name_pob><ind_active type="tinyint"  label="Active">1</ind_active></row>
<row><id_poblacion type="int" >13184</id_poblacion><id_prov type="smallint" >2192</id_prov><name_pob type="varchar"  label="City">Suffolk</name_pob><ind_active type="tinyint"  label="Active">1</ind_active></row>
<row><id_poblacion type="int" >13185</id_poblacion><id_prov type="smallint" >2192</id_prov><name_pob type="varchar"  label="City">Boston</name_pob><ind_active type="tinyint"  label="Active">1</ind_active></row>
<row><id_poblacion type="int" >13186</id_poblacion><id_prov type="smallint" >2193</id_prov><name_pob type="varchar"  label="City">Lowville</name_pob><ind_active type="tinyint"  label="Active">1</ind_active></row>
<row><id_poblacion type="int" >13187</id_poblacion><id_prov type="smallint" >2193</id_prov><name_pob type="varchar"  label="City">Hohenwald</name_pob><ind_active type="tinyint"  label="Active">1</ind_active></row>
<row><id_poblacion type="int" >13188</id_poblacion><id_prov type="smallint" >2193</id_prov><name_pob type="varchar"  label="City">Chehalis</name_pob><ind_active type="tinyint"  label="Active">1</ind_active></row>
<row><id_poblacion type="int" >13189</id_poblacion><id_prov type="smallint" >2193</id_prov><name_pob type="varchar"  label="City">Weston</name_pob><ind_active type="tinyint"  label="Active">1</ind_active></row>
<row><id_poblacion type="int" >13190</id_poblacion><id_prov type="smallint" >2193</id_prov><name_pob type="varchar"  label="City">Vanceburg</name_pob><ind_active type="tinyint"  label="Active">1</ind_active></row>
<row><id_poblacion type="int" >13191</id_poblacion><id_prov type="smallint" >2193</id_prov><name_pob type="varchar"  label="City">Nezperce</name_pob><ind_active type="tinyint"  label="Active">1</ind_active></row>
<row><id_poblacion type="int" >13192</id_poblacion><id_prov type="smallint" >2193</id_prov><name_pob type="varchar"  label="City">Monticello</name_pob><ind_active type="tinyint"  label="Active">1</ind_active></row>
<row><id_poblacion type="int" >13193</id_poblacion><id_prov type="smallint" >2194</id_prov><name_pob type="varchar"  label="City">Sullivan</name_pob><ind_active type="tinyint"  label="Active">1</ind_active></row>
<row><id_poblacion type="int" >13194</id_poblacion><id_prov type="smallint" >2194</id_prov><name_pob type="varchar"  label="City">Milan</name_pob><ind_active type="tinyint"  label="Active">1</ind_active></row>
<row><id_poblacion type="int" >13195</id_poblacion><id_prov type="smallint" >2194</id_prov><name_pob type="varchar"  label="City">Newport</name_pob><ind_active type="tinyint"  label="Active">1</ind_active></row>
<row><id_poblacion type="int" >13196</id_poblacion><id_prov type="smallint" >2194</id_prov><name_pob type="varchar"  label="City">Monticello</name_pob><ind_active type="tinyint"  label="Active">1</ind_active></row>
<row><id_poblacion type="int" >13197</id_poblacion><id_prov type="smallint" >2194</id_prov><name_pob type="varchar"  label="City">Laporte</name_pob><ind_active type="tinyint"  label="Active">1</ind_active></row>
<row><id_poblacion type="int" >13198</id_poblacion><id_prov type="smallint" >2194</id_prov><name_pob type="varchar"  label="City">Blountville</name_pob><ind_active type="tinyint"  label="Active">1</ind_active></row>
<row><id_poblacion type="int" >13199</id_poblacion><id_prov type="smallint" >2195</id_prov><name_pob type="varchar"  label="City">Manchester</name_pob><ind_active type="tinyint"  label="Active">1</ind_active></row>
<row><id_poblacion type="int" >13200</id_poblacion><id_prov type="smallint" >2195</id_prov><name_pob type="varchar"  label="City">Muncie</name_pob><ind_active type="tinyint"  label="Active">1</ind_active></row>
<row><id_poblacion type="int" >13201</id_poblacion><id_prov type="smallint" >2195</id_prov><name_pob type="varchar"  label="City">Delhi</name_pob><ind_active type="tinyint"  label="Active">1</ind_active></row>
<row><id_poblacion type="int" >13202</id_poblacion><id_prov type="smallint" >2195</id_prov><name_pob type="varchar"  label="City">Delaware</name_pob><ind_active type="tinyint"  label="Active">1</ind_active></row>
<row><id_poblacion type="int" >13203</id_poblacion><id_prov type="smallint" >2195</id_prov><name_pob type="varchar"  label="City">Jay</name_pob><ind_active type="tinyint"  label="Active">1</ind_active></row>
<row><id_poblacion type="int" >13204</id_poblacion><id_prov type="smallint" >2195</id_prov><name_pob type="varchar"  label="City">Media</name_pob><ind_active type="tinyint"  label="Active">1</ind_active></row>
<row><id_poblacion type="int" >13205</id_poblacion><id_prov type="smallint" >2196</id_prov><name_pob type="varchar"  label="City">Owego</name_pob><ind_active type="tinyint"  label="Active">1</ind_active></row>
<row><id_poblacion type="int" >13206</id_poblacion><id_prov type="smallint" >2196</id_prov><name_pob type="varchar"  label="City">Wellsboro</name_pob><ind_active type="tinyint"  label="Active">1</ind_active></row>
<row><id_poblacion type="int" >13207</id_poblacion><id_prov type="smallint" >2197</id_prov><name_pob type="varchar"  label="City">Ithaca</name_pob><ind_active type="tinyint"  label="Active">1</ind_active></row>
<row><id_poblacion type="int" >13208</id_poblacion><id_prov type="smallint" >2198</id_prov><name_pob type="varchar"  label="City">Little Vall</name_pob><ind_active type="tinyint"  label="Active">1</ind_active></row>
<row><id_poblacion type="int" >13209</id_poblacion><id_prov type="smallint" >2199</id_prov><name_pob type="varchar"  label="City">New Orleans</name_pob><ind_active type="tinyint"  label="Active">1</ind_active></row>
<row><id_poblacion type="int" >13210</id_poblacion><id_prov type="smallint" >2199</id_prov><name_pob type="varchar"  label="City">Albion</name_pob><ind_active type="tinyint"  label="Active">1</ind_active></row>
<row><id_poblacion type="int" >13211</id_poblacion><id_prov type="smallint" >2199</id_prov><name_pob type="varchar"  label="City">Newport</name_pob><ind_active type="tinyint"  label="Active">1</ind_active></row>
<row><id_poblacion type="int" >13212</id_poblacion><id_prov type="smallint" >2200</id_prov><name_pob type="varchar"  label="City">Norwich</name_pob><ind_active type="tinyint"  label="Active">1</ind_active></row>
<row><id_poblacion type="int" >13213</id_poblacion><id_prov type="smallint" >2201</id_prov><name_pob type="varchar"  label="City">Fernandina</name_pob><ind_active type="tinyint"  label="Active">1</ind_active></row>
<row><id_poblacion type="int" >13214</id_poblacion><id_prov type="smallint" >2201</id_prov><name_pob type="varchar"  label="City">Mineola</name_pob><ind_active type="tinyint"  label="Active">1</ind_active></row>
<row><id_poblacion type="int" >13215</id_poblacion><id_prov type="smallint" >2202</id_prov><name_pob type="varchar"  label="City">Elmira</name_pob><ind_active type="tinyint"  label="Active">1</ind_active></row>
<row><id_poblacion type="int" >13216</id_poblacion><id_prov type="smallint" >2203</id_prov><name_pob type="varchar"  label="City">New York</name_pob><ind_active type="tinyint"  label="Active">1</ind_active></row>
<row><id_poblacion type="int" >13217</id_poblacion><id_prov type="smallint" >2204</id_prov><name_pob type="varchar"  label="City">Flint</name_pob><ind_active type="tinyint"  label="Active">1</ind_active></row>
<row><id_poblacion type="int" >13218</id_poblacion><id_prov type="smallint" >2204</id_prov><name_pob type="varchar"  label="City">Batavia</name_pob><ind_active type="tinyint"  label="Active">1</ind_active></row>
<row><id_poblacion type="int" >13219</id_poblacion><id_prov type="smallint" >2205</id_prov><name_pob type="varchar"  label="City">Lockport</name_pob><ind_active type="tinyint"  label="Active">1</ind_active></row>
<row><id_poblacion type="int" >13221</id_poblacion><id_prov type="smallint" >2206</id_prov><name_pob type="varchar"  label="City">Rockville</name_pob><ind_active type="tinyint"  label="Active">1</ind_active></row>
<row><id_poblacion type="int" >13222</id_poblacion><id_prov type="smallint" >2206</id_prov><name_pob type="varchar"  label="City">Christiansb</name_pob><ind_active type="tinyint"  label="Active">1</ind_active></row>
<row><id_poblacion type="int" >13223</id_poblacion><id_prov type="smallint" >2206</id_prov><name_pob type="varchar"  label="City">Conroe</name_pob><ind_active type="tinyint"  label="Active">1</ind_active></row>
<row><id_poblacion type="int" >13224</id_poblacion><id_prov type="smallint" >2206</id_prov><name_pob type="varchar"  label="City">Clarksville</name_pob><ind_active type="tinyint"  label="Active">1</ind_active></row>
<row><id_poblacion type="int" >13225</id_poblacion><id_prov type="smallint" >2206</id_prov><name_pob type="varchar"  label="City">Norristown</name_pob><ind_active type="tinyint"  label="Active">1</ind_active></row>
<row><id_poblacion type="int" >13226</id_poblacion><id_prov type="smallint" >2206</id_prov><name_pob type="varchar"  label="City">Dayton</name_pob><ind_active type="tinyint"  label="Active">1</ind_active></row>
<row><id_poblacion type="int" >13227</id_poblacion><id_prov type="smallint" >2206</id_prov><name_pob type="varchar"  label="City">Fonda</name_pob><ind_active type="tinyint"  label="Active">1</ind_active></row>
<row><id_poblacion type="int" >13228</id_poblacion><id_prov type="smallint" >2206</id_prov><name_pob type="varchar"  label="City">Troy</name_pob><ind_active type="tinyint"  label="Active">1</ind_active></row>
<row><id_poblacion type="int" >13230</id_poblacion><id_prov type="smallint" >2206</id_prov><name_pob type="varchar"  label="City">Mount Sterl</name_pob><ind_active type="tinyint"  label="Active">1</ind_active></row>
<row><id_poblacion type="int" >13231</id_poblacion><id_prov type="smallint" >2206</id_prov><name_pob type="varchar"  label="City">Independenc</name_pob><ind_active type="tinyint"  label="Active">1</ind_active></row>
<row><id_poblacion type="int" >13232</id_poblacion><id_prov type="smallint" >2206</id_prov><name_pob type="varchar"  label="City">Crawfordsvi</name_pob><ind_active type="tinyint"  label="Active">1</ind_active></row>
<row><id_poblacion type="int" >13233</id_poblacion><id_prov type="smallint" >2206</id_prov><name_pob type="varchar"  label="City">Hillsboro</name_pob><ind_active type="tinyint"  label="Active">1</ind_active></row>
<row><id_poblacion type="int" >13234</id_poblacion><id_prov type="smallint" >2206</id_prov><name_pob type="varchar"  label="City">Red Oak</name_pob><ind_active type="tinyint"  label="Active">1</ind_active></row>
<row><id_poblacion type="int" >13235</id_poblacion><id_prov type="smallint" >2206</id_prov><name_pob type="varchar"  label="City">Mount Verno</name_pob><ind_active type="tinyint"  label="Active">1</ind_active></row>
<row><id_poblacion type="int" >13236</id_poblacion><id_prov type="smallint" >2206</id_prov><name_pob type="varchar"  label="City">Mount Ida</name_pob><ind_active type="tinyint"  label="Active">1</ind_active></row>
<row><id_poblacion type="int" >13237</id_poblacion><id_prov type="smallint" >2206</id_prov><name_pob type="varchar"  label="City">Winona</name_pob><ind_active type="tinyint"  label="Active">1</ind_active></row>
<row><id_poblacion type="int" >13238</id_poblacion><id_prov type="smallint" >2207</id_prov><name_pob type="varchar"  label="City">Sedan</name_pob><ind_active type="tinyint"  label="Active">1</ind_active></row>
<row><id_poblacion type="int" >13239</id_poblacion><id_prov type="smallint" >2207</id_prov><name_pob type="varchar"  label="City">Mayville</name_pob><ind_active type="tinyint"  label="Active">1</ind_active></row>
<row><id_poblacion type="int" >13240</id_poblacion><id_prov type="smallint" >2208</id_prov><name_pob type="varchar"  label="City">Rhinelander</name_pob><ind_active type="tinyint"  label="Active">1</ind_active></row>
<row><id_poblacion type="int" >13241</id_poblacion><id_prov type="smallint" >2208</id_prov><name_pob type="varchar"  label="City">Malad City</name_pob><ind_active type="tinyint"  label="Active">1</ind_active></row>
<row><id_poblacion type="int" >13242</id_poblacion><id_prov type="smallint" >2208</id_prov><name_pob type="varchar"  label="City">Utica</name_pob><ind_active type="tinyint"  label="Active">1</ind_active></row>
<row><id_poblacion type="int" >13243</id_poblacion><id_prov type="smallint" >2209</id_prov><name_pob type="varchar"  label="City">Monroe</name_pob><ind_active type="tinyint"  label="Active">1</ind_active></row>
<row><id_poblacion type="int" >13244</id_poblacion><id_prov type="smallint" >2209</id_prov><name_pob type="varchar"  label="City">Stroudsburg</name_pob><ind_active type="tinyint"  label="Active">1</ind_active></row>
<row><id_poblacion type="int" >13245</id_poblacion><id_prov type="smallint" >2209</id_prov><name_pob type="varchar"  label="City">Union</name_pob><ind_active type="tinyint"  label="Active">1</ind_active></row>
<row><id_poblacion type="int" >13246</id_poblacion><id_prov type="smallint" >2209</id_prov><name_pob type="varchar"  label="City">Madisonvill</name_pob><ind_active type="tinyint"  label="Active">1</ind_active></row>
<row><id_poblacion type="int" >13247</id_poblacion><id_prov type="smallint" >2209</id_prov><name_pob type="varchar"  label="City">Woodsfield</name_pob><ind_active type="tinyint"  label="Active">1</ind_active></row>
<row><id_poblacion type="int" >13248</id_poblacion><id_prov type="smallint" >2209</id_prov><name_pob type="varchar"  label="City">Rochester</name_pob><ind_active type="tinyint"  label="Active">1</ind_active></row>
<row><id_poblacion type="int" >13249</id_poblacion><id_prov type="smallint" >2209</id_prov><name_pob type="varchar"  label="City">Aberdeen</name_pob><ind_active type="tinyint"  label="Active">1</ind_active></row>
<row><id_poblacion type="int" >13250</id_poblacion><id_prov type="smallint" >2209</id_prov><name_pob type="varchar"  label="City">Paris</name_pob><ind_active type="tinyint"  label="Active">1</ind_active></row>
<row><id_poblacion type="int" >13251</id_poblacion><id_prov type="smallint" >2209</id_prov><name_pob type="varchar"  label="City">Bloomington</name_pob><ind_active type="tinyint"  label="Active">1</ind_active></row>
<row><id_poblacion type="int" >13252</id_poblacion><id_prov type="smallint" >2209</id_prov><name_pob type="varchar"  label="City">Waterloo</name_pob><ind_active type="tinyint"  label="Active">1</ind_active></row>
<row><id_poblacion type="int" >13253</id_poblacion><id_prov type="smallint" >2209</id_prov><name_pob type="varchar"  label="City">Albia</name_pob><ind_active type="tinyint"  label="Active">1</ind_active></row>
<row><id_poblacion type="int" >13254</id_poblacion><id_prov type="smallint" >2209</id_prov><name_pob type="varchar"  label="City">Forsyth</name_pob><ind_active type="tinyint"  label="Active">1</ind_active></row>
<row><id_poblacion type="int" >13255</id_poblacion><id_prov type="smallint" >2209</id_prov><name_pob type="varchar"  label="City">Monroeville</name_pob><ind_active type="tinyint"  label="Active">1</ind_active></row>
<row><id_poblacion type="int" >13256</id_poblacion><id_prov type="smallint" >2209</id_prov><name_pob type="varchar"  label="City">Key West</name_pob><ind_active type="tinyint"  label="Active">1</ind_active></row>
<row><id_poblacion type="int" >13257</id_poblacion><id_prov type="smallint" >2209</id_prov><name_pob type="varchar"  label="City">Sparta</name_pob><ind_active type="tinyint"  label="Active">1</ind_active></row>
<row><id_poblacion type="int" >13258</id_poblacion><id_prov type="smallint" >2209</id_prov><name_pob type="varchar"  label="City">Clarendon</name_pob><ind_active type="tinyint"  label="Active">1</ind_active></row>
<row><id_poblacion type="int" >13259</id_poblacion><id_prov type="smallint" >2209</id_prov><name_pob type="varchar"  label="City">Tompkinsvil</name_pob><ind_active type="tinyint"  label="Active">1</ind_active></row>
<row><id_poblacion type="int" >13260</id_poblacion><id_prov type="smallint" >2210</id_prov><name_pob type="varchar"  label="City">Rochester</name_pob><ind_active type="tinyint"  label="Active">1</ind_active></row>
<row><id_poblacion type="int" >13261</id_poblacion><id_prov type="smallint" >2210</id_prov><name_pob type="varchar"  label="City">McConnellsb</name_pob><ind_active type="tinyint"  label="Active">1</ind_active></row>
<row><id_poblacion type="int" >13262</id_poblacion><id_prov type="smallint" >2210</id_prov><name_pob type="varchar"  label="City">Wauseon</name_pob><ind_active type="tinyint"  label="Active">1</ind_active></row>
<row><id_poblacion type="int" >13263</id_poblacion><id_prov type="smallint" >2210</id_prov><name_pob type="varchar"  label="City">Hickman</name_pob><ind_active type="tinyint"  label="Active">1</ind_active></row>
<row><id_poblacion type="int" >13264</id_poblacion><id_prov type="smallint" >2210</id_prov><name_pob type="varchar"  label="City">Lewistown</name_pob><ind_active type="tinyint"  label="Active">1</ind_active></row>
<row><id_poblacion type="int" >13265</id_poblacion><id_prov type="smallint" >2210</id_prov><name_pob type="varchar"  label="City">Atlanta</name_pob><ind_active type="tinyint"  label="Active">1</ind_active></row>
<row><id_poblacion type="int" >13266</id_poblacion><id_prov type="smallint" >2210</id_prov><name_pob type="varchar"  label="City">Salem</name_pob><ind_active type="tinyint"  label="Active">1</ind_active></row>
<row><id_poblacion type="int" >13267</id_poblacion><id_prov type="smallint" >2210</id_prov><name_pob type="varchar"  label="City">Johnstown</name_pob><ind_active type="tinyint"  label="Active">1</ind_active></row>
<row><id_poblacion type="int" >13268</id_poblacion><id_prov type="smallint" >2211</id_prov><name_pob type="varchar"  label="City">Bronx</name_pob><ind_active type="tinyint"  label="Active">1</ind_active></row>
<row><id_poblacion type="int" >13269</id_poblacion><id_prov type="smallint" >2212</id_prov><name_pob type="varchar"  label="City">Syracuse</name_pob><ind_active type="tinyint"  label="Active">1</ind_active></row>
<row><id_poblacion type="int" >13270</id_poblacion><id_prov type="smallint" >2213</id_prov><name_pob type="varchar"  label="City">New City</name_pob><ind_active type="tinyint"  label="Active">1</ind_active></row>
<row><id_poblacion type="int" >13271</id_poblacion><id_prov type="smallint" >2214</id_prov><name_pob type="varchar"  label="City">Unionville</name_pob><ind_active type="tinyint"  label="Active">1</ind_active></row>
<row><id_poblacion type="int" >13272</id_poblacion><id_prov type="smallint" >2214</id_prov><name_pob type="varchar"  label="City">Carmel</name_pob><ind_active type="tinyint"  label="Active">1</ind_active></row>
<row><id_poblacion type="int" >13273</id_poblacion><id_prov type="smallint" >2214</id_prov><name_pob type="varchar"  label="City">Ottawa</name_pob><ind_active type="tinyint"  label="Active">1</ind_active></row>
<row><id_poblacion type="int" >13274</id_poblacion><id_prov type="smallint" >2214</id_prov><name_pob type="varchar"  label="City">Winfield</name_pob><ind_active type="tinyint"  label="Active">1</ind_active></row>
<row><id_poblacion type="int" >13275</id_poblacion><id_prov type="smallint" >2214</id_prov><name_pob type="varchar"  label="City">Hennepin</name_pob><ind_active type="tinyint"  label="Active">1</ind_active></row>
<row><id_poblacion type="int" >13276</id_poblacion><id_prov type="smallint" >2214</id_prov><name_pob type="varchar"  label="City">Eatonton</name_pob><ind_active type="tinyint"  label="Active">1</ind_active></row>
<row><id_poblacion type="int" >13277</id_poblacion><id_prov type="smallint" >2214</id_prov><name_pob type="varchar"  label="City">Palatka</name_pob><ind_active type="tinyint"  label="Active">1</ind_active></row>
<row><id_poblacion type="int" >13278</id_poblacion><id_prov type="smallint" >2214</id_prov><name_pob type="varchar"  label="City">Cookeville</name_pob><ind_active type="tinyint"  label="Active">1</ind_active></row>
<row><id_poblacion type="int" >13279</id_poblacion><id_prov type="smallint" >2214</id_prov><name_pob type="varchar"  label="City">Greencastle</name_pob><ind_active type="tinyint"  label="Active">1</ind_active></row>
<row><id_poblacion type="int" >13280</id_poblacion><id_prov type="smallint" >2215</id_prov><name_pob type="varchar"  label="City">Herkimer</name_pob><ind_active type="tinyint"  label="Active">1</ind_active></row>
<row><id_poblacion type="int" >13281</id_poblacion><id_prov type="smallint" >2216</id_prov><name_pob type="varchar"  label="City">Cincinnati</name_pob><ind_active type="tinyint"  label="Active">1</ind_active></row>
<row><id_poblacion type="int" >13282</id_poblacion><id_prov type="smallint" >2216</id_prov><name_pob type="varchar"  label="City">Chattanooga</name_pob><ind_active type="tinyint"  label="Active">1</ind_active></row>
<row><id_poblacion type="int" >13283</id_poblacion><id_prov type="smallint" >2216</id_prov><name_pob type="varchar"  label="City">Lake Pleasa</name_pob><ind_active type="tinyint"  label="Active">1</ind_active></row>
<row><id_poblacion type="int" >13284</id_poblacion><id_prov type="smallint" >2216</id_prov><name_pob type="varchar"  label="City">Aurora</name_pob><ind_active type="tinyint"  label="Active">1</ind_active></row>
<row><id_poblacion type="int" >13285</id_poblacion><id_prov type="smallint" >2216</id_prov><name_pob type="varchar"  label="City">Noblesville</name_pob><ind_active type="tinyint"  label="Active">1</ind_active></row>
<row><id_poblacion type="int" >13286</id_poblacion><id_prov type="smallint" >2216</id_prov><name_pob type="varchar"  label="City">McLeansboro</name_pob><ind_active type="tinyint"  label="Active">1</ind_active></row>
<row><id_poblacion type="int" >13287</id_poblacion><id_prov type="smallint" >2216</id_prov><name_pob type="varchar"  label="City">Webster Cit</name_pob><ind_active type="tinyint"  label="Active">1</ind_active></row>
<row><id_poblacion type="int" >13288</id_poblacion><id_prov type="smallint" >2216</id_prov><name_pob type="varchar"  label="City">Jasper</name_pob><ind_active type="tinyint"  label="Active">1</ind_active></row>
<row><id_poblacion type="int" >13289</id_poblacion><id_prov type="smallint" >2216</id_prov><name_pob type="varchar"  label="City">Hamilton</name_pob><ind_active type="tinyint"  label="Active">1</ind_active></row>
<row><id_poblacion type="int" >13290</id_poblacion><id_prov type="smallint" >2216</id_prov><name_pob type="varchar"  label="City">Syracuse</name_pob><ind_active type="tinyint"  label="Active">1</ind_active></row>
<row><id_poblacion type="int" >13291</id_poblacion><id_prov type="smallint" >2217</id_prov><name_pob type="varchar"  label="City">Poughkeepsi</name_pob><ind_active type="tinyint"  label="Active">1</ind_active></row>
<row><id_poblacion type="int" >13292</id_poblacion><id_prov type="smallint" >2218</id_prov><name_pob type="varchar"  label="City">Salem</name_pob><ind_active type="tinyint"  label="Active">1</ind_active></row>
<row><id_poblacion type="int" >13293</id_poblacion><id_prov type="smallint" >2218</id_prov><name_pob type="varchar"  label="City">Newark</name_pob><ind_active type="tinyint"  label="Active">1</ind_active></row>
<row><id_poblacion type="int" >13294</id_poblacion><id_prov type="smallint" >2218</id_prov><name_pob type="varchar"  label="City">Elizabethto</name_pob><ind_active type="tinyint"  label="Active">1</ind_active></row>
<row><id_poblacion type="int" >13295</id_poblacion><id_prov type="smallint" >2218</id_prov><name_pob type="varchar"  label="City">Tappahannoc</name_pob><ind_active type="tinyint"  label="Active">1</ind_active></row>
<row><id_poblacion type="int" >13296</id_poblacion><id_prov type="smallint" >2218</id_prov><name_pob type="varchar"  label="City">Guildhall</name_pob><ind_active type="tinyint"  label="Active">1</ind_active></row>
<row><id_poblacion type="int" >13297</id_poblacion><id_prov type="smallint" >2219</id_prov><name_pob type="varchar"  label="City">Richmond</name_pob><ind_active type="tinyint"  label="Active">1</ind_active></row>
<row><id_poblacion type="int" >13298</id_poblacion><id_prov type="smallint" >2219</id_prov><name_pob type="varchar"  label="City">Warsaw</name_pob><ind_active type="tinyint"  label="Active">1</ind_active></row>
<row><id_poblacion type="int" >13299</id_poblacion><id_prov type="smallint" >2219</id_prov><name_pob type="varchar"  label="City">Saint Georg</name_pob><ind_active type="tinyint"  label="Active">1</ind_active></row>
<row><id_poblacion type="int" >13300</id_poblacion><id_prov type="smallint" >2219</id_prov><name_pob type="varchar"  label="City">Augusta</name_pob><ind_active type="tinyint"  label="Active">1</ind_active></row>
<row><id_poblacion type="int" >13301</id_poblacion><id_prov type="smallint" >2219</id_prov><name_pob type="varchar"  label="City">Rockingham</name_pob><ind_active type="tinyint"  label="Active">1</ind_active></row>
<row><id_poblacion type="int" >13302</id_poblacion><id_prov type="smallint" >2220</id_prov><name_pob type="varchar"  label="City">Canandaigua</name_pob><ind_active type="tinyint"  label="Active">1</ind_active></row>
<row><id_poblacion type="int" >13303</id_poblacion><id_prov type="smallint" >2221</id_prov><name_pob type="varchar"  label="City">Jamaica</name_pob><ind_active type="tinyint"  label="Active">1</ind_active></row>
<row><id_poblacion type="int" >13304</id_poblacion><id_prov type="smallint" >2222</id_prov><name_pob type="varchar"  label="City">Chelsea</name_pob><ind_active type="tinyint"  label="Active">1</ind_active></row>
<row><id_poblacion type="int" >13305</id_poblacion><id_prov type="smallint" >2222</id_prov><name_pob type="varchar"  label="City">Santa Ana</name_pob><ind_active type="tinyint"  label="Active">1</ind_active></row>
<row><id_poblacion type="int" >13306</id_poblacion><id_prov type="smallint" >2222</id_prov><name_pob type="varchar"  label="City">Orlando</name_pob><ind_active type="tinyint"  label="Active">1</ind_active></row>
<row><id_poblacion type="int" >13307</id_poblacion><id_prov type="smallint" >2222</id_prov><name_pob type="varchar"  label="City">Paoli</name_pob><ind_active type="tinyint"  label="Active">1</ind_active></row>
<row><id_poblacion type="int" >13308</id_poblacion><id_prov type="smallint" >2222</id_prov><name_pob type="varchar"  label="City">Hillsboroug</name_pob><ind_active type="tinyint"  label="Active">1</ind_active></row>
<row><id_poblacion type="int" >13309</id_poblacion><id_prov type="smallint" >2222</id_prov><name_pob type="varchar"  label="City">Goshen</name_pob><ind_active type="tinyint"  label="Active">1</ind_active></row>
<row><id_poblacion type="int" >13312</id_poblacion><id_prov type="smallint" >2223</id_prov><name_pob type="varchar"  label="City">Snow Hill</name_pob><ind_active type="tinyint"  label="Active">1</ind_active></row>
<row><id_poblacion type="int" >13313</id_poblacion><id_prov type="smallint" >2223</id_prov><name_pob type="varchar"  label="City">Stanardsvil</name_pob><ind_active type="tinyint"  label="Active">1</ind_active></row>
<row><id_poblacion type="int" >13314</id_poblacion><id_prov type="smallint" >2223</id_prov><name_pob type="varchar"  label="City">Eutaw</name_pob><ind_active type="tinyint"  label="Active">1</ind_active></row>
<row><id_poblacion type="int" >13315</id_poblacion><id_prov type="smallint" >2223</id_prov><name_pob type="varchar"  label="City">Greeneville</name_pob><ind_active type="tinyint"  label="Active">1</ind_active></row>
<row><id_poblacion type="int" >13316</id_poblacion><id_prov type="smallint" >2223</id_prov><name_pob type="varchar"  label="City">Waynesburg</name_pob><ind_active type="tinyint"  label="Active">1</ind_active></row>
<row><id_poblacion type="int" >13317</id_poblacion><id_prov type="smallint" >2223</id_prov><name_pob type="varchar"  label="City">Xenia</name_pob><ind_active type="tinyint"  label="Active">1</ind_active></row>
<row><id_poblacion type="int" >13318</id_poblacion><id_prov type="smallint" >2223</id_prov><name_pob type="varchar"  label="City">Catskill</name_pob><ind_active type="tinyint"  label="Active">1</ind_active></row>
<row><id_poblacion type="int" >13319</id_poblacion><id_prov type="smallint" >2223</id_prov><name_pob type="varchar"  label="City">Springfield</name_pob><ind_active type="tinyint"  label="Active">1</ind_active></row>
<row><id_poblacion type="int" >13320</id_poblacion><id_prov type="smallint" >2223</id_prov><name_pob type="varchar"  label="City">Bloomfield</name_pob><ind_active type="tinyint"  label="Active">1</ind_active></row>
<row><id_poblacion type="int" >13321</id_poblacion><id_prov type="smallint" >2223</id_prov><name_pob type="varchar"  label="City">Carrollton</name_pob><ind_active type="tinyint"  label="Active">1</ind_active></row>
<row><id_poblacion type="int" >13322</id_poblacion><id_prov type="smallint" >2223</id_prov><name_pob type="varchar"  label="City">Jefferson</name_pob><ind_active type="tinyint"  label="Active">1</ind_active></row>
<row><id_poblacion type="int" >13323</id_poblacion><id_prov type="smallint" >2223</id_prov><name_pob type="varchar"  label="City">Paragould</name_pob><ind_active type="tinyint"  label="Active">1</ind_active></row>
<row><id_poblacion type="int" >13324</id_poblacion><id_prov type="smallint" >2223</id_prov><name_pob type="varchar"  label="City">Greensboro</name_pob><ind_active type="tinyint"  label="Active">1</ind_active></row>
<row><id_poblacion type="int" >13325</id_poblacion><id_prov type="smallint" >2223</id_prov><name_pob type="varchar"  label="City">Leakesville</name_pob><ind_active type="tinyint"  label="Active">1</ind_active></row>
<row><id_poblacion type="int" >13326</id_poblacion><id_prov type="smallint" >2224</id_prov><name_pob type="varchar"  label="City">Carnesville</name_pob><ind_active type="tinyint"  label="Active">1</ind_active></row>
<row><id_poblacion type="int" >13327</id_poblacion><id_prov type="smallint" >2224</id_prov><name_pob type="varchar"  label="City">Louisburg</name_pob><ind_active type="tinyint"  label="Active">1</ind_active></row>
<row><id_poblacion type="int" >13329</id_poblacion><id_prov type="smallint" >2224</id_prov><name_pob type="varchar"  label="City">Malone</name_pob><ind_active type="tinyint"  label="Active">1</ind_active></row>
<row><id_poblacion type="int" >13330</id_poblacion><id_prov type="smallint" >2224</id_prov><name_pob type="varchar"  label="City">Columbus</name_pob><ind_active type="tinyint"  label="Active">1</ind_active></row>
<row><id_poblacion type="int" >13331</id_poblacion><id_prov type="smallint" >2224</id_prov><name_pob type="varchar"  label="City">Chambersbur</name_pob><ind_active type="tinyint"  label="Active">1</ind_active></row>
<row><id_poblacion type="int" >13332</id_poblacion><id_prov type="smallint" >2224</id_prov><name_pob type="varchar"  label="City">Winchester</name_pob><ind_active type="tinyint"  label="Active">1</ind_active></row>
<row><id_poblacion type="int" >13333</id_poblacion><id_prov type="smallint" >2224</id_prov><name_pob type="varchar"  label="City">Mount Verno</name_pob><ind_active type="tinyint"  label="Active">1</ind_active></row>
<row><id_poblacion type="int" >13334</id_poblacion><id_prov type="smallint" >2224</id_prov><name_pob type="varchar"  label="City">Rocky Mount</name_pob><ind_active type="tinyint"  label="Active">1</ind_active></row>
<row><id_poblacion type="int" >13336</id_poblacion><id_prov type="smallint" >2224</id_prov><name_pob type="varchar"  label="City">Saint Alban</name_pob><ind_active type="tinyint"  label="Active">1</ind_active></row>
<row><id_poblacion type="int" >13337</id_poblacion><id_prov type="smallint" >2224</id_prov><name_pob type="varchar"  label="City">Meadville</name_pob><ind_active type="tinyint"  label="Active">1</ind_active></row>
<row><id_poblacion type="int" >13338</id_poblacion><id_prov type="smallint" >2224</id_prov><name_pob type="varchar"  label="City">Pasco</name_pob><ind_active type="tinyint"  label="Active">1</ind_active></row>
<row><id_poblacion type="int" >13339</id_poblacion><id_prov type="smallint" >2224</id_prov><name_pob type="varchar"  label="City">Benton</name_pob><ind_active type="tinyint"  label="Active">1</ind_active></row>
<row><id_poblacion type="int" >13340</id_poblacion><id_prov type="smallint" >2224</id_prov><name_pob type="varchar"  label="City">Russellvill</name_pob><ind_active type="tinyint"  label="Active">1</ind_active></row>
<row><id_poblacion type="int" >13341</id_poblacion><id_prov type="smallint" >2224</id_prov><name_pob type="varchar"  label="City">Charleston,</name_pob><ind_active type="tinyint"  label="Active">1</ind_active></row>
<row><id_poblacion type="int" >13342</id_poblacion><id_prov type="smallint" >2224</id_prov><name_pob type="varchar"  label="City">Preston</name_pob><ind_active type="tinyint"  label="Active">1</ind_active></row>
<row><id_poblacion type="int" >13343</id_poblacion><id_prov type="smallint" >2224</id_prov><name_pob type="varchar"  label="City">Hampton</name_pob><ind_active type="tinyint"  label="Active">1</ind_active></row>
<row><id_poblacion type="int" >13344</id_poblacion><id_prov type="smallint" >2224</id_prov><name_pob type="varchar"  label="City">Union</name_pob><ind_active type="tinyint"  label="Active">1</ind_active></row>
<row><id_poblacion type="int" >13345</id_poblacion><id_prov type="smallint" >2224</id_prov><name_pob type="varchar"  label="City">Brookville</name_pob><ind_active type="tinyint"  label="Active">1</ind_active></row>
<row><id_poblacion type="int" >13346</id_poblacion><id_prov type="smallint" >2224</id_prov><name_pob type="varchar"  label="City">Ottawa</name_pob><ind_active type="tinyint"  label="Active">1</ind_active></row>
<row><id_poblacion type="int" >13347</id_poblacion><id_prov type="smallint" >2224</id_prov><name_pob type="varchar"  label="City">Frankfort</name_pob><ind_active type="tinyint"  label="Active">1</ind_active></row>
<row><id_poblacion type="int" >13348</id_poblacion><id_prov type="smallint" >2224</id_prov><name_pob type="varchar"  label="City">Winnsboro</name_pob><ind_active type="tinyint"  label="Active">1</ind_active></row>
<row><id_poblacion type="int" >13349</id_poblacion><id_prov type="smallint" >2224</id_prov><name_pob type="varchar"  label="City">Greenfield</name_pob><ind_active type="tinyint"  label="Active">1</ind_active></row>
<row><id_poblacion type="int" >13350</id_poblacion><id_prov type="smallint" >2224</id_prov><name_pob type="varchar"  label="City">Farmington</name_pob><ind_active type="tinyint"  label="Active">1</ind_active></row>
<row><id_poblacion type="int" >13351</id_poblacion><id_prov type="smallint" >2224</id_prov><name_pob type="varchar"  label="City">Apalachicol</name_pob><ind_active type="tinyint"  label="Active">1</ind_active></row>
<row><id_poblacion type="int" >13352</id_poblacion><id_prov type="smallint" >2225</id_prov><name_pob type="varchar"  label="City">Gaylord</name_pob><ind_active type="tinyint"  label="Active">1</ind_active></row>
<row><id_poblacion type="int" >13353</id_poblacion><id_prov type="smallint" >2225</id_prov><name_pob type="varchar"  label="City">Cooperstown</name_pob><ind_active type="tinyint"  label="Active">1</ind_active></row>
<row><id_poblacion type="int" >13354</id_poblacion><id_prov type="smallint" >2226</id_prov><name_pob type="varchar"  label="City">Oswego</name_pob><ind_active type="tinyint"  label="Active">1</ind_active></row>
<row><id_poblacion type="int" >13355</id_poblacion><id_prov type="smallint" >2227</id_prov><name_pob type="varchar"  label="City">Binghamton</name_pob><ind_active type="tinyint"  label="Active">1</ind_active></row>
<row><id_poblacion type="int" >13356</id_poblacion><id_prov type="smallint" >2228</id_prov><name_pob type="varchar"  label="City">Canton</name_pob><ind_active type="tinyint"  label="Active">1</ind_active></row>
<row><id_poblacion type="int" >13357</id_poblacion><id_prov type="smallint" >2229</id_prov><name_pob type="varchar"  label="City">Troy</name_pob><ind_active type="tinyint"  label="Active">1</ind_active></row>
<row><id_poblacion type="int" >13358</id_poblacion><id_prov type="smallint" >2230</id_prov><name_pob type="varchar"  label="City">Belvidere</name_pob><ind_active type="tinyint"  label="Active">1</ind_active></row>
<row><id_poblacion type="int" >13359</id_poblacion><id_prov type="smallint" >2230</id_prov><name_pob type="varchar"  label="City">McMinnville</name_pob><ind_active type="tinyint"  label="Active">1</ind_active></row>
<row><id_poblacion type="int" >13360</id_poblacion><id_prov type="smallint" >2230</id_prov><name_pob type="varchar"  label="City">Indianola</name_pob><ind_active type="tinyint"  label="Active">1</ind_active></row>
<row><id_poblacion type="int" >13361</id_poblacion><id_prov type="smallint" >2230</id_prov><name_pob type="varchar"  label="City">Warren</name_pob><ind_active type="tinyint"  label="Active">1</ind_active></row>
<row><id_poblacion type="int" >13362</id_poblacion><id_prov type="smallint" >2230</id_prov><name_pob type="varchar"  label="City">Front Royal</name_pob><ind_active type="tinyint"  label="Active">1</ind_active></row>
<row><id_poblacion type="int" >13363</id_poblacion><id_prov type="smallint" >2230</id_prov><name_pob type="varchar"  label="City">Lebanon</name_pob><ind_active type="tinyint"  label="Active">1</ind_active></row>
<row><id_poblacion type="int" >13364</id_poblacion><id_prov type="smallint" >2230</id_prov><name_pob type="varchar"  label="City">Lake George</name_pob><ind_active type="tinyint"  label="Active">1</ind_active></row>
<row><id_poblacion type="int" >13366</id_poblacion><id_prov type="smallint" >2230</id_prov><name_pob type="varchar"  label="City">Vicksburg</name_pob><ind_active type="tinyint"  label="Active">1</ind_active></row>
<row><id_poblacion type="int" >13368</id_poblacion><id_prov type="smallint" >2230</id_prov><name_pob type="varchar"  label="City">Bowling Gre</name_pob><ind_active type="tinyint"  label="Active">1</ind_active></row>
<row><id_poblacion type="int" >13369</id_poblacion><id_prov type="smallint" >2230</id_prov><name_pob type="varchar"  label="City">Monmouth</name_pob><ind_active type="tinyint"  label="Active">1</ind_active></row>
<row><id_poblacion type="int" >13371</id_poblacion><id_prov type="smallint" >2230</id_prov><name_pob type="varchar"  label="City">Williamspor</name_pob><ind_active type="tinyint"  label="Active">1</ind_active></row>
<row><id_poblacion type="int" >13372</id_poblacion><id_prov type="smallint" >2231</id_prov><name_pob type="varchar"  label="City">Brenham</name_pob><ind_active type="tinyint"  label="Active">1</ind_active></row>
<row><id_poblacion type="int" >13373</id_poblacion><id_prov type="smallint" >2231</id_prov><name_pob type="varchar"  label="City">Greenville</name_pob><ind_active type="tinyint"  label="Active">1</ind_active></row>
<row><id_poblacion type="int" >13374</id_poblacion><id_prov type="smallint" >2231</id_prov><name_pob type="varchar"  label="City">Plymouth</name_pob><ind_active type="tinyint"  label="Active">1</ind_active></row>
<row><id_poblacion type="int" >13375</id_poblacion><id_prov type="smallint" >2231</id_prov><name_pob type="varchar"  label="City">Blair</name_pob><ind_active type="tinyint"  label="Active">1</ind_active></row>
<row><id_poblacion type="int" >13376</id_poblacion><id_prov type="smallint" >2231</id_prov><name_pob type="varchar"  label="City">Hudson Fall</name_pob><ind_active type="tinyint"  label="Active">1</ind_active></row>
<row><id_poblacion type="int" >13377</id_poblacion><id_prov type="smallint" >2231</id_prov><name_pob type="varchar"  label="City">Bartlesvill</name_pob><ind_active type="tinyint"  label="Active">1</ind_active></row>
<row><id_poblacion type="int" >13379</id_poblacion><id_prov type="smallint" >2231</id_prov><name_pob type="varchar"  label="City">Potosi</name_pob><ind_active type="tinyint"  label="Active">1</ind_active></row>
<row><id_poblacion type="int" >13380</id_poblacion><id_prov type="smallint" >2231</id_prov><name_pob type="varchar"  label="City">Jonesboro</name_pob><ind_active type="tinyint"  label="Active">1</ind_active></row>
<row><id_poblacion type="int" >13381</id_poblacion><id_prov type="smallint" >2231</id_prov><name_pob type="varchar"  label="City">Marietta</name_pob><ind_active type="tinyint"  label="Active">1</ind_active></row>
<row><id_poblacion type="int" >13382</id_poblacion><id_prov type="smallint" >2231</id_prov><name_pob type="varchar"  label="City">Saint Georg</name_pob><ind_active type="tinyint"  label="Active">1</ind_active></row>
<row><id_poblacion type="int" >13383</id_poblacion><id_prov type="smallint" >2231</id_prov><name_pob type="varchar"  label="City">Abingdon</name_pob><ind_active type="tinyint"  label="Active">1</ind_active></row>
<row><id_poblacion type="int" >13384</id_poblacion><id_prov type="smallint" >2231</id_prov><name_pob type="varchar"  label="City">Montpelier</name_pob><ind_active type="tinyint"  label="Active">1</ind_active></row>
<row><id_poblacion type="int" >13385</id_poblacion><id_prov type="smallint" >2231</id_prov><name_pob type="varchar"  label="City">West Bend</name_pob><ind_active type="tinyint"  label="Active">1</ind_active></row>
<row><id_poblacion type="int" >13386</id_poblacion><id_prov type="smallint" >2231</id_prov><name_pob type="varchar"  label="City">Wakefield</name_pob><ind_active type="tinyint"  label="Active">1</ind_active></row>
<row><id_poblacion type="int" >13387</id_poblacion><id_prov type="smallint" >2231</id_prov><name_pob type="varchar"  label="City">Salem</name_pob><ind_active type="tinyint"  label="Active">1</ind_active></row>
<row><id_poblacion type="int" >13388</id_poblacion><id_prov type="smallint" >2231</id_prov><name_pob type="varchar"  label="City">Fayettevill</name_pob><ind_active type="tinyint"  label="Active">1</ind_active></row>
<row><id_poblacion type="int" >13389</id_poblacion><id_prov type="smallint" >2231</id_prov><name_pob type="varchar"  label="City">Akron</name_pob><ind_active type="tinyint"  label="Active">1</ind_active></row>
<row><id_poblacion type="int" >13390</id_poblacion><id_prov type="smallint" >2231</id_prov><name_pob type="varchar"  label="City">Chipley</name_pob><ind_active type="tinyint"  label="Active">1</ind_active></row>
<row><id_poblacion type="int" >13391</id_poblacion><id_prov type="smallint" >2231</id_prov><name_pob type="varchar"  label="City">Sandersvill</name_pob><ind_active type="tinyint"  label="Active">1</ind_active></row>
<row><id_poblacion type="int" >13393</id_poblacion><id_prov type="smallint" >2231</id_prov><name_pob type="varchar"  label="City">Stillwater</name_pob><ind_active type="tinyint"  label="Active">1</ind_active></row>
<row><id_poblacion type="int" >13394</id_poblacion><id_prov type="smallint" >2231</id_prov><name_pob type="varchar"  label="City">Nashville</name_pob><ind_active type="tinyint"  label="Active">1</ind_active></row>
<row><id_poblacion type="int" >13395</id_poblacion><id_prov type="smallint" >2231</id_prov><name_pob type="varchar"  label="City">Chatom</name_pob><ind_active type="tinyint"  label="Active">1</ind_active></row>
<row><id_poblacion type="int" >13397</id_poblacion><id_prov type="smallint" >2231</id_prov><name_pob type="varchar"  label="City">Hillsboro</name_pob><ind_active type="tinyint"  label="Active">1</ind_active></row>
<row><id_poblacion type="int" >13398</id_poblacion><id_prov type="smallint" >2231</id_prov><name_pob type="varchar"  label="City">Springfield</name_pob><ind_active type="tinyint"  label="Active">1</ind_active></row>
<row><id_poblacion type="int" >13399</id_poblacion><id_prov type="smallint" >2231</id_prov><name_pob type="varchar"  label="City">Franklinton</name_pob><ind_active type="tinyint"  label="Active">1</ind_active></row>
<row><id_poblacion type="int" >13400</id_poblacion><id_prov type="smallint" >2231</id_prov><name_pob type="varchar"  label="City">Hagerstown</name_pob><ind_active type="tinyint"  label="Active">1</ind_active></row>
<row><id_poblacion type="int" >13401</id_poblacion><id_prov type="smallint" >2231</id_prov><name_pob type="varchar"  label="City">Machias</name_pob><ind_active type="tinyint"  label="Active">1</ind_active></row>
<row><id_poblacion type="int" >13402</id_poblacion><id_prov type="smallint" >2231</id_prov><name_pob type="varchar"  label="City">Weiser</name_pob><ind_active type="tinyint"  label="Active">1</ind_active></row>
<row><id_poblacion type="int" >13403</id_poblacion><id_prov type="smallint" >2232</id_prov><name_pob type="varchar"  label="City">Warsaw</name_pob><ind_active type="tinyint"  label="Active">1</ind_active></row>
<row><id_poblacion type="int" >13404</id_poblacion><id_prov type="smallint" >2232</id_prov><name_pob type="varchar"  label="City">Tunkhannock</name_pob><ind_active type="tinyint"  label="Active">1</ind_active></row>
<row><id_poblacion type="int" >13405</id_poblacion><id_prov type="smallint" >2232</id_prov><name_pob type="varchar"  label="City">Pineville</name_pob><ind_active type="tinyint"  label="Active">1</ind_active></row>
<row><id_poblacion type="int" >13406</id_poblacion><id_prov type="smallint" >2233</id_prov><name_pob type="varchar"  label="City">Auburn</name_pob><ind_active type="tinyint"  label="Active">1</ind_active></row>
<row><id_poblacion type="int" >13408</id_poblacion><id_prov type="smallint" >2234</id_prov><name_pob type="varchar"  label="City">Lyons</name_pob><ind_active type="tinyint"  label="Active">1</ind_active></row>
<row><id_poblacion type="int" >13409</id_poblacion><id_prov type="smallint" >2234</id_prov><name_pob type="varchar"  label="City">Wooster</name_pob><ind_active type="tinyint"  label="Active">1</ind_active></row>
<row><id_poblacion type="int" >13410</id_poblacion><id_prov type="smallint" >2234</id_prov><name_pob type="varchar"  label="City">Honesdale</name_pob><ind_active type="tinyint"  label="Active">1</ind_active></row>
<row><id_poblacion type="int" >13413</id_poblacion><id_prov type="smallint" >2234</id_prov><name_pob type="varchar"  label="City">Detroit</name_pob><ind_active type="tinyint"  label="Active">1</ind_active></row>
<row><id_poblacion type="int" >13414</id_poblacion><id_prov type="smallint" >2234</id_prov><name_pob type="varchar"  label="City">Loa</name_pob><ind_active type="tinyint"  label="Active">1</ind_active></row>
<row><id_poblacion type="int" >13415</id_poblacion><id_prov type="smallint" >2234</id_prov><name_pob type="varchar"  label="City">Greenville</name_pob><ind_active type="tinyint"  label="Active">1</ind_active></row>
<row><id_poblacion type="int" >13417</id_poblacion><id_prov type="smallint" >2234</id_prov><name_pob type="varchar"  label="City">Monticello</name_pob><ind_active type="tinyint"  label="Active">1</ind_active></row>
<row><id_poblacion type="int" >13418</id_poblacion><id_prov type="smallint" >2234</id_prov><name_pob type="varchar"  label="City">Richmond</name_pob><ind_active type="tinyint"  label="Active">1</ind_active></row>
<row><id_poblacion type="int" >13419</id_poblacion><id_prov type="smallint" >2234</id_prov><name_pob type="varchar"  label="City">Fairfield</name_pob><ind_active type="tinyint"  label="Active">1</ind_active></row>
<row><id_poblacion type="int" >13420</id_poblacion><id_prov type="smallint" >2234</id_prov><name_pob type="varchar"  label="City">Corydon</name_pob><ind_active type="tinyint"  label="Active">1</ind_active></row>
<row><id_poblacion type="int" >13421</id_poblacion><id_prov type="smallint" >2234</id_prov><name_pob type="varchar"  label="City">Jesup</name_pob><ind_active type="tinyint"  label="Active">1</ind_active></row>
<row><id_poblacion type="int" >13422</id_poblacion><id_prov type="smallint" >2234</id_prov><name_pob type="varchar"  label="City">Goldsboro</name_pob><ind_active type="tinyint"  label="Active">1</ind_active></row>
<row><id_poblacion type="int" >13423</id_poblacion><id_prov type="smallint" >2235</id_prov><name_pob type="varchar"  label="City">Albany</name_pob><ind_active type="tinyint"  label="Active">1</ind_active></row>
<row><id_poblacion type="int" >13424</id_poblacion><id_prov type="smallint" >2235</id_prov><name_pob type="varchar"  label="City">Laramie</name_pob><ind_active type="tinyint"  label="Active">1</ind_active></row>
<row><id_poblacion type="int" >13425</id_poblacion><id_prov type="smallint" >2236</id_prov><name_pob type="varchar"  label="City">Kingston</name_pob><ind_active type="tinyint"  label="Active">1</ind_active></row>
<row><id_poblacion type="int" >13426</id_poblacion><id_prov type="smallint" >2237</id_prov><name_pob type="varchar"  label="City">Saint Johns</name_pob><ind_active type="tinyint"  label="Active">1</ind_active></row>
<row><id_poblacion type="int" >13427</id_poblacion><id_prov type="smallint" >2237</id_prov><name_pob type="varchar"  label="City">Carlyle</name_pob><ind_active type="tinyint"  label="Active">1</ind_active></row>
<row><id_poblacion type="int" >13428</id_poblacion><id_prov type="smallint" >2237</id_prov><name_pob type="varchar"  label="City">Albany</name_pob><ind_active type="tinyint"  label="Active">1</ind_active></row>
<row><id_poblacion type="int" >13429</id_poblacion><id_prov type="smallint" >2237</id_prov><name_pob type="varchar"  label="City">Plattsburg</name_pob><ind_active type="tinyint"  label="Active">1</ind_active></row>
<row><id_poblacion type="int" >13430</id_poblacion><id_prov type="smallint" >2237</id_prov><name_pob type="varchar"  label="City">Plattsburgh</name_pob><ind_active type="tinyint"  label="Active">1</ind_active></row>
<row><id_poblacion type="int" >13431</id_poblacion><id_prov type="smallint" >2237</id_prov><name_pob type="varchar"  label="City">Wilmington</name_pob><ind_active type="tinyint"  label="Active">1</ind_active></row>
<row><id_poblacion type="int" >13432</id_poblacion><id_prov type="smallint" >2237</id_prov><name_pob type="varchar"  label="City">Lock Haven</name_pob><ind_active type="tinyint"  label="Active">1</ind_active></row>
<row><id_poblacion type="int" >13433</id_poblacion><id_prov type="smallint" >2237</id_prov><name_pob type="varchar"  label="City">Clinton</name_pob><ind_active type="tinyint"  label="Active">1</ind_active></row>
<row><id_poblacion type="int" >13434</id_poblacion><id_prov type="smallint" >2237</id_prov><name_pob type="varchar"  label="City">Frankfort</name_pob><ind_active type="tinyint"  label="Active">1</ind_active></row>
<row><id_poblacion type="int" >13435</id_poblacion><id_prov type="smallint" >2238</id_prov><name_pob type="varchar"  label="City">Cortland</name_pob><ind_active type="tinyint"  label="Active">1</ind_active></row>
<row><id_poblacion type="int" >13436</id_poblacion><id_prov type="smallint" >2239</id_prov><name_pob type="varchar"  label="City">Penn Yan</name_pob><ind_active type="tinyint"  label="Active">1</ind_active></row>
<row><id_poblacion type="int" >13437</id_poblacion><id_prov type="smallint" >2240</id_prov><name_pob type="varchar"  label="City">Hanford</name_pob><ind_active type="tinyint"  label="Active">1</ind_active></row>
<row><id_poblacion type="int" >13438</id_poblacion><id_prov type="smallint" >2240</id_prov><name_pob type="varchar"  label="City">Brooklyn</name_pob><ind_active type="tinyint"  label="Active">1</ind_active></row>
<row><id_poblacion type="int" >13439</id_poblacion><id_prov type="smallint" >2241</id_prov><name_pob type="varchar"  label="City">White Plain</name_pob><ind_active type="tinyint"  label="Active">1</ind_active></row>
<row><id_poblacion type="int" >13440</id_poblacion><id_prov type="smallint" >2242</id_prov><name_pob type="varchar"  label="City">Boulder</name_pob><ind_active type="tinyint"  label="Active">1</ind_active></row>
<row><id_poblacion type="int" >13441</id_poblacion><id_prov type="smallint" >2242</id_prov><name_pob type="varchar"  label="City">Fairbury</name_pob><ind_active type="tinyint"  label="Active">1</ind_active></row>
<row><id_poblacion type="int" >13442</id_poblacion><id_prov type="smallint" >2242</id_prov><name_pob type="varchar"  label="City">Watertown</name_pob><ind_active type="tinyint"  label="Active">1</ind_active></row>
<row><id_poblacion type="int" >13443</id_poblacion><id_prov type="smallint" >2242</id_prov><name_pob type="varchar"  label="City">Steubenvill</name_pob><ind_active type="tinyint"  label="Active">1</ind_active></row>
<row><id_poblacion type="int" >13444</id_poblacion><id_prov type="smallint" >2242</id_prov><name_pob type="varchar"  label="City">Waurika</name_pob><ind_active type="tinyint"  label="Active">1</ind_active></row>
<row><id_poblacion type="int" >13445</id_poblacion><id_prov type="smallint" >2242</id_prov><name_pob type="varchar"  label="City">Madras</name_pob><ind_active type="tinyint"  label="Active">1</ind_active></row>
<row><id_poblacion type="int" >13446</id_poblacion><id_prov type="smallint" >2242</id_prov><name_pob type="varchar"  label="City">Brookville</name_pob><ind_active type="tinyint"  label="Active">1</ind_active></row>
<row><id_poblacion type="int" >13447</id_poblacion><id_prov type="smallint" >2242</id_prov><name_pob type="varchar"  label="City">Beaumont</name_pob><ind_active type="tinyint"  label="Active">1</ind_active></row>
<row><id_poblacion type="int" >13448</id_poblacion><id_prov type="smallint" >2242</id_prov><name_pob type="varchar"  label="City">Port Townse</name_pob><ind_active type="tinyint"  label="Active">1</ind_active></row>
<row><id_poblacion type="int" >13449</id_poblacion><id_prov type="smallint" >2242</id_prov><name_pob type="varchar"  label="City">Jefferson</name_pob><ind_active type="tinyint"  label="Active">1</ind_active></row>
<row><id_poblacion type="int" >13450</id_poblacion><id_prov type="smallint" >2242</id_prov><name_pob type="varchar"  label="City">Fayette</name_pob><ind_active type="tinyint"  label="Active">1</ind_active></row>
<row><id_poblacion type="int" >13451</id_poblacion><id_prov type="smallint" >2242</id_prov><name_pob type="varchar"  label="City">Dandridge</name_pob><ind_active type="tinyint"  label="Active">1</ind_active></row>
<row><id_poblacion type="int" >13452</id_poblacion><id_prov type="smallint" >2242</id_prov><name_pob type="varchar"  label="City">Hillsboro</name_pob><ind_active type="tinyint"  label="Active">1</ind_active></row>
<row><id_poblacion type="int" >13453</id_poblacion><id_prov type="smallint" >2242</id_prov><name_pob type="varchar"  label="City">Gretna</name_pob><ind_active type="tinyint"  label="Active">1</ind_active></row>
<row><id_poblacion type="int" >13455</id_poblacion><id_prov type="smallint" >2242</id_prov><name_pob type="varchar"  label="City">Oskaloosa</name_pob><ind_active type="tinyint"  label="Active">1</ind_active></row>
<row><id_poblacion type="int" >13456</id_poblacion><id_prov type="smallint" >2242</id_prov><name_pob type="varchar"  label="City">Madison</name_pob><ind_active type="tinyint"  label="Active">1</ind_active></row>
<row><id_poblacion type="int" >13457</id_poblacion><id_prov type="smallint" >2242</id_prov><name_pob type="varchar"  label="City">Mount Verno</name_pob><ind_active type="tinyint"  label="Active">1</ind_active></row>
<row><id_poblacion type="int" >13458</id_poblacion><id_prov type="smallint" >2242</id_prov><name_pob type="varchar"  label="City">Rigby</name_pob><ind_active type="tinyint"  label="Active">1</ind_active></row>
<row><id_poblacion type="int" >13459</id_poblacion><id_prov type="smallint" >2242</id_prov><name_pob type="varchar"  label="City">Fairfield</name_pob><ind_active type="tinyint"  label="Active">1</ind_active></row>
<row><id_poblacion type="int" >13461</id_poblacion><id_prov type="smallint" >2242</id_prov><name_pob type="varchar"  label="City">Monticello</name_pob><ind_active type="tinyint"  label="Active">1</ind_active></row>
<row><id_poblacion type="int" >13462</id_poblacion><id_prov type="smallint" >2242</id_prov><name_pob type="varchar"  label="City">Golden</name_pob><ind_active type="tinyint"  label="Active">1</ind_active></row>
<row><id_poblacion type="int" >13463</id_poblacion><id_prov type="smallint" >2242</id_prov><name_pob type="varchar"  label="City">Birmingham</name_pob><ind_active type="tinyint"  label="Active">1</ind_active></row>
<row><id_poblacion type="int" >13464</id_poblacion><id_prov type="smallint" >2242</id_prov><name_pob type="varchar"  label="City">Charles Tow</name_pob><ind_active type="tinyint"  label="Active">1</ind_active></row>
<row><id_poblacion type="int" >13465</id_poblacion><id_prov type="smallint" >2242</id_prov><name_pob type="varchar"  label="City">Pine Bluff</name_pob><ind_active type="tinyint"  label="Active">1</ind_active></row>
<row><id_poblacion type="int" >13466</id_poblacion><id_prov type="smallint" >2243</id_prov><name_pob type="varchar"  label="City">Cumberland</name_pob><ind_active type="tinyint"  label="Active">1</ind_active></row>
<row><id_poblacion type="int" >13467</id_poblacion><id_prov type="smallint" >2243</id_prov><name_pob type="varchar"  label="City">Belmont</name_pob><ind_active type="tinyint"  label="Active">1</ind_active></row>
<row><id_poblacion type="int" >13468</id_poblacion><id_prov type="smallint" >2244</id_prov><name_pob type="varchar"  label="City">Dayton</name_pob><ind_active type="tinyint"  label="Active">1</ind_active></row>
<row><id_poblacion type="int" >13469</id_poblacion><id_prov type="smallint" >2244</id_prov><name_pob type="varchar"  label="City">Portage</name_pob><ind_active type="tinyint"  label="Active">1</ind_active></row>
<row><id_poblacion type="int" >13470</id_poblacion><id_prov type="smallint" >2244</id_prov><name_pob type="varchar"  label="City">Bloomsburg</name_pob><ind_active type="tinyint"  label="Active">1</ind_active></row>
<row><id_poblacion type="int" >13471</id_poblacion><id_prov type="smallint" >2244</id_prov><name_pob type="varchar"  label="City">Saint Helen</name_pob><ind_active type="tinyint"  label="Active">1</ind_active></row>
<row><id_poblacion type="int" >13472</id_poblacion><id_prov type="smallint" >2244</id_prov><name_pob type="varchar"  label="City">Hudson</name_pob><ind_active type="tinyint"  label="Active">1</ind_active></row>
<row><id_poblacion type="int" >13473</id_poblacion><id_prov type="smallint" >2244</id_prov><name_pob type="varchar"  label="City">Appling</name_pob><ind_active type="tinyint"  label="Active">1</ind_active></row>
<row><id_poblacion type="int" >13474</id_poblacion><id_prov type="smallint" >2244</id_prov><name_pob type="varchar"  label="City">Magnolia</name_pob><ind_active type="tinyint"  label="Active">1</ind_active></row>
<row><id_poblacion type="int" >13475</id_poblacion><id_prov type="smallint" >2244</id_prov><name_pob type="varchar"  label="City">Lake City</name_pob><ind_active type="tinyint"  label="Active">1</ind_active></row>
</poblacion>
</root>