<?xml version="1.0" encoding="UTF-8"?>
<root>
<poblacion>
<row><id_poblacion type="int" >12960</id_poblacion><id_prov type="smallint" >2129</id_prov><name_pob type="varchar"  label="City">Jersey City</name_pob><ind_active type="tinyint"  label="Active">1</ind_active></row>
<row><id_poblacion type="int" >12961</id_poblacion><id_prov type="smallint" >2130</id_prov><name_pob type="varchar"  label="City">Camdenton</name_pob><ind_active type="tinyint"  label="Active">1</ind_active></row>
<row><id_poblacion type="int" >12964</id_poblacion><id_prov type="smallint" >2130</id_prov><name_pob type="varchar"  label="City">Woodbine</name_pob><ind_active type="tinyint"  label="Active">1</ind_active></row>
<row><id_poblacion type="int" >12965</id_poblacion><id_prov type="smallint" >2131</id_prov><name_pob type="varchar"  label="City">Woodbury</name_pob><ind_active type="tinyint"  label="Active">1</ind_active></row>
<row><id_poblacion type="int" >12966</id_poblacion><id_prov type="smallint" >2131</id_prov><name_pob type="varchar"  label="City">Gloucester</name_pob><ind_active type="tinyint"  label="Active">1</ind_active></row>
<row><id_poblacion type="int" >12967</id_poblacion><id_prov type="smallint" >2132</id_prov><name_pob type="varchar"  label="City">Mount Holly</name_pob><ind_active type="tinyint"  label="Active">1</ind_active></row>
<row><id_poblacion type="int" >12968</id_poblacion><id_prov type="smallint" >2133</id_prov><name_pob type="varchar"  label="City">Cape May Co</name_pob><ind_active type="tinyint"  label="Active">1</ind_active></row>
<row><id_poblacion type="int" >12969</id_poblacion><id_prov type="smallint" >2134</id_prov><name_pob type="varchar"  label="City">Council Gro</name_pob><ind_active type="tinyint"  label="Active">1</ind_active></row>
<row><id_poblacion type="int" >12970</id_poblacion><id_prov type="smallint" >2134</id_prov><name_pob type="varchar"  label="City">Morristown</name_pob><ind_active type="tinyint"  label="Active">1</ind_active></row>
<row><id_poblacion type="int" >12971</id_poblacion><id_prov type="smallint" >2134</id_prov><name_pob type="varchar"  label="City">Daingerfiel</name_pob><ind_active type="tinyint"  label="Active">1</ind_active></row>
<row><id_poblacion type="int" >12972</id_poblacion><id_prov type="smallint" >2135</id_prov><name_pob type="varchar"  label="City">Hackensack</name_pob><ind_active type="tinyint"  label="Active">1</ind_active></row>
<row><id_poblacion type="int" >12973</id_poblacion><id_prov type="smallint" >2136</id_prov><name_pob type="varchar"  label="City">Mays Landin</name_pob><ind_active type="tinyint"  label="Active">1</ind_active></row>
<row><id_poblacion type="int" >12974</id_poblacion><id_prov type="smallint" >2137</id_prov><name_pob type="varchar"  label="City">Monroe</name_pob><ind_active type="tinyint"  label="Active">1</ind_active></row>
<row><id_poblacion type="int" >12975</id_poblacion><id_prov type="smallint" >2137</id_prov><name_pob type="varchar"  label="City">Maynardvill</name_pob><ind_active type="tinyint"  label="Active">1</ind_active></row>
<row><id_poblacion type="int" >12976</id_poblacion><id_prov type="smallint" >2137</id_prov><name_pob type="varchar"  label="City">Elk Point</name_pob><ind_active type="tinyint"  label="Active">1</ind_active></row>
<row><id_poblacion type="int" >12977</id_poblacion><id_prov type="smallint" >2137</id_prov><name_pob type="varchar"  label="City">Union</name_pob><ind_active type="tinyint"  label="Active">1</ind_active></row>
<row><id_poblacion type="int" >12978</id_poblacion><id_prov type="smallint" >2137</id_prov><name_pob type="varchar"  label="City">Lewisburg</name_pob><ind_active type="tinyint"  label="Active">1</ind_active></row>
<row><id_poblacion type="int" >12979</id_poblacion><id_prov type="smallint" >2137</id_prov><name_pob type="varchar"  label="City">La Grande</name_pob><ind_active type="tinyint"  label="Active">1</ind_active></row>
<row><id_poblacion type="int" >12980</id_poblacion><id_prov type="smallint" >2137</id_prov><name_pob type="varchar"  label="City">Marysville</name_pob><ind_active type="tinyint"  label="Active">1</ind_active></row>
<row><id_poblacion type="int" >12981</id_poblacion><id_prov type="smallint" >2137</id_prov><name_pob type="varchar"  label="City">Elizabeth</name_pob><ind_active type="tinyint"  label="Active">1</ind_active></row>
<row><id_poblacion type="int" >12982</id_poblacion><id_prov type="smallint" >2137</id_prov><name_pob type="varchar"  label="City">New Albany</name_pob><ind_active type="tinyint"  label="Active">1</ind_active></row>
<row><id_poblacion type="int" >12983</id_poblacion><id_prov type="smallint" >2137</id_prov><name_pob type="varchar"  label="City">Farmerville</name_pob><ind_active type="tinyint"  label="Active">1</ind_active></row>
<row><id_poblacion type="int" >12984</id_poblacion><id_prov type="smallint" >2137</id_prov><name_pob type="varchar"  label="City">Morganfield</name_pob><ind_active type="tinyint"  label="Active">1</ind_active></row>
<row><id_poblacion type="int" >12985</id_poblacion><id_prov type="smallint" >2137</id_prov><name_pob type="varchar"  label="City">Liberty</name_pob><ind_active type="tinyint"  label="Active">1</ind_active></row>
<row><id_poblacion type="int" >12986</id_poblacion><id_prov type="smallint" >2137</id_prov><name_pob type="varchar"  label="City">Jonesboro</name_pob><ind_active type="tinyint"  label="Active">1</ind_active></row>
<row><id_poblacion type="int" >12987</id_poblacion><id_prov type="smallint" >2137</id_prov><name_pob type="varchar"  label="City">Creston</name_pob><ind_active type="tinyint"  label="Active">1</ind_active></row>
<row><id_poblacion type="int" >12988</id_poblacion><id_prov type="smallint" >2137</id_prov><name_pob type="varchar"  label="City">Blairsville</name_pob><ind_active type="tinyint"  label="Active">1</ind_active></row>
<row><id_poblacion type="int" >12989</id_poblacion><id_prov type="smallint" >2137</id_prov><name_pob type="varchar"  label="City">Lake Butler</name_pob><ind_active type="tinyint"  label="Active">1</ind_active></row>
<row><id_poblacion type="int" >12990</id_poblacion><id_prov type="smallint" >2137</id_prov><name_pob type="varchar"  label="City">El Dorado</name_pob><ind_active type="tinyint"  label="Active">1</ind_active></row>
<row><id_poblacion type="int" >12991</id_poblacion><id_prov type="smallint" >2137</id_prov><name_pob type="varchar"  label="City">Clayton</name_pob><ind_active type="tinyint"  label="Active">1</ind_active></row>
<row><id_poblacion type="int" >12992</id_poblacion><id_prov type="smallint" >2138</id_prov><name_pob type="varchar"  label="City">Paterson</name_pob><ind_active type="tinyint"  label="Active">1</ind_active></row>
<row><id_poblacion type="int" >12993</id_poblacion><id_prov type="smallint" >2139</id_prov><name_pob type="varchar"  label="City">Princess An</name_pob><ind_active type="tinyint"  label="Active">1</ind_active></row>
<row><id_poblacion type="int" >12994</id_poblacion><id_prov type="smallint" >2139</id_prov><name_pob type="varchar"  label="City">Skowhegan</name_pob><ind_active type="tinyint"  label="Active">1</ind_active></row>
<row><id_poblacion type="int" >12995</id_poblacion><id_prov type="smallint" >2139</id_prov><name_pob type="varchar"  label="City">Somerville</name_pob><ind_active type="tinyint"  label="Active">1</ind_active></row>
<row><id_poblacion type="int" >12996</id_poblacion><id_prov type="smallint" >2139</id_prov><name_pob type="varchar"  label="City">Somerset</name_pob><ind_active type="tinyint"  label="Active">1</ind_active></row>
<row><id_poblacion type="int" >12997</id_poblacion><id_prov type="smallint" >2140</id_prov><name_pob type="varchar"  label="City">Salem</name_pob><ind_active type="tinyint"  label="Active">1</ind_active></row>
<row><id_poblacion type="int" >12998</id_poblacion><id_prov type="smallint" >2140</id_prov><name_pob type="varchar"  label="City">Newark</name_pob><ind_active type="tinyint"  label="Active">1</ind_active></row>
<row><id_poblacion type="int" >12999</id_poblacion><id_prov type="smallint" >2140</id_prov><name_pob type="varchar"  label="City">Elizabethto</name_pob><ind_active type="tinyint"  label="Active">1</ind_active></row>
<row><id_poblacion type="int" >13000</id_poblacion><id_prov type="smallint" >2140</id_prov><name_pob type="varchar"  label="City">Tappahannoc</name_pob><ind_active type="tinyint"  label="Active">1</ind_active></row>
<row><id_poblacion type="int" >13001</id_poblacion><id_prov type="smallint" >2140</id_prov><name_pob type="varchar"  label="City">Guildhall</name_pob><ind_active type="tinyint"  label="Active">1</ind_active></row>
<row><id_poblacion type="int" >13002</id_poblacion><id_prov type="smallint" >2141</id_prov><name_pob type="varchar"  label="City">Flemington</name_pob><ind_active type="tinyint"  label="Active">1</ind_active></row>
<row><id_poblacion type="int" >13003</id_poblacion><id_prov type="smallint" >2142</id_prov><name_pob type="varchar"  label="City">Sussex</name_pob><ind_active type="tinyint"  label="Active">1</ind_active></row>
<row><id_poblacion type="int" >13004</id_poblacion><id_prov type="smallint" >2142</id_prov><name_pob type="varchar"  label="City">Georgetown</name_pob><ind_active type="tinyint"  label="Active">1</ind_active></row>
<row><id_poblacion type="int" >13005</id_poblacion><id_prov type="smallint" >2142</id_prov><name_pob type="varchar"  label="City">Newton</name_pob><ind_active type="tinyint"  label="Active">1</ind_active></row>
<row><id_poblacion type="int" >13008</id_poblacion><id_prov type="smallint" >2143</id_prov><name_pob type="varchar"  label="City">Mercer</name_pob><ind_active type="tinyint"  label="Active">1</ind_active></row>
<row><id_poblacion type="int" >13009</id_poblacion><id_prov type="smallint" >2143</id_prov><name_pob type="varchar"  label="City">Celina</name_pob><ind_active type="tinyint"  label="Active">1</ind_active></row>
<row><id_poblacion type="int" >13010</id_poblacion><id_prov type="smallint" >2143</id_prov><name_pob type="varchar"  label="City">Stanton</name_pob><ind_active type="tinyint"  label="Active">1</ind_active></row>
<row><id_poblacion type="int" >13011</id_poblacion><id_prov type="smallint" >2143</id_prov><name_pob type="varchar"  label="City">Harrodsburg</name_pob><ind_active type="tinyint"  label="Active">1</ind_active></row>
<row><id_poblacion type="int" >13012</id_poblacion><id_prov type="smallint" >2143</id_prov><name_pob type="varchar"  label="City">Aledo</name_pob><ind_active type="tinyint"  label="Active">1</ind_active></row>
<row><id_poblacion type="int" >13013</id_poblacion><id_prov type="smallint" >2143</id_prov><name_pob type="varchar"  label="City">Trenton</name_pob><ind_active type="tinyint"  label="Active">1</ind_active></row>
<row><id_poblacion type="int" >13014</id_poblacion><id_prov type="smallint" >2144</id_prov><name_pob type="varchar"  label="City">Toledo</name_pob><ind_active type="tinyint"  label="Active">1</ind_active></row>
<row><id_poblacion type="int" >13015</id_poblacion><id_prov type="smallint" >2144</id_prov><name_pob type="varchar"  label="City">Burkesville</name_pob><ind_active type="tinyint"  label="Active">1</ind_active></row>
<row><id_poblacion type="int" >13016</id_poblacion><id_prov type="smallint" >2144</id_prov><name_pob type="varchar"  label="City">Portland</name_pob><ind_active type="tinyint"  label="Active">1</ind_active></row>
<row><id_poblacion type="int" >13017</id_poblacion><id_prov type="smallint" >2144</id_prov><name_pob type="varchar"  label="City">Fayettevill</name_pob><ind_active type="tinyint"  label="Active">1</ind_active></row>
<row><id_poblacion type="int" >13018</id_poblacion><id_prov type="smallint" >2144</id_prov><name_pob type="varchar"  label="City">Bridgeton</name_pob><ind_active type="tinyint"  label="Active">1</ind_active></row>
<row><id_poblacion type="int" >13019</id_poblacion><id_prov type="smallint" >2144</id_prov><name_pob type="varchar"  label="City">Carlisle</name_pob><ind_active type="tinyint"  label="Active">1</ind_active></row>
<row><id_poblacion type="int" >13020</id_poblacion><id_prov type="smallint" >2144</id_prov><name_pob type="varchar"  label="City">Crossville</name_pob><ind_active type="tinyint"  label="Active">1</ind_active></row>
<row><id_poblacion type="int" >13021</id_poblacion><id_prov type="smallint" >2144</id_prov><name_pob type="varchar"  label="City">Cumberland</name_pob><ind_active type="tinyint"  label="Active">1</ind_active></row>
<row><id_poblacion type="int" >13022</id_poblacion><id_prov type="smallint" >2145</id_prov><name_pob type="varchar"  label="City">Toms River</name_pob><ind_active type="tinyint"  label="Active">1</ind_active></row>
<row><id_poblacion type="int" >13025</id_poblacion><id_prov type="smallint" >2147</id_prov><name_pob type="varchar"  label="City">Middletown</name_pob><ind_active type="tinyint"  label="Active">1</ind_active></row>
<row><id_poblacion type="int" >13026</id_poblacion><id_prov type="smallint" >2147</id_prov><name_pob type="varchar"  label="City">Cambridge</name_pob><ind_active type="tinyint"  label="Active">1</ind_active></row>
<row><id_poblacion type="int" >13027</id_poblacion><id_prov type="smallint" >2147</id_prov><name_pob type="varchar"  label="City">New Brunswi</name_pob><ind_active type="tinyint"  label="Active">1</ind_active></row>
<row><id_poblacion type="int" >13028</id_poblacion><id_prov type="smallint" >2147</id_prov><name_pob type="varchar"  label="City">Saluda</name_pob><ind_active type="tinyint"  label="Active">1</ind_active></row>
<row><id_poblacion type="int" >13029</id_poblacion><id_prov type="smallint" >2148</id_prov><name_pob type="varchar"  label="City">Freehold</name_pob><ind_active type="tinyint"  label="Active">1</ind_active></row>
<row><id_poblacion type="int" >13030</id_poblacion><id_prov type="smallint" >2149</id_prov><name_pob type="varchar"  label="City">Belvidere</name_pob><ind_active type="tinyint"  label="Active">1</ind_active></row>
<row><id_poblacion type="int" >13031</id_poblacion><id_prov type="smallint" >2149</id_prov><name_pob type="varchar"  label="City">McMinnville</name_pob><ind_active type="tinyint"  label="Active">1</ind_active></row>
<row><id_poblacion type="int" >13032</id_poblacion><id_prov type="smallint" >2149</id_prov><name_pob type="varchar"  label="City">Indianola</name_pob><ind_active type="tinyint"  label="Active">1</ind_active></row>
<row><id_poblacion type="int" >13033</id_poblacion><id_prov type="smallint" >2149</id_prov><name_pob type="varchar"  label="City">Warren</name_pob><ind_active type="tinyint"  label="Active">1</ind_active></row>
<row><id_poblacion type="int" >13034</id_poblacion><id_prov type="smallint" >2149</id_prov><name_pob type="varchar"  label="City">Front Royal</name_pob><ind_active type="tinyint"  label="Active">1</ind_active></row>
<row><id_poblacion type="int" >13035</id_poblacion><id_prov type="smallint" >2149</id_prov><name_pob type="varchar"  label="City">Lebanon</name_pob><ind_active type="tinyint"  label="Active">1</ind_active></row>
<row><id_poblacion type="int" >13036</id_poblacion><id_prov type="smallint" >2149</id_prov><name_pob type="varchar"  label="City">Lake George</name_pob><ind_active type="tinyint"  label="Active">1</ind_active></row>
<row><id_poblacion type="int" >13038</id_poblacion><id_prov type="smallint" >2149</id_prov><name_pob type="varchar"  label="City">Vicksburg</name_pob><ind_active type="tinyint"  label="Active">1</ind_active></row>
<row><id_poblacion type="int" >13040</id_poblacion><id_prov type="smallint" >2149</id_prov><name_pob type="varchar"  label="City">Bowling Gre</name_pob><ind_active type="tinyint"  label="Active">1</ind_active></row>
<row><id_poblacion type="int" >13041</id_poblacion><id_prov type="smallint" >2149</id_prov><name_pob type="varchar"  label="City">Monmouth</name_pob><ind_active type="tinyint"  label="Active">1</ind_active></row>
<row><id_poblacion type="int" >13043</id_poblacion><id_prov type="smallint" >2149</id_prov><name_pob type="varchar"  label="City">Williamspor</name_pob><ind_active type="tinyint"  label="Active">1</ind_active></row>
</poblacion>
</root>