<?xml version="1.0" encoding="UTF-8"?>
<root>
<poblacion>
<row><id_poblacion type="int" >13044</id_poblacion><id_prov type="smallint" >2150</id_prov><name_pob type="varchar"  label="City">Clovis</name_pob><ind_active type="tinyint"  label="Active">1</ind_active></row>
<row><id_poblacion type="int" >13045</id_poblacion><id_prov type="smallint" >2150</id_prov><name_pob type="varchar"  label="City">Gold Beach</name_pob><ind_active type="tinyint"  label="Active">1</ind_active></row>
<row><id_poblacion type="int" >13046</id_poblacion><id_prov type="smallint" >2151</id_prov><name_pob type="varchar"  label="City">Las Cruces</name_pob><ind_active type="tinyint"  label="Active">1</ind_active></row>
<row><id_poblacion type="int" >13047</id_poblacion><id_prov type="smallint" >2152</id_prov><name_pob type="varchar"  label="City">Roswell</name_pob><ind_active type="tinyint"  label="Active">1</ind_active></row>
<row><id_poblacion type="int" >13048</id_poblacion><id_prov type="smallint" >2153</id_prov><name_pob type="varchar"  label="City">Mosquero</name_pob><ind_active type="tinyint"  label="Active">1</ind_active></row>
<row><id_poblacion type="int" >13049</id_poblacion><id_prov type="smallint" >2153</id_prov><name_pob type="varchar"  label="City">Buffalo</name_pob><ind_active type="tinyint"  label="Active">1</ind_active></row>
<row><id_poblacion type="int" >13050</id_poblacion><id_prov type="smallint" >2154</id_prov><name_pob type="varchar"  label="City">Grants</name_pob><ind_active type="tinyint"  label="Active">1</ind_active></row>
<row><id_poblacion type="int" >13051</id_poblacion><id_prov type="smallint" >2155</id_prov><name_pob type="varchar"  label="City">New Rockfor</name_pob><ind_active type="tinyint"  label="Active">1</ind_active></row>
<row><id_poblacion type="int" >13052</id_poblacion><id_prov type="smallint" >2155</id_prov><name_pob type="varchar"  label="City">Carlsbad</name_pob><ind_active type="tinyint"  label="Active">1</ind_active></row>
<row><id_poblacion type="int" >13053</id_poblacion><id_prov type="smallint" >2156</id_prov><name_pob type="varchar"  label="City">Schuyler</name_pob><ind_active type="tinyint"  label="Active">1</ind_active></row>
<row><id_poblacion type="int" >13054</id_poblacion><id_prov type="smallint" >2156</id_prov><name_pob type="varchar"  label="City">Raton</name_pob><ind_active type="tinyint"  label="Active">1</ind_active></row>
<row><id_poblacion type="int" >13055</id_poblacion><id_prov type="smallint" >2157</id_prov><name_pob type="varchar"  label="City">Reserve</name_pob><ind_active type="tinyint"  label="Active">1</ind_active></row>
<row><id_poblacion type="int" >13056</id_poblacion><id_prov type="smallint" >2158</id_prov><name_pob type="varchar"  label="City">Lordsburg</name_pob><ind_active type="tinyint"  label="Active">1</ind_active></row>
<row><id_poblacion type="int" >13057</id_poblacion><id_prov type="smallint" >2158</id_prov><name_pob type="varchar"  label="City">Edinburg</name_pob><ind_active type="tinyint"  label="Active">1</ind_active></row>
<row><id_poblacion type="int" >13058</id_poblacion><id_prov type="smallint" >2159</id_prov><name_pob type="varchar"  label="City">Silver City</name_pob><ind_active type="tinyint"  label="Active">1</ind_active></row>
<row><id_poblacion type="int" >13059</id_poblacion><id_prov type="smallint" >2159</id_prov><name_pob type="varchar"  label="City">Sheridan</name_pob><ind_active type="tinyint"  label="Active">1</ind_active></row>
<row><id_poblacion type="int" >13060</id_poblacion><id_prov type="smallint" >2159</id_prov><name_pob type="varchar"  label="City">Lancaster</name_pob><ind_active type="tinyint"  label="Active">1</ind_active></row>
<row><id_poblacion type="int" >13061</id_poblacion><id_prov type="smallint" >2159</id_prov><name_pob type="varchar"  label="City">Petersburg</name_pob><ind_active type="tinyint"  label="Active">1</ind_active></row>
<row><id_poblacion type="int" >13062</id_poblacion><id_prov type="smallint" >2159</id_prov><name_pob type="varchar"  label="City">Ephrata</name_pob><ind_active type="tinyint"  label="Active">1</ind_active></row>
<row><id_poblacion type="int" >13063</id_poblacion><id_prov type="smallint" >2159</id_prov><name_pob type="varchar"  label="City">Milbank</name_pob><ind_active type="tinyint"  label="Active">1</ind_active></row>
<row><id_poblacion type="int" >13064</id_poblacion><id_prov type="smallint" >2159</id_prov><name_pob type="varchar"  label="City">Canyon City</name_pob><ind_active type="tinyint"  label="Active">1</ind_active></row>
<row><id_poblacion type="int" >13065</id_poblacion><id_prov type="smallint" >2159</id_prov><name_pob type="varchar"  label="City">Medford</name_pob><ind_active type="tinyint"  label="Active">1</ind_active></row>
<row><id_poblacion type="int" >13066</id_poblacion><id_prov type="smallint" >2159</id_prov><name_pob type="varchar"  label="City">Carson</name_pob><ind_active type="tinyint"  label="Active">1</ind_active></row>
<row><id_poblacion type="int" >13067</id_poblacion><id_prov type="smallint" >2159</id_prov><name_pob type="varchar"  label="City">Elbow Lake</name_pob><ind_active type="tinyint"  label="Active">1</ind_active></row>
<row><id_poblacion type="int" >13068</id_poblacion><id_prov type="smallint" >2159</id_prov><name_pob type="varchar"  label="City">Colfax</name_pob><ind_active type="tinyint"  label="Active">1</ind_active></row>
<row><id_poblacion type="int" >13069</id_poblacion><id_prov type="smallint" >2159</id_prov><name_pob type="varchar"  label="City">Williamstow</name_pob><ind_active type="tinyint"  label="Active">1</ind_active></row>
<row><id_poblacion type="int" >13070</id_poblacion><id_prov type="smallint" >2159</id_prov><name_pob type="varchar"  label="City">Marion</name_pob><ind_active type="tinyint"  label="Active">1</ind_active></row>
<row><id_poblacion type="int" >13071</id_poblacion><id_prov type="smallint" >2159</id_prov><name_pob type="varchar"  label="City">Ulysses</name_pob><ind_active type="tinyint"  label="Active">1</ind_active></row>
<row><id_poblacion type="int" >13072</id_poblacion><id_prov type="smallint" >2159</id_prov><name_pob type="varchar"  label="City">Hyannis</name_pob><ind_active type="tinyint"  label="Active">1</ind_active></row>
<row><id_poblacion type="int" >13073</id_poblacion><id_prov type="smallint" >2160</id_prov><name_pob type="varchar"  label="City">Fort Sumner</name_pob><ind_active type="tinyint"  label="Active">1</ind_active></row>
<row><id_poblacion type="int" >13074</id_poblacion><id_prov type="smallint" >2161</id_prov><name_pob type="varchar"  label="City">Santa Rosa</name_pob><ind_active type="tinyint"  label="Active">1</ind_active></row>
<row><id_poblacion type="int" >13075</id_poblacion><id_prov type="smallint" >2161</id_prov><name_pob type="varchar"  label="City">Seguin</name_pob><ind_active type="tinyint"  label="Active">1</ind_active></row>
<row><id_poblacion type="int" >13076</id_poblacion><id_prov type="smallint" >2162</id_prov><name_pob type="varchar"  label="City">Tierra Amar</name_pob><ind_active type="tinyint"  label="Active">1</ind_active></row>
<row><id_poblacion type="int" >13077</id_poblacion><id_prov type="smallint" >2163</id_prov><name_pob type="varchar"  label="City">Gallup</name_pob><ind_active type="tinyint"  label="Active">1</ind_active></row>
<row><id_poblacion type="int" >13078</id_poblacion><id_prov type="smallint" >2164</id_prov><name_pob type="varchar"  label="City">Los Alamos</name_pob><ind_active type="tinyint"  label="Active">1</ind_active></row>
<row><id_poblacion type="int" >13079</id_poblacion><id_prov type="smallint" >2165</id_prov><name_pob type="varchar"  label="City">La Junta</name_pob><ind_active type="tinyint"  label="Active">1</ind_active></row>
<row><id_poblacion type="int" >13080</id_poblacion><id_prov type="smallint" >2165</id_prov><name_pob type="varchar"  label="City">Alamogordo</name_pob><ind_active type="tinyint"  label="Active">1</ind_active></row>
<row><id_poblacion type="int" >13081</id_poblacion><id_prov type="smallint" >2166</id_prov><name_pob type="varchar"  label="City">Wolf Point</name_pob><ind_active type="tinyint"  label="Active">1</ind_active></row>
<row><id_poblacion type="int" >13082</id_poblacion><id_prov type="smallint" >2166</id_prov><name_pob type="varchar"  label="City">Portales</name_pob><ind_active type="tinyint"  label="Active">1</ind_active></row>
<row><id_poblacion type="int" >13083</id_poblacion><id_prov type="smallint" >2167</id_prov><name_pob type="varchar"  label="City">Tucumcari</name_pob><ind_active type="tinyint"  label="Active">1</ind_active></row>
<row><id_poblacion type="int" >13084</id_poblacion><id_prov type="smallint" >2168</id_prov><name_pob type="varchar"  label="City">Deming</name_pob><ind_active type="tinyint"  label="Active">1</ind_active></row>
<row><id_poblacion type="int" >13085</id_poblacion><id_prov type="smallint" >2169</id_prov><name_pob type="varchar"  label="City">Downieville</name_pob><ind_active type="tinyint"  label="Active">1</ind_active></row>
<row><id_poblacion type="int" >13086</id_poblacion><id_prov type="smallint" >2169</id_prov><name_pob type="varchar"  label="City">Truth or Co</name_pob><ind_active type="tinyint"  label="Active">1</ind_active></row>
<row><id_poblacion type="int" >13087</id_poblacion><id_prov type="smallint" >2170</id_prov><name_pob type="varchar"  label="City">Socorro</name_pob><ind_active type="tinyint"  label="Active">1</ind_active></row>
<row><id_poblacion type="int" >13088</id_poblacion><id_prov type="smallint" >2171</id_prov><name_pob type="varchar"  label="City">North Platt</name_pob><ind_active type="tinyint"  label="Active">1</ind_active></row>
<row><id_poblacion type="int" >13089</id_poblacion><id_prov type="smallint" >2171</id_prov><name_pob type="varchar"  label="City">Kemmerer</name_pob><ind_active type="tinyint"  label="Active">1</ind_active></row>
<row><id_poblacion type="int" >13090</id_poblacion><id_prov type="smallint" >2171</id_prov><name_pob type="varchar"  label="City">Hamlin</name_pob><ind_active type="tinyint"  label="Active">1</ind_active></row>
<row><id_poblacion type="int" >13091</id_poblacion><id_prov type="smallint" >2171</id_prov><name_pob type="varchar"  label="City">Merrill</name_pob><ind_active type="tinyint"  label="Active">1</ind_active></row>
<row><id_poblacion type="int" >13092</id_poblacion><id_prov type="smallint" >2171</id_prov><name_pob type="varchar"  label="City">Davenport</name_pob><ind_active type="tinyint"  label="Active">1</ind_active></row>
<row><id_poblacion type="int" >13093</id_poblacion><id_prov type="smallint" >2171</id_prov><name_pob type="varchar"  label="City">Fayettevill</name_pob><ind_active type="tinyint"  label="Active">1</ind_active></row>
<row><id_poblacion type="int" >13094</id_poblacion><id_prov type="smallint" >2171</id_prov><name_pob type="varchar"  label="City">Canton</name_pob><ind_active type="tinyint"  label="Active">1</ind_active></row>
<row><id_poblacion type="int" >13095</id_poblacion><id_prov type="smallint" >2171</id_prov><name_pob type="varchar"  label="City">Newport</name_pob><ind_active type="tinyint"  label="Active">1</ind_active></row>
<row><id_poblacion type="int" >13096</id_poblacion><id_prov type="smallint" >2171</id_prov><name_pob type="varchar"  label="City">Chandler</name_pob><ind_active type="tinyint"  label="Active">1</ind_active></row>
<row><id_poblacion type="int" >13097</id_poblacion><id_prov type="smallint" >2171</id_prov><name_pob type="varchar"  label="City">Pioche</name_pob><ind_active type="tinyint"  label="Active">1</ind_active></row>
<row><id_poblacion type="int" >13098</id_poblacion><id_prov type="smallint" >2171</id_prov><name_pob type="varchar"  label="City">Carrizozo</name_pob><ind_active type="tinyint"  label="Active">1</ind_active></row>
<row><id_poblacion type="int" >13099</id_poblacion><id_prov type="smallint" >2171</id_prov><name_pob type="varchar"  label="City">Wiscasset</name_pob><ind_active type="tinyint"  label="Active">1</ind_active></row>
<row><id_poblacion type="int" >13102</id_poblacion><id_prov type="smallint" >2171</id_prov><name_pob type="varchar"  label="City">Hugo</name_pob><ind_active type="tinyint"  label="Active">1</ind_active></row>
<row><id_poblacion type="int" >13103</id_poblacion><id_prov type="smallint" >2171</id_prov><name_pob type="varchar"  label="City">Shoshone</name_pob><ind_active type="tinyint"  label="Active">1</ind_active></row>
<row><id_poblacion type="int" >13104</id_poblacion><id_prov type="smallint" >2171</id_prov><name_pob type="varchar"  label="City">Lincoln</name_pob><ind_active type="tinyint"  label="Active">1</ind_active></row>
<row><id_poblacion type="int" >13105</id_poblacion><id_prov type="smallint" >2171</id_prov><name_pob type="varchar"  label="City">Stanford</name_pob><ind_active type="tinyint"  label="Active">1</ind_active></row>
<row><id_poblacion type="int" >13106</id_poblacion><id_prov type="smallint" >2171</id_prov><name_pob type="varchar"  label="City">Troy</name_pob><ind_active type="tinyint"  label="Active">1</ind_active></row>
<row><id_poblacion type="int" >13107</id_poblacion><id_prov type="smallint" >2171</id_prov><name_pob type="varchar"  label="City">Ivanhoe</name_pob><ind_active type="tinyint"  label="Active">1</ind_active></row>
<row><id_poblacion type="int" >13108</id_poblacion><id_prov type="smallint" >2171</id_prov><name_pob type="varchar"  label="City">Star City</name_pob><ind_active type="tinyint"  label="Active">1</ind_active></row>
<row><id_poblacion type="int" >13109</id_poblacion><id_prov type="smallint" >2171</id_prov><name_pob type="varchar"  label="City">Brookhaven</name_pob><ind_active type="tinyint"  label="Active">1</ind_active></row>
<row><id_poblacion type="int" >13110</id_poblacion><id_prov type="smallint" >2171</id_prov><name_pob type="varchar"  label="City">Libby</name_pob><ind_active type="tinyint"  label="Active">1</ind_active></row>
<row><id_poblacion type="int" >13111</id_poblacion><id_prov type="smallint" >2171</id_prov><name_pob type="varchar"  label="City">Ruston</name_pob><ind_active type="tinyint"  label="Active">1</ind_active></row>
<row><id_poblacion type="int" >13112</id_poblacion><id_prov type="smallint" >2172</id_prov><name_pob type="varchar"  label="City">Albuquerque</name_pob><ind_active type="tinyint"  label="Active">1</ind_active></row>
<row><id_poblacion type="int" >13113</id_poblacion><id_prov type="smallint" >2173</id_prov><name_pob type="varchar"  label="City">Santa Fe</name_pob><ind_active type="tinyint"  label="Active">1</ind_active></row>
<row><id_poblacion type="int" >13114</id_poblacion><id_prov type="smallint" >2174</id_prov><name_pob type="varchar"  label="City">Las Vegas</name_pob><ind_active type="tinyint"  label="Active">1</ind_active></row>
<row><id_poblacion type="int" >13115</id_poblacion><id_prov type="smallint" >2174</id_prov><name_pob type="varchar"  label="City">Telluride</name_pob><ind_active type="tinyint"  label="Active">1</ind_active></row>
<row><id_poblacion type="int" >13116</id_poblacion><id_prov type="smallint" >2175</id_prov><name_pob type="varchar"  label="City">Taos</name_pob><ind_active type="tinyint"  label="Active">1</ind_active></row>
<row><id_poblacion type="int" >13117</id_poblacion><id_prov type="smallint" >2176</id_prov><name_pob type="varchar"  label="City">Lovington</name_pob><ind_active type="tinyint"  label="Active">1</ind_active></row>
<row><id_poblacion type="int" >13118</id_poblacion><id_prov type="smallint" >2177</id_prov><name_pob type="varchar"  label="City">Friday Harb</name_pob><ind_active type="tinyint"  label="Active">1</ind_active></row>
<row><id_poblacion type="int" >13119</id_poblacion><id_prov type="smallint" >2177</id_prov><name_pob type="varchar"  label="City">Monticello</name_pob><ind_active type="tinyint"  label="Active">1</ind_active></row>
<row><id_poblacion type="int" >13120</id_poblacion><id_prov type="smallint" >2177</id_prov><name_pob type="varchar"  label="City">Aztec</name_pob><ind_active type="tinyint"  label="Active">1</ind_active></row>
<row><id_poblacion type="int" >13121</id_poblacion><id_prov type="smallint" >2177</id_prov><name_pob type="varchar"  label="City">Silverton</name_pob><ind_active type="tinyint"  label="Active">1</ind_active></row>
<row><id_poblacion type="int" >13122</id_poblacion><id_prov type="smallint" >2178</id_prov><name_pob type="varchar"  label="City">Los Lunas</name_pob><ind_active type="tinyint"  label="Active">1</ind_active></row>
<row><id_poblacion type="int" >13123</id_poblacion><id_prov type="smallint" >2179</id_prov><name_pob type="varchar"  label="City">Bernalillo</name_pob><ind_active type="tinyint"  label="Active">1</ind_active></row>
<row><id_poblacion type="int" >13124</id_poblacion><id_prov type="smallint" >2180</id_prov><name_pob type="varchar"  label="City">Mora</name_pob><ind_active type="tinyint"  label="Active">1</ind_active></row>
<row><id_poblacion type="int" >13125</id_poblacion><id_prov type="smallint" >2181</id_prov><name_pob type="varchar"  label="City">Estancia</name_pob><ind_active type="tinyint"  label="Active">1</ind_active></row>
<row><id_poblacion type="int" >13126</id_poblacion><id_prov type="smallint" >2182</id_prov><name_pob type="varchar"  label="City">Monroe</name_pob><ind_active type="tinyint"  label="Active">1</ind_active></row>
<row><id_poblacion type="int" >13127</id_poblacion><id_prov type="smallint" >2182</id_prov><name_pob type="varchar"  label="City">Maynardvill</name_pob><ind_active type="tinyint"  label="Active">1</ind_active></row>
<row><id_poblacion type="int" >13128</id_poblacion><id_prov type="smallint" >2182</id_prov><name_pob type="varchar"  label="City">Elk Point</name_pob><ind_active type="tinyint"  label="Active">1</ind_active></row>
<row><id_poblacion type="int" >13129</id_poblacion><id_prov type="smallint" >2182</id_prov><name_pob type="varchar"  label="City">Union</name_pob><ind_active type="tinyint"  label="Active">1</ind_active></row>
<row><id_poblacion type="int" >13130</id_poblacion><id_prov type="smallint" >2182</id_prov><name_pob type="varchar"  label="City">Lewisburg</name_pob><ind_active type="tinyint"  label="Active">1</ind_active></row>
<row><id_poblacion type="int" >13131</id_poblacion><id_prov type="smallint" >2182</id_prov><name_pob type="varchar"  label="City">La Grande</name_pob><ind_active type="tinyint"  label="Active">1</ind_active></row>
<row><id_poblacion type="int" >13132</id_poblacion><id_prov type="smallint" >2182</id_prov><name_pob type="varchar"  label="City">Marysville</name_pob><ind_active type="tinyint"  label="Active">1</ind_active></row>
<row><id_poblacion type="int" >13133</id_poblacion><id_prov type="smallint" >2182</id_prov><name_pob type="varchar"  label="City">Elizabeth</name_pob><ind_active type="tinyint"  label="Active">1</ind_active></row>
<row><id_poblacion type="int" >13134</id_poblacion><id_prov type="smallint" >2182</id_prov><name_pob type="varchar"  label="City">New Albany</name_pob><ind_active type="tinyint"  label="Active">1</ind_active></row>
<row><id_poblacion type="int" >13135</id_poblacion><id_prov type="smallint" >2182</id_prov><name_pob type="varchar"  label="City">Farmerville</name_pob><ind_active type="tinyint"  label="Active">1</ind_active></row>
<row><id_poblacion type="int" >13136</id_poblacion><id_prov type="smallint" >2182</id_prov><name_pob type="varchar"  label="City">Morganfield</name_pob><ind_active type="tinyint"  label="Active">1</ind_active></row>
<row><id_poblacion type="int" >13137</id_poblacion><id_prov type="smallint" >2182</id_prov><name_pob type="varchar"  label="City">Liberty</name_pob><ind_active type="tinyint"  label="Active">1</ind_active></row>
<row><id_poblacion type="int" >13138</id_poblacion><id_prov type="smallint" >2182</id_prov><name_pob type="varchar"  label="City">Jonesboro</name_pob><ind_active type="tinyint"  label="Active">1</ind_active></row>
<row><id_poblacion type="int" >13139</id_poblacion><id_prov type="smallint" >2182</id_prov><name_pob type="varchar"  label="City">Creston</name_pob><ind_active type="tinyint"  label="Active">1</ind_active></row>
<row><id_poblacion type="int" >13140</id_poblacion><id_prov type="smallint" >2182</id_prov><name_pob type="varchar"  label="City">Blairsville</name_pob><ind_active type="tinyint"  label="Active">1</ind_active></row>
<row><id_poblacion type="int" >13141</id_poblacion><id_prov type="smallint" >2182</id_prov><name_pob type="varchar"  label="City">Lake Butler</name_pob><ind_active type="tinyint"  label="Active">1</ind_active></row>
<row><id_poblacion type="int" >13142</id_poblacion><id_prov type="smallint" >2182</id_prov><name_pob type="varchar"  label="City">El Dorado</name_pob><ind_active type="tinyint"  label="Active">1</ind_active></row>
<row><id_poblacion type="int" >13143</id_poblacion><id_prov type="smallint" >2182</id_prov><name_pob type="varchar"  label="City">Clayton</name_pob><ind_active type="tinyint"  label="Active">1</ind_active></row>
</poblacion>
</root>