<?xml version="1.0" encoding="UTF-8"?>
<root>
<poblacion>
<row><id_poblacion type="int" >13905</id_poblacion><id_prov type="smallint" >2345</id_prov><name_pob type="varchar"  label="City">Bardstown</name_pob><ind_active type="tinyint"  label="Active">1</ind_active></row>
<row><id_poblacion type="int" >13906</id_poblacion><id_prov type="smallint" >2345</id_prov><name_pob type="varchar"  label="City">Lakota</name_pob><ind_active type="tinyint"  label="Active">1</ind_active></row>
<row><id_poblacion type="int" >13907</id_poblacion><id_prov type="smallint" >2345</id_prov><name_pob type="varchar"  label="City">Lovingston</name_pob><ind_active type="tinyint"  label="Active">1</ind_active></row>
<row><id_poblacion type="int" >13908</id_poblacion><id_prov type="smallint" >2346</id_prov><name_pob type="varchar"  label="City">Woodstock</name_pob><ind_active type="tinyint"  label="Active">1</ind_active></row>
<row><id_poblacion type="int" >13909</id_poblacion><id_prov type="smallint" >2346</id_prov><name_pob type="varchar"  label="City">Towner</name_pob><ind_active type="tinyint"  label="Active">1</ind_active></row>
<row><id_poblacion type="int" >13910</id_poblacion><id_prov type="smallint" >2347</id_prov><name_pob type="varchar"  label="City">Medora</name_pob><ind_active type="tinyint"  label="Active">1</ind_active></row>
<row><id_poblacion type="int" >13911</id_poblacion><id_prov type="smallint" >2348</id_prov><name_pob type="varchar"  label="City">Eufaula</name_pob><ind_active type="tinyint"  label="Active">1</ind_active></row>
<row><id_poblacion type="int" >13912</id_poblacion><id_prov type="smallint" >2348</id_prov><name_pob type="varchar"  label="City">Darien</name_pob><ind_active type="tinyint"  label="Active">1</ind_active></row>
<row><id_poblacion type="int" >13913</id_poblacion><id_prov type="smallint" >2348</id_prov><name_pob type="varchar"  label="City">Ashley</name_pob><ind_active type="tinyint"  label="Active">1</ind_active></row>
<row><id_poblacion type="int" >13914</id_poblacion><id_prov type="smallint" >2349</id_prov><name_pob type="varchar"  label="City">Stanley</name_pob><ind_active type="tinyint"  label="Active">1</ind_active></row>
<row><id_poblacion type="int" >13915</id_poblacion><id_prov type="smallint" >2350</id_prov><name_pob type="varchar"  label="City">Ryegate</name_pob><ind_active type="tinyint"  label="Active">1</ind_active></row>
<row><id_poblacion type="int" >13916</id_poblacion><id_prov type="smallint" >2350</id_prov><name_pob type="varchar"  label="City">Beach</name_pob><ind_active type="tinyint"  label="Active">1</ind_active></row>
<row><id_poblacion type="int" >13917</id_poblacion><id_prov type="smallint" >2351</id_prov><name_pob type="varchar"  label="City">Blackshear</name_pob><ind_active type="tinyint"  label="Active">1</ind_active></row>
<row><id_poblacion type="int" >13918</id_poblacion><id_prov type="smallint" >2351</id_prov><name_pob type="varchar"  label="City">Rugby</name_pob><ind_active type="tinyint"  label="Active">1</ind_active></row>
<row><id_poblacion type="int" >13919</id_poblacion><id_prov type="smallint" >2351</id_prov><name_pob type="varchar"  label="City">Pierce</name_pob><ind_active type="tinyint"  label="Active">1</ind_active></row>
<row><id_poblacion type="int" >13920</id_poblacion><id_prov type="smallint" >2351</id_prov><name_pob type="varchar"  label="City">Tacoma</name_pob><ind_active type="tinyint"  label="Active">1</ind_active></row>
<row><id_poblacion type="int" >13921</id_poblacion><id_prov type="smallint" >2351</id_prov><name_pob type="varchar"  label="City">Ellsworth</name_pob><ind_active type="tinyint"  label="Active">1</ind_active></row>
<row><id_poblacion type="int" >13922</id_poblacion><id_prov type="smallint" >2352</id_prov><name_pob type="varchar"  label="City">Bowman</name_pob><ind_active type="tinyint"  label="Active">1</ind_active></row>
<row><id_poblacion type="int" >13923</id_poblacion><id_prov type="smallint" >2353</id_prov><name_pob type="varchar"  label="City">Carrington</name_pob><ind_active type="tinyint"  label="Active">1</ind_active></row>
<row><id_poblacion type="int" >13924</id_poblacion><id_prov type="smallint" >2354</id_prov><name_pob type="varchar"  label="City">Bloomington</name_pob><ind_active type="tinyint"  label="Active">1</ind_active></row>
<row><id_poblacion type="int" >13925</id_poblacion><id_prov type="smallint" >2354</id_prov><name_pob type="varchar"  label="City">Calhoun</name_pob><ind_active type="tinyint"  label="Active">1</ind_active></row>
<row><id_poblacion type="int" >13926</id_poblacion><id_prov type="smallint" >2354</id_prov><name_pob type="varchar"  label="City">Washburn</name_pob><ind_active type="tinyint"  label="Active">1</ind_active></row>
<row><id_poblacion type="int" >13927</id_poblacion><id_prov type="smallint" >2355</id_prov><name_pob type="varchar"  label="City">Watford Cit</name_pob><ind_active type="tinyint"  label="Active">1</ind_active></row>
<row><id_poblacion type="int" >13928</id_poblacion><id_prov type="smallint" >2356</id_prov><name_pob type="varchar"  label="City">Cavalier</name_pob><ind_active type="tinyint"  label="Active">1</ind_active></row>
<row><id_poblacion type="int" >13929</id_poblacion><id_prov type="smallint" >2357</id_prov><name_pob type="varchar"  label="City">Bottineau</name_pob><ind_active type="tinyint"  label="Active">1</ind_active></row>
<row><id_poblacion type="int" >13930</id_poblacion><id_prov type="smallint" >2358</id_prov><name_pob type="varchar"  label="City">Grand Forks</name_pob><ind_active type="tinyint"  label="Active">1</ind_active></row>
<row><id_poblacion type="int" >13931</id_poblacion><id_prov type="smallint" >2359</id_prov><name_pob type="varchar"  label="City">Center</name_pob><ind_active type="tinyint"  label="Active">1</ind_active></row>
<row><id_poblacion type="int" >13932</id_poblacion><id_prov type="smallint" >2360</id_prov><name_pob type="varchar"  label="City">Quincy</name_pob><ind_active type="tinyint"  label="Active">1</ind_active></row>
<row><id_poblacion type="int" >13933</id_poblacion><id_prov type="smallint" >2360</id_prov><name_pob type="varchar"  label="City">Friendship</name_pob><ind_active type="tinyint"  label="Active">1</ind_active></row>
<row><id_poblacion type="int" >13934</id_poblacion><id_prov type="smallint" >2360</id_prov><name_pob type="varchar"  label="City">Ritzville</name_pob><ind_active type="tinyint"  label="Active">1</ind_active></row>
<row><id_poblacion type="int" >13935</id_poblacion><id_prov type="smallint" >2360</id_prov><name_pob type="varchar"  label="City">Gettysburg</name_pob><ind_active type="tinyint"  label="Active">1</ind_active></row>
<row><id_poblacion type="int" >13936</id_poblacion><id_prov type="smallint" >2360</id_prov><name_pob type="varchar"  label="City">West Union</name_pob><ind_active type="tinyint"  label="Active">1</ind_active></row>
<row><id_poblacion type="int" >13937</id_poblacion><id_prov type="smallint" >2360</id_prov><name_pob type="varchar"  label="City">Hastings</name_pob><ind_active type="tinyint"  label="Active">1</ind_active></row>
<row><id_poblacion type="int" >13938</id_poblacion><id_prov type="smallint" >2360</id_prov><name_pob type="varchar"  label="City">Hettinger</name_pob><ind_active type="tinyint"  label="Active">1</ind_active></row>
<row><id_poblacion type="int" >13939</id_poblacion><id_prov type="smallint" >2360</id_prov><name_pob type="varchar"  label="City">Decatur</name_pob><ind_active type="tinyint"  label="Active">1</ind_active></row>
<row><id_poblacion type="int" >13940</id_poblacion><id_prov type="smallint" >2360</id_prov><name_pob type="varchar"  label="City">Council</name_pob><ind_active type="tinyint"  label="Active">1</ind_active></row>
<row><id_poblacion type="int" >13941</id_poblacion><id_prov type="smallint" >2360</id_prov><name_pob type="varchar"  label="City">Corning</name_pob><ind_active type="tinyint"  label="Active">1</ind_active></row>
<row><id_poblacion type="int" >13942</id_poblacion><id_prov type="smallint" >2360</id_prov><name_pob type="varchar"  label="City">Brighton</name_pob><ind_active type="tinyint"  label="Active">1</ind_active></row>
<row><id_poblacion type="int" >13943</id_poblacion><id_prov type="smallint" >2360</id_prov><name_pob type="varchar"  label="City">Natchez</name_pob><ind_active type="tinyint"  label="Active">1</ind_active></row>
<row><id_poblacion type="int" >13946</id_poblacion><id_prov type="smallint" >2361</id_prov><name_pob type="varchar"  label="City">Mercer</name_pob><ind_active type="tinyint"  label="Active">1</ind_active></row>
<row><id_poblacion type="int" >13947</id_poblacion><id_prov type="smallint" >2361</id_prov><name_pob type="varchar"  label="City">Celina</name_pob><ind_active type="tinyint"  label="Active">1</ind_active></row>
<row><id_poblacion type="int" >13948</id_poblacion><id_prov type="smallint" >2361</id_prov><name_pob type="varchar"  label="City">Stanton</name_pob><ind_active type="tinyint"  label="Active">1</ind_active></row>
<row><id_poblacion type="int" >13949</id_poblacion><id_prov type="smallint" >2361</id_prov><name_pob type="varchar"  label="City">Harrodsburg</name_pob><ind_active type="tinyint"  label="Active">1</ind_active></row>
<row><id_poblacion type="int" >13950</id_poblacion><id_prov type="smallint" >2361</id_prov><name_pob type="varchar"  label="City">Aledo</name_pob><ind_active type="tinyint"  label="Active">1</ind_active></row>
<row><id_poblacion type="int" >13951</id_poblacion><id_prov type="smallint" >2361</id_prov><name_pob type="varchar"  label="City">Trenton</name_pob><ind_active type="tinyint"  label="Active">1</ind_active></row>
<row><id_poblacion type="int" >13952</id_poblacion><id_prov type="smallint" >2362</id_prov><name_pob type="varchar"  label="City">Bryan</name_pob><ind_active type="tinyint"  label="Active">1</ind_active></row>
<row><id_poblacion type="int" >13953</id_poblacion><id_prov type="smallint" >2362</id_prov><name_pob type="varchar"  label="City">Williston</name_pob><ind_active type="tinyint"  label="Active">1</ind_active></row>
<row><id_poblacion type="int" >13954</id_poblacion><id_prov type="smallint" >2363</id_prov><name_pob type="varchar"  label="City">Silver City</name_pob><ind_active type="tinyint"  label="Active">1</ind_active></row>
<row><id_poblacion type="int" >13955</id_poblacion><id_prov type="smallint" >2363</id_prov><name_pob type="varchar"  label="City">Sheridan</name_pob><ind_active type="tinyint"  label="Active">1</ind_active></row>
<row><id_poblacion type="int" >13956</id_poblacion><id_prov type="smallint" >2363</id_prov><name_pob type="varchar"  label="City">Lancaster</name_pob><ind_active type="tinyint"  label="Active">1</ind_active></row>
<row><id_poblacion type="int" >13957</id_poblacion><id_prov type="smallint" >2363</id_prov><name_pob type="varchar"  label="City">Petersburg</name_pob><ind_active type="tinyint"  label="Active">1</ind_active></row>
<row><id_poblacion type="int" >13958</id_poblacion><id_prov type="smallint" >2363</id_prov><name_pob type="varchar"  label="City">Ephrata</name_pob><ind_active type="tinyint"  label="Active">1</ind_active></row>
<row><id_poblacion type="int" >13959</id_poblacion><id_prov type="smallint" >2363</id_prov><name_pob type="varchar"  label="City">Milbank</name_pob><ind_active type="tinyint"  label="Active">1</ind_active></row>
<row><id_poblacion type="int" >13960</id_poblacion><id_prov type="smallint" >2363</id_prov><name_pob type="varchar"  label="City">Canyon City</name_pob><ind_active type="tinyint"  label="Active">1</ind_active></row>
<row><id_poblacion type="int" >13961</id_poblacion><id_prov type="smallint" >2363</id_prov><name_pob type="varchar"  label="City">Medford</name_pob><ind_active type="tinyint"  label="Active">1</ind_active></row>
<row><id_poblacion type="int" >13962</id_poblacion><id_prov type="smallint" >2363</id_prov><name_pob type="varchar"  label="City">Carson</name_pob><ind_active type="tinyint"  label="Active">1</ind_active></row>
<row><id_poblacion type="int" >13963</id_poblacion><id_prov type="smallint" >2363</id_prov><name_pob type="varchar"  label="City">Elbow Lake</name_pob><ind_active type="tinyint"  label="Active">1</ind_active></row>
<row><id_poblacion type="int" >13964</id_poblacion><id_prov type="smallint" >2363</id_prov><name_pob type="varchar"  label="City">Colfax</name_pob><ind_active type="tinyint"  label="Active">1</ind_active></row>
<row><id_poblacion type="int" >13965</id_poblacion><id_prov type="smallint" >2363</id_prov><name_pob type="varchar"  label="City">Williamstow</name_pob><ind_active type="tinyint"  label="Active">1</ind_active></row>
<row><id_poblacion type="int" >13966</id_poblacion><id_prov type="smallint" >2363</id_prov><name_pob type="varchar"  label="City">Marion</name_pob><ind_active type="tinyint"  label="Active">1</ind_active></row>
<row><id_poblacion type="int" >13967</id_poblacion><id_prov type="smallint" >2363</id_prov><name_pob type="varchar"  label="City">Ulysses</name_pob><ind_active type="tinyint"  label="Active">1</ind_active></row>
<row><id_poblacion type="int" >13968</id_poblacion><id_prov type="smallint" >2363</id_prov><name_pob type="varchar"  label="City">Hyannis</name_pob><ind_active type="tinyint"  label="Active">1</ind_active></row>
<row><id_poblacion type="int" >13969</id_poblacion><id_prov type="smallint" >2364</id_prov><name_pob type="varchar"  label="City">La Moure</name_pob><ind_active type="tinyint"  label="Active">1</ind_active></row>
<row><id_poblacion type="int" >13970</id_poblacion><id_prov type="smallint" >2365</id_prov><name_pob type="varchar"  label="City">Crosby</name_pob><ind_active type="tinyint"  label="Active">1</ind_active></row>
<row><id_poblacion type="int" >13971</id_poblacion><id_prov type="smallint" >2366</id_prov><name_pob type="varchar"  label="City">Harrisonvil</name_pob><ind_active type="tinyint"  label="Active">1</ind_active></row>
<row><id_poblacion type="int" >13972</id_poblacion><id_prov type="smallint" >2366</id_prov><name_pob type="varchar"  label="City">Plattsmouth</name_pob><ind_active type="tinyint"  label="Active">1</ind_active></row>
<row><id_poblacion type="int" >13973</id_poblacion><id_prov type="smallint" >2366</id_prov><name_pob type="varchar"  label="City">Linden</name_pob><ind_active type="tinyint"  label="Active">1</ind_active></row>
<row><id_poblacion type="int" >13974</id_poblacion><id_prov type="smallint" >2366</id_prov><name_pob type="varchar"  label="City">Fargo</name_pob><ind_active type="tinyint"  label="Active">1</ind_active></row>
<row><id_poblacion type="int" >13975</id_poblacion><id_prov type="smallint" >2366</id_prov><name_pob type="varchar"  label="City">Cassopolis</name_pob><ind_active type="tinyint"  label="Active">1</ind_active></row>
<row><id_poblacion type="int" >13976</id_poblacion><id_prov type="smallint" >2366</id_prov><name_pob type="varchar"  label="City">Logansport</name_pob><ind_active type="tinyint"  label="Active">1</ind_active></row>
<row><id_poblacion type="int" >13977</id_poblacion><id_prov type="smallint" >2366</id_prov><name_pob type="varchar"  label="City">Atlantic</name_pob><ind_active type="tinyint"  label="Active">1</ind_active></row>
<row><id_poblacion type="int" >13978</id_poblacion><id_prov type="smallint" >2366</id_prov><name_pob type="varchar"  label="City">Virginia</name_pob><ind_active type="tinyint"  label="Active">1</ind_active></row>
<row><id_poblacion type="int" >13979</id_poblacion><id_prov type="smallint" >2366</id_prov><name_pob type="varchar"  label="City">Walker</name_pob><ind_active type="tinyint"  label="Active">1</ind_active></row>
<row><id_poblacion type="int" >13980</id_poblacion><id_prov type="smallint" >2367</id_prov><name_pob type="varchar"  label="City">Elkhart</name_pob><ind_active type="tinyint"  label="Active">1</ind_active></row>
<row><id_poblacion type="int" >13981</id_poblacion><id_prov type="smallint" >2367</id_prov><name_pob type="varchar"  label="City">Mandan</name_pob><ind_active type="tinyint"  label="Active">1</ind_active></row>
<row><id_poblacion type="int" >13982</id_poblacion><id_prov type="smallint" >2368</id_prov><name_pob type="varchar"  label="City">Ellendale</name_pob><ind_active type="tinyint"  label="Active">1</ind_active></row>
<row><id_poblacion type="int" >13983</id_poblacion><id_prov type="smallint" >2369</id_prov><name_pob type="varchar"  label="City">Rolla</name_pob><ind_active type="tinyint"  label="Active">1</ind_active></row>
<row><id_poblacion type="int" >13984</id_poblacion><id_prov type="smallint" >2370</id_prov><name_pob type="varchar"  label="City">Owatonna</name_pob><ind_active type="tinyint"  label="Active">1</ind_active></row>
<row><id_poblacion type="int" >13985</id_poblacion><id_prov type="smallint" >2370</id_prov><name_pob type="varchar"  label="City">Finley</name_pob><ind_active type="tinyint"  label="Active">1</ind_active></row>
<row><id_poblacion type="int" >13986</id_poblacion><id_prov type="smallint" >2371</id_prov><name_pob type="varchar"  label="City">Minot</name_pob><ind_active type="tinyint"  label="Active">1</ind_active></row>
<row><id_poblacion type="int" >13987</id_poblacion><id_prov type="smallint" >2371</id_prov><name_pob type="varchar"  label="City">Monahans</name_pob><ind_active type="tinyint"  label="Active">1</ind_active></row>
<row><id_poblacion type="int" >13988</id_poblacion><id_prov type="smallint" >2372</id_prov><name_pob type="varchar"  label="City">New Rockfor</name_pob><ind_active type="tinyint"  label="Active">1</ind_active></row>
<row><id_poblacion type="int" >13989</id_poblacion><id_prov type="smallint" >2372</id_prov><name_pob type="varchar"  label="City">Carlsbad</name_pob><ind_active type="tinyint"  label="Active">1</ind_active></row>
<row><id_poblacion type="int" >13990</id_poblacion><id_prov type="smallint" >2373</id_prov><name_pob type="varchar"  label="City">Valley City</name_pob><ind_active type="tinyint"  label="Active">1</ind_active></row>
<row><id_poblacion type="int" >13991</id_poblacion><id_prov type="smallint" >2374</id_prov><name_pob type="varchar"  label="City">Napoleon</name_pob><ind_active type="tinyint"  label="Active">1</ind_active></row>
<row><id_poblacion type="int" >13992</id_poblacion><id_prov type="smallint" >2374</id_prov><name_pob type="varchar"  label="City">Logan</name_pob><ind_active type="tinyint"  label="Active">1</ind_active></row>
<row><id_poblacion type="int" >13993</id_poblacion><id_prov type="smallint" >2374</id_prov><name_pob type="varchar"  label="City">Guthrie</name_pob><ind_active type="tinyint"  label="Active">1</ind_active></row>
<row><id_poblacion type="int" >13994</id_poblacion><id_prov type="smallint" >2374</id_prov><name_pob type="varchar"  label="City">Stapleton</name_pob><ind_active type="tinyint"  label="Active">1</ind_active></row>
<row><id_poblacion type="int" >13995</id_poblacion><id_prov type="smallint" >2374</id_prov><name_pob type="varchar"  label="City">Russellvill</name_pob><ind_active type="tinyint"  label="Active">1</ind_active></row>
<row><id_poblacion type="int" >13996</id_poblacion><id_prov type="smallint" >2374</id_prov><name_pob type="varchar"  label="City">Oakley</name_pob><ind_active type="tinyint"  label="Active">1</ind_active></row>
<row><id_poblacion type="int" >13997</id_poblacion><id_prov type="smallint" >2374</id_prov><name_pob type="varchar"  label="City">Lincoln</name_pob><ind_active type="tinyint"  label="Active">1</ind_active></row>
<row><id_poblacion type="int" >13998</id_poblacion><id_prov type="smallint" >2374</id_prov><name_pob type="varchar"  label="City">Sterling</name_pob><ind_active type="tinyint"  label="Active">1</ind_active></row>
<row><id_poblacion type="int" >13999</id_poblacion><id_prov type="smallint" >2374</id_prov><name_pob type="varchar"  label="City">Booneville,</name_pob><ind_active type="tinyint"  label="Active">1</ind_active></row>
<row><id_poblacion type="int" >14000</id_poblacion><id_prov type="smallint" >2374</id_prov><name_pob type="varchar"  label="City">Bellefontai</name_pob><ind_active type="tinyint"  label="Active">1</ind_active></row>
<row><id_poblacion type="int" >14001</id_poblacion><id_prov type="smallint" >2375</id_prov><name_pob type="varchar"  label="City">Cooperstown</name_pob><ind_active type="tinyint"  label="Active">1</ind_active></row>
<row><id_poblacion type="int" >14002</id_poblacion><id_prov type="smallint" >2376</id_prov><name_pob type="varchar"  label="City">Toulon</name_pob><ind_active type="tinyint"  label="Active">1</ind_active></row>
<row><id_poblacion type="int" >14003</id_poblacion><id_prov type="smallint" >2376</id_prov><name_pob type="varchar"  label="City">Dickinson</name_pob><ind_active type="tinyint"  label="Active">1</ind_active></row>
<row><id_poblacion type="int" >14004</id_poblacion><id_prov type="smallint" >2376</id_prov><name_pob type="varchar"  label="City">Canton</name_pob><ind_active type="tinyint"  label="Active">1</ind_active></row>
<row><id_poblacion type="int" >14005</id_poblacion><id_prov type="smallint" >2377</id_prov><name_pob type="varchar"  label="City">Grafton</name_pob><ind_active type="tinyint"  label="Active">1</ind_active></row>
<row><id_poblacion type="int" >14006</id_poblacion><id_prov type="smallint" >2378</id_prov><name_pob type="varchar"  label="City">Forman</name_pob><ind_active type="tinyint"  label="Active">1</ind_active></row>
<row><id_poblacion type="int" >14007</id_poblacion><id_prov type="smallint" >2379</id_prov><name_pob type="varchar"  label="City">Manning</name_pob><ind_active type="tinyint"  label="Active">1</ind_active></row>
<row><id_poblacion type="int" >14008</id_poblacion><id_prov type="smallint" >2379</id_prov><name_pob type="varchar"  label="City">Menomonie</name_pob><ind_active type="tinyint"  label="Active">1</ind_active></row>
<row><id_poblacion type="int" >14009</id_poblacion><id_prov type="smallint" >2380</id_prov><name_pob type="varchar"  label="City">Bismarck</name_pob><ind_active type="tinyint"  label="Active">1</ind_active></row>
<row><id_poblacion type="int" >14010</id_poblacion><id_prov type="smallint" >2381</id_prov><name_pob type="varchar"  label="City">Olivia</name_pob><ind_active type="tinyint"  label="Active">1</ind_active></row>
<row><id_poblacion type="int" >14011</id_poblacion><id_prov type="smallint" >2381</id_prov><name_pob type="varchar"  label="City">Mohall</name_pob><ind_active type="tinyint"  label="Active">1</ind_active></row>
<row><id_poblacion type="int" >14012</id_poblacion><id_prov type="smallint" >2382</id_prov><name_pob type="varchar"  label="City">Jamestown</name_pob><ind_active type="tinyint"  label="Active">1</ind_active></row>
<row><id_poblacion type="int" >14013</id_poblacion><id_prov type="smallint" >2383</id_prov><name_pob type="varchar"  label="City">Fessenden</name_pob><ind_active type="tinyint"  label="Active">1</ind_active></row>
<row><id_poblacion type="int" >14014</id_poblacion><id_prov type="smallint" >2383</id_prov><name_pob type="varchar"  label="City">Bluffton</name_pob><ind_active type="tinyint"  label="Active">1</ind_active></row>
<row><id_poblacion type="int" >14015</id_poblacion><id_prov type="smallint" >2384</id_prov><name_pob type="varchar"  label="City">Amidon</name_pob><ind_active type="tinyint"  label="Active">1</ind_active></row>
<row><id_poblacion type="int" >14016</id_poblacion><id_prov type="smallint" >2385</id_prov><name_pob type="varchar"  label="City">Orange City</name_pob><ind_active type="tinyint"  label="Active">1</ind_active></row>
<row><id_poblacion type="int" >14017</id_poblacion><id_prov type="smallint" >2385</id_prov><name_pob type="varchar"  label="City">Fort Yates</name_pob><ind_active type="tinyint"  label="Active">1</ind_active></row>
<row><id_poblacion type="int" >14018</id_poblacion><id_prov type="smallint" >2385</id_prov><name_pob type="varchar"  label="City">Harrison</name_pob><ind_active type="tinyint"  label="Active">1</ind_active></row>
<row><id_poblacion type="int" >14019</id_poblacion><id_prov type="smallint" >2386</id_prov><name_pob type="varchar"  label="City">Langdon</name_pob><ind_active type="tinyint"  label="Active">1</ind_active></row>
<row><id_poblacion type="int" >14020</id_poblacion><id_prov type="smallint" >2387</id_prov><name_pob type="varchar"  label="City">Saint Paul</name_pob><ind_active type="tinyint"  label="Active">1</ind_active></row>
<row><id_poblacion type="int" >14021</id_poblacion><id_prov type="smallint" >2387</id_prov><name_pob type="varchar"  label="City">Devils Lake</name_pob><ind_active type="tinyint"  label="Active">1</ind_active></row>
<row><id_poblacion type="int" >14022</id_poblacion><id_prov type="smallint" >2388</id_prov><name_pob type="varchar"  label="City">Bowbells</name_pob><ind_active type="tinyint"  label="Active">1</ind_active></row>
<row><id_poblacion type="int" >14023</id_poblacion><id_prov type="smallint" >2388</id_prov><name_pob type="varchar"  label="City">Waynesboro</name_pob><ind_active type="tinyint"  label="Active">1</ind_active></row>
<row><id_poblacion type="int" >14024</id_poblacion><id_prov type="smallint" >2388</id_prov><name_pob type="varchar"  label="City">Morganton</name_pob><ind_active type="tinyint"  label="Active">1</ind_active></row>
<row><id_poblacion type="int" >14025</id_poblacion><id_prov type="smallint" >2389</id_prov><name_pob type="varchar"  label="City">Mott</name_pob><ind_active type="tinyint"  label="Active">1</ind_active></row>
<row><id_poblacion type="int" >14026</id_poblacion><id_prov type="smallint" >2390</id_prov><name_pob type="varchar"  label="City">Linton</name_pob><ind_active type="tinyint"  label="Active">1</ind_active></row>
<row><id_poblacion type="int" >14027</id_poblacion><id_prov type="smallint" >2391</id_prov><name_pob type="varchar"  label="City">Minnewaukan</name_pob><ind_active type="tinyint"  label="Active">1</ind_active></row>
<row><id_poblacion type="int" >14028</id_poblacion><id_prov type="smallint" >2392</id_prov><name_pob type="varchar"  label="City">Richland Ce</name_pob><ind_active type="tinyint"  label="Active">1</ind_active></row>
<row><id_poblacion type="int" >14029</id_poblacion><id_prov type="smallint" >2392</id_prov><name_pob type="varchar"  label="City">Olney</name_pob><ind_active type="tinyint"  label="Active">1</ind_active></row>
<row><id_poblacion type="int" >14030</id_poblacion><id_prov type="smallint" >2392</id_prov><name_pob type="varchar"  label="City">Rayville</name_pob><ind_active type="tinyint"  label="Active">1</ind_active></row>
<row><id_poblacion type="int" >14031</id_poblacion><id_prov type="smallint" >2392</id_prov><name_pob type="varchar"  label="City">Sidney</name_pob><ind_active type="tinyint"  label="Active">1</ind_active></row>
<row><id_poblacion type="int" >14032</id_poblacion><id_prov type="smallint" >2392</id_prov><name_pob type="varchar"  label="City">Wahpeton</name_pob><ind_active type="tinyint"  label="Active">1</ind_active></row>
<row><id_poblacion type="int" >14033</id_poblacion><id_prov type="smallint" >2392</id_prov><name_pob type="varchar"  label="City">Mansfield</name_pob><ind_active type="tinyint"  label="Active">1</ind_active></row>
<row><id_poblacion type="int" >14034</id_poblacion><id_prov type="smallint" >2392</id_prov><name_pob type="varchar"  label="City">Columbia</name_pob><ind_active type="tinyint"  label="Active">1</ind_active></row>
<row><id_poblacion type="int" >14035</id_poblacion><id_prov type="smallint" >2393</id_prov><name_pob type="varchar"  label="City">Hillsboro</name_pob><ind_active type="tinyint"  label="Active">1</ind_active></row>
<row><id_poblacion type="int" >14036</id_poblacion><id_prov type="smallint" >2394</id_prov><name_pob type="varchar"  label="City">Cando</name_pob><ind_active type="tinyint"  label="Active">1</ind_active></row>
<row><id_poblacion type="int" >14037</id_poblacion><id_prov type="smallint" >2395</id_prov><name_pob type="varchar"  label="City">McClusky</name_pob><ind_active type="tinyint"  label="Active">1</ind_active></row>
<row><id_poblacion type="int" >14038</id_poblacion><id_prov type="smallint" >2395</id_prov><name_pob type="varchar"  label="City">Rushville</name_pob><ind_active type="tinyint"  label="Active">1</ind_active></row>
<row><id_poblacion type="int" >14039</id_poblacion><id_prov type="smallint" >2395</id_prov><name_pob type="varchar"  label="City">Hoxie</name_pob><ind_active type="tinyint"  label="Active">1</ind_active></row>
<row><id_poblacion type="int" >14040</id_poblacion><id_prov type="smallint" >2395</id_prov><name_pob type="varchar"  label="City">Sheridan</name_pob><ind_active type="tinyint"  label="Active">1</ind_active></row>
<row><id_poblacion type="int" >14041</id_poblacion><id_prov type="smallint" >2395</id_prov><name_pob type="varchar"  label="City">Plentywood</name_pob><ind_active type="tinyint"  label="Active">1</ind_active></row>
<row><id_poblacion type="int" >14042</id_poblacion><id_prov type="smallint" >2396</id_prov><name_pob type="varchar"  label="City">Steele</name_pob><ind_active type="tinyint"  label="Active">1</ind_active></row>
<row><id_poblacion type="int" >14043</id_poblacion><id_prov type="smallint" >2397</id_prov><name_pob type="varchar"  label="City">Lisbon</name_pob><ind_active type="tinyint"  label="Active">1</ind_active></row>
</poblacion>
</root>