<?xml version="1.0" encoding="UTF-8"?>
<root>
<poblacion>
<row><id_poblacion type="int" >13476</id_poblacion><id_prov type="smallint" >2245</id_prov><name_pob type="varchar"  label="City">Clinton</name_pob><ind_active type="tinyint"  label="Active">1</ind_active></row>
<row><id_poblacion type="int" >13477</id_poblacion><id_prov type="smallint" >2246</id_prov><name_pob type="varchar"  label="City">Jackson</name_pob><ind_active type="tinyint"  label="Active">1</ind_active></row>
<row><id_poblacion type="int" >13478</id_poblacion><id_prov type="smallint" >2246</id_prov><name_pob type="varchar"  label="City">Frederickto</name_pob><ind_active type="tinyint"  label="Active">1</ind_active></row>
<row><id_poblacion type="int" >13479</id_poblacion><id_prov type="smallint" >2246</id_prov><name_pob type="varchar"  label="City">Madisonvill</name_pob><ind_active type="tinyint"  label="Active">1</ind_active></row>
<row><id_poblacion type="int" >13480</id_poblacion><id_prov type="smallint" >2246</id_prov><name_pob type="varchar"  label="City">London</name_pob><ind_active type="tinyint"  label="Active">1</ind_active></row>
<row><id_poblacion type="int" >13481</id_poblacion><id_prov type="smallint" >2246</id_prov><name_pob type="varchar"  label="City">Wampsville</name_pob><ind_active type="tinyint"  label="Active">1</ind_active></row>
<row><id_poblacion type="int" >13483</id_poblacion><id_prov type="smallint" >2246</id_prov><name_pob type="varchar"  label="City">Marshall</name_pob><ind_active type="tinyint"  label="Active">1</ind_active></row>
<row><id_poblacion type="int" >13484</id_poblacion><id_prov type="smallint" >2246</id_prov><name_pob type="varchar"  label="City">Virginia Ci</name_pob><ind_active type="tinyint"  label="Active">1</ind_active></row>
<row><id_poblacion type="int" >13485</id_poblacion><id_prov type="smallint" >2246</id_prov><name_pob type="varchar"  label="City">Canton</name_pob><ind_active type="tinyint"  label="Active">1</ind_active></row>
<row><id_poblacion type="int" >13486</id_poblacion><id_prov type="smallint" >2246</id_prov><name_pob type="varchar"  label="City">Richmond</name_pob><ind_active type="tinyint"  label="Active">1</ind_active></row>
<row><id_poblacion type="int" >13487</id_poblacion><id_prov type="smallint" >2246</id_prov><name_pob type="varchar"  label="City">Anderson</name_pob><ind_active type="tinyint"  label="Active">1</ind_active></row>
<row><id_poblacion type="int" >13488</id_poblacion><id_prov type="smallint" >2246</id_prov><name_pob type="varchar"  label="City">Edwardsvill</name_pob><ind_active type="tinyint"  label="Active">1</ind_active></row>
<row><id_poblacion type="int" >13489</id_poblacion><id_prov type="smallint" >2246</id_prov><name_pob type="varchar"  label="City">Rexburg</name_pob><ind_active type="tinyint"  label="Active">1</ind_active></row>
<row><id_poblacion type="int" >13490</id_poblacion><id_prov type="smallint" >2246</id_prov><name_pob type="varchar"  label="City">Winterset</name_pob><ind_active type="tinyint"  label="Active">1</ind_active></row>
<row><id_poblacion type="int" >13491</id_poblacion><id_prov type="smallint" >2246</id_prov><name_pob type="varchar"  label="City">Danielsvill</name_pob><ind_active type="tinyint"  label="Active">1</ind_active></row>
<row><id_poblacion type="int" >13496</id_poblacion><id_prov type="smallint" >2246</id_prov><name_pob type="varchar"  label="City">Tallulah</name_pob><ind_active type="tinyint"  label="Active">1</ind_active></row>
<row><id_poblacion type="int" >13498</id_poblacion><id_prov type="smallint" >2247</id_prov><name_pob type="varchar"  label="City">Lyons</name_pob><ind_active type="tinyint"  label="Active">1</ind_active></row>
<row><id_poblacion type="int" >13499</id_poblacion><id_prov type="smallint" >2247</id_prov><name_pob type="varchar"  label="City">Wooster</name_pob><ind_active type="tinyint"  label="Active">1</ind_active></row>
<row><id_poblacion type="int" >13500</id_poblacion><id_prov type="smallint" >2247</id_prov><name_pob type="varchar"  label="City">Honesdale</name_pob><ind_active type="tinyint"  label="Active">1</ind_active></row>
<row><id_poblacion type="int" >13503</id_poblacion><id_prov type="smallint" >2247</id_prov><name_pob type="varchar"  label="City">Detroit</name_pob><ind_active type="tinyint"  label="Active">1</ind_active></row>
<row><id_poblacion type="int" >13504</id_poblacion><id_prov type="smallint" >2247</id_prov><name_pob type="varchar"  label="City">Loa</name_pob><ind_active type="tinyint"  label="Active">1</ind_active></row>
<row><id_poblacion type="int" >13505</id_poblacion><id_prov type="smallint" >2247</id_prov><name_pob type="varchar"  label="City">Greenville</name_pob><ind_active type="tinyint"  label="Active">1</ind_active></row>
<row><id_poblacion type="int" >13507</id_poblacion><id_prov type="smallint" >2247</id_prov><name_pob type="varchar"  label="City">Monticello</name_pob><ind_active type="tinyint"  label="Active">1</ind_active></row>
<row><id_poblacion type="int" >13508</id_poblacion><id_prov type="smallint" >2247</id_prov><name_pob type="varchar"  label="City">Richmond</name_pob><ind_active type="tinyint"  label="Active">1</ind_active></row>
<row><id_poblacion type="int" >13509</id_poblacion><id_prov type="smallint" >2247</id_prov><name_pob type="varchar"  label="City">Fairfield</name_pob><ind_active type="tinyint"  label="Active">1</ind_active></row>
<row><id_poblacion type="int" >13510</id_poblacion><id_prov type="smallint" >2247</id_prov><name_pob type="varchar"  label="City">Corydon</name_pob><ind_active type="tinyint"  label="Active">1</ind_active></row>
<row><id_poblacion type="int" >13511</id_poblacion><id_prov type="smallint" >2247</id_prov><name_pob type="varchar"  label="City">Jesup</name_pob><ind_active type="tinyint"  label="Active">1</ind_active></row>
<row><id_poblacion type="int" >13512</id_poblacion><id_prov type="smallint" >2247</id_prov><name_pob type="varchar"  label="City">Goldsboro</name_pob><ind_active type="tinyint"  label="Active">1</ind_active></row>
<row><id_poblacion type="int" >13513</id_poblacion><id_prov type="smallint" >2248</id_prov><name_pob type="varchar"  label="City">Boone</name_pob><ind_active type="tinyint"  label="Active">1</ind_active></row>
<row><id_poblacion type="int" >13514</id_poblacion><id_prov type="smallint" >2249</id_prov><name_pob type="varchar"  label="City">Burgaw</name_pob><ind_active type="tinyint"  label="Active">1</ind_active></row>
<row><id_poblacion type="int" >13515</id_poblacion><id_prov type="smallint" >2250</id_prov><name_pob type="varchar"  label="City">New Bern</name_pob><ind_active type="tinyint"  label="Active">1</ind_active></row>
<row><id_poblacion type="int" >13516</id_poblacion><id_prov type="smallint" >2251</id_prov><name_pob type="varchar"  label="City">Carnesville</name_pob><ind_active type="tinyint"  label="Active">1</ind_active></row>
<row><id_poblacion type="int" >13517</id_poblacion><id_prov type="smallint" >2251</id_prov><name_pob type="varchar"  label="City">Louisburg</name_pob><ind_active type="tinyint"  label="Active">1</ind_active></row>
<row><id_poblacion type="int" >13519</id_poblacion><id_prov type="smallint" >2251</id_prov><name_pob type="varchar"  label="City">Malone</name_pob><ind_active type="tinyint"  label="Active">1</ind_active></row>
<row><id_poblacion type="int" >13520</id_poblacion><id_prov type="smallint" >2251</id_prov><name_pob type="varchar"  label="City">Columbus</name_pob><ind_active type="tinyint"  label="Active">1</ind_active></row>
<row><id_poblacion type="int" >13521</id_poblacion><id_prov type="smallint" >2251</id_prov><name_pob type="varchar"  label="City">Chambersbur</name_pob><ind_active type="tinyint"  label="Active">1</ind_active></row>
<row><id_poblacion type="int" >13522</id_poblacion><id_prov type="smallint" >2251</id_prov><name_pob type="varchar"  label="City">Winchester</name_pob><ind_active type="tinyint"  label="Active">1</ind_active></row>
<row><id_poblacion type="int" >13523</id_poblacion><id_prov type="smallint" >2251</id_prov><name_pob type="varchar"  label="City">Mount Verno</name_pob><ind_active type="tinyint"  label="Active">1</ind_active></row>
<row><id_poblacion type="int" >13524</id_poblacion><id_prov type="smallint" >2251</id_prov><name_pob type="varchar"  label="City">Rocky Mount</name_pob><ind_active type="tinyint"  label="Active">1</ind_active></row>
<row><id_poblacion type="int" >13526</id_poblacion><id_prov type="smallint" >2251</id_prov><name_pob type="varchar"  label="City">Saint Alban</name_pob><ind_active type="tinyint"  label="Active">1</ind_active></row>
<row><id_poblacion type="int" >13527</id_poblacion><id_prov type="smallint" >2251</id_prov><name_pob type="varchar"  label="City">Meadville</name_pob><ind_active type="tinyint"  label="Active">1</ind_active></row>
<row><id_poblacion type="int" >13528</id_poblacion><id_prov type="smallint" >2251</id_prov><name_pob type="varchar"  label="City">Pasco</name_pob><ind_active type="tinyint"  label="Active">1</ind_active></row>
<row><id_poblacion type="int" >13529</id_poblacion><id_prov type="smallint" >2251</id_prov><name_pob type="varchar"  label="City">Benton</name_pob><ind_active type="tinyint"  label="Active">1</ind_active></row>
<row><id_poblacion type="int" >13530</id_poblacion><id_prov type="smallint" >2251</id_prov><name_pob type="varchar"  label="City">Russellvill</name_pob><ind_active type="tinyint"  label="Active">1</ind_active></row>
<row><id_poblacion type="int" >13531</id_poblacion><id_prov type="smallint" >2251</id_prov><name_pob type="varchar"  label="City">Charleston,</name_pob><ind_active type="tinyint"  label="Active">1</ind_active></row>
<row><id_poblacion type="int" >13532</id_poblacion><id_prov type="smallint" >2251</id_prov><name_pob type="varchar"  label="City">Preston</name_pob><ind_active type="tinyint"  label="Active">1</ind_active></row>
<row><id_poblacion type="int" >13533</id_poblacion><id_prov type="smallint" >2251</id_prov><name_pob type="varchar"  label="City">Hampton</name_pob><ind_active type="tinyint"  label="Active">1</ind_active></row>
<row><id_poblacion type="int" >13534</id_poblacion><id_prov type="smallint" >2251</id_prov><name_pob type="varchar"  label="City">Union</name_pob><ind_active type="tinyint"  label="Active">1</ind_active></row>
<row><id_poblacion type="int" >13535</id_poblacion><id_prov type="smallint" >2251</id_prov><name_pob type="varchar"  label="City">Brookville</name_pob><ind_active type="tinyint"  label="Active">1</ind_active></row>
<row><id_poblacion type="int" >13536</id_poblacion><id_prov type="smallint" >2251</id_prov><name_pob type="varchar"  label="City">Ottawa</name_pob><ind_active type="tinyint"  label="Active">1</ind_active></row>
<row><id_poblacion type="int" >13537</id_poblacion><id_prov type="smallint" >2251</id_prov><name_pob type="varchar"  label="City">Frankfort</name_pob><ind_active type="tinyint"  label="Active">1</ind_active></row>
<row><id_poblacion type="int" >13538</id_poblacion><id_prov type="smallint" >2251</id_prov><name_pob type="varchar"  label="City">Winnsboro</name_pob><ind_active type="tinyint"  label="Active">1</ind_active></row>
<row><id_poblacion type="int" >13539</id_poblacion><id_prov type="smallint" >2251</id_prov><name_pob type="varchar"  label="City">Greenfield</name_pob><ind_active type="tinyint"  label="Active">1</ind_active></row>
<row><id_poblacion type="int" >13540</id_poblacion><id_prov type="smallint" >2251</id_prov><name_pob type="varchar"  label="City">Farmington</name_pob><ind_active type="tinyint"  label="Active">1</ind_active></row>
<row><id_poblacion type="int" >13541</id_poblacion><id_prov type="smallint" >2251</id_prov><name_pob type="varchar"  label="City">Apalachicol</name_pob><ind_active type="tinyint"  label="Active">1</ind_active></row>
<row><id_poblacion type="int" >13542</id_poblacion><id_prov type="smallint" >2252</id_prov><name_pob type="varchar"  label="City">Tarboro</name_pob><ind_active type="tinyint"  label="Active">1</ind_active></row>
<row><id_poblacion type="int" >13543</id_poblacion><id_prov type="smallint" >2253</id_prov><name_pob type="varchar"  label="City">Lafayette</name_pob><ind_active type="tinyint"  label="Active">1</ind_active></row>
<row><id_poblacion type="int" >13544</id_poblacion><id_prov type="smallint" >2253</id_prov><name_pob type="varchar"  label="City">Tuskegee</name_pob><ind_active type="tinyint"  label="Active">1</ind_active></row>
<row><id_poblacion type="int" >13545</id_poblacion><id_prov type="smallint" >2253</id_prov><name_pob type="varchar"  label="City">Oglethorpe</name_pob><ind_active type="tinyint"  label="Active">1</ind_active></row>
<row><id_poblacion type="int" >13546</id_poblacion><id_prov type="smallint" >2253</id_prov><name_pob type="varchar"  label="City">Decatur</name_pob><ind_active type="tinyint"  label="Active">1</ind_active></row>
<row><id_poblacion type="int" >13547</id_poblacion><id_prov type="smallint" >2253</id_prov><name_pob type="varchar"  label="City">Macon</name_pob><ind_active type="tinyint"  label="Active">1</ind_active></row>
<row><id_poblacion type="int" >13548</id_poblacion><id_prov type="smallint" >2253</id_prov><name_pob type="varchar"  label="City">Franklin</name_pob><ind_active type="tinyint"  label="Active">1</ind_active></row>
<row><id_poblacion type="int" >13549</id_poblacion><id_prov type="smallint" >2254</id_prov><name_pob type="varchar"  label="City">Brenham</name_pob><ind_active type="tinyint"  label="Active">1</ind_active></row>
<row><id_poblacion type="int" >13550</id_poblacion><id_prov type="smallint" >2254</id_prov><name_pob type="varchar"  label="City">Greenville</name_pob><ind_active type="tinyint"  label="Active">1</ind_active></row>
<row><id_poblacion type="int" >13551</id_poblacion><id_prov type="smallint" >2254</id_prov><name_pob type="varchar"  label="City">Plymouth</name_pob><ind_active type="tinyint"  label="Active">1</ind_active></row>
<row><id_poblacion type="int" >13552</id_poblacion><id_prov type="smallint" >2254</id_prov><name_pob type="varchar"  label="City">Blair</name_pob><ind_active type="tinyint"  label="Active">1</ind_active></row>
<row><id_poblacion type="int" >13553</id_poblacion><id_prov type="smallint" >2254</id_prov><name_pob type="varchar"  label="City">Hudson Fall</name_pob><ind_active type="tinyint"  label="Active">1</ind_active></row>
<row><id_poblacion type="int" >13554</id_poblacion><id_prov type="smallint" >2254</id_prov><name_pob type="varchar"  label="City">Bartlesvill</name_pob><ind_active type="tinyint"  label="Active">1</ind_active></row>
<row><id_poblacion type="int" >13556</id_poblacion><id_prov type="smallint" >2254</id_prov><name_pob type="varchar"  label="City">Potosi</name_pob><ind_active type="tinyint"  label="Active">1</ind_active></row>
<row><id_poblacion type="int" >13557</id_poblacion><id_prov type="smallint" >2254</id_prov><name_pob type="varchar"  label="City">Jonesboro</name_pob><ind_active type="tinyint"  label="Active">1</ind_active></row>
<row><id_poblacion type="int" >13558</id_poblacion><id_prov type="smallint" >2254</id_prov><name_pob type="varchar"  label="City">Marietta</name_pob><ind_active type="tinyint"  label="Active">1</ind_active></row>
<row><id_poblacion type="int" >13559</id_poblacion><id_prov type="smallint" >2254</id_prov><name_pob type="varchar"  label="City">Saint Georg</name_pob><ind_active type="tinyint"  label="Active">1</ind_active></row>
<row><id_poblacion type="int" >13560</id_poblacion><id_prov type="smallint" >2254</id_prov><name_pob type="varchar"  label="City">Abingdon</name_pob><ind_active type="tinyint"  label="Active">1</ind_active></row>
<row><id_poblacion type="int" >13561</id_poblacion><id_prov type="smallint" >2254</id_prov><name_pob type="varchar"  label="City">Montpelier</name_pob><ind_active type="tinyint"  label="Active">1</ind_active></row>
<row><id_poblacion type="int" >13562</id_poblacion><id_prov type="smallint" >2254</id_prov><name_pob type="varchar"  label="City">West Bend</name_pob><ind_active type="tinyint"  label="Active">1</ind_active></row>
<row><id_poblacion type="int" >13563</id_poblacion><id_prov type="smallint" >2254</id_prov><name_pob type="varchar"  label="City">Wakefield</name_pob><ind_active type="tinyint"  label="Active">1</ind_active></row>
<row><id_poblacion type="int" >13564</id_poblacion><id_prov type="smallint" >2254</id_prov><name_pob type="varchar"  label="City">Salem</name_pob><ind_active type="tinyint"  label="Active">1</ind_active></row>
<row><id_poblacion type="int" >13565</id_poblacion><id_prov type="smallint" >2254</id_prov><name_pob type="varchar"  label="City">Fayettevill</name_pob><ind_active type="tinyint"  label="Active">1</ind_active></row>
<row><id_poblacion type="int" >13566</id_poblacion><id_prov type="smallint" >2254</id_prov><name_pob type="varchar"  label="City">Akron</name_pob><ind_active type="tinyint"  label="Active">1</ind_active></row>
<row><id_poblacion type="int" >13567</id_poblacion><id_prov type="smallint" >2254</id_prov><name_pob type="varchar"  label="City">Chipley</name_pob><ind_active type="tinyint"  label="Active">1</ind_active></row>
<row><id_poblacion type="int" >13568</id_poblacion><id_prov type="smallint" >2254</id_prov><name_pob type="varchar"  label="City">Sandersvill</name_pob><ind_active type="tinyint"  label="Active">1</ind_active></row>
<row><id_poblacion type="int" >13570</id_poblacion><id_prov type="smallint" >2254</id_prov><name_pob type="varchar"  label="City">Stillwater</name_pob><ind_active type="tinyint"  label="Active">1</ind_active></row>
<row><id_poblacion type="int" >13571</id_poblacion><id_prov type="smallint" >2254</id_prov><name_pob type="varchar"  label="City">Nashville</name_pob><ind_active type="tinyint"  label="Active">1</ind_active></row>
<row><id_poblacion type="int" >13572</id_poblacion><id_prov type="smallint" >2254</id_prov><name_pob type="varchar"  label="City">Chatom</name_pob><ind_active type="tinyint"  label="Active">1</ind_active></row>
<row><id_poblacion type="int" >13574</id_poblacion><id_prov type="smallint" >2254</id_prov><name_pob type="varchar"  label="City">Hillsboro</name_pob><ind_active type="tinyint"  label="Active">1</ind_active></row>
<row><id_poblacion type="int" >13575</id_poblacion><id_prov type="smallint" >2254</id_prov><name_pob type="varchar"  label="City">Springfield</name_pob><ind_active type="tinyint"  label="Active">1</ind_active></row>
<row><id_poblacion type="int" >13576</id_poblacion><id_prov type="smallint" >2254</id_prov><name_pob type="varchar"  label="City">Franklinton</name_pob><ind_active type="tinyint"  label="Active">1</ind_active></row>
<row><id_poblacion type="int" >13577</id_poblacion><id_prov type="smallint" >2254</id_prov><name_pob type="varchar"  label="City">Hagerstown</name_pob><ind_active type="tinyint"  label="Active">1</ind_active></row>
<row><id_poblacion type="int" >13578</id_poblacion><id_prov type="smallint" >2254</id_prov><name_pob type="varchar"  label="City">Machias</name_pob><ind_active type="tinyint"  label="Active">1</ind_active></row>
<row><id_poblacion type="int" >13579</id_poblacion><id_prov type="smallint" >2254</id_prov><name_pob type="varchar"  label="City">Weiser</name_pob><ind_active type="tinyint"  label="Active">1</ind_active></row>
<row><id_poblacion type="int" >13580</id_poblacion><id_prov type="smallint" >2255</id_prov><name_pob type="varchar"  label="City">Beaufort</name_pob><ind_active type="tinyint"  label="Active">1</ind_active></row>
<row><id_poblacion type="int" >13581</id_poblacion><id_prov type="smallint" >2256</id_prov><name_pob type="varchar"  label="City">Elizabeth C</name_pob><ind_active type="tinyint"  label="Active">1</ind_active></row>
<row><id_poblacion type="int" >13582</id_poblacion><id_prov type="smallint" >2257</id_prov><name_pob type="varchar"  label="City">Bayboro</name_pob><ind_active type="tinyint"  label="Active">1</ind_active></row>
<row><id_poblacion type="int" >13583</id_poblacion><id_prov type="smallint" >2258</id_prov><name_pob type="varchar"  label="City">Hertford</name_pob><ind_active type="tinyint"  label="Active">1</ind_active></row>
<row><id_poblacion type="int" >13584</id_poblacion><id_prov type="smallint" >2259</id_prov><name_pob type="varchar"  label="City">Belvidere</name_pob><ind_active type="tinyint"  label="Active">1</ind_active></row>
<row><id_poblacion type="int" >13585</id_poblacion><id_prov type="smallint" >2259</id_prov><name_pob type="varchar"  label="City">McMinnville</name_pob><ind_active type="tinyint"  label="Active">1</ind_active></row>
<row><id_poblacion type="int" >13586</id_poblacion><id_prov type="smallint" >2259</id_prov><name_pob type="varchar"  label="City">Indianola</name_pob><ind_active type="tinyint"  label="Active">1</ind_active></row>
<row><id_poblacion type="int" >13587</id_poblacion><id_prov type="smallint" >2259</id_prov><name_pob type="varchar"  label="City">Warren</name_pob><ind_active type="tinyint"  label="Active">1</ind_active></row>
<row><id_poblacion type="int" >13588</id_poblacion><id_prov type="smallint" >2259</id_prov><name_pob type="varchar"  label="City">Front Royal</name_pob><ind_active type="tinyint"  label="Active">1</ind_active></row>
<row><id_poblacion type="int" >13589</id_poblacion><id_prov type="smallint" >2259</id_prov><name_pob type="varchar"  label="City">Lebanon</name_pob><ind_active type="tinyint"  label="Active">1</ind_active></row>
<row><id_poblacion type="int" >13590</id_poblacion><id_prov type="smallint" >2259</id_prov><name_pob type="varchar"  label="City">Lake George</name_pob><ind_active type="tinyint"  label="Active">1</ind_active></row>
<row><id_poblacion type="int" >13592</id_poblacion><id_prov type="smallint" >2259</id_prov><name_pob type="varchar"  label="City">Vicksburg</name_pob><ind_active type="tinyint"  label="Active">1</ind_active></row>
<row><id_poblacion type="int" >13594</id_poblacion><id_prov type="smallint" >2259</id_prov><name_pob type="varchar"  label="City">Bowling Gre</name_pob><ind_active type="tinyint"  label="Active">1</ind_active></row>
<row><id_poblacion type="int" >13595</id_poblacion><id_prov type="smallint" >2259</id_prov><name_pob type="varchar"  label="City">Monmouth</name_pob><ind_active type="tinyint"  label="Active">1</ind_active></row>
<row><id_poblacion type="int" >13597</id_poblacion><id_prov type="smallint" >2259</id_prov><name_pob type="varchar"  label="City">Williamspor</name_pob><ind_active type="tinyint"  label="Active">1</ind_active></row>
<row><id_poblacion type="int" >13598</id_poblacion><id_prov type="smallint" >2260</id_prov><name_pob type="varchar"  label="City">Durham</name_pob><ind_active type="tinyint"  label="Active">1</ind_active></row>
<row><id_poblacion type="int" >13599</id_poblacion><id_prov type="smallint" >2261</id_prov><name_pob type="varchar"  label="City">Kenansville</name_pob><ind_active type="tinyint"  label="Active">1</ind_active></row>
<row><id_poblacion type="int" >13600</id_poblacion><id_prov type="smallint" >2262</id_prov><name_pob type="varchar"  label="City">Memphis</name_pob><ind_active type="tinyint"  label="Active">1</ind_active></row>
<row><id_poblacion type="int" >13601</id_poblacion><id_prov type="smallint" >2262</id_prov><name_pob type="varchar"  label="City">Laurinburg</name_pob><ind_active type="tinyint"  label="Active">1</ind_active></row>
<row><id_poblacion type="int" >13602</id_poblacion><id_prov type="smallint" >2263</id_prov><name_pob type="varchar"  label="City">Savannah</name_pob><ind_active type="tinyint"  label="Active">1</ind_active></row>
<row><id_poblacion type="int" >13603</id_poblacion><id_prov type="smallint" >2263</id_prov><name_pob type="varchar"  label="City">Pittsboro</name_pob><ind_active type="tinyint"  label="Active">1</ind_active></row>
<row><id_poblacion type="int" >13604</id_poblacion><id_prov type="smallint" >2264</id_prov><name_pob type="varchar"  label="City">Gray</name_pob><ind_active type="tinyint"  label="Active">1</ind_active></row>
<row><id_poblacion type="int" >13605</id_poblacion><id_prov type="smallint" >2264</id_prov><name_pob type="varchar"  label="City">Anamosa</name_pob><ind_active type="tinyint"  label="Active">1</ind_active></row>
<row><id_poblacion type="int" >13606</id_poblacion><id_prov type="smallint" >2264</id_prov><name_pob type="varchar"  label="City">Ellisville</name_pob><ind_active type="tinyint"  label="Active">1</ind_active></row>
<row><id_poblacion type="int" >13607</id_poblacion><id_prov type="smallint" >2264</id_prov><name_pob type="varchar"  label="City">Trenton</name_pob><ind_active type="tinyint"  label="Active">1</ind_active></row>
<row><id_poblacion type="int" >13608</id_poblacion><id_prov type="smallint" >2264</id_prov><name_pob type="varchar"  label="City">Murdo</name_pob><ind_active type="tinyint"  label="Active">1</ind_active></row>
<row><id_poblacion type="int" >13609</id_poblacion><id_prov type="smallint" >2264</id_prov><name_pob type="varchar"  label="City">Anson</name_pob><ind_active type="tinyint"  label="Active">1</ind_active></row>
<row><id_poblacion type="int" >13610</id_poblacion><id_prov type="smallint" >2265</id_prov><name_pob type="varchar"  label="City">Charlotte</name_pob><ind_active type="tinyint"  label="Active">1</ind_active></row>
<row><id_poblacion type="int" >13611</id_poblacion><id_prov type="smallint" >2265</id_prov><name_pob type="varchar"  label="City">Boydton</name_pob><ind_active type="tinyint"  label="Active">1</ind_active></row>
<row><id_poblacion type="int" >13612</id_poblacion><id_prov type="smallint" >2266</id_prov><name_pob type="varchar"  label="City">Halifax</name_pob><ind_active type="tinyint"  label="Active">1</ind_active></row>
<row><id_poblacion type="int" >13614</id_poblacion><id_prov type="smallint" >2267</id_prov><name_pob type="varchar"  label="City">Edenton</name_pob><ind_active type="tinyint"  label="Active">1</ind_active></row>
<row><id_poblacion type="int" >13615</id_poblacion><id_prov type="smallint" >2268</id_prov><name_pob type="varchar"  label="City">Windsor</name_pob><ind_active type="tinyint"  label="Active">1</ind_active></row>
<row><id_poblacion type="int" >13616</id_poblacion><id_prov type="smallint" >2269</id_prov><name_pob type="varchar"  label="City">Rison</name_pob><ind_active type="tinyint"  label="Active">1</ind_active></row>
<row><id_poblacion type="int" >13617</id_poblacion><id_prov type="smallint" >2269</id_prov><name_pob type="varchar"  label="City">Shelby</name_pob><ind_active type="tinyint"  label="Active">1</ind_active></row>
<row><id_poblacion type="int" >13618</id_poblacion><id_prov type="smallint" >2269</id_prov><name_pob type="varchar"  label="City">Norman</name_pob><ind_active type="tinyint"  label="Active">1</ind_active></row>
<row><id_poblacion type="int" >13619</id_poblacion><id_prov type="smallint" >2270</id_prov><name_pob type="varchar"  label="City">Marion</name_pob><ind_active type="tinyint"  label="Active">1</ind_active></row>
<row><id_poblacion type="int" >13620</id_poblacion><id_prov type="smallint" >2270</id_prov><name_pob type="varchar"  label="City">Welch</name_pob><ind_active type="tinyint"  label="Active">1</ind_active></row>
<row><id_poblacion type="int" >13621</id_poblacion><id_prov type="smallint" >2271</id_prov><name_pob type="varchar"  label="City">Bolivia</name_pob><ind_active type="tinyint"  label="Active">1</ind_active></row>
<row><id_poblacion type="int" >13622</id_poblacion><id_prov type="smallint" >2271</id_prov><name_pob type="varchar"  label="City">Lawrencevil</name_pob><ind_active type="tinyint"  label="Active">1</ind_active></row>
<row><id_poblacion type="int" >13623</id_poblacion><id_prov type="smallint" >2272</id_prov><name_pob type="varchar"  label="City">Huntsville</name_pob><ind_active type="tinyint"  label="Active">1</ind_active></row>
<row><id_poblacion type="int" >13624</id_poblacion><id_prov type="smallint" >2272</id_prov><name_pob type="varchar"  label="City">Elkins</name_pob><ind_active type="tinyint"  label="Active">1</ind_active></row>
<row><id_poblacion type="int" >13625</id_poblacion><id_prov type="smallint" >2272</id_prov><name_pob type="varchar"  label="City">Winchester</name_pob><ind_active type="tinyint"  label="Active">1</ind_active></row>
<row><id_poblacion type="int" >13626</id_poblacion><id_prov type="smallint" >2272</id_prov><name_pob type="varchar"  label="City">Asheboro</name_pob><ind_active type="tinyint"  label="Active">1</ind_active></row>
<row><id_poblacion type="int" >13627</id_poblacion><id_prov type="smallint" >2272</id_prov><name_pob type="varchar"  label="City">Cuthbert</name_pob><ind_active type="tinyint"  label="Active">1</ind_active></row>
<row><id_poblacion type="int" >13628</id_poblacion><id_prov type="smallint" >2272</id_prov><name_pob type="varchar"  label="City">Pocahontas</name_pob><ind_active type="tinyint"  label="Active">1</ind_active></row>
<row><id_poblacion type="int" >13629</id_poblacion><id_prov type="smallint" >2272</id_prov><name_pob type="varchar"  label="City">Wedowee</name_pob><ind_active type="tinyint"  label="Active">1</ind_active></row>
<row><id_poblacion type="int" >13630</id_poblacion><id_prov type="smallint" >2272</id_prov><name_pob type="varchar"  label="City">Chester</name_pob><ind_active type="tinyint"  label="Active">1</ind_active></row>
<row><id_poblacion type="int" >13631</id_poblacion><id_prov type="smallint" >2273</id_prov><name_pob type="varchar"  label="City">Greensboro</name_pob><ind_active type="tinyint"  label="Active">1</ind_active></row>
<row><id_poblacion type="int" >13632</id_poblacion><id_prov type="smallint" >2274</id_prov><name_pob type="varchar"  label="City">Sparta</name_pob><ind_active type="tinyint"  label="Active">1</ind_active></row>
<row><id_poblacion type="int" >13633</id_poblacion><id_prov type="smallint" >2274</id_prov><name_pob type="varchar"  label="City">Covington</name_pob><ind_active type="tinyint"  label="Active">1</ind_active></row>
<row><id_poblacion type="int" >13634</id_poblacion><id_prov type="smallint" >2275</id_prov><name_pob type="varchar"  label="City">Bolivar</name_pob><ind_active type="tinyint"  label="Active">1</ind_active></row>
<row><id_poblacion type="int" >13635</id_poblacion><id_prov type="smallint" >2275</id_prov><name_pob type="varchar"  label="City">Balsam Lake</name_pob><ind_active type="tinyint"  label="Active">1</ind_active></row>
<row><id_poblacion type="int" >13636</id_poblacion><id_prov type="smallint" >2275</id_prov><name_pob type="varchar"  label="City">Livingston</name_pob><ind_active type="tinyint"  label="Active">1</ind_active></row>
<row><id_poblacion type="int" >13637</id_poblacion><id_prov type="smallint" >2275</id_prov><name_pob type="varchar"  label="City">Benton</name_pob><ind_active type="tinyint"  label="Active">1</ind_active></row>
<row><id_poblacion type="int" >13638</id_poblacion><id_prov type="smallint" >2275</id_prov><name_pob type="varchar"  label="City">Dallas</name_pob><ind_active type="tinyint"  label="Active">1</ind_active></row>
<row><id_poblacion type="int" >13639</id_poblacion><id_prov type="smallint" >2275</id_prov><name_pob type="varchar"  label="City">Columbus</name_pob><ind_active type="tinyint"  label="Active">1</ind_active></row>
<row><id_poblacion type="int" >13640</id_poblacion><id_prov type="smallint" >2275</id_prov><name_pob type="varchar"  label="City">Crookston</name_pob><ind_active type="tinyint"  label="Active">1</ind_active></row>
<row><id_poblacion type="int" >13641</id_poblacion><id_prov type="smallint" >2275</id_prov><name_pob type="varchar"  label="City">Des Moines</name_pob><ind_active type="tinyint"  label="Active">1</ind_active></row>
<row><id_poblacion type="int" >13642</id_poblacion><id_prov type="smallint" >2275</id_prov><name_pob type="varchar"  label="City">Cedartown</name_pob><ind_active type="tinyint"  label="Active">1</ind_active></row>
<row><id_poblacion type="int" >13643</id_poblacion><id_prov type="smallint" >2275</id_prov><name_pob type="varchar"  label="City">Bartow</name_pob><ind_active type="tinyint"  label="Active">1</ind_active></row>
<row><id_poblacion type="int" >13644</id_poblacion><id_prov type="smallint" >2275</id_prov><name_pob type="varchar"  label="City">Mena</name_pob><ind_active type="tinyint"  label="Active">1</ind_active></row>
<row><id_poblacion type="int" >13645</id_poblacion><id_prov type="smallint" >2275</id_prov><name_pob type="varchar"  label="City">Osceola</name_pob><ind_active type="tinyint"  label="Active">1</ind_active></row>
<row><id_poblacion type="int" >13646</id_poblacion><id_prov type="smallint" >2276</id_prov><name_pob type="varchar"  label="City">Williamston</name_pob><ind_active type="tinyint"  label="Active">1</ind_active></row>
<row><id_poblacion type="int" >13647</id_poblacion><id_prov type="smallint" >2276</id_prov><name_pob type="varchar"  label="City">Stanton</name_pob><ind_active type="tinyint"  label="Active">1</ind_active></row>
<row><id_poblacion type="int" >13648</id_poblacion><id_prov type="smallint" >2276</id_prov><name_pob type="varchar"  label="City">Fairmont</name_pob><ind_active type="tinyint"  label="Active">1</ind_active></row>
<row><id_poblacion type="int" >13649</id_poblacion><id_prov type="smallint" >2276</id_prov><name_pob type="varchar"  label="City">Inez</name_pob><ind_active type="tinyint"  label="Active">1</ind_active></row>
<row><id_poblacion type="int" >13650</id_poblacion><id_prov type="smallint" >2276</id_prov><name_pob type="varchar"  label="City">Shoals</name_pob><ind_active type="tinyint"  label="Active">1</ind_active></row>
<row><id_poblacion type="int" >13651</id_poblacion><id_prov type="smallint" >2276</id_prov><name_pob type="varchar"  label="City">Stuart</name_pob><ind_active type="tinyint"  label="Active">1</ind_active></row>
<row><id_poblacion type="int" >13652</id_poblacion><id_prov type="smallint" >2277</id_prov><name_pob type="varchar"  label="City">Elizabethto</name_pob><ind_active type="tinyint"  label="Active">1</ind_active></row>
<row><id_poblacion type="int" >13653</id_poblacion><id_prov type="smallint" >2278</id_prov><name_pob type="varchar"  label="City">Rutherfordt</name_pob><ind_active type="tinyint"  label="Active">1</ind_active></row>
<row><id_poblacion type="int" >13654</id_poblacion><id_prov type="smallint" >2278</id_prov><name_pob type="varchar"  label="City">Murfreesbor</name_pob><ind_active type="tinyint"  label="Active">1</ind_active></row>
<row><id_poblacion type="int" >13655</id_poblacion><id_prov type="smallint" >2279</id_prov><name_pob type="varchar"  label="City">Richmond</name_pob><ind_active type="tinyint"  label="Active">1</ind_active></row>
<row><id_poblacion type="int" >13656</id_poblacion><id_prov type="smallint" >2279</id_prov><name_pob type="varchar"  label="City">Warsaw</name_pob><ind_active type="tinyint"  label="Active">1</ind_active></row>
<row><id_poblacion type="int" >13657</id_poblacion><id_prov type="smallint" >2279</id_prov><name_pob type="varchar"  label="City">Saint Georg</name_pob><ind_active type="tinyint"  label="Active">1</ind_active></row>
<row><id_poblacion type="int" >13658</id_poblacion><id_prov type="smallint" >2279</id_prov><name_pob type="varchar"  label="City">Augusta</name_pob><ind_active type="tinyint"  label="Active">1</ind_active></row>
<row><id_poblacion type="int" >13659</id_poblacion><id_prov type="smallint" >2279</id_prov><name_pob type="varchar"  label="City">Rockingham</name_pob><ind_active type="tinyint"  label="Active">1</ind_active></row>
<row><id_poblacion type="int" >13660</id_poblacion><id_prov type="smallint" >2280</id_prov><name_pob type="varchar"  label="City">Washington</name_pob><ind_active type="tinyint"  label="Active">1</ind_active></row>
<row><id_poblacion type="int" >13661</id_poblacion><id_prov type="smallint" >2280</id_prov><name_pob type="varchar"  label="City">Beaufort</name_pob><ind_active type="tinyint"  label="Active">1</ind_active></row>
<row><id_poblacion type="int" >13662</id_poblacion><id_prov type="smallint" >2281</id_prov><name_pob type="varchar"  label="City">Smithfield</name_pob><ind_active type="tinyint"  label="Active">1</ind_active></row>
<row><id_poblacion type="int" >13663</id_poblacion><id_prov type="smallint" >2281</id_prov><name_pob type="varchar"  label="City">Tishomingo</name_pob><ind_active type="tinyint"  label="Active">1</ind_active></row>
<row><id_poblacion type="int" >13664</id_poblacion><id_prov type="smallint" >2282</id_prov><name_pob type="varchar"  label="City">Cumming</name_pob><ind_active type="tinyint"  label="Active">1</ind_active></row>
<row><id_poblacion type="int" >13665</id_poblacion><id_prov type="smallint" >2282</id_prov><name_pob type="varchar"  label="City">Winston-Sal</name_pob><ind_active type="tinyint"  label="Active">1</ind_active></row>
<row><id_poblacion type="int" >13666</id_poblacion><id_prov type="smallint" >2283</id_prov><name_pob type="varchar"  label="City">Cairo</name_pob><ind_active type="tinyint"  label="Active">1</ind_active></row>
<row><id_poblacion type="int" >13667</id_poblacion><id_prov type="smallint" >2283</id_prov><name_pob type="varchar"  label="City">Taylorsvill</name_pob><ind_active type="tinyint"  label="Active">1</ind_active></row>
<row><id_poblacion type="int" >13668</id_poblacion><id_prov type="smallint" >2284</id_prov><name_pob type="varchar"  label="City">Asheville</name_pob><ind_active type="tinyint"  label="Active">1</ind_active></row>
<row><id_poblacion type="int" >13669</id_poblacion><id_prov type="smallint" >2285</id_prov><name_pob type="varchar"  label="City">Bowbells</name_pob><ind_active type="tinyint"  label="Active">1</ind_active></row>
<row><id_poblacion type="int" >13670</id_poblacion><id_prov type="smallint" >2285</id_prov><name_pob type="varchar"  label="City">Waynesboro</name_pob><ind_active type="tinyint"  label="Active">1</ind_active></row>
<row><id_poblacion type="int" >13671</id_poblacion><id_prov type="smallint" >2285</id_prov><name_pob type="varchar"  label="City">Morganton</name_pob><ind_active type="tinyint"  label="Active">1</ind_active></row>
<row><id_poblacion type="int" >13672</id_poblacion><id_prov type="smallint" >2286</id_prov><name_pob type="varchar"  label="City">Snow Hill</name_pob><ind_active type="tinyint"  label="Active">1</ind_active></row>
<row><id_poblacion type="int" >13673</id_poblacion><id_prov type="smallint" >2286</id_prov><name_pob type="varchar"  label="City">Stanardsvil</name_pob><ind_active type="tinyint"  label="Active">1</ind_active></row>
<row><id_poblacion type="int" >13674</id_poblacion><id_prov type="smallint" >2286</id_prov><name_pob type="varchar"  label="City">Eutaw</name_pob><ind_active type="tinyint"  label="Active">1</ind_active></row>
<row><id_poblacion type="int" >13675</id_poblacion><id_prov type="smallint" >2286</id_prov><name_pob type="varchar"  label="City">Greeneville</name_pob><ind_active type="tinyint"  label="Active">1</ind_active></row>
<row><id_poblacion type="int" >13676</id_poblacion><id_prov type="smallint" >2286</id_prov><name_pob type="varchar"  label="City">Waynesburg</name_pob><ind_active type="tinyint"  label="Active">1</ind_active></row>
<row><id_poblacion type="int" >13677</id_poblacion><id_prov type="smallint" >2286</id_prov><name_pob type="varchar"  label="City">Xenia</name_pob><ind_active type="tinyint"  label="Active">1</ind_active></row>
<row><id_poblacion type="int" >13678</id_poblacion><id_prov type="smallint" >2286</id_prov><name_pob type="varchar"  label="City">Catskill</name_pob><ind_active type="tinyint"  label="Active">1</ind_active></row>
<row><id_poblacion type="int" >13679</id_poblacion><id_prov type="smallint" >2286</id_prov><name_pob type="varchar"  label="City">Springfield</name_pob><ind_active type="tinyint"  label="Active">1</ind_active></row>
<row><id_poblacion type="int" >13680</id_poblacion><id_prov type="smallint" >2286</id_prov><name_pob type="varchar"  label="City">Bloomfield</name_pob><ind_active type="tinyint"  label="Active">1</ind_active></row>
<row><id_poblacion type="int" >13681</id_poblacion><id_prov type="smallint" >2286</id_prov><name_pob type="varchar"  label="City">Carrollton</name_pob><ind_active type="tinyint"  label="Active">1</ind_active></row>
<row><id_poblacion type="int" >13682</id_poblacion><id_prov type="smallint" >2286</id_prov><name_pob type="varchar"  label="City">Jefferson</name_pob><ind_active type="tinyint"  label="Active">1</ind_active></row>
<row><id_poblacion type="int" >13683</id_poblacion><id_prov type="smallint" >2286</id_prov><name_pob type="varchar"  label="City">Paragould</name_pob><ind_active type="tinyint"  label="Active">1</ind_active></row>
<row><id_poblacion type="int" >13684</id_poblacion><id_prov type="smallint" >2286</id_prov><name_pob type="varchar"  label="City">Greensboro</name_pob><ind_active type="tinyint"  label="Active">1</ind_active></row>
<row><id_poblacion type="int" >13685</id_poblacion><id_prov type="smallint" >2286</id_prov><name_pob type="varchar"  label="City">Leakesville</name_pob><ind_active type="tinyint"  label="Active">1</ind_active></row>
<row><id_poblacion type="int" >13686</id_poblacion><id_prov type="smallint" >2287</id_prov><name_pob type="varchar"  label="City">Lumberton</name_pob><ind_active type="tinyint"  label="Active">1</ind_active></row>
<row><id_poblacion type="int" >13687</id_poblacion><id_prov type="smallint" >2288</id_prov><name_pob type="varchar"  label="City">Wentworth</name_pob><ind_active type="tinyint"  label="Active">1</ind_active></row>
<row><id_poblacion type="int" >13688</id_poblacion><id_prov type="smallint" >2288</id_prov><name_pob type="varchar"  label="City">Exeter</name_pob><ind_active type="tinyint"  label="Active">1</ind_active></row>
<row><id_poblacion type="int" >13689</id_poblacion><id_prov type="smallint" >2288</id_prov><name_pob type="varchar"  label="City">Harrisonbur</name_pob><ind_active type="tinyint"  label="Active">1</ind_active></row>
<row><id_poblacion type="int" >13690</id_poblacion><id_prov type="smallint" >2289</id_prov><name_pob type="varchar"  label="City">Roxboro</name_pob><ind_active type="tinyint"  label="Active">1</ind_active></row>
<row><id_poblacion type="int" >13691</id_poblacion><id_prov type="smallint" >2290</id_prov><name_pob type="varchar"  label="City">Wilkesboro</name_pob><ind_active type="tinyint"  label="Active">1</ind_active></row>
<row><id_poblacion type="int" >13692</id_poblacion><id_prov type="smallint" >2290</id_prov><name_pob type="varchar"  label="City">Washington</name_pob><ind_active type="tinyint"  label="Active">1</ind_active></row>
<row><id_poblacion type="int" >13693</id_poblacion><id_prov type="smallint" >2291</id_prov><name_pob type="varchar"  label="City">Whiteville</name_pob><ind_active type="tinyint"  label="Active">1</ind_active></row>
<row><id_poblacion type="int" >13694</id_poblacion><id_prov type="smallint" >2292</id_prov><name_pob type="varchar"  label="City">Salisbury</name_pob><ind_active type="tinyint"  label="Active">1</ind_active></row>
<row><id_poblacion type="int" >13695</id_poblacion><id_prov type="smallint" >2292</id_prov><name_pob type="varchar"  label="City">Morehead</name_pob><ind_active type="tinyint"  label="Active">1</ind_active></row>
<row><id_poblacion type="int" >13696</id_poblacion><id_prov type="smallint" >2293</id_prov><name_pob type="varchar"  label="City">Greenville</name_pob><ind_active type="tinyint"  label="Active">1</ind_active></row>
<row><id_poblacion type="int" >13697</id_poblacion><id_prov type="smallint" >2294</id_prov><name_pob type="varchar"  label="City">Currituck</name_pob><ind_active type="tinyint"  label="Active">1</ind_active></row>
<row><id_poblacion type="int" >13698</id_poblacion><id_prov type="smallint" >2295</id_prov><name_pob type="varchar"  label="City">Kinston</name_pob><ind_active type="tinyint"  label="Active">1</ind_active></row>
<row><id_poblacion type="int" >13699</id_poblacion><id_prov type="smallint" >2296</id_prov><name_pob type="varchar"  label="City">Wilmington</name_pob><ind_active type="tinyint"  label="Active">1</ind_active></row>
<row><id_poblacion type="int" >13700</id_poblacion><id_prov type="smallint" >2297</id_prov><name_pob type="varchar"  label="City">Newland</name_pob><ind_active type="tinyint"  label="Active">1</ind_active></row>
<row><id_poblacion type="int" >13701</id_poblacion><id_prov type="smallint" >2298</id_prov><name_pob type="varchar"  label="City">Wadesboro</name_pob><ind_active type="tinyint"  label="Active">1</ind_active></row>
<row><id_poblacion type="int" >13703</id_poblacion><id_prov type="smallint" >2299</id_prov><name_pob type="varchar"  label="City">Rockville</name_pob><ind_active type="tinyint"  label="Active">1</ind_active></row>
<row><id_poblacion type="int" >13704</id_poblacion><id_prov type="smallint" >2299</id_prov><name_pob type="varchar"  label="City">Christiansb</name_pob><ind_active type="tinyint"  label="Active">1</ind_active></row>
<row><id_poblacion type="int" >13705</id_poblacion><id_prov type="smallint" >2299</id_prov><name_pob type="varchar"  label="City">Conroe</name_pob><ind_active type="tinyint"  label="Active">1</ind_active></row>
<row><id_poblacion type="int" >13706</id_poblacion><id_prov type="smallint" >2299</id_prov><name_pob type="varchar"  label="City">Clarksville</name_pob><ind_active type="tinyint"  label="Active">1</ind_active></row>
<row><id_poblacion type="int" >13707</id_poblacion><id_prov type="smallint" >2299</id_prov><name_pob type="varchar"  label="City">Norristown</name_pob><ind_active type="tinyint"  label="Active">1</ind_active></row>
<row><id_poblacion type="int" >13708</id_poblacion><id_prov type="smallint" >2299</id_prov><name_pob type="varchar"  label="City">Dayton</name_pob><ind_active type="tinyint"  label="Active">1</ind_active></row>
<row><id_poblacion type="int" >13709</id_poblacion><id_prov type="smallint" >2299</id_prov><name_pob type="varchar"  label="City">Fonda</name_pob><ind_active type="tinyint"  label="Active">1</ind_active></row>
<row><id_poblacion type="int" >13710</id_poblacion><id_prov type="smallint" >2299</id_prov><name_pob type="varchar"  label="City">Troy</name_pob><ind_active type="tinyint"  label="Active">1</ind_active></row>
<row><id_poblacion type="int" >13712</id_poblacion><id_prov type="smallint" >2299</id_prov><name_pob type="varchar"  label="City">Mount Sterl</name_pob><ind_active type="tinyint"  label="Active">1</ind_active></row>
<row><id_poblacion type="int" >13713</id_poblacion><id_prov type="smallint" >2299</id_prov><name_pob type="varchar"  label="City">Independenc</name_pob><ind_active type="tinyint"  label="Active">1</ind_active></row>
<row><id_poblacion type="int" >13714</id_poblacion><id_prov type="smallint" >2299</id_prov><name_pob type="varchar"  label="City">Crawfordsvi</name_pob><ind_active type="tinyint"  label="Active">1</ind_active></row>
<row><id_poblacion type="int" >13715</id_poblacion><id_prov type="smallint" >2299</id_prov><name_pob type="varchar"  label="City">Hillsboro</name_pob><ind_active type="tinyint"  label="Active">1</ind_active></row>
<row><id_poblacion type="int" >13716</id_poblacion><id_prov type="smallint" >2299</id_prov><name_pob type="varchar"  label="City">Red Oak</name_pob><ind_active type="tinyint"  label="Active">1</ind_active></row>
<row><id_poblacion type="int" >13717</id_poblacion><id_prov type="smallint" >2299</id_prov><name_pob type="varchar"  label="City">Mount Verno</name_pob><ind_active type="tinyint"  label="Active">1</ind_active></row>
<row><id_poblacion type="int" >13718</id_poblacion><id_prov type="smallint" >2299</id_prov><name_pob type="varchar"  label="City">Mount Ida</name_pob><ind_active type="tinyint"  label="Active">1</ind_active></row>
<row><id_poblacion type="int" >13719</id_poblacion><id_prov type="smallint" >2299</id_prov><name_pob type="varchar"  label="City">Winona</name_pob><ind_active type="tinyint"  label="Active">1</ind_active></row>
<row><id_poblacion type="int" >13720</id_poblacion><id_prov type="smallint" >2300</id_prov><name_pob type="varchar"  label="City">Dobson</name_pob><ind_active type="tinyint"  label="Active">1</ind_active></row>
<row><id_poblacion type="int" >13721</id_poblacion><id_prov type="smallint" >2300</id_prov><name_pob type="varchar"  label="City">Surry</name_pob><ind_active type="tinyint"  label="Active">1</ind_active></row>
<row><id_poblacion type="int" >13722</id_poblacion><id_prov type="smallint" >2301</id_prov><name_pob type="varchar"  label="City">Wilson</name_pob><ind_active type="tinyint"  label="Active">1</ind_active></row>
<row><id_poblacion type="int" >13723</id_poblacion><id_prov type="smallint" >2301</id_prov><name_pob type="varchar"  label="City">Floresville</name_pob><ind_active type="tinyint"  label="Active">1</ind_active></row>
<row><id_poblacion type="int" >13724</id_poblacion><id_prov type="smallint" >2301</id_prov><name_pob type="varchar"  label="City">Lebanon</name_pob><ind_active type="tinyint"  label="Active">1</ind_active></row>
<row><id_poblacion type="int" >13725</id_poblacion><id_prov type="smallint" >2301</id_prov><name_pob type="varchar"  label="City">Fredonia</name_pob><ind_active type="tinyint"  label="Active">1</ind_active></row>
<row><id_poblacion type="int" >13726</id_poblacion><id_prov type="smallint" >2302</id_prov><name_pob type="varchar"  label="City">Winton</name_pob><ind_active type="tinyint"  label="Active">1</ind_active></row>
<row><id_poblacion type="int" >13727</id_poblacion><id_prov type="smallint" >2303</id_prov><name_pob type="varchar"  label="City">Oxford</name_pob><ind_active type="tinyint"  label="Active">1</ind_active></row>
<row><id_poblacion type="int" >13728</id_poblacion><id_prov type="smallint" >2304</id_prov><name_pob type="varchar"  label="City">Dixon</name_pob><ind_active type="tinyint"  label="Active">1</ind_active></row>
<row><id_poblacion type="int" >13729</id_poblacion><id_prov type="smallint" >2304</id_prov><name_pob type="varchar"  label="City">Sanford</name_pob><ind_active type="tinyint"  label="Active">1</ind_active></row>
<row><id_poblacion type="int" >13730</id_poblacion><id_prov type="smallint" >2304</id_prov><name_pob type="varchar"  label="City">Jonesville</name_pob><ind_active type="tinyint"  label="Active">1</ind_active></row>
<row><id_poblacion type="int" >13731</id_poblacion><id_prov type="smallint" >2304</id_prov><name_pob type="varchar"  label="City">Giddings</name_pob><ind_active type="tinyint"  label="Active">1</ind_active></row>
<row><id_poblacion type="int" >13732</id_poblacion><id_prov type="smallint" >2304</id_prov><name_pob type="varchar"  label="City">Bishopville</name_pob><ind_active type="tinyint"  label="Active">1</ind_active></row>
<row><id_poblacion type="int" >13733</id_poblacion><id_prov type="smallint" >2304</id_prov><name_pob type="varchar"  label="City">Beattyville</name_pob><ind_active type="tinyint"  label="Active">1</ind_active></row>
<row><id_poblacion type="int" >13734</id_poblacion><id_prov type="smallint" >2304</id_prov><name_pob type="varchar"  label="City">Opelika</name_pob><ind_active type="tinyint"  label="Active">1</ind_active></row>
<row><id_poblacion type="int" >13735</id_poblacion><id_prov type="smallint" >2304</id_prov><name_pob type="varchar"  label="City">Fort Madiso</name_pob><ind_active type="tinyint"  label="Active">1</ind_active></row>
<row><id_poblacion type="int" >13736</id_poblacion><id_prov type="smallint" >2304</id_prov><name_pob type="varchar"  label="City">Leesburg</name_pob><ind_active type="tinyint"  label="Active">1</ind_active></row>
<row><id_poblacion type="int" >13737</id_poblacion><id_prov type="smallint" >2304</id_prov><name_pob type="varchar"  label="City">Fort Myers</name_pob><ind_active type="tinyint"  label="Active">1</ind_active></row>
<row><id_poblacion type="int" >13738</id_poblacion><id_prov type="smallint" >2304</id_prov><name_pob type="varchar"  label="City">Tupelo</name_pob><ind_active type="tinyint"  label="Active">1</ind_active></row>
<row><id_poblacion type="int" >13739</id_poblacion><id_prov type="smallint" >2304</id_prov><name_pob type="varchar"  label="City">Marianna</name_pob><ind_active type="tinyint"  label="Active">1</ind_active></row>
<row><id_poblacion type="int" >13740</id_poblacion><id_prov type="smallint" >2305</id_prov><name_pob type="varchar"  label="City">Swanquarter</name_pob><ind_active type="tinyint"  label="Active">1</ind_active></row>
<row><id_poblacion type="int" >13741</id_poblacion><id_prov type="smallint" >2305</id_prov><name_pob type="varchar"  label="City">Highmore</name_pob><ind_active type="tinyint"  label="Active">1</ind_active></row>
<row><id_poblacion type="int" >13742</id_poblacion><id_prov type="smallint" >2306</id_prov><name_pob type="varchar"  label="City">Bryson City</name_pob><ind_active type="tinyint"  label="Active">1</ind_active></row>
<row><id_poblacion type="int" >13743</id_poblacion><id_prov type="smallint" >2307</id_prov><name_pob type="varchar"  label="City">Raeford</name_pob><ind_active type="tinyint"  label="Active">1</ind_active></row>
<row><id_poblacion type="int" >13744</id_poblacion><id_prov type="smallint" >2308</id_prov><name_pob type="varchar"  label="City">Monroe</name_pob><ind_active type="tinyint"  label="Active">1</ind_active></row>
<row><id_poblacion type="int" >13745</id_poblacion><id_prov type="smallint" >2308</id_prov><name_pob type="varchar"  label="City">Maynardvill</name_pob><ind_active type="tinyint"  label="Active">1</ind_active></row>
<row><id_poblacion type="int" >13746</id_poblacion><id_prov type="smallint" >2308</id_prov><name_pob type="varchar"  label="City">Elk Point</name_pob><ind_active type="tinyint"  label="Active">1</ind_active></row>
<row><id_poblacion type="int" >13747</id_poblacion><id_prov type="smallint" >2308</id_prov><name_pob type="varchar"  label="City">Union</name_pob><ind_active type="tinyint"  label="Active">1</ind_active></row>
<row><id_poblacion type="int" >13748</id_poblacion><id_prov type="smallint" >2308</id_prov><name_pob type="varchar"  label="City">Lewisburg</name_pob><ind_active type="tinyint"  label="Active">1</ind_active></row>
<row><id_poblacion type="int" >13749</id_poblacion><id_prov type="smallint" >2308</id_prov><name_pob type="varchar"  label="City">La Grande</name_pob><ind_active type="tinyint"  label="Active">1</ind_active></row>
<row><id_poblacion type="int" >13750</id_poblacion><id_prov type="smallint" >2308</id_prov><name_pob type="varchar"  label="City">Marysville</name_pob><ind_active type="tinyint"  label="Active">1</ind_active></row>
<row><id_poblacion type="int" >13751</id_poblacion><id_prov type="smallint" >2308</id_prov><name_pob type="varchar"  label="City">Elizabeth</name_pob><ind_active type="tinyint"  label="Active">1</ind_active></row>
<row><id_poblacion type="int" >13752</id_poblacion><id_prov type="smallint" >2308</id_prov><name_pob type="varchar"  label="City">New Albany</name_pob><ind_active type="tinyint"  label="Active">1</ind_active></row>
<row><id_poblacion type="int" >13753</id_poblacion><id_prov type="smallint" >2308</id_prov><name_pob type="varchar"  label="City">Farmerville</name_pob><ind_active type="tinyint"  label="Active">1</ind_active></row>
<row><id_poblacion type="int" >13754</id_poblacion><id_prov type="smallint" >2308</id_prov><name_pob type="varchar"  label="City">Morganfield</name_pob><ind_active type="tinyint"  label="Active">1</ind_active></row>
<row><id_poblacion type="int" >13755</id_poblacion><id_prov type="smallint" >2308</id_prov><name_pob type="varchar"  label="City">Liberty</name_pob><ind_active type="tinyint"  label="Active">1</ind_active></row>
<row><id_poblacion type="int" >13756</id_poblacion><id_prov type="smallint" >2308</id_prov><name_pob type="varchar"  label="City">Jonesboro</name_pob><ind_active type="tinyint"  label="Active">1</ind_active></row>
<row><id_poblacion type="int" >13757</id_poblacion><id_prov type="smallint" >2308</id_prov><name_pob type="varchar"  label="City">Creston</name_pob><ind_active type="tinyint"  label="Active">1</ind_active></row>
<row><id_poblacion type="int" >13758</id_poblacion><id_prov type="smallint" >2308</id_prov><name_pob type="varchar"  label="City">Blairsville</name_pob><ind_active type="tinyint"  label="Active">1</ind_active></row>
<row><id_poblacion type="int" >13759</id_poblacion><id_prov type="smallint" >2308</id_prov><name_pob type="varchar"  label="City">Lake Butler</name_pob><ind_active type="tinyint"  label="Active">1</ind_active></row>
<row><id_poblacion type="int" >13760</id_poblacion><id_prov type="smallint" >2308</id_prov><name_pob type="varchar"  label="City">El Dorado</name_pob><ind_active type="tinyint"  label="Active">1</ind_active></row>
<row><id_poblacion type="int" >13761</id_poblacion><id_prov type="smallint" >2308</id_prov><name_pob type="varchar"  label="City">Clayton</name_pob><ind_active type="tinyint"  label="Active">1</ind_active></row>
<row><id_poblacion type="int" >13762</id_poblacion><id_prov type="smallint" >2309</id_prov><name_pob type="varchar"  label="City">Gastonia</name_pob><ind_active type="tinyint"  label="Active">1</ind_active></row>
<row><id_poblacion type="int" >13763</id_poblacion><id_prov type="smallint" >2310</id_prov><name_pob type="varchar"  label="City">Henderson</name_pob><ind_active type="tinyint"  label="Active">1</ind_active></row>
<row><id_poblacion type="int" >13764</id_poblacion><id_prov type="smallint" >2311</id_prov><name_pob type="varchar"  label="City">Gatesville</name_pob><ind_active type="tinyint"  label="Active">1</ind_active></row>
<row><id_poblacion type="int" >13765</id_poblacion><id_prov type="smallint" >2312</id_prov><name_pob type="varchar"  label="City">Carthage</name_pob><ind_active type="tinyint"  label="Active">1</ind_active></row>
<row><id_poblacion type="int" >13766</id_poblacion><id_prov type="smallint" >2312</id_prov><name_pob type="varchar"  label="City">Lynchburg</name_pob><ind_active type="tinyint"  label="Active">1</ind_active></row>
<row><id_poblacion type="int" >13767</id_poblacion><id_prov type="smallint" >2312</id_prov><name_pob type="varchar"  label="City">Dumas</name_pob><ind_active type="tinyint"  label="Active">1</ind_active></row>
<row><id_poblacion type="int" >13768</id_poblacion><id_prov type="smallint" >2313</id_prov><name_pob type="varchar"  label="City">Princeton</name_pob><ind_active type="tinyint"  label="Active">1</ind_active></row>
<row><id_poblacion type="int" >13769</id_poblacion><id_prov type="smallint" >2313</id_prov><name_pob type="varchar"  label="City">Columbia</name_pob><ind_active type="tinyint"  label="Active">1</ind_active></row>
<row><id_poblacion type="int" >13770</id_poblacion><id_prov type="smallint" >2313</id_prov><name_pob type="varchar"  label="City">Kingston</name_pob><ind_active type="tinyint"  label="Active">1</ind_active></row>
<row><id_poblacion type="int" >13771</id_poblacion><id_prov type="smallint" >2313</id_prov><name_pob type="varchar"  label="City">Lenoir</name_pob><ind_active type="tinyint"  label="Active">1</ind_active></row>
<row><id_poblacion type="int" >13772</id_poblacion><id_prov type="smallint" >2313</id_prov><name_pob type="varchar"  label="City">Lockhart</name_pob><ind_active type="tinyint"  label="Active">1</ind_active></row>
<row><id_poblacion type="int" >13774</id_poblacion><id_prov type="smallint" >2314</id_prov><name_pob type="varchar"  label="City">Edna</name_pob><ind_active type="tinyint"  label="Active">1</ind_active></row>
<row><id_poblacion type="int" >13775</id_poblacion><id_prov type="smallint" >2314</id_prov><name_pob type="varchar"  label="City">Gainesboro</name_pob><ind_active type="tinyint"  label="Active">1</ind_active></row>
<row><id_poblacion type="int" >13776</id_poblacion><id_prov type="smallint" >2314</id_prov><name_pob type="varchar"  label="City">Kadoka</name_pob><ind_active type="tinyint"  label="Active">1</ind_active></row>
<row><id_poblacion type="int" >13777</id_poblacion><id_prov type="smallint" >2314</id_prov><name_pob type="varchar"  label="City">Medford</name_pob><ind_active type="tinyint"  label="Active">1</ind_active></row>
<row><id_poblacion type="int" >13778</id_poblacion><id_prov type="smallint" >2314</id_prov><name_pob type="varchar"  label="City">Sylva</name_pob><ind_active type="tinyint"  label="Active">1</ind_active></row>
<row><id_poblacion type="int" >13780</id_poblacion><id_prov type="smallint" >2314</id_prov><name_pob type="varchar"  label="City">Ripley</name_pob><ind_active type="tinyint"  label="Active">1</ind_active></row>
<row><id_poblacion type="int" >13781</id_poblacion><id_prov type="smallint" >2314</id_prov><name_pob type="varchar"  label="City">Pascagoula</name_pob><ind_active type="tinyint"  label="Active">1</ind_active></row>
<row><id_poblacion type="int" >13782</id_poblacion><id_prov type="smallint" >2314</id_prov><name_pob type="varchar"  label="City">Independenc</name_pob><ind_active type="tinyint"  label="Active">1</ind_active></row>
<row><id_poblacion type="int" >13783</id_poblacion><id_prov type="smallint" >2314</id_prov><name_pob type="varchar"  label="City">Black River</name_pob><ind_active type="tinyint"  label="Active">1</ind_active></row>
<row><id_poblacion type="int" >13784</id_poblacion><id_prov type="smallint" >2314</id_prov><name_pob type="varchar"  label="City">Marianna</name_pob><ind_active type="tinyint"  label="Active">1</ind_active></row>
<row><id_poblacion type="int" >13786</id_poblacion><id_prov type="smallint" >2314</id_prov><name_pob type="varchar"  label="City">Altus</name_pob><ind_active type="tinyint"  label="Active">1</ind_active></row>
<row><id_poblacion type="int" >13787</id_poblacion><id_prov type="smallint" >2314</id_prov><name_pob type="varchar"  label="City">Scottsboro</name_pob><ind_active type="tinyint"  label="Active">1</ind_active></row>
<row><id_poblacion type="int" >13788</id_poblacion><id_prov type="smallint" >2314</id_prov><name_pob type="varchar"  label="City">Walden</name_pob><ind_active type="tinyint"  label="Active">1</ind_active></row>
<row><id_poblacion type="int" >13789</id_poblacion><id_prov type="smallint" >2314</id_prov><name_pob type="varchar"  label="City">Jefferson</name_pob><ind_active type="tinyint"  label="Active">1</ind_active></row>
<row><id_poblacion type="int" >13790</id_poblacion><id_prov type="smallint" >2314</id_prov><name_pob type="varchar"  label="City">Maquoketa</name_pob><ind_active type="tinyint"  label="Active">1</ind_active></row>
<row><id_poblacion type="int" >13791</id_poblacion><id_prov type="smallint" >2314</id_prov><name_pob type="varchar"  label="City">Murphysboro</name_pob><ind_active type="tinyint"  label="Active">1</ind_active></row>
<row><id_poblacion type="int" >13792</id_poblacion><id_prov type="smallint" >2314</id_prov><name_pob type="varchar"  label="City">Brownstown</name_pob><ind_active type="tinyint"  label="Active">1</ind_active></row>
<row><id_poblacion type="int" >13793</id_poblacion><id_prov type="smallint" >2314</id_prov><name_pob type="varchar"  label="City">Holton</name_pob><ind_active type="tinyint"  label="Active">1</ind_active></row>
<row><id_poblacion type="int" >13794</id_poblacion><id_prov type="smallint" >2314</id_prov><name_pob type="varchar"  label="City">McKee</name_pob><ind_active type="tinyint"  label="Active">1</ind_active></row>
<row><id_poblacion type="int" >13795</id_poblacion><id_prov type="smallint" >2314</id_prov><name_pob type="varchar"  label="City">Jonesboro</name_pob><ind_active type="tinyint"  label="Active">1</ind_active></row>
<row><id_poblacion type="int" >13796</id_poblacion><id_prov type="smallint" >2314</id_prov><name_pob type="varchar"  label="City">Newport</name_pob><ind_active type="tinyint"  label="Active">1</ind_active></row>
<row><id_poblacion type="int" >13797</id_poblacion><id_prov type="smallint" >2315</id_prov><name_pob type="varchar"  label="City">Yadkinville</name_pob><ind_active type="tinyint"  label="Active">1</ind_active></row>
<row><id_poblacion type="int" >13798</id_poblacion><id_prov type="smallint" >2316</id_prov><name_pob type="varchar"  label="City">Burnsville</name_pob><ind_active type="tinyint"  label="Active">1</ind_active></row>
<row><id_poblacion type="int" >13799</id_poblacion><id_prov type="smallint" >2317</id_prov><name_pob type="varchar"  label="City">Jefferson</name_pob><ind_active type="tinyint"  label="Active">1</ind_active></row>
<row><id_poblacion type="int" >13800</id_poblacion><id_prov type="smallint" >2318</id_prov><name_pob type="varchar"  label="City">Henrietta</name_pob><ind_active type="tinyint"  label="Active">1</ind_active></row>
<row><id_poblacion type="int" >13801</id_poblacion><id_prov type="smallint" >2318</id_prov><name_pob type="varchar"  label="City">Moorhead</name_pob><ind_active type="tinyint"  label="Active">1</ind_active></row>
<row><id_poblacion type="int" >13802</id_poblacion><id_prov type="smallint" >2318</id_prov><name_pob type="varchar"  label="City">Liberty</name_pob><ind_active type="tinyint"  label="Active">1</ind_active></row>
<row><id_poblacion type="int" >13803</id_poblacion><id_prov type="smallint" >2318</id_prov><name_pob type="varchar"  label="City">West Point</name_pob><ind_active type="tinyint"  label="Active">1</ind_active></row>
<row><id_poblacion type="int" >13804</id_poblacion><id_prov type="smallint" >2318</id_prov><name_pob type="varchar"  label="City">Hayesville</name_pob><ind_active type="tinyint"  label="Active">1</ind_active></row>
<row><id_poblacion type="int" >13806</id_poblacion><id_prov type="smallint" >2318</id_prov><name_pob type="varchar"  label="City">Vermillion</name_pob><ind_active type="tinyint"  label="Active">1</ind_active></row>
<row><id_poblacion type="int" >13807</id_poblacion><id_prov type="smallint" >2318</id_prov><name_pob type="varchar"  label="City">Celina</name_pob><ind_active type="tinyint"  label="Active">1</ind_active></row>
<row><id_poblacion type="int" >13808</id_poblacion><id_prov type="smallint" >2318</id_prov><name_pob type="varchar"  label="City">Manchester</name_pob><ind_active type="tinyint"  label="Active">1</ind_active></row>
<row><id_poblacion type="int" >13809</id_poblacion><id_prov type="smallint" >2318</id_prov><name_pob type="varchar"  label="City">Clay</name_pob><ind_active type="tinyint"  label="Active">1</ind_active></row>
<row><id_poblacion type="int" >13810</id_poblacion><id_prov type="smallint" >2318</id_prov><name_pob type="varchar"  label="City">Brazil</name_pob><ind_active type="tinyint"  label="Active">1</ind_active></row>
<row><id_poblacion type="int" >13811</id_poblacion><id_prov type="smallint" >2318</id_prov><name_pob type="varchar"  label="City">Louisville</name_pob><ind_active type="tinyint"  label="Active">1</ind_active></row>
<row><id_poblacion type="int" >13812</id_poblacion><id_prov type="smallint" >2318</id_prov><name_pob type="varchar"  label="City">Spencer</name_pob><ind_active type="tinyint"  label="Active">1</ind_active></row>
<row><id_poblacion type="int" >13813</id_poblacion><id_prov type="smallint" >2318</id_prov><name_pob type="varchar"  label="City">Fort Gaines</name_pob><ind_active type="tinyint"  label="Active">1</ind_active></row>
<row><id_poblacion type="int" >13814</id_poblacion><id_prov type="smallint" >2318</id_prov><name_pob type="varchar"  label="City">Green Cove</name_pob><ind_active type="tinyint"  label="Active">1</ind_active></row>
<row><id_poblacion type="int" >13816</id_poblacion><id_prov type="smallint" >2318</id_prov><name_pob type="varchar"  label="City">Ashland</name_pob><ind_active type="tinyint"  label="Active">1</ind_active></row>
<row><id_poblacion type="int" >13817</id_poblacion><id_prov type="smallint" >2318</id_prov><name_pob type="varchar"  label="City">Corning, Pi</name_pob><ind_active type="tinyint"  label="Active">1</ind_active></row>
<row><id_poblacion type="int" >13818</id_poblacion><id_prov type="smallint" >2319</id_prov><name_pob type="varchar"  label="City">Oquawka</name_pob><ind_active type="tinyint"  label="Active">1</ind_active></row>
<row><id_poblacion type="int" >13819</id_poblacion><id_prov type="smallint" >2319</id_prov><name_pob type="varchar"  label="City">Athens</name_pob><ind_active type="tinyint"  label="Active">1</ind_active></row>
<row><id_poblacion type="int" >13820</id_poblacion><id_prov type="smallint" >2319</id_prov><name_pob type="varchar"  label="City">Lexington</name_pob><ind_active type="tinyint"  label="Active">1</ind_active></row>
<row><id_poblacion type="int" >13821</id_poblacion><id_prov type="smallint" >2319</id_prov><name_pob type="varchar"  label="City">Henderson</name_pob><ind_active type="tinyint"  label="Active">1</ind_active></row>
<row><id_poblacion type="int" >13822</id_poblacion><id_prov type="smallint" >2319</id_prov><name_pob type="varchar"  label="City">Hendersonvi</name_pob><ind_active type="tinyint"  label="Active">1</ind_active></row>
<row><id_poblacion type="int" >13823</id_poblacion><id_prov type="smallint" >2320</id_prov><name_pob type="varchar"  label="City">Albemarle</name_pob><ind_active type="tinyint"  label="Active">1</ind_active></row>
<row><id_poblacion type="int" >13824</id_poblacion><id_prov type="smallint" >2321</id_prov><name_pob type="varchar"  label="City">Lillington</name_pob><ind_active type="tinyint"  label="Active">1</ind_active></row>
<row><id_poblacion type="int" >13825</id_poblacion><id_prov type="smallint" >2322</id_prov><name_pob type="varchar"  label="City">Chelsea</name_pob><ind_active type="tinyint"  label="Active">1</ind_active></row>
<row><id_poblacion type="int" >13826</id_poblacion><id_prov type="smallint" >2322</id_prov><name_pob type="varchar"  label="City">Santa Ana</name_pob><ind_active type="tinyint"  label="Active">1</ind_active></row>
<row><id_poblacion type="int" >13827</id_poblacion><id_prov type="smallint" >2322</id_prov><name_pob type="varchar"  label="City">Orlando</name_pob><ind_active type="tinyint"  label="Active">1</ind_active></row>
<row><id_poblacion type="int" >13828</id_poblacion><id_prov type="smallint" >2322</id_prov><name_pob type="varchar"  label="City">Paoli</name_pob><ind_active type="tinyint"  label="Active">1</ind_active></row>
<row><id_poblacion type="int" >13829</id_poblacion><id_prov type="smallint" >2322</id_prov><name_pob type="varchar"  label="City">Hillsboroug</name_pob><ind_active type="tinyint"  label="Active">1</ind_active></row>
<row><id_poblacion type="int" >13830</id_poblacion><id_prov type="smallint" >2322</id_prov><name_pob type="varchar"  label="City">Goshen</name_pob><ind_active type="tinyint"  label="Active">1</ind_active></row>
<row><id_poblacion type="int" >13833</id_poblacion><id_prov type="smallint" >2323</id_prov><name_pob type="varchar"  label="City">Jacksonvill</name_pob><ind_active type="tinyint"  label="Active">1</ind_active></row>
<row><id_poblacion type="int" >13834</id_poblacion><id_prov type="smallint" >2324</id_prov><name_pob type="varchar"  label="City">Columbia</name_pob><ind_active type="tinyint"  label="Active">1</ind_active></row>
<row><id_poblacion type="int" >13835</id_poblacion><id_prov type="smallint" >2325</id_prov><name_pob type="varchar"  label="City">Graham</name_pob><ind_active type="tinyint"  label="Active">1</ind_active></row>
<row><id_poblacion type="int" >13836</id_poblacion><id_prov type="smallint" >2326</id_prov><name_pob type="varchar"  label="City">Manteo</name_pob><ind_active type="tinyint"  label="Active">1</ind_active></row>
<row><id_poblacion type="int" >13837</id_poblacion><id_prov type="smallint" >2327</id_prov><name_pob type="varchar"  label="City">Camdenton</name_pob><ind_active type="tinyint"  label="Active">1</ind_active></row>
<row><id_poblacion type="int" >13840</id_poblacion><id_prov type="smallint" >2327</id_prov><name_pob type="varchar"  label="City">Woodbine</name_pob><ind_active type="tinyint"  label="Active">1</ind_active></row>
<row><id_poblacion type="int" >13841</id_poblacion><id_prov type="smallint" >2328</id_prov><name_pob type="varchar"  label="City">Nashville</name_pob><ind_active type="tinyint"  label="Active">1</ind_active></row>
<row><id_poblacion type="int" >13842</id_poblacion><id_prov type="smallint" >2329</id_prov><name_pob type="varchar"  label="City">Camilla</name_pob><ind_active type="tinyint"  label="Active">1</ind_active></row>
<row><id_poblacion type="int" >13843</id_poblacion><id_prov type="smallint" >2329</id_prov><name_pob type="varchar"  label="City">Osage</name_pob><ind_active type="tinyint"  label="Active">1</ind_active></row>
<row><id_poblacion type="int" >13844</id_poblacion><id_prov type="smallint" >2329</id_prov><name_pob type="varchar"  label="City">Beloit</name_pob><ind_active type="tinyint"  label="Active">1</ind_active></row>
<row><id_poblacion type="int" >13845</id_poblacion><id_prov type="smallint" >2329</id_prov><name_pob type="varchar"  label="City">Bakersville</name_pob><ind_active type="tinyint"  label="Active">1</ind_active></row>
<row><id_poblacion type="int" >13846</id_poblacion><id_prov type="smallint" >2329</id_prov><name_pob type="varchar"  label="City">Colorado Ci</name_pob><ind_active type="tinyint"  label="Active">1</ind_active></row>
<row><id_poblacion type="int" >13847</id_poblacion><id_prov type="smallint" >2330</id_prov><name_pob type="varchar"  label="City">Waynesville</name_pob><ind_active type="tinyint"  label="Active">1</ind_active></row>
<row><id_poblacion type="int" >13848</id_poblacion><id_prov type="smallint" >2330</id_prov><name_pob type="varchar"  label="City">Brownsville</name_pob><ind_active type="tinyint"  label="Active">1</ind_active></row>
<row><id_poblacion type="int" >13849</id_poblacion><id_prov type="smallint" >2331</id_prov><name_pob type="varchar"  label="City">Raleigh</name_pob><ind_active type="tinyint"  label="Active">1</ind_active></row>
<row><id_poblacion type="int" >13850</id_poblacion><id_prov type="smallint" >2332</id_prov><name_pob type="varchar"  label="City">Gaffney</name_pob><ind_active type="tinyint"  label="Active">1</ind_active></row>
<row><id_poblacion type="int" >13851</id_poblacion><id_prov type="smallint" >2332</id_prov><name_pob type="varchar"  label="City">Rusk</name_pob><ind_active type="tinyint"  label="Active">1</ind_active></row>
<row><id_poblacion type="int" >13852</id_poblacion><id_prov type="smallint" >2332</id_prov><name_pob type="varchar"  label="City">Tahlequah</name_pob><ind_active type="tinyint"  label="Active">1</ind_active></row>
<row><id_poblacion type="int" >13853</id_poblacion><id_prov type="smallint" >2332</id_prov><name_pob type="varchar"  label="City">Murphy</name_pob><ind_active type="tinyint"  label="Active">1</ind_active></row>
<row><id_poblacion type="int" >13854</id_poblacion><id_prov type="smallint" >2332</id_prov><name_pob type="varchar"  label="City">Columbus</name_pob><ind_active type="tinyint"  label="Active">1</ind_active></row>
<row><id_poblacion type="int" >13855</id_poblacion><id_prov type="smallint" >2332</id_prov><name_pob type="varchar"  label="City">Cherokee</name_pob><ind_active type="tinyint"  label="Active">1</ind_active></row>
<row><id_poblacion type="int" >13856</id_poblacion><id_prov type="smallint" >2332</id_prov><name_pob type="varchar"  label="City">Canton</name_pob><ind_active type="tinyint"  label="Active">1</ind_active></row>
<row><id_poblacion type="int" >13857</id_poblacion><id_prov type="smallint" >2332</id_prov><name_pob type="varchar"  label="City">Centre</name_pob><ind_active type="tinyint"  label="Active">1</ind_active></row>
<row><id_poblacion type="int" >13858</id_poblacion><id_prov type="smallint" >2333</id_prov><name_pob type="varchar"  label="City">Jackson</name_pob><ind_active type="tinyint"  label="Active">1</ind_active></row>
<row><id_poblacion type="int" >13859</id_poblacion><id_prov type="smallint" >2333</id_prov><name_pob type="varchar"  label="City">Easton</name_pob><ind_active type="tinyint"  label="Active">1</ind_active></row>
<row><id_poblacion type="int" >13860</id_poblacion><id_prov type="smallint" >2333</id_prov><name_pob type="varchar"  label="City">Eastville</name_pob><ind_active type="tinyint"  label="Active">1</ind_active></row>
<row><id_poblacion type="int" >13861</id_poblacion><id_prov type="smallint" >2334</id_prov><name_pob type="varchar"  label="City">Danbury</name_pob><ind_active type="tinyint"  label="Active">1</ind_active></row>
<row><id_poblacion type="int" >13862</id_poblacion><id_prov type="smallint" >2335</id_prov><name_pob type="varchar"  label="City">Safford</name_pob><ind_active type="tinyint"  label="Active">1</ind_active></row>
<row><id_poblacion type="int" >13863</id_poblacion><id_prov type="smallint" >2335</id_prov><name_pob type="varchar"  label="City">Hill City</name_pob><ind_active type="tinyint"  label="Active">1</ind_active></row>
<row><id_poblacion type="int" >13864</id_poblacion><id_prov type="smallint" >2335</id_prov><name_pob type="varchar"  label="City">Robbinsvill</name_pob><ind_active type="tinyint"  label="Active">1</ind_active></row>
<row><id_poblacion type="int" >13865</id_poblacion><id_prov type="smallint" >2336</id_prov><name_pob type="varchar"  label="City">Toledo</name_pob><ind_active type="tinyint"  label="Active">1</ind_active></row>
<row><id_poblacion type="int" >13866</id_poblacion><id_prov type="smallint" >2336</id_prov><name_pob type="varchar"  label="City">Burkesville</name_pob><ind_active type="tinyint"  label="Active">1</ind_active></row>
<row><id_poblacion type="int" >13867</id_poblacion><id_prov type="smallint" >2336</id_prov><name_pob type="varchar"  label="City">Portland</name_pob><ind_active type="tinyint"  label="Active">1</ind_active></row>
<row><id_poblacion type="int" >13868</id_poblacion><id_prov type="smallint" >2336</id_prov><name_pob type="varchar"  label="City">Fayettevill</name_pob><ind_active type="tinyint"  label="Active">1</ind_active></row>
<row><id_poblacion type="int" >13869</id_poblacion><id_prov type="smallint" >2336</id_prov><name_pob type="varchar"  label="City">Bridgeton</name_pob><ind_active type="tinyint"  label="Active">1</ind_active></row>
<row><id_poblacion type="int" >13870</id_poblacion><id_prov type="smallint" >2336</id_prov><name_pob type="varchar"  label="City">Carlisle</name_pob><ind_active type="tinyint"  label="Active">1</ind_active></row>
<row><id_poblacion type="int" >13871</id_poblacion><id_prov type="smallint" >2336</id_prov><name_pob type="varchar"  label="City">Crossville</name_pob><ind_active type="tinyint"  label="Active">1</ind_active></row>
<row><id_poblacion type="int" >13872</id_poblacion><id_prov type="smallint" >2336</id_prov><name_pob type="varchar"  label="City">Cumberland</name_pob><ind_active type="tinyint"  label="Active">1</ind_active></row>
<row><id_poblacion type="int" >13873</id_poblacion><id_prov type="smallint" >2337</id_prov><name_pob type="varchar"  label="City">Brevard</name_pob><ind_active type="tinyint"  label="Active">1</ind_active></row>
<row><id_poblacion type="int" >13874</id_poblacion><id_prov type="smallint" >2338</id_prov><name_pob type="varchar"  label="City">Lexington</name_pob><ind_active type="tinyint"  label="Active">1</ind_active></row>
<row><id_poblacion type="int" >13875</id_poblacion><id_prov type="smallint" >2338</id_prov><name_pob type="varchar"  label="City">Nashville</name_pob><ind_active type="tinyint"  label="Active">1</ind_active></row>
<row><id_poblacion type="int" >13876</id_poblacion><id_prov type="smallint" >2339</id_prov><name_pob type="varchar"  label="City">Yanceyville</name_pob><ind_active type="tinyint"  label="Active">1</ind_active></row>
<row><id_poblacion type="int" >13877</id_poblacion><id_prov type="smallint" >2340</id_prov><name_pob type="varchar"  label="City">Statesville</name_pob><ind_active type="tinyint"  label="Active">1</ind_active></row>
<row><id_poblacion type="int" >13878</id_poblacion><id_prov type="smallint" >2341</id_prov><name_pob type="varchar"  label="City">Concord</name_pob><ind_active type="tinyint"  label="Active">1</ind_active></row>
<row><id_poblacion type="int" >13879</id_poblacion><id_prov type="smallint" >2342</id_prov><name_pob type="varchar"  label="City">North Platt</name_pob><ind_active type="tinyint"  label="Active">1</ind_active></row>
<row><id_poblacion type="int" >13880</id_poblacion><id_prov type="smallint" >2342</id_prov><name_pob type="varchar"  label="City">Kemmerer</name_pob><ind_active type="tinyint"  label="Active">1</ind_active></row>
<row><id_poblacion type="int" >13881</id_poblacion><id_prov type="smallint" >2342</id_prov><name_pob type="varchar"  label="City">Hamlin</name_pob><ind_active type="tinyint"  label="Active">1</ind_active></row>
<row><id_poblacion type="int" >13882</id_poblacion><id_prov type="smallint" >2342</id_prov><name_pob type="varchar"  label="City">Merrill</name_pob><ind_active type="tinyint"  label="Active">1</ind_active></row>
<row><id_poblacion type="int" >13883</id_poblacion><id_prov type="smallint" >2342</id_prov><name_pob type="varchar"  label="City">Davenport</name_pob><ind_active type="tinyint"  label="Active">1</ind_active></row>
<row><id_poblacion type="int" >13884</id_poblacion><id_prov type="smallint" >2342</id_prov><name_pob type="varchar"  label="City">Fayettevill</name_pob><ind_active type="tinyint"  label="Active">1</ind_active></row>
<row><id_poblacion type="int" >13885</id_poblacion><id_prov type="smallint" >2342</id_prov><name_pob type="varchar"  label="City">Canton</name_pob><ind_active type="tinyint"  label="Active">1</ind_active></row>
<row><id_poblacion type="int" >13886</id_poblacion><id_prov type="smallint" >2342</id_prov><name_pob type="varchar"  label="City">Newport</name_pob><ind_active type="tinyint"  label="Active">1</ind_active></row>
<row><id_poblacion type="int" >13887</id_poblacion><id_prov type="smallint" >2342</id_prov><name_pob type="varchar"  label="City">Chandler</name_pob><ind_active type="tinyint"  label="Active">1</ind_active></row>
<row><id_poblacion type="int" >13888</id_poblacion><id_prov type="smallint" >2342</id_prov><name_pob type="varchar"  label="City">Pioche</name_pob><ind_active type="tinyint"  label="Active">1</ind_active></row>
<row><id_poblacion type="int" >13889</id_poblacion><id_prov type="smallint" >2342</id_prov><name_pob type="varchar"  label="City">Carrizozo</name_pob><ind_active type="tinyint"  label="Active">1</ind_active></row>
<row><id_poblacion type="int" >13890</id_poblacion><id_prov type="smallint" >2342</id_prov><name_pob type="varchar"  label="City">Wiscasset</name_pob><ind_active type="tinyint"  label="Active">1</ind_active></row>
<row><id_poblacion type="int" >13893</id_poblacion><id_prov type="smallint" >2342</id_prov><name_pob type="varchar"  label="City">Hugo</name_pob><ind_active type="tinyint"  label="Active">1</ind_active></row>
<row><id_poblacion type="int" >13894</id_poblacion><id_prov type="smallint" >2342</id_prov><name_pob type="varchar"  label="City">Shoshone</name_pob><ind_active type="tinyint"  label="Active">1</ind_active></row>
<row><id_poblacion type="int" >13895</id_poblacion><id_prov type="smallint" >2342</id_prov><name_pob type="varchar"  label="City">Lincoln</name_pob><ind_active type="tinyint"  label="Active">1</ind_active></row>
<row><id_poblacion type="int" >13896</id_poblacion><id_prov type="smallint" >2342</id_prov><name_pob type="varchar"  label="City">Stanford</name_pob><ind_active type="tinyint"  label="Active">1</ind_active></row>
<row><id_poblacion type="int" >13897</id_poblacion><id_prov type="smallint" >2342</id_prov><name_pob type="varchar"  label="City">Troy</name_pob><ind_active type="tinyint"  label="Active">1</ind_active></row>
<row><id_poblacion type="int" >13898</id_poblacion><id_prov type="smallint" >2342</id_prov><name_pob type="varchar"  label="City">Ivanhoe</name_pob><ind_active type="tinyint"  label="Active">1</ind_active></row>
<row><id_poblacion type="int" >13899</id_poblacion><id_prov type="smallint" >2342</id_prov><name_pob type="varchar"  label="City">Star City</name_pob><ind_active type="tinyint"  label="Active">1</ind_active></row>
<row><id_poblacion type="int" >13900</id_poblacion><id_prov type="smallint" >2342</id_prov><name_pob type="varchar"  label="City">Brookhaven</name_pob><ind_active type="tinyint"  label="Active">1</ind_active></row>
<row><id_poblacion type="int" >13901</id_poblacion><id_prov type="smallint" >2342</id_prov><name_pob type="varchar"  label="City">Libby</name_pob><ind_active type="tinyint"  label="Active">1</ind_active></row>
<row><id_poblacion type="int" >13902</id_poblacion><id_prov type="smallint" >2342</id_prov><name_pob type="varchar"  label="City">Ruston</name_pob><ind_active type="tinyint"  label="Active">1</ind_active></row>
<row><id_poblacion type="int" >13903</id_poblacion><id_prov type="smallint" >2343</id_prov><name_pob type="varchar"  label="City">Mocksville</name_pob><ind_active type="tinyint"  label="Active">1</ind_active></row>
<row><id_poblacion type="int" >13904</id_poblacion><id_prov type="smallint" >2344</id_prov><name_pob type="varchar"  label="City">Newton</name_pob><ind_active type="tinyint"  label="Active">1</ind_active></row>
</poblacion>
</root>