<?xml version="1.0" encoding="UTF-8"?>
<root>
<poblacion>
<row><id_poblacion type="int" >14620</id_poblacion><id_prov type="smallint" >2486</id_prov><name_pob type="varchar"  label="City">Stillwater</name_pob><ind_active type="tinyint"  label="Active">1</ind_active></row>
<row><id_poblacion type="int" >14621</id_poblacion><id_prov type="smallint" >2487</id_prov><name_pob type="varchar"  label="City">Greenfield</name_pob><ind_active type="tinyint"  label="Active">1</ind_active></row>
<row><id_poblacion type="int" >14622</id_poblacion><id_prov type="smallint" >2487</id_prov><name_pob type="varchar"  label="City">Columbia</name_pob><ind_active type="tinyint"  label="Active">1</ind_active></row>
<row><id_poblacion type="int" >14623</id_poblacion><id_prov type="smallint" >2487</id_prov><name_pob type="varchar"  label="City">Kirksville</name_pob><ind_active type="tinyint"  label="Active">1</ind_active></row>
<row><id_poblacion type="int" >14624</id_poblacion><id_prov type="smallint" >2487</id_prov><name_pob type="varchar"  label="City">Stilwell</name_pob><ind_active type="tinyint"  label="Active">1</ind_active></row>
<row><id_poblacion type="int" >14625</id_poblacion><id_prov type="smallint" >2488</id_prov><name_pob type="varchar"  label="City">Wilburton</name_pob><ind_active type="tinyint"  label="Active">1</ind_active></row>
<row><id_poblacion type="int" >14626</id_poblacion><id_prov type="smallint" >2489</id_prov><name_pob type="varchar"  label="City">Coalgate</name_pob><ind_active type="tinyint"  label="Active">1</ind_active></row>
<row><id_poblacion type="int" >14627</id_poblacion><id_prov type="smallint" >2490</id_prov><name_pob type="varchar"  label="City">Brenham</name_pob><ind_active type="tinyint"  label="Active">1</ind_active></row>
<row><id_poblacion type="int" >14628</id_poblacion><id_prov type="smallint" >2490</id_prov><name_pob type="varchar"  label="City">Greenville</name_pob><ind_active type="tinyint"  label="Active">1</ind_active></row>
<row><id_poblacion type="int" >14629</id_poblacion><id_prov type="smallint" >2490</id_prov><name_pob type="varchar"  label="City">Plymouth</name_pob><ind_active type="tinyint"  label="Active">1</ind_active></row>
<row><id_poblacion type="int" >14630</id_poblacion><id_prov type="smallint" >2490</id_prov><name_pob type="varchar"  label="City">Blair</name_pob><ind_active type="tinyint"  label="Active">1</ind_active></row>
<row><id_poblacion type="int" >14631</id_poblacion><id_prov type="smallint" >2490</id_prov><name_pob type="varchar"  label="City">Hudson Fall</name_pob><ind_active type="tinyint"  label="Active">1</ind_active></row>
<row><id_poblacion type="int" >14632</id_poblacion><id_prov type="smallint" >2490</id_prov><name_pob type="varchar"  label="City">Bartlesvill</name_pob><ind_active type="tinyint"  label="Active">1</ind_active></row>
<row><id_poblacion type="int" >14634</id_poblacion><id_prov type="smallint" >2490</id_prov><name_pob type="varchar"  label="City">Potosi</name_pob><ind_active type="tinyint"  label="Active">1</ind_active></row>
<row><id_poblacion type="int" >14635</id_poblacion><id_prov type="smallint" >2490</id_prov><name_pob type="varchar"  label="City">Jonesboro</name_pob><ind_active type="tinyint"  label="Active">1</ind_active></row>
<row><id_poblacion type="int" >14636</id_poblacion><id_prov type="smallint" >2490</id_prov><name_pob type="varchar"  label="City">Marietta</name_pob><ind_active type="tinyint"  label="Active">1</ind_active></row>
<row><id_poblacion type="int" >14637</id_poblacion><id_prov type="smallint" >2490</id_prov><name_pob type="varchar"  label="City">Saint Georg</name_pob><ind_active type="tinyint"  label="Active">1</ind_active></row>
<row><id_poblacion type="int" >14638</id_poblacion><id_prov type="smallint" >2490</id_prov><name_pob type="varchar"  label="City">Abingdon</name_pob><ind_active type="tinyint"  label="Active">1</ind_active></row>
<row><id_poblacion type="int" >14639</id_poblacion><id_prov type="smallint" >2490</id_prov><name_pob type="varchar"  label="City">Montpelier</name_pob><ind_active type="tinyint"  label="Active">1</ind_active></row>
<row><id_poblacion type="int" >14640</id_poblacion><id_prov type="smallint" >2490</id_prov><name_pob type="varchar"  label="City">West Bend</name_pob><ind_active type="tinyint"  label="Active">1</ind_active></row>
<row><id_poblacion type="int" >14641</id_poblacion><id_prov type="smallint" >2490</id_prov><name_pob type="varchar"  label="City">Wakefield</name_pob><ind_active type="tinyint"  label="Active">1</ind_active></row>
<row><id_poblacion type="int" >14642</id_poblacion><id_prov type="smallint" >2490</id_prov><name_pob type="varchar"  label="City">Salem</name_pob><ind_active type="tinyint"  label="Active">1</ind_active></row>
<row><id_poblacion type="int" >14643</id_poblacion><id_prov type="smallint" >2490</id_prov><name_pob type="varchar"  label="City">Fayettevill</name_pob><ind_active type="tinyint"  label="Active">1</ind_active></row>
<row><id_poblacion type="int" >14644</id_poblacion><id_prov type="smallint" >2490</id_prov><name_pob type="varchar"  label="City">Akron</name_pob><ind_active type="tinyint"  label="Active">1</ind_active></row>
<row><id_poblacion type="int" >14645</id_poblacion><id_prov type="smallint" >2490</id_prov><name_pob type="varchar"  label="City">Chipley</name_pob><ind_active type="tinyint"  label="Active">1</ind_active></row>
<row><id_poblacion type="int" >14646</id_poblacion><id_prov type="smallint" >2490</id_prov><name_pob type="varchar"  label="City">Sandersvill</name_pob><ind_active type="tinyint"  label="Active">1</ind_active></row>
<row><id_poblacion type="int" >14648</id_poblacion><id_prov type="smallint" >2490</id_prov><name_pob type="varchar"  label="City">Stillwater</name_pob><ind_active type="tinyint"  label="Active">1</ind_active></row>
<row><id_poblacion type="int" >14649</id_poblacion><id_prov type="smallint" >2490</id_prov><name_pob type="varchar"  label="City">Nashville</name_pob><ind_active type="tinyint"  label="Active">1</ind_active></row>
<row><id_poblacion type="int" >14650</id_poblacion><id_prov type="smallint" >2490</id_prov><name_pob type="varchar"  label="City">Chatom</name_pob><ind_active type="tinyint"  label="Active">1</ind_active></row>
<row><id_poblacion type="int" >14652</id_poblacion><id_prov type="smallint" >2490</id_prov><name_pob type="varchar"  label="City">Hillsboro</name_pob><ind_active type="tinyint"  label="Active">1</ind_active></row>
<row><id_poblacion type="int" >14653</id_poblacion><id_prov type="smallint" >2490</id_prov><name_pob type="varchar"  label="City">Springfield</name_pob><ind_active type="tinyint"  label="Active">1</ind_active></row>
<row><id_poblacion type="int" >14654</id_poblacion><id_prov type="smallint" >2490</id_prov><name_pob type="varchar"  label="City">Franklinton</name_pob><ind_active type="tinyint"  label="Active">1</ind_active></row>
<row><id_poblacion type="int" >14655</id_poblacion><id_prov type="smallint" >2490</id_prov><name_pob type="varchar"  label="City">Hagerstown</name_pob><ind_active type="tinyint"  label="Active">1</ind_active></row>
<row><id_poblacion type="int" >14656</id_poblacion><id_prov type="smallint" >2490</id_prov><name_pob type="varchar"  label="City">Machias</name_pob><ind_active type="tinyint"  label="Active">1</ind_active></row>
<row><id_poblacion type="int" >14657</id_poblacion><id_prov type="smallint" >2490</id_prov><name_pob type="varchar"  label="City">Weiser</name_pob><ind_active type="tinyint"  label="Active">1</ind_active></row>
<row><id_poblacion type="int" >14658</id_poblacion><id_prov type="smallint" >2491</id_prov><name_pob type="varchar"  label="City">Sayre</name_pob><ind_active type="tinyint"  label="Active">1</ind_active></row>
<row><id_poblacion type="int" >14659</id_poblacion><id_prov type="smallint" >2492</id_prov><name_pob type="varchar"  label="City">Vinita</name_pob><ind_active type="tinyint"  label="Active">1</ind_active></row>
<row><id_poblacion type="int" >14660</id_poblacion><id_prov type="smallint" >2492</id_prov><name_pob type="varchar"  label="City">New Castle</name_pob><ind_active type="tinyint"  label="Active">1</ind_active></row>
<row><id_poblacion type="int" >14661</id_poblacion><id_prov type="smallint" >2493</id_prov><name_pob type="varchar"  label="City">Frederick</name_pob><ind_active type="tinyint"  label="Active">1</ind_active></row>
<row><id_poblacion type="int" >14662</id_poblacion><id_prov type="smallint" >2494</id_prov><name_pob type="varchar"  label="City">Eufaula</name_pob><ind_active type="tinyint"  label="Active">1</ind_active></row>
<row><id_poblacion type="int" >14663</id_poblacion><id_prov type="smallint" >2494</id_prov><name_pob type="varchar"  label="City">Darien</name_pob><ind_active type="tinyint"  label="Active">1</ind_active></row>
<row><id_poblacion type="int" >14664</id_poblacion><id_prov type="smallint" >2494</id_prov><name_pob type="varchar"  label="City">Ashley</name_pob><ind_active type="tinyint"  label="Active">1</ind_active></row>
<row><id_poblacion type="int" >14665</id_poblacion><id_prov type="smallint" >2495</id_prov><name_pob type="varchar"  label="City">Cordell</name_pob><ind_active type="tinyint"  label="Active">1</ind_active></row>
<row><id_poblacion type="int" >14666</id_poblacion><id_prov type="smallint" >2496</id_prov><name_pob type="varchar"  label="City">Anthony</name_pob><ind_active type="tinyint"  label="Active">1</ind_active></row>
<row><id_poblacion type="int" >14667</id_poblacion><id_prov type="smallint" >2496</id_prov><name_pob type="varchar"  label="City">Buffalo</name_pob><ind_active type="tinyint"  label="Active">1</ind_active></row>
<row><id_poblacion type="int" >14668</id_poblacion><id_prov type="smallint" >2497</id_prov><name_pob type="varchar"  label="City">Van Buren</name_pob><ind_active type="tinyint"  label="Active">1</ind_active></row>
<row><id_poblacion type="int" >14669</id_poblacion><id_prov type="smallint" >2497</id_prov><name_pob type="varchar"  label="City">Elizabethto</name_pob><ind_active type="tinyint"  label="Active">1</ind_active></row>
<row><id_poblacion type="int" >14670</id_poblacion><id_prov type="smallint" >2497</id_prov><name_pob type="varchar"  label="City">Ekalaka</name_pob><ind_active type="tinyint"  label="Active">1</ind_active></row>
<row><id_poblacion type="int" >14671</id_poblacion><id_prov type="smallint" >2497</id_prov><name_pob type="varchar"  label="City">Grayson</name_pob><ind_active type="tinyint"  label="Active">1</ind_active></row>
<row><id_poblacion type="int" >14672</id_poblacion><id_prov type="smallint" >2497</id_prov><name_pob type="varchar"  label="City">Ardmore</name_pob><ind_active type="tinyint"  label="Active">1</ind_active></row>
<row><id_poblacion type="int" >14673</id_poblacion><id_prov type="smallint" >2498</id_prov><name_pob type="varchar"  label="City">Cheyenne</name_pob><ind_active type="tinyint"  label="Active">1</ind_active></row>
<row><id_poblacion type="int" >14674</id_poblacion><id_prov type="smallint" >2499</id_prov><name_pob type="varchar"  label="City">Sallisaw</name_pob><ind_active type="tinyint"  label="Active">1</ind_active></row>
<row><id_poblacion type="int" >14675</id_poblacion><id_prov type="smallint" >2500</id_prov><name_pob type="varchar"  label="City">Claremore</name_pob><ind_active type="tinyint"  label="Active">1</ind_active></row>
<row><id_poblacion type="int" >14676</id_poblacion><id_prov type="smallint" >2501</id_prov><name_pob type="varchar"  label="City">El Reno</name_pob><ind_active type="tinyint"  label="Active">1</ind_active></row>
<row><id_poblacion type="int" >14677</id_poblacion><id_prov type="smallint" >2502</id_prov><name_pob type="varchar"  label="City">Boise City</name_pob><ind_active type="tinyint"  label="Active">1</ind_active></row>
<row><id_poblacion type="int" >14678</id_poblacion><id_prov type="smallint" >2503</id_prov><name_pob type="varchar"  label="City">Greensburg</name_pob><ind_active type="tinyint"  label="Active">1</ind_active></row>
<row><id_poblacion type="int" >14679</id_poblacion><id_prov type="smallint" >2503</id_prov><name_pob type="varchar"  label="City">Hobart</name_pob><ind_active type="tinyint"  label="Active">1</ind_active></row>
<row><id_poblacion type="int" >14680</id_poblacion><id_prov type="smallint" >2503</id_prov><name_pob type="varchar"  label="City">Eads</name_pob><ind_active type="tinyint"  label="Active">1</ind_active></row>
<row><id_poblacion type="int" >14681</id_poblacion><id_prov type="smallint" >2504</id_prov><name_pob type="varchar"  label="City">Chatsworth</name_pob><ind_active type="tinyint"  label="Active">1</ind_active></row>
<row><id_poblacion type="int" >14682</id_poblacion><id_prov type="smallint" >2504</id_prov><name_pob type="varchar"  label="City">Slayton</name_pob><ind_active type="tinyint"  label="Active">1</ind_active></row>
<row><id_poblacion type="int" >14683</id_poblacion><id_prov type="smallint" >2504</id_prov><name_pob type="varchar"  label="City">Sulphur</name_pob><ind_active type="tinyint"  label="Active">1</ind_active></row>
<row><id_poblacion type="int" >14684</id_poblacion><id_prov type="smallint" >2505</id_prov><name_pob type="varchar"  label="City">Antlers</name_pob><ind_active type="tinyint"  label="Active">1</ind_active></row>
<row><id_poblacion type="int" >14685</id_poblacion><id_prov type="smallint" >2506</id_prov><name_pob type="varchar"  label="City">Wagoner</name_pob><ind_active type="tinyint"  label="Active">1</ind_active></row>
<row><id_poblacion type="int" >14686</id_poblacion><id_prov type="smallint" >2507</id_prov><name_pob type="varchar"  label="City">Kingfisher</name_pob><ind_active type="tinyint"  label="Active">1</ind_active></row>
<row><id_poblacion type="int" >14687</id_poblacion><id_prov type="smallint" >2508</id_prov><name_pob type="varchar"  label="City">Pryor</name_pob><ind_active type="tinyint"  label="Active">1</ind_active></row>
<row><id_poblacion type="int" >14688</id_poblacion><id_prov type="smallint" >2509</id_prov><name_pob type="varchar"  label="City">Mangum</name_pob><ind_active type="tinyint"  label="Active">1</ind_active></row>
<row><id_poblacion type="int" >14689</id_poblacion><id_prov type="smallint" >2510</id_prov><name_pob type="varchar"  label="City">Muskogee</name_pob><ind_active type="tinyint"  label="Active">1</ind_active></row>
<row><id_poblacion type="int" >14690</id_poblacion><id_prov type="smallint" >2511</id_prov><name_pob type="varchar"  label="City">Tulsa</name_pob><ind_active type="tinyint"  label="Active">1</ind_active></row>
<row><id_poblacion type="int" >14691</id_poblacion><id_prov type="smallint" >2512</id_prov><name_pob type="varchar"  label="City">Westcliffe</name_pob><ind_active type="tinyint"  label="Active">1</ind_active></row>
<row><id_poblacion type="int" >14692</id_poblacion><id_prov type="smallint" >2512</id_prov><name_pob type="varchar"  label="City">Custer</name_pob><ind_active type="tinyint"  label="Active">1</ind_active></row>
<row><id_poblacion type="int" >14693</id_poblacion><id_prov type="smallint" >2512</id_prov><name_pob type="varchar"  label="City">Arapaho</name_pob><ind_active type="tinyint"  label="Active">1</ind_active></row>
<row><id_poblacion type="int" >14694</id_poblacion><id_prov type="smallint" >2512</id_prov><name_pob type="varchar"  label="City">Broken Bow</name_pob><ind_active type="tinyint"  label="Active">1</ind_active></row>
<row><id_poblacion type="int" >14695</id_poblacion><id_prov type="smallint" >2512</id_prov><name_pob type="varchar"  label="City">Miles City</name_pob><ind_active type="tinyint"  label="Active">1</ind_active></row>
<row><id_poblacion type="int" >14696</id_poblacion><id_prov type="smallint" >2512</id_prov><name_pob type="varchar"  label="City">Challis</name_pob><ind_active type="tinyint"  label="Active">1</ind_active></row>
<row><id_poblacion type="int" >14697</id_poblacion><id_prov type="smallint" >2513</id_prov><name_pob type="varchar"  label="City">Newkirk</name_pob><ind_active type="tinyint"  label="Active">1</ind_active></row>
<row><id_poblacion type="int" >14698</id_poblacion><id_prov type="smallint" >2514</id_prov><name_pob type="varchar"  label="City">Hugo</name_pob><ind_active type="tinyint"  label="Active">1</ind_active></row>
<row><id_poblacion type="int" >14699</id_poblacion><id_prov type="smallint" >2514</id_prov><name_pob type="varchar"  label="City">Ackerman</name_pob><ind_active type="tinyint"  label="Active">1</ind_active></row>
<row><id_poblacion type="int" >14700</id_poblacion><id_prov type="smallint" >2514</id_prov><name_pob type="varchar"  label="City">Butler</name_pob><ind_active type="tinyint"  label="Active">1</ind_active></row>
<row><id_poblacion type="int" >14701</id_poblacion><id_prov type="smallint" >2515</id_prov><name_pob type="varchar"  label="City">Pontotoc</name_pob><ind_active type="tinyint"  label="Active">1</ind_active></row>
<row><id_poblacion type="int" >14702</id_poblacion><id_prov type="smallint" >2515</id_prov><name_pob type="varchar"  label="City">Ada</name_pob><ind_active type="tinyint"  label="Active">1</ind_active></row>
<row><id_poblacion type="int" >14703</id_poblacion><id_prov type="smallint" >2516</id_prov><name_pob type="varchar"  label="City">Pembroke</name_pob><ind_active type="tinyint"  label="Active">1</ind_active></row>
<row><id_poblacion type="int" >14704</id_poblacion><id_prov type="smallint" >2516</id_prov><name_pob type="varchar"  label="City">Durant</name_pob><ind_active type="tinyint"  label="Active">1</ind_active></row>
<row><id_poblacion type="int" >14705</id_poblacion><id_prov type="smallint" >2517</id_prov><name_pob type="varchar"  label="City">Sapulpa</name_pob><ind_active type="tinyint"  label="Active">1</ind_active></row>
<row><id_poblacion type="int" >14706</id_poblacion><id_prov type="smallint" >2518</id_prov><name_pob type="varchar"  label="City">McAlester</name_pob><ind_active type="tinyint"  label="Active">1</ind_active></row>
<row><id_poblacion type="int" >14707</id_poblacion><id_prov type="smallint" >2519</id_prov><name_pob type="varchar"  label="City">Chinook</name_pob><ind_active type="tinyint"  label="Active">1</ind_active></row>
<row><id_poblacion type="int" >14708</id_poblacion><id_prov type="smallint" >2519</id_prov><name_pob type="varchar"  label="City">Brewster</name_pob><ind_active type="tinyint"  label="Active">1</ind_active></row>
<row><id_poblacion type="int" >14709</id_poblacion><id_prov type="smallint" >2519</id_prov><name_pob type="varchar"  label="City">Watonga</name_pob><ind_active type="tinyint"  label="Active">1</ind_active></row>
<row><id_poblacion type="int" >14710</id_poblacion><id_prov type="smallint" >2519</id_prov><name_pob type="varchar"  label="City">Hailey</name_pob><ind_active type="tinyint"  label="Active">1</ind_active></row>
<row><id_poblacion type="int" >14711</id_poblacion><id_prov type="smallint" >2520</id_prov><name_pob type="varchar"  label="City">Walters</name_pob><ind_active type="tinyint"  label="Active">1</ind_active></row>
<row><id_poblacion type="int" >14712</id_poblacion><id_prov type="smallint" >2521</id_prov><name_pob type="varchar"  label="City">Moundsville</name_pob><ind_active type="tinyint"  label="Active">1</ind_active></row>
<row><id_poblacion type="int" >14713</id_poblacion><id_prov type="smallint" >2521</id_prov><name_pob type="varchar"  label="City">Lewisburg</name_pob><ind_active type="tinyint"  label="Active">1</ind_active></row>
<row><id_poblacion type="int" >14714</id_poblacion><id_prov type="smallint" >2521</id_prov><name_pob type="varchar"  label="City">Guntersvill</name_pob><ind_active type="tinyint"  label="Active">1</ind_active></row>
<row><id_poblacion type="int" >14715</id_poblacion><id_prov type="smallint" >2521</id_prov><name_pob type="varchar"  label="City">Britton</name_pob><ind_active type="tinyint"  label="Active">1</ind_active></row>
<row><id_poblacion type="int" >14716</id_poblacion><id_prov type="smallint" >2521</id_prov><name_pob type="varchar"  label="City">Madill</name_pob><ind_active type="tinyint"  label="Active">1</ind_active></row>
<row><id_poblacion type="int" >14717</id_poblacion><id_prov type="smallint" >2521</id_prov><name_pob type="varchar"  label="City">Holly Sprin</name_pob><ind_active type="tinyint"  label="Active">1</ind_active></row>
<row><id_poblacion type="int" >14718</id_poblacion><id_prov type="smallint" >2521</id_prov><name_pob type="varchar"  label="City">Benton</name_pob><ind_active type="tinyint"  label="Active">1</ind_active></row>
<row><id_poblacion type="int" >14719</id_poblacion><id_prov type="smallint" >2521</id_prov><name_pob type="varchar"  label="City">Marysville</name_pob><ind_active type="tinyint"  label="Active">1</ind_active></row>
<row><id_poblacion type="int" >14720</id_poblacion><id_prov type="smallint" >2521</id_prov><name_pob type="varchar"  label="City">Plymouth</name_pob><ind_active type="tinyint"  label="Active">1</ind_active></row>
<row><id_poblacion type="int" >14721</id_poblacion><id_prov type="smallint" >2521</id_prov><name_pob type="varchar"  label="City">Marshalltow</name_pob><ind_active type="tinyint"  label="Active">1</ind_active></row>
<row><id_poblacion type="int" >14722</id_poblacion><id_prov type="smallint" >2521</id_prov><name_pob type="varchar"  label="City">Lacon</name_pob><ind_active type="tinyint"  label="Active">1</ind_active></row>
<row><id_poblacion type="int" >14723</id_poblacion><id_prov type="smallint" >2521</id_prov><name_pob type="varchar"  label="City">Warren</name_pob><ind_active type="tinyint"  label="Active">1</ind_active></row>
<row><id_poblacion type="int" >14724</id_poblacion><id_prov type="smallint" >2522</id_prov><name_pob type="varchar"  label="City">Hays</name_pob><ind_active type="tinyint"  label="Active">1</ind_active></row>
<row><id_poblacion type="int" >14725</id_poblacion><id_prov type="smallint" >2522</id_prov><name_pob type="varchar"  label="City">Arnett</name_pob><ind_active type="tinyint"  label="Active">1</ind_active></row>
<row><id_poblacion type="int" >14726</id_poblacion><id_prov type="smallint" >2522</id_prov><name_pob type="varchar"  label="City">Waxahachie</name_pob><ind_active type="tinyint"  label="Active">1</ind_active></row>
<row><id_poblacion type="int" >14727</id_poblacion><id_prov type="smallint" >2523</id_prov><name_pob type="varchar"  label="City">Westmorelan</name_pob><ind_active type="tinyint"  label="Active">1</ind_active></row>
<row><id_poblacion type="int" >14728</id_poblacion><id_prov type="smallint" >2523</id_prov><name_pob type="varchar"  label="City">Shawnee</name_pob><ind_active type="tinyint"  label="Active">1</ind_active></row>
<row><id_poblacion type="int" >14729</id_poblacion><id_prov type="smallint" >2524</id_prov><name_pob type="varchar"  label="City">Anadarko</name_pob><ind_active type="tinyint"  label="Active">1</ind_active></row>
<row><id_poblacion type="int" >14730</id_poblacion><id_prov type="smallint" >2524</id_prov><name_pob type="varchar"  label="City">Shreveport</name_pob><ind_active type="tinyint"  label="Active">1</ind_active></row>
<row><id_poblacion type="int" >14731</id_poblacion><id_prov type="smallint" >2525</id_prov><name_pob type="varchar"  label="City">Hollis</name_pob><ind_active type="tinyint"  label="Active">1</ind_active></row>
<row><id_poblacion type="int" >14732</id_poblacion><id_prov type="smallint" >2526</id_prov><name_pob type="varchar"  label="City">Taloga</name_pob><ind_active type="tinyint"  label="Active">1</ind_active></row>
<row><id_poblacion type="int" >14733</id_poblacion><id_prov type="smallint" >2526</id_prov><name_pob type="varchar"  label="City">Timber Lake</name_pob><ind_active type="tinyint"  label="Active">1</ind_active></row>
<row><id_poblacion type="int" >14734</id_poblacion><id_prov type="smallint" >2527</id_prov><name_pob type="varchar"  label="City">Smithfield</name_pob><ind_active type="tinyint"  label="Active">1</ind_active></row>
<row><id_poblacion type="int" >14735</id_poblacion><id_prov type="smallint" >2527</id_prov><name_pob type="varchar"  label="City">Tishomingo</name_pob><ind_active type="tinyint"  label="Active">1</ind_active></row>
<row><id_poblacion type="int" >14736</id_poblacion><id_prov type="smallint" >2528</id_prov><name_pob type="varchar"  label="City">Toccoa</name_pob><ind_active type="tinyint"  label="Active">1</ind_active></row>
<row><id_poblacion type="int" >14737</id_poblacion><id_prov type="smallint" >2528</id_prov><name_pob type="varchar"  label="City">Duncan</name_pob><ind_active type="tinyint"  label="Active">1</ind_active></row>
<row><id_poblacion type="int" >14738</id_poblacion><id_prov type="smallint" >2528</id_prov><name_pob type="varchar"  label="City">Breckenridg</name_pob><ind_active type="tinyint"  label="Active">1</ind_active></row>
<row><id_poblacion type="int" >14739</id_poblacion><id_prov type="smallint" >2529</id_prov><name_pob type="varchar"  label="City">Larned</name_pob><ind_active type="tinyint"  label="Active">1</ind_active></row>
<row><id_poblacion type="int" >14740</id_poblacion><id_prov type="smallint" >2529</id_prov><name_pob type="varchar"  label="City">Pawnee City</name_pob><ind_active type="tinyint"  label="Active">1</ind_active></row>
<row><id_poblacion type="int" >14741</id_poblacion><id_prov type="smallint" >2529</id_prov><name_pob type="varchar"  label="City">Pawnee</name_pob><ind_active type="tinyint"  label="Active">1</ind_active></row>
<row><id_poblacion type="int" >14742</id_poblacion><id_prov type="smallint" >2530</id_prov><name_pob type="varchar"  label="City">Okmulgee</name_pob><ind_active type="tinyint"  label="Active">1</ind_active></row>
<row><id_poblacion type="int" >14743</id_poblacion><id_prov type="smallint" >2531</id_prov><name_pob type="varchar"  label="City">Oklahoma Ci</name_pob><ind_active type="tinyint"  label="Active">1</ind_active></row>
<row><id_poblacion type="int" >14744</id_poblacion><id_prov type="smallint" >2532</id_prov><name_pob type="varchar"  label="City">Okemah</name_pob><ind_active type="tinyint"  label="Active">1</ind_active></row>
<row><id_poblacion type="int" >14745</id_poblacion><id_prov type="smallint" >2533</id_prov><name_pob type="varchar"  label="City">Boulder</name_pob><ind_active type="tinyint"  label="Active">1</ind_active></row>
<row><id_poblacion type="int" >14746</id_poblacion><id_prov type="smallint" >2533</id_prov><name_pob type="varchar"  label="City">Fairbury</name_pob><ind_active type="tinyint"  label="Active">1</ind_active></row>
<row><id_poblacion type="int" >14747</id_poblacion><id_prov type="smallint" >2533</id_prov><name_pob type="varchar"  label="City">Watertown</name_pob><ind_active type="tinyint"  label="Active">1</ind_active></row>
<row><id_poblacion type="int" >14748</id_poblacion><id_prov type="smallint" >2533</id_prov><name_pob type="varchar"  label="City">Steubenvill</name_pob><ind_active type="tinyint"  label="Active">1</ind_active></row>
<row><id_poblacion type="int" >14749</id_poblacion><id_prov type="smallint" >2533</id_prov><name_pob type="varchar"  label="City">Waurika</name_pob><ind_active type="tinyint"  label="Active">1</ind_active></row>
<row><id_poblacion type="int" >14750</id_poblacion><id_prov type="smallint" >2533</id_prov><name_pob type="varchar"  label="City">Madras</name_pob><ind_active type="tinyint"  label="Active">1</ind_active></row>
<row><id_poblacion type="int" >14751</id_poblacion><id_prov type="smallint" >2533</id_prov><name_pob type="varchar"  label="City">Brookville</name_pob><ind_active type="tinyint"  label="Active">1</ind_active></row>
<row><id_poblacion type="int" >14752</id_poblacion><id_prov type="smallint" >2533</id_prov><name_pob type="varchar"  label="City">Beaumont</name_pob><ind_active type="tinyint"  label="Active">1</ind_active></row>
<row><id_poblacion type="int" >14753</id_poblacion><id_prov type="smallint" >2533</id_prov><name_pob type="varchar"  label="City">Port Townse</name_pob><ind_active type="tinyint"  label="Active">1</ind_active></row>
<row><id_poblacion type="int" >14754</id_poblacion><id_prov type="smallint" >2533</id_prov><name_pob type="varchar"  label="City">Jefferson</name_pob><ind_active type="tinyint"  label="Active">1</ind_active></row>
<row><id_poblacion type="int" >14755</id_poblacion><id_prov type="smallint" >2533</id_prov><name_pob type="varchar"  label="City">Fayette</name_pob><ind_active type="tinyint"  label="Active">1</ind_active></row>
<row><id_poblacion type="int" >14756</id_poblacion><id_prov type="smallint" >2533</id_prov><name_pob type="varchar"  label="City">Dandridge</name_pob><ind_active type="tinyint"  label="Active">1</ind_active></row>
<row><id_poblacion type="int" >14757</id_poblacion><id_prov type="smallint" >2533</id_prov><name_pob type="varchar"  label="City">Hillsboro</name_pob><ind_active type="tinyint"  label="Active">1</ind_active></row>
<row><id_poblacion type="int" >14758</id_poblacion><id_prov type="smallint" >2533</id_prov><name_pob type="varchar"  label="City">Gretna</name_pob><ind_active type="tinyint"  label="Active">1</ind_active></row>
<row><id_poblacion type="int" >14760</id_poblacion><id_prov type="smallint" >2533</id_prov><name_pob type="varchar"  label="City">Oskaloosa</name_pob><ind_active type="tinyint"  label="Active">1</ind_active></row>
<row><id_poblacion type="int" >14761</id_poblacion><id_prov type="smallint" >2533</id_prov><name_pob type="varchar"  label="City">Madison</name_pob><ind_active type="tinyint"  label="Active">1</ind_active></row>
<row><id_poblacion type="int" >14762</id_poblacion><id_prov type="smallint" >2533</id_prov><name_pob type="varchar"  label="City">Mount Verno</name_pob><ind_active type="tinyint"  label="Active">1</ind_active></row>
<row><id_poblacion type="int" >14763</id_poblacion><id_prov type="smallint" >2533</id_prov><name_pob type="varchar"  label="City">Rigby</name_pob><ind_active type="tinyint"  label="Active">1</ind_active></row>
<row><id_poblacion type="int" >14764</id_poblacion><id_prov type="smallint" >2533</id_prov><name_pob type="varchar"  label="City">Fairfield</name_pob><ind_active type="tinyint"  label="Active">1</ind_active></row>
<row><id_poblacion type="int" >14766</id_poblacion><id_prov type="smallint" >2533</id_prov><name_pob type="varchar"  label="City">Monticello</name_pob><ind_active type="tinyint"  label="Active">1</ind_active></row>
<row><id_poblacion type="int" >14767</id_poblacion><id_prov type="smallint" >2533</id_prov><name_pob type="varchar"  label="City">Golden</name_pob><ind_active type="tinyint"  label="Active">1</ind_active></row>
<row><id_poblacion type="int" >14768</id_poblacion><id_prov type="smallint" >2533</id_prov><name_pob type="varchar"  label="City">Birmingham</name_pob><ind_active type="tinyint"  label="Active">1</ind_active></row>
<row><id_poblacion type="int" >14769</id_poblacion><id_prov type="smallint" >2533</id_prov><name_pob type="varchar"  label="City">Charles Tow</name_pob><ind_active type="tinyint"  label="Active">1</ind_active></row>
<row><id_poblacion type="int" >14770</id_poblacion><id_prov type="smallint" >2533</id_prov><name_pob type="varchar"  label="City">Pine Bluff</name_pob><ind_active type="tinyint"  label="Active">1</ind_active></row>
<row><id_poblacion type="int" >14771</id_poblacion><id_prov type="smallint" >2534</id_prov><name_pob type="varchar"  label="City">Coldwater</name_pob><ind_active type="tinyint"  label="Active">1</ind_active></row>
<row><id_poblacion type="int" >14772</id_poblacion><id_prov type="smallint" >2534</id_prov><name_pob type="varchar"  label="City">Lawton</name_pob><ind_active type="tinyint"  label="Active">1</ind_active></row>
<row><id_poblacion type="int" >14773</id_poblacion><id_prov type="smallint" >2534</id_prov><name_pob type="varchar"  label="City">Comanche</name_pob><ind_active type="tinyint"  label="Active">1</ind_active></row>
<row><id_poblacion type="int" >14774</id_poblacion><id_prov type="smallint" >2535</id_prov><name_pob type="varchar"  label="City">Albion</name_pob><ind_active type="tinyint"  label="Active">1</ind_active></row>
<row><id_poblacion type="int" >14775</id_poblacion><id_prov type="smallint" >2535</id_prov><name_pob type="varchar"  label="City">Caldwell</name_pob><ind_active type="tinyint"  label="Active">1</ind_active></row>
<row><id_poblacion type="int" >14776</id_poblacion><id_prov type="smallint" >2535</id_prov><name_pob type="varchar"  label="City">Perry</name_pob><ind_active type="tinyint"  label="Active">1</ind_active></row>
<row><id_poblacion type="int" >14777</id_poblacion><id_prov type="smallint" >2536</id_prov><name_pob type="varchar"  label="City">Sublette</name_pob><ind_active type="tinyint"  label="Active">1</ind_active></row>
<row><id_poblacion type="int" >14778</id_poblacion><id_prov type="smallint" >2536</id_prov><name_pob type="varchar"  label="City">Stigler</name_pob><ind_active type="tinyint"  label="Active">1</ind_active></row>
<row><id_poblacion type="int" >14779</id_poblacion><id_prov type="smallint" >2536</id_prov><name_pob type="varchar"  label="City">Haskell</name_pob><ind_active type="tinyint"  label="Active">1</ind_active></row>
<row><id_poblacion type="int" >14780</id_poblacion><id_prov type="smallint" >2537</id_prov><name_pob type="varchar"  label="City">Marietta</name_pob><ind_active type="tinyint"  label="Active">1</ind_active></row>
<row><id_poblacion type="int" >14781</id_poblacion><id_prov type="smallint" >2538</id_prov><name_pob type="varchar"  label="City">Sanford</name_pob><ind_active type="tinyint"  label="Active">1</ind_active></row>
<row><id_poblacion type="int" >14782</id_poblacion><id_prov type="smallint" >2538</id_prov><name_pob type="varchar"  label="City">Donalsonvil</name_pob><ind_active type="tinyint"  label="Active">1</ind_active></row>
<row><id_poblacion type="int" >14783</id_poblacion><id_prov type="smallint" >2538</id_prov><name_pob type="varchar"  label="City">Wewoka</name_pob><ind_active type="tinyint"  label="Active">1</ind_active></row>
<row><id_poblacion type="int" >14784</id_poblacion><id_prov type="smallint" >2539</id_prov><name_pob type="varchar"  label="City">Nowata</name_pob><ind_active type="tinyint"  label="Active">1</ind_active></row>
<row><id_poblacion type="int" >14785</id_poblacion><id_prov type="smallint" >2540</id_prov><name_pob type="varchar"  label="City">Glenwood Sp</name_pob><ind_active type="tinyint"  label="Active">1</ind_active></row>
<row><id_poblacion type="int" >14786</id_poblacion><id_prov type="smallint" >2540</id_prov><name_pob type="varchar"  label="City">Jordan</name_pob><ind_active type="tinyint"  label="Active">1</ind_active></row>
<row><id_poblacion type="int" >14787</id_poblacion><id_prov type="smallint" >2540</id_prov><name_pob type="varchar"  label="City">Burwell</name_pob><ind_active type="tinyint"  label="Active">1</ind_active></row>
<row><id_poblacion type="int" >14788</id_poblacion><id_prov type="smallint" >2540</id_prov><name_pob type="varchar"  label="City">Enid</name_pob><ind_active type="tinyint"  label="Active">1</ind_active></row>
<row><id_poblacion type="int" >14789</id_poblacion><id_prov type="smallint" >2540</id_prov><name_pob type="varchar"  label="City">Panguitch</name_pob><ind_active type="tinyint"  label="Active">1</ind_active></row>
<row><id_poblacion type="int" >14790</id_poblacion><id_prov type="smallint" >2540</id_prov><name_pob type="varchar"  label="City">Pomeroy</name_pob><ind_active type="tinyint"  label="Active">1</ind_active></row>
<row><id_poblacion type="int" >14791</id_poblacion><id_prov type="smallint" >2541</id_prov><name_pob type="varchar"  label="City">Cairo</name_pob><ind_active type="tinyint"  label="Active">1</ind_active></row>
<row><id_poblacion type="int" >14792</id_poblacion><id_prov type="smallint" >2541</id_prov><name_pob type="varchar"  label="City">Chickasha</name_pob><ind_active type="tinyint"  label="Active">1</ind_active></row>
<row><id_poblacion type="int" >14793</id_poblacion><id_prov type="smallint" >2542</id_prov><name_pob type="varchar"  label="City">Gaffney</name_pob><ind_active type="tinyint"  label="Active">1</ind_active></row>
<row><id_poblacion type="int" >14794</id_poblacion><id_prov type="smallint" >2542</id_prov><name_pob type="varchar"  label="City">Rusk</name_pob><ind_active type="tinyint"  label="Active">1</ind_active></row>
<row><id_poblacion type="int" >14795</id_poblacion><id_prov type="smallint" >2542</id_prov><name_pob type="varchar"  label="City">Tahlequah</name_pob><ind_active type="tinyint"  label="Active">1</ind_active></row>
<row><id_poblacion type="int" >14796</id_poblacion><id_prov type="smallint" >2542</id_prov><name_pob type="varchar"  label="City">Murphy</name_pob><ind_active type="tinyint"  label="Active">1</ind_active></row>
<row><id_poblacion type="int" >14797</id_poblacion><id_prov type="smallint" >2542</id_prov><name_pob type="varchar"  label="City">Columbus</name_pob><ind_active type="tinyint"  label="Active">1</ind_active></row>
<row><id_poblacion type="int" >14798</id_poblacion><id_prov type="smallint" >2542</id_prov><name_pob type="varchar"  label="City">Cherokee</name_pob><ind_active type="tinyint"  label="Active">1</ind_active></row>
<row><id_poblacion type="int" >14799</id_poblacion><id_prov type="smallint" >2542</id_prov><name_pob type="varchar"  label="City">Canton</name_pob><ind_active type="tinyint"  label="Active">1</ind_active></row>
<row><id_poblacion type="int" >14800</id_poblacion><id_prov type="smallint" >2542</id_prov><name_pob type="varchar"  label="City">Centre</name_pob><ind_active type="tinyint"  label="Active">1</ind_active></row>
<row><id_poblacion type="int" >14801</id_poblacion><id_prov type="smallint" >2543</id_prov><name_pob type="varchar"  label="City">Napoleon</name_pob><ind_active type="tinyint"  label="Active">1</ind_active></row>
<row><id_poblacion type="int" >14802</id_poblacion><id_prov type="smallint" >2543</id_prov><name_pob type="varchar"  label="City">Logan</name_pob><ind_active type="tinyint"  label="Active">1</ind_active></row>
<row><id_poblacion type="int" >14803</id_poblacion><id_prov type="smallint" >2543</id_prov><name_pob type="varchar"  label="City">Guthrie</name_pob><ind_active type="tinyint"  label="Active">1</ind_active></row>
<row><id_poblacion type="int" >14804</id_poblacion><id_prov type="smallint" >2543</id_prov><name_pob type="varchar"  label="City">Stapleton</name_pob><ind_active type="tinyint"  label="Active">1</ind_active></row>
<row><id_poblacion type="int" >14805</id_poblacion><id_prov type="smallint" >2543</id_prov><name_pob type="varchar"  label="City">Russellvill</name_pob><ind_active type="tinyint"  label="Active">1</ind_active></row>
<row><id_poblacion type="int" >14806</id_poblacion><id_prov type="smallint" >2543</id_prov><name_pob type="varchar"  label="City">Oakley</name_pob><ind_active type="tinyint"  label="Active">1</ind_active></row>
<row><id_poblacion type="int" >14807</id_poblacion><id_prov type="smallint" >2543</id_prov><name_pob type="varchar"  label="City">Lincoln</name_pob><ind_active type="tinyint"  label="Active">1</ind_active></row>
<row><id_poblacion type="int" >14808</id_poblacion><id_prov type="smallint" >2543</id_prov><name_pob type="varchar"  label="City">Sterling</name_pob><ind_active type="tinyint"  label="Active">1</ind_active></row>
<row><id_poblacion type="int" >14809</id_poblacion><id_prov type="smallint" >2543</id_prov><name_pob type="varchar"  label="City">Booneville,</name_pob><ind_active type="tinyint"  label="Active">1</ind_active></row>
<row><id_poblacion type="int" >14810</id_poblacion><id_prov type="smallint" >2543</id_prov><name_pob type="varchar"  label="City">Bellefontai</name_pob><ind_active type="tinyint"  label="Active">1</ind_active></row>
<row><id_poblacion type="int" >14811</id_poblacion><id_prov type="smallint" >2544</id_prov><name_pob type="varchar"  label="City">North Platt</name_pob><ind_active type="tinyint"  label="Active">1</ind_active></row>
<row><id_poblacion type="int" >14812</id_poblacion><id_prov type="smallint" >2544</id_prov><name_pob type="varchar"  label="City">Kemmerer</name_pob><ind_active type="tinyint"  label="Active">1</ind_active></row>
<row><id_poblacion type="int" >14813</id_poblacion><id_prov type="smallint" >2544</id_prov><name_pob type="varchar"  label="City">Hamlin</name_pob><ind_active type="tinyint"  label="Active">1</ind_active></row>
<row><id_poblacion type="int" >14814</id_poblacion><id_prov type="smallint" >2544</id_prov><name_pob type="varchar"  label="City">Merrill</name_pob><ind_active type="tinyint"  label="Active">1</ind_active></row>
<row><id_poblacion type="int" >14815</id_poblacion><id_prov type="smallint" >2544</id_prov><name_pob type="varchar"  label="City">Davenport</name_pob><ind_active type="tinyint"  label="Active">1</ind_active></row>
<row><id_poblacion type="int" >14816</id_poblacion><id_prov type="smallint" >2544</id_prov><name_pob type="varchar"  label="City">Fayettevill</name_pob><ind_active type="tinyint"  label="Active">1</ind_active></row>
<row><id_poblacion type="int" >14817</id_poblacion><id_prov type="smallint" >2544</id_prov><name_pob type="varchar"  label="City">Canton</name_pob><ind_active type="tinyint"  label="Active">1</ind_active></row>
<row><id_poblacion type="int" >14818</id_poblacion><id_prov type="smallint" >2544</id_prov><name_pob type="varchar"  label="City">Newport</name_pob><ind_active type="tinyint"  label="Active">1</ind_active></row>
<row><id_poblacion type="int" >14819</id_poblacion><id_prov type="smallint" >2544</id_prov><name_pob type="varchar"  label="City">Chandler</name_pob><ind_active type="tinyint"  label="Active">1</ind_active></row>
<row><id_poblacion type="int" >14820</id_poblacion><id_prov type="smallint" >2544</id_prov><name_pob type="varchar"  label="City">Pioche</name_pob><ind_active type="tinyint"  label="Active">1</ind_active></row>
<row><id_poblacion type="int" >14821</id_poblacion><id_prov type="smallint" >2544</id_prov><name_pob type="varchar"  label="City">Carrizozo</name_pob><ind_active type="tinyint"  label="Active">1</ind_active></row>
<row><id_poblacion type="int" >14822</id_poblacion><id_prov type="smallint" >2544</id_prov><name_pob type="varchar"  label="City">Wiscasset</name_pob><ind_active type="tinyint"  label="Active">1</ind_active></row>
<row><id_poblacion type="int" >14825</id_poblacion><id_prov type="smallint" >2544</id_prov><name_pob type="varchar"  label="City">Hugo</name_pob><ind_active type="tinyint"  label="Active">1</ind_active></row>
<row><id_poblacion type="int" >14826</id_poblacion><id_prov type="smallint" >2544</id_prov><name_pob type="varchar"  label="City">Shoshone</name_pob><ind_active type="tinyint"  label="Active">1</ind_active></row>
<row><id_poblacion type="int" >14827</id_poblacion><id_prov type="smallint" >2544</id_prov><name_pob type="varchar"  label="City">Lincoln</name_pob><ind_active type="tinyint"  label="Active">1</ind_active></row>
<row><id_poblacion type="int" >14828</id_poblacion><id_prov type="smallint" >2544</id_prov><name_pob type="varchar"  label="City">Stanford</name_pob><ind_active type="tinyint"  label="Active">1</ind_active></row>
<row><id_poblacion type="int" >14829</id_poblacion><id_prov type="smallint" >2544</id_prov><name_pob type="varchar"  label="City">Troy</name_pob><ind_active type="tinyint"  label="Active">1</ind_active></row>
<row><id_poblacion type="int" >14830</id_poblacion><id_prov type="smallint" >2544</id_prov><name_pob type="varchar"  label="City">Ivanhoe</name_pob><ind_active type="tinyint"  label="Active">1</ind_active></row>
<row><id_poblacion type="int" >14831</id_poblacion><id_prov type="smallint" >2544</id_prov><name_pob type="varchar"  label="City">Star City</name_pob><ind_active type="tinyint"  label="Active">1</ind_active></row>
<row><id_poblacion type="int" >14832</id_poblacion><id_prov type="smallint" >2544</id_prov><name_pob type="varchar"  label="City">Brookhaven</name_pob><ind_active type="tinyint"  label="Active">1</ind_active></row>
<row><id_poblacion type="int" >14833</id_poblacion><id_prov type="smallint" >2544</id_prov><name_pob type="varchar"  label="City">Libby</name_pob><ind_active type="tinyint"  label="Active">1</ind_active></row>
<row><id_poblacion type="int" >14834</id_poblacion><id_prov type="smallint" >2544</id_prov><name_pob type="varchar"  label="City">Ruston</name_pob><ind_active type="tinyint"  label="Active">1</ind_active></row>
<row><id_poblacion type="int" >14835</id_poblacion><id_prov type="smallint" >2545</id_prov><name_pob type="varchar"  label="City">Pauls Valle</name_pob><ind_active type="tinyint"  label="Active">1</ind_active></row>
<row><id_poblacion type="int" >14837</id_poblacion><id_prov type="smallint" >2546</id_prov><name_pob type="varchar"  label="City">Edna</name_pob><ind_active type="tinyint"  label="Active">1</ind_active></row>
<row><id_poblacion type="int" >14838</id_poblacion><id_prov type="smallint" >2546</id_prov><name_pob type="varchar"  label="City">Gainesboro</name_pob><ind_active type="tinyint"  label="Active">1</ind_active></row>
<row><id_poblacion type="int" >14839</id_poblacion><id_prov type="smallint" >2546</id_prov><name_pob type="varchar"  label="City">Kadoka</name_pob><ind_active type="tinyint"  label="Active">1</ind_active></row>
<row><id_poblacion type="int" >14840</id_poblacion><id_prov type="smallint" >2546</id_prov><name_pob type="varchar"  label="City">Medford</name_pob><ind_active type="tinyint"  label="Active">1</ind_active></row>
<row><id_poblacion type="int" >14841</id_poblacion><id_prov type="smallint" >2546</id_prov><name_pob type="varchar"  label="City">Sylva</name_pob><ind_active type="tinyint"  label="Active">1</ind_active></row>
<row><id_poblacion type="int" >14843</id_poblacion><id_prov type="smallint" >2546</id_prov><name_pob type="varchar"  label="City">Ripley</name_pob><ind_active type="tinyint"  label="Active">1</ind_active></row>
<row><id_poblacion type="int" >14844</id_poblacion><id_prov type="smallint" >2546</id_prov><name_pob type="varchar"  label="City">Pascagoula</name_pob><ind_active type="tinyint"  label="Active">1</ind_active></row>
<row><id_poblacion type="int" >14845</id_poblacion><id_prov type="smallint" >2546</id_prov><name_pob type="varchar"  label="City">Independenc</name_pob><ind_active type="tinyint"  label="Active">1</ind_active></row>
<row><id_poblacion type="int" >14846</id_poblacion><id_prov type="smallint" >2546</id_prov><name_pob type="varchar"  label="City">Black River</name_pob><ind_active type="tinyint"  label="Active">1</ind_active></row>
<row><id_poblacion type="int" >14847</id_poblacion><id_prov type="smallint" >2546</id_prov><name_pob type="varchar"  label="City">Marianna</name_pob><ind_active type="tinyint"  label="Active">1</ind_active></row>
<row><id_poblacion type="int" >14849</id_poblacion><id_prov type="smallint" >2546</id_prov><name_pob type="varchar"  label="City">Altus</name_pob><ind_active type="tinyint"  label="Active">1</ind_active></row>
<row><id_poblacion type="int" >14850</id_poblacion><id_prov type="smallint" >2546</id_prov><name_pob type="varchar"  label="City">Scottsboro</name_pob><ind_active type="tinyint"  label="Active">1</ind_active></row>
<row><id_poblacion type="int" >14851</id_poblacion><id_prov type="smallint" >2546</id_prov><name_pob type="varchar"  label="City">Walden</name_pob><ind_active type="tinyint"  label="Active">1</ind_active></row>
<row><id_poblacion type="int" >14852</id_poblacion><id_prov type="smallint" >2546</id_prov><name_pob type="varchar"  label="City">Jefferson</name_pob><ind_active type="tinyint"  label="Active">1</ind_active></row>
<row><id_poblacion type="int" >14853</id_poblacion><id_prov type="smallint" >2546</id_prov><name_pob type="varchar"  label="City">Maquoketa</name_pob><ind_active type="tinyint"  label="Active">1</ind_active></row>
<row><id_poblacion type="int" >14854</id_poblacion><id_prov type="smallint" >2546</id_prov><name_pob type="varchar"  label="City">Murphysboro</name_pob><ind_active type="tinyint"  label="Active">1</ind_active></row>
<row><id_poblacion type="int" >14855</id_poblacion><id_prov type="smallint" >2546</id_prov><name_pob type="varchar"  label="City">Brownstown</name_pob><ind_active type="tinyint"  label="Active">1</ind_active></row>
<row><id_poblacion type="int" >14856</id_poblacion><id_prov type="smallint" >2546</id_prov><name_pob type="varchar"  label="City">Holton</name_pob><ind_active type="tinyint"  label="Active">1</ind_active></row>
<row><id_poblacion type="int" >14857</id_poblacion><id_prov type="smallint" >2546</id_prov><name_pob type="varchar"  label="City">McKee</name_pob><ind_active type="tinyint"  label="Active">1</ind_active></row>
<row><id_poblacion type="int" >14858</id_poblacion><id_prov type="smallint" >2546</id_prov><name_pob type="varchar"  label="City">Jonesboro</name_pob><ind_active type="tinyint"  label="Active">1</ind_active></row>
<row><id_poblacion type="int" >14859</id_poblacion><id_prov type="smallint" >2546</id_prov><name_pob type="varchar"  label="City">Newport</name_pob><ind_active type="tinyint"  label="Active">1</ind_active></row>
<row><id_poblacion type="int" >14860</id_poblacion><id_prov type="smallint" >2547</id_prov><name_pob type="varchar"  label="City">Rison</name_pob><ind_active type="tinyint"  label="Active">1</ind_active></row>
<row><id_poblacion type="int" >14861</id_poblacion><id_prov type="smallint" >2547</id_prov><name_pob type="varchar"  label="City">Shelby</name_pob><ind_active type="tinyint"  label="Active">1</ind_active></row>
<row><id_poblacion type="int" >14862</id_poblacion><id_prov type="smallint" >2547</id_prov><name_pob type="varchar"  label="City">Norman</name_pob><ind_active type="tinyint"  label="Active">1</ind_active></row>
<row><id_poblacion type="int" >14863</id_poblacion><id_prov type="smallint" >2548</id_prov><name_pob type="varchar"  label="City">Fairview</name_pob><ind_active type="tinyint"  label="Active">1</ind_active></row>
<row><id_poblacion type="int" >14864</id_poblacion><id_prov type="smallint" >2549</id_prov><name_pob type="varchar"  label="City">Beaver</name_pob><ind_active type="tinyint"  label="Active">1</ind_active></row>
<row><id_poblacion type="int" >14867</id_poblacion><id_prov type="smallint" >2550</id_prov><name_pob type="varchar"  label="City">Minneapolis</name_pob><ind_active type="tinyint"  label="Active">1</ind_active></row>
<row><id_poblacion type="int" >14868</id_poblacion><id_prov type="smallint" >2550</id_prov><name_pob type="varchar"  label="City">Grand Haven</name_pob><ind_active type="tinyint"  label="Active">1</ind_active></row>
<row><id_poblacion type="int" >14869</id_poblacion><id_prov type="smallint" >2550</id_prov><name_pob type="varchar"  label="City">Port Clinto</name_pob><ind_active type="tinyint"  label="Active">1</ind_active></row>
<row><id_poblacion type="int" >14870</id_poblacion><id_prov type="smallint" >2550</id_prov><name_pob type="varchar"  label="City">Miami</name_pob><ind_active type="tinyint"  label="Active">1</ind_active></row>
<row><id_poblacion type="int" >14871</id_poblacion><id_prov type="smallint" >2551</id_prov><name_pob type="varchar"  label="City">Purcell</name_pob><ind_active type="tinyint"  label="Active">1</ind_active></row>
<row><id_poblacion type="int" >14872</id_poblacion><id_prov type="smallint" >2552</id_prov><name_pob type="varchar"  label="City">Idabel</name_pob><ind_active type="tinyint"  label="Active">1</ind_active></row>
<row><id_poblacion type="int" >14873</id_poblacion><id_prov type="smallint" >2553</id_prov><name_pob type="varchar"  label="City">Houston</name_pob><ind_active type="tinyint"  label="Active">1</ind_active></row>
<row><id_poblacion type="int" >14874</id_poblacion><id_prov type="smallint" >2553</id_prov><name_pob type="varchar"  label="City">Guymon</name_pob><ind_active type="tinyint"  label="Active">1</ind_active></row>
<row><id_poblacion type="int" >14875</id_poblacion><id_prov type="smallint" >2554</id_prov><name_pob type="varchar"  label="City">Woodward</name_pob><ind_active type="tinyint"  label="Active">1</ind_active></row>
<row><id_poblacion type="int" >14876</id_poblacion><id_prov type="smallint" >2555</id_prov><name_pob type="varchar"  label="City">Lyndon</name_pob><ind_active type="tinyint"  label="Active">1</ind_active></row>
<row><id_poblacion type="int" >14877</id_poblacion><id_prov type="smallint" >2555</id_prov><name_pob type="varchar"  label="City">Linn</name_pob><ind_active type="tinyint"  label="Active">1</ind_active></row>
<row><id_poblacion type="int" >14878</id_poblacion><id_prov type="smallint" >2555</id_prov><name_pob type="varchar"  label="City">Pawhuska</name_pob><ind_active type="tinyint"  label="Active">1</ind_active></row>
<row><id_poblacion type="int" >14879</id_poblacion><id_prov type="smallint" >2556</id_prov><name_pob type="varchar"  label="City">Holdenville</name_pob><ind_active type="tinyint"  label="Active">1</ind_active></row>
<row><id_poblacion type="int" >14880</id_poblacion><id_prov type="smallint" >2556</id_prov><name_pob type="varchar"  label="City">Pierre</name_pob><ind_active type="tinyint"  label="Active">1</ind_active></row>
<row><id_poblacion type="int" >14881</id_poblacion><id_prov type="smallint" >2557</id_prov><name_pob type="varchar"  label="City">Cherokee</name_pob><ind_active type="tinyint"  label="Active">1</ind_active></row>
<row><id_poblacion type="int" >14882</id_poblacion><id_prov type="smallint" >2558</id_prov><name_pob type="varchar"  label="City">Alva</name_pob><ind_active type="tinyint"  label="Active">1</ind_active></row>
<row><id_poblacion type="int" >14883</id_poblacion><id_prov type="smallint" >2559</id_prov><name_pob type="varchar"  label="City">Atoka</name_pob><ind_active type="tinyint"  label="Active">1</ind_active></row>
<row><id_poblacion type="int" >14884</id_poblacion><id_prov type="smallint" >2560</id_prov><name_pob type="varchar"  label="City">Silver City</name_pob><ind_active type="tinyint"  label="Active">1</ind_active></row>
<row><id_poblacion type="int" >14885</id_poblacion><id_prov type="smallint" >2560</id_prov><name_pob type="varchar"  label="City">Sheridan</name_pob><ind_active type="tinyint"  label="Active">1</ind_active></row>
<row><id_poblacion type="int" >14886</id_poblacion><id_prov type="smallint" >2560</id_prov><name_pob type="varchar"  label="City">Lancaster</name_pob><ind_active type="tinyint"  label="Active">1</ind_active></row>
<row><id_poblacion type="int" >14887</id_poblacion><id_prov type="smallint" >2560</id_prov><name_pob type="varchar"  label="City">Petersburg</name_pob><ind_active type="tinyint"  label="Active">1</ind_active></row>
<row><id_poblacion type="int" >14888</id_poblacion><id_prov type="smallint" >2560</id_prov><name_pob type="varchar"  label="City">Ephrata</name_pob><ind_active type="tinyint"  label="Active">1</ind_active></row>
<row><id_poblacion type="int" >14889</id_poblacion><id_prov type="smallint" >2560</id_prov><name_pob type="varchar"  label="City">Milbank</name_pob><ind_active type="tinyint"  label="Active">1</ind_active></row>
<row><id_poblacion type="int" >14890</id_poblacion><id_prov type="smallint" >2560</id_prov><name_pob type="varchar"  label="City">Canyon City</name_pob><ind_active type="tinyint"  label="Active">1</ind_active></row>
<row><id_poblacion type="int" >14891</id_poblacion><id_prov type="smallint" >2560</id_prov><name_pob type="varchar"  label="City">Medford</name_pob><ind_active type="tinyint"  label="Active">1</ind_active></row>
<row><id_poblacion type="int" >14892</id_poblacion><id_prov type="smallint" >2560</id_prov><name_pob type="varchar"  label="City">Carson</name_pob><ind_active type="tinyint"  label="Active">1</ind_active></row>
<row><id_poblacion type="int" >14893</id_poblacion><id_prov type="smallint" >2560</id_prov><name_pob type="varchar"  label="City">Elbow Lake</name_pob><ind_active type="tinyint"  label="Active">1</ind_active></row>
<row><id_poblacion type="int" >14894</id_poblacion><id_prov type="smallint" >2560</id_prov><name_pob type="varchar"  label="City">Colfax</name_pob><ind_active type="tinyint"  label="Active">1</ind_active></row>
<row><id_poblacion type="int" >14895</id_poblacion><id_prov type="smallint" >2560</id_prov><name_pob type="varchar"  label="City">Williamstow</name_pob><ind_active type="tinyint"  label="Active">1</ind_active></row>
<row><id_poblacion type="int" >14896</id_poblacion><id_prov type="smallint" >2560</id_prov><name_pob type="varchar"  label="City">Marion</name_pob><ind_active type="tinyint"  label="Active">1</ind_active></row>
<row><id_poblacion type="int" >14897</id_poblacion><id_prov type="smallint" >2560</id_prov><name_pob type="varchar"  label="City">Ulysses</name_pob><ind_active type="tinyint"  label="Active">1</ind_active></row>
<row><id_poblacion type="int" >14898</id_poblacion><id_prov type="smallint" >2560</id_prov><name_pob type="varchar"  label="City">Hyannis</name_pob><ind_active type="tinyint"  label="Active">1</ind_active></row>
<row><id_poblacion type="int" >14899</id_poblacion><id_prov type="smallint" >2561</id_prov><name_pob type="varchar"  label="City">Poteau</name_pob><ind_active type="tinyint"  label="Active">1</ind_active></row>
<row><id_poblacion type="int" >14900</id_poblacion><id_prov type="smallint" >2562</id_prov><name_pob type="varchar"  label="City">Manchester</name_pob><ind_active type="tinyint"  label="Active">1</ind_active></row>
<row><id_poblacion type="int" >14901</id_poblacion><id_prov type="smallint" >2562</id_prov><name_pob type="varchar"  label="City">Muncie</name_pob><ind_active type="tinyint"  label="Active">1</ind_active></row>
<row><id_poblacion type="int" >14902</id_poblacion><id_prov type="smallint" >2562</id_prov><name_pob type="varchar"  label="City">Delhi</name_pob><ind_active type="tinyint"  label="Active">1</ind_active></row>
<row><id_poblacion type="int" >14903</id_poblacion><id_prov type="smallint" >2562</id_prov><name_pob type="varchar"  label="City">Delaware</name_pob><ind_active type="tinyint"  label="Active">1</ind_active></row>
<row><id_poblacion type="int" >14904</id_poblacion><id_prov type="smallint" >2562</id_prov><name_pob type="varchar"  label="City">Jay</name_pob><ind_active type="tinyint"  label="Active">1</ind_active></row>
<row><id_poblacion type="int" >14905</id_poblacion><id_prov type="smallint" >2562</id_prov><name_pob type="varchar"  label="City">Media</name_pob><ind_active type="tinyint"  label="Active">1</ind_active></row>
</poblacion>
</root>