<?xml version="1.0" encoding="UTF-8"?>
<root>
<poblacion>
<row><id_poblacion type="int" >14906</id_poblacion><id_prov type="smallint" >2563</id_prov><name_pob type="varchar"  label="City">Goodland</name_pob><ind_active type="tinyint"  label="Active">1</ind_active></row>
<row><id_poblacion type="int" >14907</id_poblacion><id_prov type="smallint" >2563</id_prov><name_pob type="varchar"  label="City">Loup City</name_pob><ind_active type="tinyint"  label="Active">1</ind_active></row>
<row><id_poblacion type="int" >14908</id_poblacion><id_prov type="smallint" >2563</id_prov><name_pob type="varchar"  label="City">Moro</name_pob><ind_active type="tinyint"  label="Active">1</ind_active></row>
<row><id_poblacion type="int" >14909</id_poblacion><id_prov type="smallint" >2563</id_prov><name_pob type="varchar"  label="City">Stratford</name_pob><ind_active type="tinyint"  label="Active">1</ind_active></row>
<row><id_poblacion type="int" >14910</id_poblacion><id_prov type="smallint" >2564</id_prov><name_pob type="varchar"  label="City">Mound City</name_pob><ind_active type="tinyint"  label="Active">1</ind_active></row>
<row><id_poblacion type="int" >14911</id_poblacion><id_prov type="smallint" >2564</id_prov><name_pob type="varchar"  label="City">Cedar Rapid</name_pob><ind_active type="tinyint"  label="Active">1</ind_active></row>
<row><id_poblacion type="int" >14912</id_poblacion><id_prov type="smallint" >2564</id_prov><name_pob type="varchar"  label="City">Linneus</name_pob><ind_active type="tinyint"  label="Active">1</ind_active></row>
<row><id_poblacion type="int" >14913</id_poblacion><id_prov type="smallint" >2564</id_prov><name_pob type="varchar"  label="City">Albany</name_pob><ind_active type="tinyint"  label="Active">1</ind_active></row>
<row><id_poblacion type="int" >14914</id_poblacion><id_prov type="smallint" >2565</id_prov><name_pob type="varchar"  label="City">Heppner</name_pob><ind_active type="tinyint"  label="Active">1</ind_active></row>
<row><id_poblacion type="int" >14915</id_poblacion><id_prov type="smallint" >2565</id_prov><name_pob type="varchar"  label="City">Mount Gilea</name_pob><ind_active type="tinyint"  label="Active">1</ind_active></row>
<row><id_poblacion type="int" >14916</id_poblacion><id_prov type="smallint" >2566</id_prov><name_pob type="varchar"  label="City">Tillamook</name_pob><ind_active type="tinyint"  label="Active">1</ind_active></row>
<row><id_poblacion type="int" >14917</id_poblacion><id_prov type="smallint" >2567</id_prov><name_pob type="varchar"  label="City">Dighton</name_pob><ind_active type="tinyint"  label="Active">1</ind_active></row>
<row><id_poblacion type="int" >14918</id_poblacion><id_prov type="smallint" >2567</id_prov><name_pob type="varchar"  label="City">Eugene</name_pob><ind_active type="tinyint"  label="Active">1</ind_active></row>
<row><id_poblacion type="int" >14919</id_poblacion><id_prov type="smallint" >2568</id_prov><name_pob type="varchar"  label="City">Macclenny</name_pob><ind_active type="tinyint"  label="Active">1</ind_active></row>
<row><id_poblacion type="int" >14920</id_poblacion><id_prov type="smallint" >2568</id_prov><name_pob type="varchar"  label="City">Newton</name_pob><ind_active type="tinyint"  label="Active">1</ind_active></row>
<row><id_poblacion type="int" >14921</id_poblacion><id_prov type="smallint" >2568</id_prov><name_pob type="varchar"  label="City">Baker</name_pob><ind_active type="tinyint"  label="Active">1</ind_active></row>
<row><id_poblacion type="int" >14923</id_poblacion><id_prov type="smallint" >2569</id_prov><name_pob type="varchar"  label="City">Fairmont</name_pob><ind_active type="tinyint"  label="Active">1</ind_active></row>
<row><id_poblacion type="int" >14924</id_poblacion><id_prov type="smallint" >2569</id_prov><name_pob type="varchar"  label="City">Jefferson</name_pob><ind_active type="tinyint"  label="Active">1</ind_active></row>
<row><id_poblacion type="int" >14925</id_poblacion><id_prov type="smallint" >2569</id_prov><name_pob type="varchar"  label="City">Hamilton</name_pob><ind_active type="tinyint"  label="Active">1</ind_active></row>
<row><id_poblacion type="int" >14928</id_poblacion><id_prov type="smallint" >2569</id_prov><name_pob type="varchar"  label="City">Columbia</name_pob><ind_active type="tinyint"  label="Active">1</ind_active></row>
<row><id_poblacion type="int" >14929</id_poblacion><id_prov type="smallint" >2569</id_prov><name_pob type="varchar"  label="City">Palmyra</name_pob><ind_active type="tinyint"  label="Active">1</ind_active></row>
<row><id_poblacion type="int" >14931</id_poblacion><id_prov type="smallint" >2569</id_prov><name_pob type="varchar"  label="City">Indianapoli</name_pob><ind_active type="tinyint"  label="Active">1</ind_active></row>
<row><id_poblacion type="int" >14933</id_poblacion><id_prov type="smallint" >2569</id_prov><name_pob type="varchar"  label="City">Knoxville</name_pob><ind_active type="tinyint"  label="Active">1</ind_active></row>
<row><id_poblacion type="int" >14934</id_poblacion><id_prov type="smallint" >2569</id_prov><name_pob type="varchar"  label="City">Buena Vista</name_pob><ind_active type="tinyint"  label="Active">1</ind_active></row>
<row><id_poblacion type="int" >14935</id_poblacion><id_prov type="smallint" >2569</id_prov><name_pob type="varchar"  label="City">Ocala</name_pob><ind_active type="tinyint"  label="Active">1</ind_active></row>
<row><id_poblacion type="int" >14936</id_poblacion><id_prov type="smallint" >2569</id_prov><name_pob type="varchar"  label="City">Yellville</name_pob><ind_active type="tinyint"  label="Active">1</ind_active></row>
<row><id_poblacion type="int" >14937</id_poblacion><id_prov type="smallint" >2569</id_prov><name_pob type="varchar"  label="City">Lebanon</name_pob><ind_active type="tinyint"  label="Active">1</ind_active></row>
<row><id_poblacion type="int" >14938</id_poblacion><id_prov type="smallint" >2569</id_prov><name_pob type="varchar"  label="City">Jasper</name_pob><ind_active type="tinyint"  label="Active">1</ind_active></row>
<row><id_poblacion type="int" >14939</id_poblacion><id_prov type="smallint" >2570</id_prov><name_pob type="varchar"  label="City">Bend</name_pob><ind_active type="tinyint"  label="Active">1</ind_active></row>
<row><id_poblacion type="int" >14940</id_poblacion><id_prov type="smallint" >2571</id_prov><name_pob type="varchar"  label="City">Ashland</name_pob><ind_active type="tinyint"  label="Active">1</ind_active></row>
<row><id_poblacion type="int" >14941</id_poblacion><id_prov type="smallint" >2571</id_prov><name_pob type="varchar"  label="City">Prosser</name_pob><ind_active type="tinyint"  label="Active">1</ind_active></row>
<row><id_poblacion type="int" >14942</id_poblacion><id_prov type="smallint" >2571</id_prov><name_pob type="varchar"  label="City">Corvallis</name_pob><ind_active type="tinyint"  label="Active">1</ind_active></row>
<row><id_poblacion type="int" >14943</id_poblacion><id_prov type="smallint" >2571</id_prov><name_pob type="varchar"  label="City">Warsaw</name_pob><ind_active type="tinyint"  label="Active">1</ind_active></row>
<row><id_poblacion type="int" >14944</id_poblacion><id_prov type="smallint" >2571</id_prov><name_pob type="varchar"  label="City">Foley</name_pob><ind_active type="tinyint"  label="Active">1</ind_active></row>
<row><id_poblacion type="int" >14945</id_poblacion><id_prov type="smallint" >2571</id_prov><name_pob type="varchar"  label="City">Fowler</name_pob><ind_active type="tinyint"  label="Active">1</ind_active></row>
<row><id_poblacion type="int" >14946</id_poblacion><id_prov type="smallint" >2571</id_prov><name_pob type="varchar"  label="City">Vinton</name_pob><ind_active type="tinyint"  label="Active">1</ind_active></row>
<row><id_poblacion type="int" >14947</id_poblacion><id_prov type="smallint" >2571</id_prov><name_pob type="varchar"  label="City">Bentonville</name_pob><ind_active type="tinyint"  label="Active">1</ind_active></row>
<row><id_poblacion type="int" >14948</id_poblacion><id_prov type="smallint" >2571</id_prov><name_pob type="varchar"  label="City">Camden</name_pob><ind_active type="tinyint"  label="Active">1</ind_active></row>
<row><id_poblacion type="int" >14949</id_poblacion><id_prov type="smallint" >2572</id_prov><name_pob type="varchar"  label="City">Klamath Fal</name_pob><ind_active type="tinyint"  label="Active">1</ind_active></row>
<row><id_poblacion type="int" >14950</id_poblacion><id_prov type="smallint" >2573</id_prov><name_pob type="varchar"  label="City">Pendleton</name_pob><ind_active type="tinyint"  label="Active">1</ind_active></row>
<row><id_poblacion type="int" >14951</id_poblacion><id_prov type="smallint" >2574</id_prov><name_pob type="varchar"  label="City">Monroe</name_pob><ind_active type="tinyint"  label="Active">1</ind_active></row>
<row><id_poblacion type="int" >14952</id_poblacion><id_prov type="smallint" >2574</id_prov><name_pob type="varchar"  label="City">Maynardvill</name_pob><ind_active type="tinyint"  label="Active">1</ind_active></row>
<row><id_poblacion type="int" >14953</id_poblacion><id_prov type="smallint" >2574</id_prov><name_pob type="varchar"  label="City">Elk Point</name_pob><ind_active type="tinyint"  label="Active">1</ind_active></row>
<row><id_poblacion type="int" >14954</id_poblacion><id_prov type="smallint" >2574</id_prov><name_pob type="varchar"  label="City">Union</name_pob><ind_active type="tinyint"  label="Active">1</ind_active></row>
<row><id_poblacion type="int" >14955</id_poblacion><id_prov type="smallint" >2574</id_prov><name_pob type="varchar"  label="City">Lewisburg</name_pob><ind_active type="tinyint"  label="Active">1</ind_active></row>
<row><id_poblacion type="int" >14956</id_poblacion><id_prov type="smallint" >2574</id_prov><name_pob type="varchar"  label="City">La Grande</name_pob><ind_active type="tinyint"  label="Active">1</ind_active></row>
<row><id_poblacion type="int" >14957</id_poblacion><id_prov type="smallint" >2574</id_prov><name_pob type="varchar"  label="City">Marysville</name_pob><ind_active type="tinyint"  label="Active">1</ind_active></row>
<row><id_poblacion type="int" >14958</id_poblacion><id_prov type="smallint" >2574</id_prov><name_pob type="varchar"  label="City">Elizabeth</name_pob><ind_active type="tinyint"  label="Active">1</ind_active></row>
<row><id_poblacion type="int" >14959</id_poblacion><id_prov type="smallint" >2574</id_prov><name_pob type="varchar"  label="City">New Albany</name_pob><ind_active type="tinyint"  label="Active">1</ind_active></row>
<row><id_poblacion type="int" >14960</id_poblacion><id_prov type="smallint" >2574</id_prov><name_pob type="varchar"  label="City">Farmerville</name_pob><ind_active type="tinyint"  label="Active">1</ind_active></row>
<row><id_poblacion type="int" >14961</id_poblacion><id_prov type="smallint" >2574</id_prov><name_pob type="varchar"  label="City">Morganfield</name_pob><ind_active type="tinyint"  label="Active">1</ind_active></row>
<row><id_poblacion type="int" >14962</id_poblacion><id_prov type="smallint" >2574</id_prov><name_pob type="varchar"  label="City">Liberty</name_pob><ind_active type="tinyint"  label="Active">1</ind_active></row>
<row><id_poblacion type="int" >14963</id_poblacion><id_prov type="smallint" >2574</id_prov><name_pob type="varchar"  label="City">Jonesboro</name_pob><ind_active type="tinyint"  label="Active">1</ind_active></row>
<row><id_poblacion type="int" >14964</id_poblacion><id_prov type="smallint" >2574</id_prov><name_pob type="varchar"  label="City">Creston</name_pob><ind_active type="tinyint"  label="Active">1</ind_active></row>
<row><id_poblacion type="int" >14965</id_poblacion><id_prov type="smallint" >2574</id_prov><name_pob type="varchar"  label="City">Blairsville</name_pob><ind_active type="tinyint"  label="Active">1</ind_active></row>
<row><id_poblacion type="int" >14966</id_poblacion><id_prov type="smallint" >2574</id_prov><name_pob type="varchar"  label="City">Lake Butler</name_pob><ind_active type="tinyint"  label="Active">1</ind_active></row>
<row><id_poblacion type="int" >14967</id_poblacion><id_prov type="smallint" >2574</id_prov><name_pob type="varchar"  label="City">El Dorado</name_pob><ind_active type="tinyint"  label="Active">1</ind_active></row>
<row><id_poblacion type="int" >14968</id_poblacion><id_prov type="smallint" >2574</id_prov><name_pob type="varchar"  label="City">Clayton</name_pob><ind_active type="tinyint"  label="Active">1</ind_active></row>
<row><id_poblacion type="int" >14969</id_poblacion><id_prov type="smallint" >2575</id_prov><name_pob type="varchar"  label="City">Oregon City</name_pob><ind_active type="tinyint"  label="Active">1</ind_active></row>
<row><id_poblacion type="int" >14970</id_poblacion><id_prov type="smallint" >2576</id_prov><name_pob type="varchar"  label="City">Burns</name_pob><ind_active type="tinyint"  label="Active">1</ind_active></row>
<row><id_poblacion type="int" >14971</id_poblacion><id_prov type="smallint" >2577</id_prov><name_pob type="varchar"  label="City">Astoria</name_pob><ind_active type="tinyint"  label="Active">1</ind_active></row>
<row><id_poblacion type="int" >14972</id_poblacion><id_prov type="smallint" >2578</id_prov><name_pob type="varchar"  label="City">North Platt</name_pob><ind_active type="tinyint"  label="Active">1</ind_active></row>
<row><id_poblacion type="int" >14973</id_poblacion><id_prov type="smallint" >2578</id_prov><name_pob type="varchar"  label="City">Kemmerer</name_pob><ind_active type="tinyint"  label="Active">1</ind_active></row>
<row><id_poblacion type="int" >14974</id_poblacion><id_prov type="smallint" >2578</id_prov><name_pob type="varchar"  label="City">Hamlin</name_pob><ind_active type="tinyint"  label="Active">1</ind_active></row>
<row><id_poblacion type="int" >14975</id_poblacion><id_prov type="smallint" >2578</id_prov><name_pob type="varchar"  label="City">Merrill</name_pob><ind_active type="tinyint"  label="Active">1</ind_active></row>
<row><id_poblacion type="int" >14976</id_poblacion><id_prov type="smallint" >2578</id_prov><name_pob type="varchar"  label="City">Davenport</name_pob><ind_active type="tinyint"  label="Active">1</ind_active></row>
<row><id_poblacion type="int" >14977</id_poblacion><id_prov type="smallint" >2578</id_prov><name_pob type="varchar"  label="City">Fayettevill</name_pob><ind_active type="tinyint"  label="Active">1</ind_active></row>
<row><id_poblacion type="int" >14978</id_poblacion><id_prov type="smallint" >2578</id_prov><name_pob type="varchar"  label="City">Canton</name_pob><ind_active type="tinyint"  label="Active">1</ind_active></row>
<row><id_poblacion type="int" >14979</id_poblacion><id_prov type="smallint" >2578</id_prov><name_pob type="varchar"  label="City">Newport</name_pob><ind_active type="tinyint"  label="Active">1</ind_active></row>
<row><id_poblacion type="int" >14980</id_poblacion><id_prov type="smallint" >2578</id_prov><name_pob type="varchar"  label="City">Chandler</name_pob><ind_active type="tinyint"  label="Active">1</ind_active></row>
<row><id_poblacion type="int" >14981</id_poblacion><id_prov type="smallint" >2578</id_prov><name_pob type="varchar"  label="City">Pioche</name_pob><ind_active type="tinyint"  label="Active">1</ind_active></row>
<row><id_poblacion type="int" >14982</id_poblacion><id_prov type="smallint" >2578</id_prov><name_pob type="varchar"  label="City">Carrizozo</name_pob><ind_active type="tinyint"  label="Active">1</ind_active></row>
<row><id_poblacion type="int" >14983</id_poblacion><id_prov type="smallint" >2578</id_prov><name_pob type="varchar"  label="City">Wiscasset</name_pob><ind_active type="tinyint"  label="Active">1</ind_active></row>
<row><id_poblacion type="int" >14986</id_poblacion><id_prov type="smallint" >2578</id_prov><name_pob type="varchar"  label="City">Hugo</name_pob><ind_active type="tinyint"  label="Active">1</ind_active></row>
<row><id_poblacion type="int" >14987</id_poblacion><id_prov type="smallint" >2578</id_prov><name_pob type="varchar"  label="City">Shoshone</name_pob><ind_active type="tinyint"  label="Active">1</ind_active></row>
<row><id_poblacion type="int" >14988</id_poblacion><id_prov type="smallint" >2578</id_prov><name_pob type="varchar"  label="City">Lincoln</name_pob><ind_active type="tinyint"  label="Active">1</ind_active></row>
<row><id_poblacion type="int" >14989</id_poblacion><id_prov type="smallint" >2578</id_prov><name_pob type="varchar"  label="City">Stanford</name_pob><ind_active type="tinyint"  label="Active">1</ind_active></row>
<row><id_poblacion type="int" >14990</id_poblacion><id_prov type="smallint" >2578</id_prov><name_pob type="varchar"  label="City">Troy</name_pob><ind_active type="tinyint"  label="Active">1</ind_active></row>
<row><id_poblacion type="int" >14991</id_poblacion><id_prov type="smallint" >2578</id_prov><name_pob type="varchar"  label="City">Ivanhoe</name_pob><ind_active type="tinyint"  label="Active">1</ind_active></row>
<row><id_poblacion type="int" >14992</id_poblacion><id_prov type="smallint" >2578</id_prov><name_pob type="varchar"  label="City">Star City</name_pob><ind_active type="tinyint"  label="Active">1</ind_active></row>
<row><id_poblacion type="int" >14993</id_poblacion><id_prov type="smallint" >2578</id_prov><name_pob type="varchar"  label="City">Brookhaven</name_pob><ind_active type="tinyint"  label="Active">1</ind_active></row>
<row><id_poblacion type="int" >14994</id_poblacion><id_prov type="smallint" >2578</id_prov><name_pob type="varchar"  label="City">Libby</name_pob><ind_active type="tinyint"  label="Active">1</ind_active></row>
<row><id_poblacion type="int" >14995</id_poblacion><id_prov type="smallint" >2578</id_prov><name_pob type="varchar"  label="City">Ruston</name_pob><ind_active type="tinyint"  label="Active">1</ind_active></row>
<row><id_poblacion type="int" >14996</id_poblacion><id_prov type="smallint" >2579</id_prov><name_pob type="varchar"  label="City">Crown Point</name_pob><ind_active type="tinyint"  label="Active">1</ind_active></row>
<row><id_poblacion type="int" >14997</id_poblacion><id_prov type="smallint" >2579</id_prov><name_pob type="varchar"  label="City">Polson</name_pob><ind_active type="tinyint"  label="Active">1</ind_active></row>
<row><id_poblacion type="int" >14998</id_poblacion><id_prov type="smallint" >2579</id_prov><name_pob type="varchar"  label="City">Madison</name_pob><ind_active type="tinyint"  label="Active">1</ind_active></row>
<row><id_poblacion type="int" >14999</id_poblacion><id_prov type="smallint" >2579</id_prov><name_pob type="varchar"  label="City">Lakeview</name_pob><ind_active type="tinyint"  label="Active">1</ind_active></row>
<row><id_poblacion type="int" >15000</id_poblacion><id_prov type="smallint" >2579</id_prov><name_pob type="varchar"  label="City">Painesville</name_pob><ind_active type="tinyint"  label="Active">1</ind_active></row>
<row><id_poblacion type="int" >15001</id_poblacion><id_prov type="smallint" >2579</id_prov><name_pob type="varchar"  label="City">Tiptonville</name_pob><ind_active type="tinyint"  label="Active">1</ind_active></row>
<row><id_poblacion type="int" >15002</id_poblacion><id_prov type="smallint" >2579</id_prov><name_pob type="varchar"  label="City">Two Harbors</name_pob><ind_active type="tinyint"  label="Active">1</ind_active></row>
<row><id_poblacion type="int" >15003</id_poblacion><id_prov type="smallint" >2579</id_prov><name_pob type="varchar"  label="City">Lakeport</name_pob><ind_active type="tinyint"  label="Active">1</ind_active></row>
<row><id_poblacion type="int" >15004</id_poblacion><id_prov type="smallint" >2579</id_prov><name_pob type="varchar"  label="City">Baldwin</name_pob><ind_active type="tinyint"  label="Active">1</ind_active></row>
<row><id_poblacion type="int" >15005</id_poblacion><id_prov type="smallint" >2579</id_prov><name_pob type="varchar"  label="City">Waukegan</name_pob><ind_active type="tinyint"  label="Active">1</ind_active></row>
<row><id_poblacion type="int" >15006</id_poblacion><id_prov type="smallint" >2579</id_prov><name_pob type="varchar"  label="City">Tavares</name_pob><ind_active type="tinyint"  label="Active">1</ind_active></row>
<row><id_poblacion type="int" >15007</id_poblacion><id_prov type="smallint" >2579</id_prov><name_pob type="varchar"  label="City">Leadville</name_pob><ind_active type="tinyint"  label="Active">1</ind_active></row>
<row><id_poblacion type="int" >15008</id_poblacion><id_prov type="smallint" >2580</id_prov><name_pob type="varchar"  label="City">Vale</name_pob><ind_active type="tinyint"  label="Active">1</ind_active></row>
<row><id_poblacion type="int" >15009</id_poblacion><id_prov type="smallint" >2581</id_prov><name_pob type="varchar"  label="City">Clovis</name_pob><ind_active type="tinyint"  label="Active">1</ind_active></row>
<row><id_poblacion type="int" >15010</id_poblacion><id_prov type="smallint" >2581</id_prov><name_pob type="varchar"  label="City">Gold Beach</name_pob><ind_active type="tinyint"  label="Active">1</ind_active></row>
<row><id_poblacion type="int" >15011</id_poblacion><id_prov type="smallint" >2582</id_prov><name_pob type="varchar"  label="City">McMinnville</name_pob><ind_active type="tinyint"  label="Active">1</ind_active></row>
<row><id_poblacion type="int" >15013</id_poblacion><id_prov type="smallint" >2583</id_prov><name_pob type="varchar"  label="City">Edna</name_pob><ind_active type="tinyint"  label="Active">1</ind_active></row>
<row><id_poblacion type="int" >15014</id_poblacion><id_prov type="smallint" >2583</id_prov><name_pob type="varchar"  label="City">Gainesboro</name_pob><ind_active type="tinyint"  label="Active">1</ind_active></row>
<row><id_poblacion type="int" >15015</id_poblacion><id_prov type="smallint" >2583</id_prov><name_pob type="varchar"  label="City">Kadoka</name_pob><ind_active type="tinyint"  label="Active">1</ind_active></row>
<row><id_poblacion type="int" >15016</id_poblacion><id_prov type="smallint" >2583</id_prov><name_pob type="varchar"  label="City">Medford</name_pob><ind_active type="tinyint"  label="Active">1</ind_active></row>
<row><id_poblacion type="int" >15017</id_poblacion><id_prov type="smallint" >2583</id_prov><name_pob type="varchar"  label="City">Sylva</name_pob><ind_active type="tinyint"  label="Active">1</ind_active></row>
<row><id_poblacion type="int" >15019</id_poblacion><id_prov type="smallint" >2583</id_prov><name_pob type="varchar"  label="City">Ripley</name_pob><ind_active type="tinyint"  label="Active">1</ind_active></row>
<row><id_poblacion type="int" >15020</id_poblacion><id_prov type="smallint" >2583</id_prov><name_pob type="varchar"  label="City">Pascagoula</name_pob><ind_active type="tinyint"  label="Active">1</ind_active></row>
<row><id_poblacion type="int" >15021</id_poblacion><id_prov type="smallint" >2583</id_prov><name_pob type="varchar"  label="City">Independenc</name_pob><ind_active type="tinyint"  label="Active">1</ind_active></row>
<row><id_poblacion type="int" >15022</id_poblacion><id_prov type="smallint" >2583</id_prov><name_pob type="varchar"  label="City">Black River</name_pob><ind_active type="tinyint"  label="Active">1</ind_active></row>
<row><id_poblacion type="int" >15023</id_poblacion><id_prov type="smallint" >2583</id_prov><name_pob type="varchar"  label="City">Marianna</name_pob><ind_active type="tinyint"  label="Active">1</ind_active></row>
<row><id_poblacion type="int" >15025</id_poblacion><id_prov type="smallint" >2583</id_prov><name_pob type="varchar"  label="City">Altus</name_pob><ind_active type="tinyint"  label="Active">1</ind_active></row>
<row><id_poblacion type="int" >15026</id_poblacion><id_prov type="smallint" >2583</id_prov><name_pob type="varchar"  label="City">Scottsboro</name_pob><ind_active type="tinyint"  label="Active">1</ind_active></row>
<row><id_poblacion type="int" >15027</id_poblacion><id_prov type="smallint" >2583</id_prov><name_pob type="varchar"  label="City">Walden</name_pob><ind_active type="tinyint"  label="Active">1</ind_active></row>
<row><id_poblacion type="int" >15028</id_poblacion><id_prov type="smallint" >2583</id_prov><name_pob type="varchar"  label="City">Jefferson</name_pob><ind_active type="tinyint"  label="Active">1</ind_active></row>
<row><id_poblacion type="int" >15029</id_poblacion><id_prov type="smallint" >2583</id_prov><name_pob type="varchar"  label="City">Maquoketa</name_pob><ind_active type="tinyint"  label="Active">1</ind_active></row>
<row><id_poblacion type="int" >15030</id_poblacion><id_prov type="smallint" >2583</id_prov><name_pob type="varchar"  label="City">Murphysboro</name_pob><ind_active type="tinyint"  label="Active">1</ind_active></row>
<row><id_poblacion type="int" >15031</id_poblacion><id_prov type="smallint" >2583</id_prov><name_pob type="varchar"  label="City">Brownstown</name_pob><ind_active type="tinyint"  label="Active">1</ind_active></row>
<row><id_poblacion type="int" >15032</id_poblacion><id_prov type="smallint" >2583</id_prov><name_pob type="varchar"  label="City">Holton</name_pob><ind_active type="tinyint"  label="Active">1</ind_active></row>
<row><id_poblacion type="int" >15033</id_poblacion><id_prov type="smallint" >2583</id_prov><name_pob type="varchar"  label="City">McKee</name_pob><ind_active type="tinyint"  label="Active">1</ind_active></row>
<row><id_poblacion type="int" >15034</id_poblacion><id_prov type="smallint" >2583</id_prov><name_pob type="varchar"  label="City">Jonesboro</name_pob><ind_active type="tinyint"  label="Active">1</ind_active></row>
<row><id_poblacion type="int" >15035</id_poblacion><id_prov type="smallint" >2583</id_prov><name_pob type="varchar"  label="City">Newport</name_pob><ind_active type="tinyint"  label="Active">1</ind_active></row>
<row><id_poblacion type="int" >15036</id_poblacion><id_prov type="smallint" >2584</id_prov><name_pob type="varchar"  label="City">Bolivar</name_pob><ind_active type="tinyint"  label="Active">1</ind_active></row>
<row><id_poblacion type="int" >15037</id_poblacion><id_prov type="smallint" >2584</id_prov><name_pob type="varchar"  label="City">Balsam Lake</name_pob><ind_active type="tinyint"  label="Active">1</ind_active></row>
<row><id_poblacion type="int" >15038</id_poblacion><id_prov type="smallint" >2584</id_prov><name_pob type="varchar"  label="City">Livingston</name_pob><ind_active type="tinyint"  label="Active">1</ind_active></row>
<row><id_poblacion type="int" >15039</id_poblacion><id_prov type="smallint" >2584</id_prov><name_pob type="varchar"  label="City">Benton</name_pob><ind_active type="tinyint"  label="Active">1</ind_active></row>
<row><id_poblacion type="int" >15040</id_poblacion><id_prov type="smallint" >2584</id_prov><name_pob type="varchar"  label="City">Dallas</name_pob><ind_active type="tinyint"  label="Active">1</ind_active></row>
<row><id_poblacion type="int" >15041</id_poblacion><id_prov type="smallint" >2584</id_prov><name_pob type="varchar"  label="City">Columbus</name_pob><ind_active type="tinyint"  label="Active">1</ind_active></row>
<row><id_poblacion type="int" >15042</id_poblacion><id_prov type="smallint" >2584</id_prov><name_pob type="varchar"  label="City">Crookston</name_pob><ind_active type="tinyint"  label="Active">1</ind_active></row>
<row><id_poblacion type="int" >15043</id_poblacion><id_prov type="smallint" >2584</id_prov><name_pob type="varchar"  label="City">Des Moines</name_pob><ind_active type="tinyint"  label="Active">1</ind_active></row>
<row><id_poblacion type="int" >15044</id_poblacion><id_prov type="smallint" >2584</id_prov><name_pob type="varchar"  label="City">Cedartown</name_pob><ind_active type="tinyint"  label="Active">1</ind_active></row>
<row><id_poblacion type="int" >15045</id_poblacion><id_prov type="smallint" >2584</id_prov><name_pob type="varchar"  label="City">Bartow</name_pob><ind_active type="tinyint"  label="Active">1</ind_active></row>
<row><id_poblacion type="int" >15046</id_poblacion><id_prov type="smallint" >2584</id_prov><name_pob type="varchar"  label="City">Mena</name_pob><ind_active type="tinyint"  label="Active">1</ind_active></row>
<row><id_poblacion type="int" >15047</id_poblacion><id_prov type="smallint" >2584</id_prov><name_pob type="varchar"  label="City">Osceola</name_pob><ind_active type="tinyint"  label="Active">1</ind_active></row>
<row><id_poblacion type="int" >15048</id_poblacion><id_prov type="smallint" >2585</id_prov><name_pob type="varchar"  label="City">The Dalles</name_pob><ind_active type="tinyint"  label="Active">1</ind_active></row>
<row><id_poblacion type="int" >15049</id_poblacion><id_prov type="smallint" >2586</id_prov><name_pob type="varchar"  label="City">Dayton</name_pob><ind_active type="tinyint"  label="Active">1</ind_active></row>
<row><id_poblacion type="int" >15050</id_poblacion><id_prov type="smallint" >2586</id_prov><name_pob type="varchar"  label="City">Portage</name_pob><ind_active type="tinyint"  label="Active">1</ind_active></row>
<row><id_poblacion type="int" >15051</id_poblacion><id_prov type="smallint" >2586</id_prov><name_pob type="varchar"  label="City">Bloomsburg</name_pob><ind_active type="tinyint"  label="Active">1</ind_active></row>
<row><id_poblacion type="int" >15052</id_poblacion><id_prov type="smallint" >2586</id_prov><name_pob type="varchar"  label="City">Saint Helen</name_pob><ind_active type="tinyint"  label="Active">1</ind_active></row>
<row><id_poblacion type="int" >15053</id_poblacion><id_prov type="smallint" >2586</id_prov><name_pob type="varchar"  label="City">Hudson</name_pob><ind_active type="tinyint"  label="Active">1</ind_active></row>
<row><id_poblacion type="int" >15054</id_poblacion><id_prov type="smallint" >2586</id_prov><name_pob type="varchar"  label="City">Appling</name_pob><ind_active type="tinyint"  label="Active">1</ind_active></row>
<row><id_poblacion type="int" >15055</id_poblacion><id_prov type="smallint" >2586</id_prov><name_pob type="varchar"  label="City">Magnolia</name_pob><ind_active type="tinyint"  label="Active">1</ind_active></row>
<row><id_poblacion type="int" >15056</id_poblacion><id_prov type="smallint" >2586</id_prov><name_pob type="varchar"  label="City">Lake City</name_pob><ind_active type="tinyint"  label="Active">1</ind_active></row>
<row><id_poblacion type="int" >15057</id_poblacion><id_prov type="smallint" >2587</id_prov><name_pob type="varchar"  label="City">Silver City</name_pob><ind_active type="tinyint"  label="Active">1</ind_active></row>
<row><id_poblacion type="int" >15058</id_poblacion><id_prov type="smallint" >2587</id_prov><name_pob type="varchar"  label="City">Sheridan</name_pob><ind_active type="tinyint"  label="Active">1</ind_active></row>
<row><id_poblacion type="int" >15059</id_poblacion><id_prov type="smallint" >2587</id_prov><name_pob type="varchar"  label="City">Lancaster</name_pob><ind_active type="tinyint"  label="Active">1</ind_active></row>
<row><id_poblacion type="int" >15060</id_poblacion><id_prov type="smallint" >2587</id_prov><name_pob type="varchar"  label="City">Petersburg</name_pob><ind_active type="tinyint"  label="Active">1</ind_active></row>
<row><id_poblacion type="int" >15061</id_poblacion><id_prov type="smallint" >2587</id_prov><name_pob type="varchar"  label="City">Ephrata</name_pob><ind_active type="tinyint"  label="Active">1</ind_active></row>
<row><id_poblacion type="int" >15062</id_poblacion><id_prov type="smallint" >2587</id_prov><name_pob type="varchar"  label="City">Milbank</name_pob><ind_active type="tinyint"  label="Active">1</ind_active></row>
<row><id_poblacion type="int" >15063</id_poblacion><id_prov type="smallint" >2587</id_prov><name_pob type="varchar"  label="City">Canyon City</name_pob><ind_active type="tinyint"  label="Active">1</ind_active></row>
<row><id_poblacion type="int" >15064</id_poblacion><id_prov type="smallint" >2587</id_prov><name_pob type="varchar"  label="City">Medford</name_pob><ind_active type="tinyint"  label="Active">1</ind_active></row>
<row><id_poblacion type="int" >15065</id_poblacion><id_prov type="smallint" >2587</id_prov><name_pob type="varchar"  label="City">Carson</name_pob><ind_active type="tinyint"  label="Active">1</ind_active></row>
<row><id_poblacion type="int" >15066</id_poblacion><id_prov type="smallint" >2587</id_prov><name_pob type="varchar"  label="City">Elbow Lake</name_pob><ind_active type="tinyint"  label="Active">1</ind_active></row>
<row><id_poblacion type="int" >15067</id_poblacion><id_prov type="smallint" >2587</id_prov><name_pob type="varchar"  label="City">Colfax</name_pob><ind_active type="tinyint"  label="Active">1</ind_active></row>
<row><id_poblacion type="int" >15068</id_poblacion><id_prov type="smallint" >2587</id_prov><name_pob type="varchar"  label="City">Williamstow</name_pob><ind_active type="tinyint"  label="Active">1</ind_active></row>
<row><id_poblacion type="int" >15069</id_poblacion><id_prov type="smallint" >2587</id_prov><name_pob type="varchar"  label="City">Marion</name_pob><ind_active type="tinyint"  label="Active">1</ind_active></row>
<row><id_poblacion type="int" >15070</id_poblacion><id_prov type="smallint" >2587</id_prov><name_pob type="varchar"  label="City">Ulysses</name_pob><ind_active type="tinyint"  label="Active">1</ind_active></row>
<row><id_poblacion type="int" >15071</id_poblacion><id_prov type="smallint" >2587</id_prov><name_pob type="varchar"  label="City">Hyannis</name_pob><ind_active type="tinyint"  label="Active">1</ind_active></row>
<row><id_poblacion type="int" >15072</id_poblacion><id_prov type="smallint" >2588</id_prov><name_pob type="varchar"  label="City">Wheeler</name_pob><ind_active type="tinyint"  label="Active">1</ind_active></row>
<row><id_poblacion type="int" >15073</id_poblacion><id_prov type="smallint" >2588</id_prov><name_pob type="varchar"  label="City">Fossil</name_pob><ind_active type="tinyint"  label="Active">1</ind_active></row>
<row><id_poblacion type="int" >15074</id_poblacion><id_prov type="smallint" >2588</id_prov><name_pob type="varchar"  label="City">Alamo</name_pob><ind_active type="tinyint"  label="Active">1</ind_active></row>
<row><id_poblacion type="int" >15075</id_poblacion><id_prov type="smallint" >2588</id_prov><name_pob type="varchar"  label="City">Bartlett</name_pob><ind_active type="tinyint"  label="Active">1</ind_active></row>
<row><id_poblacion type="int" >15076</id_poblacion><id_prov type="smallint" >2589</id_prov><name_pob type="varchar"  label="City">Brenham</name_pob><ind_active type="tinyint"  label="Active">1</ind_active></row>
<row><id_poblacion type="int" >15077</id_poblacion><id_prov type="smallint" >2589</id_prov><name_pob type="varchar"  label="City">Greenville</name_pob><ind_active type="tinyint"  label="Active">1</ind_active></row>
<row><id_poblacion type="int" >15078</id_poblacion><id_prov type="smallint" >2589</id_prov><name_pob type="varchar"  label="City">Plymouth</name_pob><ind_active type="tinyint"  label="Active">1</ind_active></row>
<row><id_poblacion type="int" >15079</id_poblacion><id_prov type="smallint" >2589</id_prov><name_pob type="varchar"  label="City">Blair</name_pob><ind_active type="tinyint"  label="Active">1</ind_active></row>
<row><id_poblacion type="int" >15080</id_poblacion><id_prov type="smallint" >2589</id_prov><name_pob type="varchar"  label="City">Hudson Fall</name_pob><ind_active type="tinyint"  label="Active">1</ind_active></row>
<row><id_poblacion type="int" >15081</id_poblacion><id_prov type="smallint" >2589</id_prov><name_pob type="varchar"  label="City">Bartlesvill</name_pob><ind_active type="tinyint"  label="Active">1</ind_active></row>
<row><id_poblacion type="int" >15083</id_poblacion><id_prov type="smallint" >2589</id_prov><name_pob type="varchar"  label="City">Potosi</name_pob><ind_active type="tinyint"  label="Active">1</ind_active></row>
<row><id_poblacion type="int" >15084</id_poblacion><id_prov type="smallint" >2589</id_prov><name_pob type="varchar"  label="City">Jonesboro</name_pob><ind_active type="tinyint"  label="Active">1</ind_active></row>
<row><id_poblacion type="int" >15085</id_poblacion><id_prov type="smallint" >2589</id_prov><name_pob type="varchar"  label="City">Marietta</name_pob><ind_active type="tinyint"  label="Active">1</ind_active></row>
<row><id_poblacion type="int" >15086</id_poblacion><id_prov type="smallint" >2589</id_prov><name_pob type="varchar"  label="City">Saint Georg</name_pob><ind_active type="tinyint"  label="Active">1</ind_active></row>
<row><id_poblacion type="int" >15087</id_poblacion><id_prov type="smallint" >2589</id_prov><name_pob type="varchar"  label="City">Abingdon</name_pob><ind_active type="tinyint"  label="Active">1</ind_active></row>
<row><id_poblacion type="int" >15088</id_poblacion><id_prov type="smallint" >2589</id_prov><name_pob type="varchar"  label="City">Montpelier</name_pob><ind_active type="tinyint"  label="Active">1</ind_active></row>
<row><id_poblacion type="int" >15089</id_poblacion><id_prov type="smallint" >2589</id_prov><name_pob type="varchar"  label="City">West Bend</name_pob><ind_active type="tinyint"  label="Active">1</ind_active></row>
<row><id_poblacion type="int" >15090</id_poblacion><id_prov type="smallint" >2589</id_prov><name_pob type="varchar"  label="City">Wakefield</name_pob><ind_active type="tinyint"  label="Active">1</ind_active></row>
<row><id_poblacion type="int" >15091</id_poblacion><id_prov type="smallint" >2589</id_prov><name_pob type="varchar"  label="City">Salem</name_pob><ind_active type="tinyint"  label="Active">1</ind_active></row>
<row><id_poblacion type="int" >15092</id_poblacion><id_prov type="smallint" >2589</id_prov><name_pob type="varchar"  label="City">Fayettevill</name_pob><ind_active type="tinyint"  label="Active">1</ind_active></row>
<row><id_poblacion type="int" >15093</id_poblacion><id_prov type="smallint" >2589</id_prov><name_pob type="varchar"  label="City">Akron</name_pob><ind_active type="tinyint"  label="Active">1</ind_active></row>
<row><id_poblacion type="int" >15094</id_poblacion><id_prov type="smallint" >2589</id_prov><name_pob type="varchar"  label="City">Chipley</name_pob><ind_active type="tinyint"  label="Active">1</ind_active></row>
<row><id_poblacion type="int" >15095</id_poblacion><id_prov type="smallint" >2589</id_prov><name_pob type="varchar"  label="City">Sandersvill</name_pob><ind_active type="tinyint"  label="Active">1</ind_active></row>
<row><id_poblacion type="int" >15097</id_poblacion><id_prov type="smallint" >2589</id_prov><name_pob type="varchar"  label="City">Stillwater</name_pob><ind_active type="tinyint"  label="Active">1</ind_active></row>
<row><id_poblacion type="int" >15098</id_poblacion><id_prov type="smallint" >2589</id_prov><name_pob type="varchar"  label="City">Nashville</name_pob><ind_active type="tinyint"  label="Active">1</ind_active></row>
<row><id_poblacion type="int" >15099</id_poblacion><id_prov type="smallint" >2589</id_prov><name_pob type="varchar"  label="City">Chatom</name_pob><ind_active type="tinyint"  label="Active">1</ind_active></row>
<row><id_poblacion type="int" >15101</id_poblacion><id_prov type="smallint" >2589</id_prov><name_pob type="varchar"  label="City">Hillsboro</name_pob><ind_active type="tinyint"  label="Active">1</ind_active></row>
<row><id_poblacion type="int" >15102</id_poblacion><id_prov type="smallint" >2589</id_prov><name_pob type="varchar"  label="City">Springfield</name_pob><ind_active type="tinyint"  label="Active">1</ind_active></row>
<row><id_poblacion type="int" >15103</id_poblacion><id_prov type="smallint" >2589</id_prov><name_pob type="varchar"  label="City">Franklinton</name_pob><ind_active type="tinyint"  label="Active">1</ind_active></row>
<row><id_poblacion type="int" >15104</id_poblacion><id_prov type="smallint" >2589</id_prov><name_pob type="varchar"  label="City">Hagerstown</name_pob><ind_active type="tinyint"  label="Active">1</ind_active></row>
<row><id_poblacion type="int" >15105</id_poblacion><id_prov type="smallint" >2589</id_prov><name_pob type="varchar"  label="City">Machias</name_pob><ind_active type="tinyint"  label="Active">1</ind_active></row>
<row><id_poblacion type="int" >15106</id_poblacion><id_prov type="smallint" >2589</id_prov><name_pob type="varchar"  label="City">Weiser</name_pob><ind_active type="tinyint"  label="Active">1</ind_active></row>
<row><id_poblacion type="int" >15107</id_poblacion><id_prov type="smallint" >2590</id_prov><name_pob type="varchar"  label="City">Hood River</name_pob><ind_active type="tinyint"  label="Active">1</ind_active></row>
<row><id_poblacion type="int" >15108</id_poblacion><id_prov type="smallint" >2591</id_prov><name_pob type="varchar"  label="City">Prineville</name_pob><ind_active type="tinyint"  label="Active">1</ind_active></row>
<row><id_poblacion type="int" >15109</id_poblacion><id_prov type="smallint" >2591</id_prov><name_pob type="varchar"  label="City">Sundance</name_pob><ind_active type="tinyint"  label="Active">1</ind_active></row>
<row><id_poblacion type="int" >15110</id_poblacion><id_prov type="smallint" >2592</id_prov><name_pob type="varchar"  label="City">Alexandria</name_pob><ind_active type="tinyint"  label="Active">1</ind_active></row>
<row><id_poblacion type="int" >15111</id_poblacion><id_prov type="smallint" >2592</id_prov><name_pob type="varchar"  label="City">Superior</name_pob><ind_active type="tinyint"  label="Active">1</ind_active></row>
<row><id_poblacion type="int" >15112</id_poblacion><id_prov type="smallint" >2592</id_prov><name_pob type="varchar"  label="City">Waterville</name_pob><ind_active type="tinyint"  label="Active">1</ind_active></row>
<row><id_poblacion type="int" >15113</id_poblacion><id_prov type="smallint" >2592</id_prov><name_pob type="varchar"  label="City">Armour</name_pob><ind_active type="tinyint"  label="Active">1</ind_active></row>
<row><id_poblacion type="int" >15114</id_poblacion><id_prov type="smallint" >2592</id_prov><name_pob type="varchar"  label="City">Roseburg</name_pob><ind_active type="tinyint"  label="Active">1</ind_active></row>
<row><id_poblacion type="int" >15115</id_poblacion><id_prov type="smallint" >2592</id_prov><name_pob type="varchar"  label="City">Minden</name_pob><ind_active type="tinyint"  label="Active">1</ind_active></row>
<row><id_poblacion type="int" >15116</id_poblacion><id_prov type="smallint" >2592</id_prov><name_pob type="varchar"  label="City">Omaha</name_pob><ind_active type="tinyint"  label="Active">1</ind_active></row>
<row><id_poblacion type="int" >15117</id_poblacion><id_prov type="smallint" >2592</id_prov><name_pob type="varchar"  label="City">Lawrence</name_pob><ind_active type="tinyint"  label="Active">1</ind_active></row>
<row><id_poblacion type="int" >15118</id_poblacion><id_prov type="smallint" >2592</id_prov><name_pob type="varchar"  label="City">Tuscola</name_pob><ind_active type="tinyint"  label="Active">1</ind_active></row>
<row><id_poblacion type="int" >15119</id_poblacion><id_prov type="smallint" >2592</id_prov><name_pob type="varchar"  label="City">Douglasvill</name_pob><ind_active type="tinyint"  label="Active">1</ind_active></row>
<row><id_poblacion type="int" >15120</id_poblacion><id_prov type="smallint" >2592</id_prov><name_pob type="varchar"  label="City">Castle Rock</name_pob><ind_active type="tinyint"  label="Active">1</ind_active></row>
<row><id_poblacion type="int" >15121</id_poblacion><id_prov type="smallint" >2592</id_prov><name_pob type="varchar"  label="City">Ava</name_pob><ind_active type="tinyint"  label="Active">1</ind_active></row>
<row><id_poblacion type="int" >15122</id_poblacion><id_prov type="smallint" >2593</id_prov><name_pob type="varchar"  label="City">Enterprise</name_pob><ind_active type="tinyint"  label="Active">1</ind_active></row>
<row><id_poblacion type="int" >15123</id_poblacion><id_prov type="smallint" >2594</id_prov><name_pob type="varchar"  label="City">Lancaster</name_pob><ind_active type="tinyint"  label="Active">1</ind_active></row>
<row><id_poblacion type="int" >15124</id_poblacion><id_prov type="smallint" >2594</id_prov><name_pob type="varchar"  label="City">Coquille</name_pob><ind_active type="tinyint"  label="Active">1</ind_active></row>
<row><id_poblacion type="int" >15125</id_poblacion><id_prov type="smallint" >2595</id_prov><name_pob type="varchar"  label="City">Boulder</name_pob><ind_active type="tinyint"  label="Active">1</ind_active></row>
<row><id_poblacion type="int" >15126</id_poblacion><id_prov type="smallint" >2595</id_prov><name_pob type="varchar"  label="City">Fairbury</name_pob><ind_active type="tinyint"  label="Active">1</ind_active></row>
<row><id_poblacion type="int" >15127</id_poblacion><id_prov type="smallint" >2595</id_prov><name_pob type="varchar"  label="City">Watertown</name_pob><ind_active type="tinyint"  label="Active">1</ind_active></row>
<row><id_poblacion type="int" >15128</id_poblacion><id_prov type="smallint" >2595</id_prov><name_pob type="varchar"  label="City">Steubenvill</name_pob><ind_active type="tinyint"  label="Active">1</ind_active></row>
<row><id_poblacion type="int" >15129</id_poblacion><id_prov type="smallint" >2595</id_prov><name_pob type="varchar"  label="City">Waurika</name_pob><ind_active type="tinyint"  label="Active">1</ind_active></row>
<row><id_poblacion type="int" >15130</id_poblacion><id_prov type="smallint" >2595</id_prov><name_pob type="varchar"  label="City">Madras</name_pob><ind_active type="tinyint"  label="Active">1</ind_active></row>
<row><id_poblacion type="int" >15131</id_poblacion><id_prov type="smallint" >2595</id_prov><name_pob type="varchar"  label="City">Brookville</name_pob><ind_active type="tinyint"  label="Active">1</ind_active></row>
<row><id_poblacion type="int" >15132</id_poblacion><id_prov type="smallint" >2595</id_prov><name_pob type="varchar"  label="City">Beaumont</name_pob><ind_active type="tinyint"  label="Active">1</ind_active></row>
<row><id_poblacion type="int" >15133</id_poblacion><id_prov type="smallint" >2595</id_prov><name_pob type="varchar"  label="City">Port Townse</name_pob><ind_active type="tinyint"  label="Active">1</ind_active></row>
<row><id_poblacion type="int" >15134</id_poblacion><id_prov type="smallint" >2595</id_prov><name_pob type="varchar"  label="City">Jefferson</name_pob><ind_active type="tinyint"  label="Active">1</ind_active></row>
<row><id_poblacion type="int" >15135</id_poblacion><id_prov type="smallint" >2595</id_prov><name_pob type="varchar"  label="City">Fayette</name_pob><ind_active type="tinyint"  label="Active">1</ind_active></row>
<row><id_poblacion type="int" >15136</id_poblacion><id_prov type="smallint" >2595</id_prov><name_pob type="varchar"  label="City">Dandridge</name_pob><ind_active type="tinyint"  label="Active">1</ind_active></row>
<row><id_poblacion type="int" >15137</id_poblacion><id_prov type="smallint" >2595</id_prov><name_pob type="varchar"  label="City">Hillsboro</name_pob><ind_active type="tinyint"  label="Active">1</ind_active></row>
<row><id_poblacion type="int" >15138</id_poblacion><id_prov type="smallint" >2595</id_prov><name_pob type="varchar"  label="City">Gretna</name_pob><ind_active type="tinyint"  label="Active">1</ind_active></row>
<row><id_poblacion type="int" >15140</id_poblacion><id_prov type="smallint" >2595</id_prov><name_pob type="varchar"  label="City">Oskaloosa</name_pob><ind_active type="tinyint"  label="Active">1</ind_active></row>
<row><id_poblacion type="int" >15141</id_poblacion><id_prov type="smallint" >2595</id_prov><name_pob type="varchar"  label="City">Madison</name_pob><ind_active type="tinyint"  label="Active">1</ind_active></row>
<row><id_poblacion type="int" >15142</id_poblacion><id_prov type="smallint" >2595</id_prov><name_pob type="varchar"  label="City">Mount Verno</name_pob><ind_active type="tinyint"  label="Active">1</ind_active></row>
<row><id_poblacion type="int" >15143</id_poblacion><id_prov type="smallint" >2595</id_prov><name_pob type="varchar"  label="City">Rigby</name_pob><ind_active type="tinyint"  label="Active">1</ind_active></row>
<row><id_poblacion type="int" >15144</id_poblacion><id_prov type="smallint" >2595</id_prov><name_pob type="varchar"  label="City">Fairfield</name_pob><ind_active type="tinyint"  label="Active">1</ind_active></row>
<row><id_poblacion type="int" >15146</id_poblacion><id_prov type="smallint" >2595</id_prov><name_pob type="varchar"  label="City">Monticello</name_pob><ind_active type="tinyint"  label="Active">1</ind_active></row>
<row><id_poblacion type="int" >15147</id_poblacion><id_prov type="smallint" >2595</id_prov><name_pob type="varchar"  label="City">Golden</name_pob><ind_active type="tinyint"  label="Active">1</ind_active></row>
<row><id_poblacion type="int" >15148</id_poblacion><id_prov type="smallint" >2595</id_prov><name_pob type="varchar"  label="City">Birmingham</name_pob><ind_active type="tinyint"  label="Active">1</ind_active></row>
<row><id_poblacion type="int" >15149</id_poblacion><id_prov type="smallint" >2595</id_prov><name_pob type="varchar"  label="City">Charles Tow</name_pob><ind_active type="tinyint"  label="Active">1</ind_active></row>
<row><id_poblacion type="int" >15150</id_poblacion><id_prov type="smallint" >2595</id_prov><name_pob type="varchar"  label="City">Pine Bluff</name_pob><ind_active type="tinyint"  label="Active">1</ind_active></row>
<row><id_poblacion type="int" >15151</id_poblacion><id_prov type="smallint" >2596</id_prov><name_pob type="varchar"  label="City">Condon</name_pob><ind_active type="tinyint"  label="Active">1</ind_active></row>
<row><id_poblacion type="int" >15152</id_poblacion><id_prov type="smallint" >2597</id_prov><name_pob type="varchar"  label="City">Grants Pass</name_pob><ind_active type="tinyint"  label="Active">1</ind_active></row>
<row><id_poblacion type="int" >15153</id_poblacion><id_prov type="smallint" >2598</id_prov><name_pob type="varchar"  label="City">Portland</name_pob><ind_active type="tinyint"  label="Active">1</ind_active></row>
</poblacion>
</root>