<?xml version="1.0" encoding="UTF-8"?>
<root>
<poblacion>
<row><id_poblacion type="int" >15154</id_poblacion><id_prov type="smallint" >2599</id_prov><name_pob type="varchar"  label="City">Deadwood</name_pob><ind_active type="tinyint"  label="Active">1</ind_active></row>
<row><id_poblacion type="int" >15155</id_poblacion><id_prov type="smallint" >2599</id_prov><name_pob type="varchar"  label="City">Lawrencebur</name_pob><ind_active type="tinyint"  label="Active">1</ind_active></row>
<row><id_poblacion type="int" >15156</id_poblacion><id_prov type="smallint" >2599</id_prov><name_pob type="varchar"  label="City">New Castle</name_pob><ind_active type="tinyint"  label="Active">1</ind_active></row>
<row><id_poblacion type="int" >15157</id_poblacion><id_prov type="smallint" >2599</id_prov><name_pob type="varchar"  label="City">Ironton</name_pob><ind_active type="tinyint"  label="Active">1</ind_active></row>
<row><id_poblacion type="int" >15158</id_poblacion><id_prov type="smallint" >2599</id_prov><name_pob type="varchar"  label="City">Monticello</name_pob><ind_active type="tinyint"  label="Active">1</ind_active></row>
<row><id_poblacion type="int" >15159</id_poblacion><id_prov type="smallint" >2599</id_prov><name_pob type="varchar"  label="City">Louisa</name_pob><ind_active type="tinyint"  label="Active">1</ind_active></row>
<row><id_poblacion type="int" >15160</id_poblacion><id_prov type="smallint" >2599</id_prov><name_pob type="varchar"  label="City">Bedford</name_pob><ind_active type="tinyint"  label="Active">1</ind_active></row>
<row><id_poblacion type="int" >15161</id_poblacion><id_prov type="smallint" >2599</id_prov><name_pob type="varchar"  label="City">Lawrencevil</name_pob><ind_active type="tinyint"  label="Active">1</ind_active></row>
<row><id_poblacion type="int" >15162</id_poblacion><id_prov type="smallint" >2599</id_prov><name_pob type="varchar"  label="City">Walnut Ridg</name_pob><ind_active type="tinyint"  label="Active">1</ind_active></row>
<row><id_poblacion type="int" >15163</id_poblacion><id_prov type="smallint" >2599</id_prov><name_pob type="varchar"  label="City">Moulton</name_pob><ind_active type="tinyint"  label="Active">1</ind_active></row>
<row><id_poblacion type="int" >15164</id_poblacion><id_prov type="smallint" >2599</id_prov><name_pob type="varchar"  label="City">Mount Verno</name_pob><ind_active type="tinyint"  label="Active">1</ind_active></row>
<row><id_poblacion type="int" >15165</id_poblacion><id_prov type="smallint" >2600</id_prov><name_pob type="varchar"  label="City">Allentown</name_pob><ind_active type="tinyint"  label="Active">1</ind_active></row>
<row><id_poblacion type="int" >15166</id_poblacion><id_prov type="smallint" >2601</id_prov><name_pob type="varchar"  label="City">Boulder</name_pob><ind_active type="tinyint"  label="Active">1</ind_active></row>
<row><id_poblacion type="int" >15167</id_poblacion><id_prov type="smallint" >2601</id_prov><name_pob type="varchar"  label="City">Fairbury</name_pob><ind_active type="tinyint"  label="Active">1</ind_active></row>
<row><id_poblacion type="int" >15168</id_poblacion><id_prov type="smallint" >2601</id_prov><name_pob type="varchar"  label="City">Watertown</name_pob><ind_active type="tinyint"  label="Active">1</ind_active></row>
<row><id_poblacion type="int" >15169</id_poblacion><id_prov type="smallint" >2601</id_prov><name_pob type="varchar"  label="City">Steubenvill</name_pob><ind_active type="tinyint"  label="Active">1</ind_active></row>
<row><id_poblacion type="int" >15170</id_poblacion><id_prov type="smallint" >2601</id_prov><name_pob type="varchar"  label="City">Waurika</name_pob><ind_active type="tinyint"  label="Active">1</ind_active></row>
<row><id_poblacion type="int" >15171</id_poblacion><id_prov type="smallint" >2601</id_prov><name_pob type="varchar"  label="City">Madras</name_pob><ind_active type="tinyint"  label="Active">1</ind_active></row>
<row><id_poblacion type="int" >15172</id_poblacion><id_prov type="smallint" >2601</id_prov><name_pob type="varchar"  label="City">Brookville</name_pob><ind_active type="tinyint"  label="Active">1</ind_active></row>
<row><id_poblacion type="int" >15173</id_poblacion><id_prov type="smallint" >2601</id_prov><name_pob type="varchar"  label="City">Beaumont</name_pob><ind_active type="tinyint"  label="Active">1</ind_active></row>
<row><id_poblacion type="int" >15174</id_poblacion><id_prov type="smallint" >2601</id_prov><name_pob type="varchar"  label="City">Port Townse</name_pob><ind_active type="tinyint"  label="Active">1</ind_active></row>
<row><id_poblacion type="int" >15175</id_poblacion><id_prov type="smallint" >2601</id_prov><name_pob type="varchar"  label="City">Jefferson</name_pob><ind_active type="tinyint"  label="Active">1</ind_active></row>
<row><id_poblacion type="int" >15176</id_poblacion><id_prov type="smallint" >2601</id_prov><name_pob type="varchar"  label="City">Fayette</name_pob><ind_active type="tinyint"  label="Active">1</ind_active></row>
<row><id_poblacion type="int" >15177</id_poblacion><id_prov type="smallint" >2601</id_prov><name_pob type="varchar"  label="City">Dandridge</name_pob><ind_active type="tinyint"  label="Active">1</ind_active></row>
<row><id_poblacion type="int" >15178</id_poblacion><id_prov type="smallint" >2601</id_prov><name_pob type="varchar"  label="City">Hillsboro</name_pob><ind_active type="tinyint"  label="Active">1</ind_active></row>
<row><id_poblacion type="int" >15179</id_poblacion><id_prov type="smallint" >2601</id_prov><name_pob type="varchar"  label="City">Gretna</name_pob><ind_active type="tinyint"  label="Active">1</ind_active></row>
<row><id_poblacion type="int" >15181</id_poblacion><id_prov type="smallint" >2601</id_prov><name_pob type="varchar"  label="City">Oskaloosa</name_pob><ind_active type="tinyint"  label="Active">1</ind_active></row>
<row><id_poblacion type="int" >15182</id_poblacion><id_prov type="smallint" >2601</id_prov><name_pob type="varchar"  label="City">Madison</name_pob><ind_active type="tinyint"  label="Active">1</ind_active></row>
<row><id_poblacion type="int" >15183</id_poblacion><id_prov type="smallint" >2601</id_prov><name_pob type="varchar"  label="City">Mount Verno</name_pob><ind_active type="tinyint"  label="Active">1</ind_active></row>
<row><id_poblacion type="int" >15184</id_poblacion><id_prov type="smallint" >2601</id_prov><name_pob type="varchar"  label="City">Rigby</name_pob><ind_active type="tinyint"  label="Active">1</ind_active></row>
<row><id_poblacion type="int" >15185</id_poblacion><id_prov type="smallint" >2601</id_prov><name_pob type="varchar"  label="City">Fairfield</name_pob><ind_active type="tinyint"  label="Active">1</ind_active></row>
<row><id_poblacion type="int" >15187</id_poblacion><id_prov type="smallint" >2601</id_prov><name_pob type="varchar"  label="City">Monticello</name_pob><ind_active type="tinyint"  label="Active">1</ind_active></row>
<row><id_poblacion type="int" >15188</id_poblacion><id_prov type="smallint" >2601</id_prov><name_pob type="varchar"  label="City">Golden</name_pob><ind_active type="tinyint"  label="Active">1</ind_active></row>
<row><id_poblacion type="int" >15189</id_poblacion><id_prov type="smallint" >2601</id_prov><name_pob type="varchar"  label="City">Birmingham</name_pob><ind_active type="tinyint"  label="Active">1</ind_active></row>
<row><id_poblacion type="int" >15190</id_poblacion><id_prov type="smallint" >2601</id_prov><name_pob type="varchar"  label="City">Charles Tow</name_pob><ind_active type="tinyint"  label="Active">1</ind_active></row>
<row><id_poblacion type="int" >15191</id_poblacion><id_prov type="smallint" >2601</id_prov><name_pob type="varchar"  label="City">Pine Bluff</name_pob><ind_active type="tinyint"  label="Active">1</ind_active></row>
<row><id_poblacion type="int" >15192</id_poblacion><id_prov type="smallint" >2602</id_prov><name_pob type="varchar"  label="City">Montrose</name_pob><ind_active type="tinyint"  label="Active">1</ind_active></row>
<row><id_poblacion type="int" >15193</id_poblacion><id_prov type="smallint" >2603</id_prov><name_pob type="varchar"  label="City">Sullivan</name_pob><ind_active type="tinyint"  label="Active">1</ind_active></row>
<row><id_poblacion type="int" >15194</id_poblacion><id_prov type="smallint" >2603</id_prov><name_pob type="varchar"  label="City">Milan</name_pob><ind_active type="tinyint"  label="Active">1</ind_active></row>
<row><id_poblacion type="int" >15195</id_poblacion><id_prov type="smallint" >2603</id_prov><name_pob type="varchar"  label="City">Newport</name_pob><ind_active type="tinyint"  label="Active">1</ind_active></row>
<row><id_poblacion type="int" >15196</id_poblacion><id_prov type="smallint" >2603</id_prov><name_pob type="varchar"  label="City">Monticello</name_pob><ind_active type="tinyint"  label="Active">1</ind_active></row>
<row><id_poblacion type="int" >15197</id_poblacion><id_prov type="smallint" >2603</id_prov><name_pob type="varchar"  label="City">Laporte</name_pob><ind_active type="tinyint"  label="Active">1</ind_active></row>
<row><id_poblacion type="int" >15198</id_poblacion><id_prov type="smallint" >2603</id_prov><name_pob type="varchar"  label="City">Blountville</name_pob><ind_active type="tinyint"  label="Active">1</ind_active></row>
<row><id_poblacion type="int" >15199</id_poblacion><id_prov type="smallint" >2604</id_prov><name_pob type="varchar"  label="City">Lebanon</name_pob><ind_active type="tinyint"  label="Active">1</ind_active></row>
<row><id_poblacion type="int" >15200</id_poblacion><id_prov type="smallint" >2605</id_prov><name_pob type="varchar"  label="City">Manchester</name_pob><ind_active type="tinyint"  label="Active">1</ind_active></row>
<row><id_poblacion type="int" >15201</id_poblacion><id_prov type="smallint" >2605</id_prov><name_pob type="varchar"  label="City">Muncie</name_pob><ind_active type="tinyint"  label="Active">1</ind_active></row>
<row><id_poblacion type="int" >15202</id_poblacion><id_prov type="smallint" >2605</id_prov><name_pob type="varchar"  label="City">Delhi</name_pob><ind_active type="tinyint"  label="Active">1</ind_active></row>
<row><id_poblacion type="int" >15203</id_poblacion><id_prov type="smallint" >2605</id_prov><name_pob type="varchar"  label="City">Delaware</name_pob><ind_active type="tinyint"  label="Active">1</ind_active></row>
<row><id_poblacion type="int" >15204</id_poblacion><id_prov type="smallint" >2605</id_prov><name_pob type="varchar"  label="City">Jay</name_pob><ind_active type="tinyint"  label="Active">1</ind_active></row>
<row><id_poblacion type="int" >15205</id_poblacion><id_prov type="smallint" >2605</id_prov><name_pob type="varchar"  label="City">Media</name_pob><ind_active type="tinyint"  label="Active">1</ind_active></row>
<row><id_poblacion type="int" >15206</id_poblacion><id_prov type="smallint" >2606</id_prov><name_pob type="varchar"  label="City">Lewistown</name_pob><ind_active type="tinyint"  label="Active">1</ind_active></row>
<row><id_poblacion type="int" >15207</id_poblacion><id_prov type="smallint" >2607</id_prov><name_pob type="varchar"  label="City">Pottsville</name_pob><ind_active type="tinyint"  label="Active">1</ind_active></row>
<row><id_poblacion type="int" >15208</id_poblacion><id_prov type="smallint" >2608</id_prov><name_pob type="varchar"  label="City">Greensburg</name_pob><ind_active type="tinyint"  label="Active">1</ind_active></row>
<row><id_poblacion type="int" >15209</id_poblacion><id_prov type="smallint" >2608</id_prov><name_pob type="varchar"  label="City">Montross</name_pob><ind_active type="tinyint"  label="Active">1</ind_active></row>
<row><id_poblacion type="int" >15212</id_poblacion><id_prov type="smallint" >2609</id_prov><name_pob type="varchar"  label="City">Mercer</name_pob><ind_active type="tinyint"  label="Active">1</ind_active></row>
<row><id_poblacion type="int" >15213</id_poblacion><id_prov type="smallint" >2609</id_prov><name_pob type="varchar"  label="City">Celina</name_pob><ind_active type="tinyint"  label="Active">1</ind_active></row>
<row><id_poblacion type="int" >15214</id_poblacion><id_prov type="smallint" >2609</id_prov><name_pob type="varchar"  label="City">Stanton</name_pob><ind_active type="tinyint"  label="Active">1</ind_active></row>
<row><id_poblacion type="int" >15215</id_poblacion><id_prov type="smallint" >2609</id_prov><name_pob type="varchar"  label="City">Harrodsburg</name_pob><ind_active type="tinyint"  label="Active">1</ind_active></row>
<row><id_poblacion type="int" >15216</id_poblacion><id_prov type="smallint" >2609</id_prov><name_pob type="varchar"  label="City">Aledo</name_pob><ind_active type="tinyint"  label="Active">1</ind_active></row>
<row><id_poblacion type="int" >15217</id_poblacion><id_prov type="smallint" >2609</id_prov><name_pob type="varchar"  label="City">Trenton</name_pob><ind_active type="tinyint"  label="Active">1</ind_active></row>
<row><id_poblacion type="int" >15218</id_poblacion><id_prov type="smallint" >2610</id_prov><name_pob type="varchar"  label="City">Howard</name_pob><ind_active type="tinyint"  label="Active">1</ind_active></row>
<row><id_poblacion type="int" >15219</id_poblacion><id_prov type="smallint" >2610</id_prov><name_pob type="varchar"  label="City">Ridgway</name_pob><ind_active type="tinyint"  label="Active">1</ind_active></row>
<row><id_poblacion type="int" >15220</id_poblacion><id_prov type="smallint" >2611</id_prov><name_pob type="varchar"  label="City">Toledo</name_pob><ind_active type="tinyint"  label="Active">1</ind_active></row>
<row><id_poblacion type="int" >15221</id_poblacion><id_prov type="smallint" >2611</id_prov><name_pob type="varchar"  label="City">Burkesville</name_pob><ind_active type="tinyint"  label="Active">1</ind_active></row>
<row><id_poblacion type="int" >15222</id_poblacion><id_prov type="smallint" >2611</id_prov><name_pob type="varchar"  label="City">Portland</name_pob><ind_active type="tinyint"  label="Active">1</ind_active></row>
<row><id_poblacion type="int" >15223</id_poblacion><id_prov type="smallint" >2611</id_prov><name_pob type="varchar"  label="City">Fayettevill</name_pob><ind_active type="tinyint"  label="Active">1</ind_active></row>
<row><id_poblacion type="int" >15224</id_poblacion><id_prov type="smallint" >2611</id_prov><name_pob type="varchar"  label="City">Bridgeton</name_pob><ind_active type="tinyint"  label="Active">1</ind_active></row>
<row><id_poblacion type="int" >15225</id_poblacion><id_prov type="smallint" >2611</id_prov><name_pob type="varchar"  label="City">Carlisle</name_pob><ind_active type="tinyint"  label="Active">1</ind_active></row>
<row><id_poblacion type="int" >15226</id_poblacion><id_prov type="smallint" >2611</id_prov><name_pob type="varchar"  label="City">Crossville</name_pob><ind_active type="tinyint"  label="Active">1</ind_active></row>
<row><id_poblacion type="int" >15227</id_poblacion><id_prov type="smallint" >2611</id_prov><name_pob type="varchar"  label="City">Cumberland</name_pob><ind_active type="tinyint"  label="Active">1</ind_active></row>
<row><id_poblacion type="int" >15228</id_poblacion><id_prov type="smallint" >2612</id_prov><name_pob type="varchar"  label="City">West Cheste</name_pob><ind_active type="tinyint"  label="Active">1</ind_active></row>
<row><id_poblacion type="int" >15229</id_poblacion><id_prov type="smallint" >2612</id_prov><name_pob type="varchar"  label="City">Chester</name_pob><ind_active type="tinyint"  label="Active">1</ind_active></row>
<row><id_poblacion type="int" >15230</id_poblacion><id_prov type="smallint" >2612</id_prov><name_pob type="varchar"  label="City">Henderson</name_pob><ind_active type="tinyint"  label="Active">1</ind_active></row>
<row><id_poblacion type="int" >15231</id_poblacion><id_prov type="smallint" >2613</id_prov><name_pob type="varchar"  label="City">Jackson</name_pob><ind_active type="tinyint"  label="Active">1</ind_active></row>
<row><id_poblacion type="int" >15232</id_poblacion><id_prov type="smallint" >2613</id_prov><name_pob type="varchar"  label="City">Easton</name_pob><ind_active type="tinyint"  label="Active">1</ind_active></row>
<row><id_poblacion type="int" >15233</id_poblacion><id_prov type="smallint" >2613</id_prov><name_pob type="varchar"  label="City">Eastville</name_pob><ind_active type="tinyint"  label="Active">1</ind_active></row>
<row><id_poblacion type="int" >15234</id_poblacion><id_prov type="smallint" >2614</id_prov><name_pob type="varchar"  label="City">David City</name_pob><ind_active type="tinyint"  label="Active">1</ind_active></row>
<row><id_poblacion type="int" >15235</id_poblacion><id_prov type="smallint" >2614</id_prov><name_pob type="varchar"  label="City">Poplar Bluf</name_pob><ind_active type="tinyint"  label="Active">1</ind_active></row>
<row><id_poblacion type="int" >15236</id_poblacion><id_prov type="smallint" >2614</id_prov><name_pob type="varchar"  label="City">Butler</name_pob><ind_active type="tinyint"  label="Active">1</ind_active></row>
<row><id_poblacion type="int" >15237</id_poblacion><id_prov type="smallint" >2614</id_prov><name_pob type="varchar"  label="City">Greenville</name_pob><ind_active type="tinyint"  label="Active">1</ind_active></row>
<row><id_poblacion type="int" >15238</id_poblacion><id_prov type="smallint" >2614</id_prov><name_pob type="varchar"  label="City">El Dorado</name_pob><ind_active type="tinyint"  label="Active">1</ind_active></row>
<row><id_poblacion type="int" >15239</id_poblacion><id_prov type="smallint" >2614</id_prov><name_pob type="varchar"  label="City">Hamilton</name_pob><ind_active type="tinyint"  label="Active">1</ind_active></row>
<row><id_poblacion type="int" >15240</id_poblacion><id_prov type="smallint" >2614</id_prov><name_pob type="varchar"  label="City">Allison</name_pob><ind_active type="tinyint"  label="Active">1</ind_active></row>
<row><id_poblacion type="int" >15241</id_poblacion><id_prov type="smallint" >2614</id_prov><name_pob type="varchar"  label="City">Morgantown</name_pob><ind_active type="tinyint"  label="Active">1</ind_active></row>
<row><id_poblacion type="int" >15242</id_poblacion><id_prov type="smallint" >2615</id_prov><name_pob type="varchar"  label="City">Yorktown</name_pob><ind_active type="tinyint"  label="Active">1</ind_active></row>
<row><id_poblacion type="int" >15245</id_poblacion><id_prov type="smallint" >2615</id_prov><name_pob type="varchar"  label="City">Alfred</name_pob><ind_active type="tinyint"  label="Active">1</ind_active></row>
<row><id_poblacion type="int" >15248</id_poblacion><id_prov type="smallint" >2616</id_prov><name_pob type="varchar"  label="City">Pinckneyvil</name_pob><ind_active type="tinyint"  label="Active">1</ind_active></row>
<row><id_poblacion type="int" >15249</id_poblacion><id_prov type="smallint" >2616</id_prov><name_pob type="varchar"  label="City">Cannelton</name_pob><ind_active type="tinyint"  label="Active">1</ind_active></row>
<row><id_poblacion type="int" >15250</id_poblacion><id_prov type="smallint" >2616</id_prov><name_pob type="varchar"  label="City">Hazard</name_pob><ind_active type="tinyint"  label="Active">1</ind_active></row>
<row><id_poblacion type="int" >15252</id_poblacion><id_prov type="smallint" >2616</id_prov><name_pob type="varchar"  label="City">New Augusta</name_pob><ind_active type="tinyint"  label="Active">1</ind_active></row>
<row><id_poblacion type="int" >15253</id_poblacion><id_prov type="smallint" >2616</id_prov><name_pob type="varchar"  label="City">New Lexingt</name_pob><ind_active type="tinyint"  label="Active">1</ind_active></row>
<row><id_poblacion type="int" >15254</id_poblacion><id_prov type="smallint" >2616</id_prov><name_pob type="varchar"  label="City">New Bloomfi</name_pob><ind_active type="tinyint"  label="Active">1</ind_active></row>
<row><id_poblacion type="int" >15255</id_poblacion><id_prov type="smallint" >2616</id_prov><name_pob type="varchar"  label="City">Linden</name_pob><ind_active type="tinyint"  label="Active">1</ind_active></row>
<row><id_poblacion type="int" >15256</id_poblacion><id_prov type="smallint" >2616</id_prov><name_pob type="varchar"  label="City">Marion</name_pob><ind_active type="tinyint"  label="Active">1</ind_active></row>
<row><id_poblacion type="int" >15257</id_poblacion><id_prov type="smallint" >2617</id_prov><name_pob type="varchar"  label="City">Middleburg</name_pob><ind_active type="tinyint"  label="Active">1</ind_active></row>
<row><id_poblacion type="int" >15258</id_poblacion><id_prov type="smallint" >2618</id_prov><name_pob type="varchar"  label="City">Princess An</name_pob><ind_active type="tinyint"  label="Active">1</ind_active></row>
<row><id_poblacion type="int" >15259</id_poblacion><id_prov type="smallint" >2618</id_prov><name_pob type="varchar"  label="City">Skowhegan</name_pob><ind_active type="tinyint"  label="Active">1</ind_active></row>
<row><id_poblacion type="int" >15260</id_poblacion><id_prov type="smallint" >2618</id_prov><name_pob type="varchar"  label="City">Somerville</name_pob><ind_active type="tinyint"  label="Active">1</ind_active></row>
<row><id_poblacion type="int" >15261</id_poblacion><id_prov type="smallint" >2618</id_prov><name_pob type="varchar"  label="City">Somerset</name_pob><ind_active type="tinyint"  label="Active">1</ind_active></row>
<row><id_poblacion type="int" >15262</id_poblacion><id_prov type="smallint" >2619</id_prov><name_pob type="varchar"  label="City">Starke</name_pob><ind_active type="tinyint"  label="Active">1</ind_active></row>
<row><id_poblacion type="int" >15263</id_poblacion><id_prov type="smallint" >2619</id_prov><name_pob type="varchar"  label="City">Towanda</name_pob><ind_active type="tinyint"  label="Active">1</ind_active></row>
<row><id_poblacion type="int" >15264</id_poblacion><id_prov type="smallint" >2620</id_prov><name_pob type="varchar"  label="City">Warsaw</name_pob><ind_active type="tinyint"  label="Active">1</ind_active></row>
<row><id_poblacion type="int" >15265</id_poblacion><id_prov type="smallint" >2620</id_prov><name_pob type="varchar"  label="City">Tunkhannock</name_pob><ind_active type="tinyint"  label="Active">1</ind_active></row>
<row><id_poblacion type="int" >15266</id_poblacion><id_prov type="smallint" >2620</id_prov><name_pob type="varchar"  label="City">Pineville</name_pob><ind_active type="tinyint"  label="Active">1</ind_active></row>
<row><id_poblacion type="int" >15267</id_poblacion><id_prov type="smallint" >2621</id_prov><name_pob type="varchar"  label="City">Saint Johns</name_pob><ind_active type="tinyint"  label="Active">1</ind_active></row>
<row><id_poblacion type="int" >15268</id_poblacion><id_prov type="smallint" >2621</id_prov><name_pob type="varchar"  label="City">Carlyle</name_pob><ind_active type="tinyint"  label="Active">1</ind_active></row>
<row><id_poblacion type="int" >15269</id_poblacion><id_prov type="smallint" >2621</id_prov><name_pob type="varchar"  label="City">Albany</name_pob><ind_active type="tinyint"  label="Active">1</ind_active></row>
<row><id_poblacion type="int" >15270</id_poblacion><id_prov type="smallint" >2621</id_prov><name_pob type="varchar"  label="City">Plattsburg</name_pob><ind_active type="tinyint"  label="Active">1</ind_active></row>
<row><id_poblacion type="int" >15271</id_poblacion><id_prov type="smallint" >2621</id_prov><name_pob type="varchar"  label="City">Plattsburgh</name_pob><ind_active type="tinyint"  label="Active">1</ind_active></row>
<row><id_poblacion type="int" >15272</id_poblacion><id_prov type="smallint" >2621</id_prov><name_pob type="varchar"  label="City">Wilmington</name_pob><ind_active type="tinyint"  label="Active">1</ind_active></row>
<row><id_poblacion type="int" >15273</id_poblacion><id_prov type="smallint" >2621</id_prov><name_pob type="varchar"  label="City">Lock Haven</name_pob><ind_active type="tinyint"  label="Active">1</ind_active></row>
<row><id_poblacion type="int" >15274</id_poblacion><id_prov type="smallint" >2621</id_prov><name_pob type="varchar"  label="City">Clinton</name_pob><ind_active type="tinyint"  label="Active">1</ind_active></row>
<row><id_poblacion type="int" >15275</id_poblacion><id_prov type="smallint" >2621</id_prov><name_pob type="varchar"  label="City">Frankfort</name_pob><ind_active type="tinyint"  label="Active">1</ind_active></row>
<row><id_poblacion type="int" >15276</id_poblacion><id_prov type="smallint" >2622</id_prov><name_pob type="varchar"  label="City">Monroe</name_pob><ind_active type="tinyint"  label="Active">1</ind_active></row>
<row><id_poblacion type="int" >15277</id_poblacion><id_prov type="smallint" >2622</id_prov><name_pob type="varchar"  label="City">Stroudsburg</name_pob><ind_active type="tinyint"  label="Active">1</ind_active></row>
<row><id_poblacion type="int" >15278</id_poblacion><id_prov type="smallint" >2622</id_prov><name_pob type="varchar"  label="City">Union</name_pob><ind_active type="tinyint"  label="Active">1</ind_active></row>
<row><id_poblacion type="int" >15279</id_poblacion><id_prov type="smallint" >2622</id_prov><name_pob type="varchar"  label="City">Madisonvill</name_pob><ind_active type="tinyint"  label="Active">1</ind_active></row>
<row><id_poblacion type="int" >15280</id_poblacion><id_prov type="smallint" >2622</id_prov><name_pob type="varchar"  label="City">Woodsfield</name_pob><ind_active type="tinyint"  label="Active">1</ind_active></row>
<row><id_poblacion type="int" >15281</id_poblacion><id_prov type="smallint" >2622</id_prov><name_pob type="varchar"  label="City">Rochester</name_pob><ind_active type="tinyint"  label="Active">1</ind_active></row>
<row><id_poblacion type="int" >15282</id_poblacion><id_prov type="smallint" >2622</id_prov><name_pob type="varchar"  label="City">Aberdeen</name_pob><ind_active type="tinyint"  label="Active">1</ind_active></row>
<row><id_poblacion type="int" >15283</id_poblacion><id_prov type="smallint" >2622</id_prov><name_pob type="varchar"  label="City">Paris</name_pob><ind_active type="tinyint"  label="Active">1</ind_active></row>
<row><id_poblacion type="int" >15284</id_poblacion><id_prov type="smallint" >2622</id_prov><name_pob type="varchar"  label="City">Bloomington</name_pob><ind_active type="tinyint"  label="Active">1</ind_active></row>
<row><id_poblacion type="int" >15285</id_poblacion><id_prov type="smallint" >2622</id_prov><name_pob type="varchar"  label="City">Waterloo</name_pob><ind_active type="tinyint"  label="Active">1</ind_active></row>
<row><id_poblacion type="int" >15286</id_poblacion><id_prov type="smallint" >2622</id_prov><name_pob type="varchar"  label="City">Albia</name_pob><ind_active type="tinyint"  label="Active">1</ind_active></row>
<row><id_poblacion type="int" >15287</id_poblacion><id_prov type="smallint" >2622</id_prov><name_pob type="varchar"  label="City">Forsyth</name_pob><ind_active type="tinyint"  label="Active">1</ind_active></row>
<row><id_poblacion type="int" >15288</id_poblacion><id_prov type="smallint" >2622</id_prov><name_pob type="varchar"  label="City">Monroeville</name_pob><ind_active type="tinyint"  label="Active">1</ind_active></row>
<row><id_poblacion type="int" >15289</id_poblacion><id_prov type="smallint" >2622</id_prov><name_pob type="varchar"  label="City">Key West</name_pob><ind_active type="tinyint"  label="Active">1</ind_active></row>
<row><id_poblacion type="int" >15290</id_poblacion><id_prov type="smallint" >2622</id_prov><name_pob type="varchar"  label="City">Sparta</name_pob><ind_active type="tinyint"  label="Active">1</ind_active></row>
<row><id_poblacion type="int" >15291</id_poblacion><id_prov type="smallint" >2622</id_prov><name_pob type="varchar"  label="City">Clarendon</name_pob><ind_active type="tinyint"  label="Active">1</ind_active></row>
<row><id_poblacion type="int" >15292</id_poblacion><id_prov type="smallint" >2622</id_prov><name_pob type="varchar"  label="City">Tompkinsvil</name_pob><ind_active type="tinyint"  label="Active">1</ind_active></row>
<row><id_poblacion type="int" >15294</id_poblacion><id_prov type="smallint" >2623</id_prov><name_pob type="varchar"  label="City">Rockville</name_pob><ind_active type="tinyint"  label="Active">1</ind_active></row>
<row><id_poblacion type="int" >15295</id_poblacion><id_prov type="smallint" >2623</id_prov><name_pob type="varchar"  label="City">Christiansb</name_pob><ind_active type="tinyint"  label="Active">1</ind_active></row>
<row><id_poblacion type="int" >15296</id_poblacion><id_prov type="smallint" >2623</id_prov><name_pob type="varchar"  label="City">Conroe</name_pob><ind_active type="tinyint"  label="Active">1</ind_active></row>
<row><id_poblacion type="int" >15297</id_poblacion><id_prov type="smallint" >2623</id_prov><name_pob type="varchar"  label="City">Clarksville</name_pob><ind_active type="tinyint"  label="Active">1</ind_active></row>
<row><id_poblacion type="int" >15298</id_poblacion><id_prov type="smallint" >2623</id_prov><name_pob type="varchar"  label="City">Norristown</name_pob><ind_active type="tinyint"  label="Active">1</ind_active></row>
<row><id_poblacion type="int" >15299</id_poblacion><id_prov type="smallint" >2623</id_prov><name_pob type="varchar"  label="City">Dayton</name_pob><ind_active type="tinyint"  label="Active">1</ind_active></row>
<row><id_poblacion type="int" >15300</id_poblacion><id_prov type="smallint" >2623</id_prov><name_pob type="varchar"  label="City">Fonda</name_pob><ind_active type="tinyint"  label="Active">1</ind_active></row>
<row><id_poblacion type="int" >15301</id_poblacion><id_prov type="smallint" >2623</id_prov><name_pob type="varchar"  label="City">Troy</name_pob><ind_active type="tinyint"  label="Active">1</ind_active></row>
<row><id_poblacion type="int" >15303</id_poblacion><id_prov type="smallint" >2623</id_prov><name_pob type="varchar"  label="City">Mount Sterl</name_pob><ind_active type="tinyint"  label="Active">1</ind_active></row>
<row><id_poblacion type="int" >15304</id_poblacion><id_prov type="smallint" >2623</id_prov><name_pob type="varchar"  label="City">Independenc</name_pob><ind_active type="tinyint"  label="Active">1</ind_active></row>
<row><id_poblacion type="int" >15305</id_poblacion><id_prov type="smallint" >2623</id_prov><name_pob type="varchar"  label="City">Crawfordsvi</name_pob><ind_active type="tinyint"  label="Active">1</ind_active></row>
<row><id_poblacion type="int" >15306</id_poblacion><id_prov type="smallint" >2623</id_prov><name_pob type="varchar"  label="City">Hillsboro</name_pob><ind_active type="tinyint"  label="Active">1</ind_active></row>
<row><id_poblacion type="int" >15307</id_poblacion><id_prov type="smallint" >2623</id_prov><name_pob type="varchar"  label="City">Red Oak</name_pob><ind_active type="tinyint"  label="Active">1</ind_active></row>
<row><id_poblacion type="int" >15308</id_poblacion><id_prov type="smallint" >2623</id_prov><name_pob type="varchar"  label="City">Mount Verno</name_pob><ind_active type="tinyint"  label="Active">1</ind_active></row>
<row><id_poblacion type="int" >15309</id_poblacion><id_prov type="smallint" >2623</id_prov><name_pob type="varchar"  label="City">Mount Ida</name_pob><ind_active type="tinyint"  label="Active">1</ind_active></row>
<row><id_poblacion type="int" >15310</id_poblacion><id_prov type="smallint" >2623</id_prov><name_pob type="varchar"  label="City">Winona</name_pob><ind_active type="tinyint"  label="Active">1</ind_active></row>
<row><id_poblacion type="int" >15311</id_poblacion><id_prov type="smallint" >2624</id_prov><name_pob type="varchar"  label="City">Rochester</name_pob><ind_active type="tinyint"  label="Active">1</ind_active></row>
<row><id_poblacion type="int" >15312</id_poblacion><id_prov type="smallint" >2624</id_prov><name_pob type="varchar"  label="City">McConnellsb</name_pob><ind_active type="tinyint"  label="Active">1</ind_active></row>
<row><id_poblacion type="int" >15313</id_poblacion><id_prov type="smallint" >2624</id_prov><name_pob type="varchar"  label="City">Wauseon</name_pob><ind_active type="tinyint"  label="Active">1</ind_active></row>
<row><id_poblacion type="int" >15314</id_poblacion><id_prov type="smallint" >2624</id_prov><name_pob type="varchar"  label="City">Hickman</name_pob><ind_active type="tinyint"  label="Active">1</ind_active></row>
<row><id_poblacion type="int" >15315</id_poblacion><id_prov type="smallint" >2624</id_prov><name_pob type="varchar"  label="City">Lewistown</name_pob><ind_active type="tinyint"  label="Active">1</ind_active></row>
<row><id_poblacion type="int" >15316</id_poblacion><id_prov type="smallint" >2624</id_prov><name_pob type="varchar"  label="City">Atlanta</name_pob><ind_active type="tinyint"  label="Active">1</ind_active></row>
<row><id_poblacion type="int" >15317</id_poblacion><id_prov type="smallint" >2624</id_prov><name_pob type="varchar"  label="City">Salem</name_pob><ind_active type="tinyint"  label="Active">1</ind_active></row>
<row><id_poblacion type="int" >15318</id_poblacion><id_prov type="smallint" >2624</id_prov><name_pob type="varchar"  label="City">Johnstown</name_pob><ind_active type="tinyint"  label="Active">1</ind_active></row>
<row><id_poblacion type="int" >15319</id_poblacion><id_prov type="smallint" >2625</id_prov><name_pob type="varchar"  label="City">Quincy</name_pob><ind_active type="tinyint"  label="Active">1</ind_active></row>
<row><id_poblacion type="int" >15320</id_poblacion><id_prov type="smallint" >2625</id_prov><name_pob type="varchar"  label="City">Friendship</name_pob><ind_active type="tinyint"  label="Active">1</ind_active></row>
<row><id_poblacion type="int" >15321</id_poblacion><id_prov type="smallint" >2625</id_prov><name_pob type="varchar"  label="City">Ritzville</name_pob><ind_active type="tinyint"  label="Active">1</ind_active></row>
<row><id_poblacion type="int" >15322</id_poblacion><id_prov type="smallint" >2625</id_prov><name_pob type="varchar"  label="City">Gettysburg</name_pob><ind_active type="tinyint"  label="Active">1</ind_active></row>
<row><id_poblacion type="int" >15323</id_poblacion><id_prov type="smallint" >2625</id_prov><name_pob type="varchar"  label="City">West Union</name_pob><ind_active type="tinyint"  label="Active">1</ind_active></row>
<row><id_poblacion type="int" >15324</id_poblacion><id_prov type="smallint" >2625</id_prov><name_pob type="varchar"  label="City">Hastings</name_pob><ind_active type="tinyint"  label="Active">1</ind_active></row>
<row><id_poblacion type="int" >15325</id_poblacion><id_prov type="smallint" >2625</id_prov><name_pob type="varchar"  label="City">Hettinger</name_pob><ind_active type="tinyint"  label="Active">1</ind_active></row>
<row><id_poblacion type="int" >15326</id_poblacion><id_prov type="smallint" >2625</id_prov><name_pob type="varchar"  label="City">Decatur</name_pob><ind_active type="tinyint"  label="Active">1</ind_active></row>
<row><id_poblacion type="int" >15327</id_poblacion><id_prov type="smallint" >2625</id_prov><name_pob type="varchar"  label="City">Council</name_pob><ind_active type="tinyint"  label="Active">1</ind_active></row>
<row><id_poblacion type="int" >15328</id_poblacion><id_prov type="smallint" >2625</id_prov><name_pob type="varchar"  label="City">Corning</name_pob><ind_active type="tinyint"  label="Active">1</ind_active></row>
<row><id_poblacion type="int" >15329</id_poblacion><id_prov type="smallint" >2625</id_prov><name_pob type="varchar"  label="City">Brighton</name_pob><ind_active type="tinyint"  label="Active">1</ind_active></row>
<row><id_poblacion type="int" >15330</id_poblacion><id_prov type="smallint" >2625</id_prov><name_pob type="varchar"  label="City">Natchez</name_pob><ind_active type="tinyint"  label="Active">1</ind_active></row>
<row><id_poblacion type="int" >15331</id_poblacion><id_prov type="smallint" >2626</id_prov><name_pob type="varchar"  label="City">Heathsville</name_pob><ind_active type="tinyint"  label="Active">1</ind_active></row>
<row><id_poblacion type="int" >15332</id_poblacion><id_prov type="smallint" >2626</id_prov><name_pob type="varchar"  label="City">Sunbury</name_pob><ind_active type="tinyint"  label="Active">1</ind_active></row>
<row><id_poblacion type="int" >15333</id_poblacion><id_prov type="smallint" >2627</id_prov><name_pob type="varchar"  label="City">Huntingdon</name_pob><ind_active type="tinyint"  label="Active">1</ind_active></row>
<row><id_poblacion type="int" >15334</id_poblacion><id_prov type="smallint" >2628</id_prov><name_pob type="varchar"  label="City">Bellefonte</name_pob><ind_active type="tinyint"  label="Active">1</ind_active></row>
<row><id_poblacion type="int" >15335</id_poblacion><id_prov type="smallint" >2629</id_prov><name_pob type="varchar"  label="City">Dayton</name_pob><ind_active type="tinyint"  label="Active">1</ind_active></row>
<row><id_poblacion type="int" >15336</id_poblacion><id_prov type="smallint" >2629</id_prov><name_pob type="varchar"  label="City">Portage</name_pob><ind_active type="tinyint"  label="Active">1</ind_active></row>
<row><id_poblacion type="int" >15337</id_poblacion><id_prov type="smallint" >2629</id_prov><name_pob type="varchar"  label="City">Bloomsburg</name_pob><ind_active type="tinyint"  label="Active">1</ind_active></row>
<row><id_poblacion type="int" >15338</id_poblacion><id_prov type="smallint" >2629</id_prov><name_pob type="varchar"  label="City">Saint Helen</name_pob><ind_active type="tinyint"  label="Active">1</ind_active></row>
<row><id_poblacion type="int" >15339</id_poblacion><id_prov type="smallint" >2629</id_prov><name_pob type="varchar"  label="City">Hudson</name_pob><ind_active type="tinyint"  label="Active">1</ind_active></row>
<row><id_poblacion type="int" >15340</id_poblacion><id_prov type="smallint" >2629</id_prov><name_pob type="varchar"  label="City">Appling</name_pob><ind_active type="tinyint"  label="Active">1</ind_active></row>
<row><id_poblacion type="int" >15341</id_poblacion><id_prov type="smallint" >2629</id_prov><name_pob type="varchar"  label="City">Magnolia</name_pob><ind_active type="tinyint"  label="Active">1</ind_active></row>
<row><id_poblacion type="int" >15342</id_poblacion><id_prov type="smallint" >2629</id_prov><name_pob type="varchar"  label="City">Lake City</name_pob><ind_active type="tinyint"  label="Active">1</ind_active></row>
<row><id_poblacion type="int" >15343</id_poblacion><id_prov type="smallint" >2630</id_prov><name_pob type="varchar"  label="City">Pittsburgh</name_pob><ind_active type="tinyint"  label="Active">1</ind_active></row>
<row><id_poblacion type="int" >15344</id_poblacion><id_prov type="smallint" >2631</id_prov><name_pob type="varchar"  label="City">Wilkes-Barr</name_pob><ind_active type="tinyint"  label="Active">1</ind_active></row>
<row><id_poblacion type="int" >15345</id_poblacion><id_prov type="smallint" >2632</id_prov><name_pob type="varchar"  label="City">Williamspor</name_pob><ind_active type="tinyint"  label="Active">1</ind_active></row>
<row><id_poblacion type="int" >15346</id_poblacion><id_prov type="smallint" >2633</id_prov><name_pob type="varchar"  label="City">Danville</name_pob><ind_active type="tinyint"  label="Active">1</ind_active></row>
<row><id_poblacion type="int" >15347</id_poblacion><id_prov type="smallint" >2634</id_prov><name_pob type="varchar"  label="City">Belvidere</name_pob><ind_active type="tinyint"  label="Active">1</ind_active></row>
<row><id_poblacion type="int" >15348</id_poblacion><id_prov type="smallint" >2634</id_prov><name_pob type="varchar"  label="City">McMinnville</name_pob><ind_active type="tinyint"  label="Active">1</ind_active></row>
<row><id_poblacion type="int" >15349</id_poblacion><id_prov type="smallint" >2634</id_prov><name_pob type="varchar"  label="City">Indianola</name_pob><ind_active type="tinyint"  label="Active">1</ind_active></row>
<row><id_poblacion type="int" >15350</id_poblacion><id_prov type="smallint" >2634</id_prov><name_pob type="varchar"  label="City">Warren</name_pob><ind_active type="tinyint"  label="Active">1</ind_active></row>
<row><id_poblacion type="int" >15351</id_poblacion><id_prov type="smallint" >2634</id_prov><name_pob type="varchar"  label="City">Front Royal</name_pob><ind_active type="tinyint"  label="Active">1</ind_active></row>
<row><id_poblacion type="int" >15352</id_poblacion><id_prov type="smallint" >2634</id_prov><name_pob type="varchar"  label="City">Lebanon</name_pob><ind_active type="tinyint"  label="Active">1</ind_active></row>
<row><id_poblacion type="int" >15353</id_poblacion><id_prov type="smallint" >2634</id_prov><name_pob type="varchar"  label="City">Lake George</name_pob><ind_active type="tinyint"  label="Active">1</ind_active></row>
<row><id_poblacion type="int" >15355</id_poblacion><id_prov type="smallint" >2634</id_prov><name_pob type="varchar"  label="City">Vicksburg</name_pob><ind_active type="tinyint"  label="Active">1</ind_active></row>
<row><id_poblacion type="int" >15357</id_poblacion><id_prov type="smallint" >2634</id_prov><name_pob type="varchar"  label="City">Bowling Gre</name_pob><ind_active type="tinyint"  label="Active">1</ind_active></row>
<row><id_poblacion type="int" >15358</id_poblacion><id_prov type="smallint" >2634</id_prov><name_pob type="varchar"  label="City">Monmouth</name_pob><ind_active type="tinyint"  label="Active">1</ind_active></row>
<row><id_poblacion type="int" >15360</id_poblacion><id_prov type="smallint" >2634</id_prov><name_pob type="varchar"  label="City">Williamspor</name_pob><ind_active type="tinyint"  label="Active">1</ind_active></row>
<row><id_poblacion type="int" >15361</id_poblacion><id_prov type="smallint" >2635</id_prov><name_pob type="varchar"  label="City">Buffalo</name_pob><ind_active type="tinyint"  label="Active">1</ind_active></row>
<row><id_poblacion type="int" >15362</id_poblacion><id_prov type="smallint" >2635</id_prov><name_pob type="varchar"  label="City">Sandusky</name_pob><ind_active type="tinyint"  label="Active">1</ind_active></row>
<row><id_poblacion type="int" >15363</id_poblacion><id_prov type="smallint" >2635</id_prov><name_pob type="varchar"  label="City">Erie</name_pob><ind_active type="tinyint"  label="Active">1</ind_active></row>
<row><id_poblacion type="int" >15364</id_poblacion><id_prov type="smallint" >2636</id_prov><name_pob type="varchar"  label="City">Kittanning</name_pob><ind_active type="tinyint"  label="Active">1</ind_active></row>
<row><id_poblacion type="int" >15365</id_poblacion><id_prov type="smallint" >2636</id_prov><name_pob type="varchar"  label="City">Claude</name_pob><ind_active type="tinyint"  label="Active">1</ind_active></row>
<row><id_poblacion type="int" >15366</id_poblacion><id_prov type="smallint" >2637</id_prov><name_pob type="varchar"  label="City">Gettysburg</name_pob><ind_active type="tinyint"  label="Active">1</ind_active></row>
<row><id_poblacion type="int" >15367</id_poblacion><id_prov type="smallint" >2637</id_prov><name_pob type="varchar"  label="City">Amarillo</name_pob><ind_active type="tinyint"  label="Active">1</ind_active></row>
<row><id_poblacion type="int" >15368</id_poblacion><id_prov type="smallint" >2637</id_prov><name_pob type="varchar"  label="City">Coudersport</name_pob><ind_active type="tinyint"  label="Active">1</ind_active></row>
<row><id_poblacion type="int" >15369</id_poblacion><id_prov type="smallint" >2638</id_prov><name_pob type="varchar"  label="City">Harrisburg</name_pob><ind_active type="tinyint"  label="Active">1</ind_active></row>
<row><id_poblacion type="int" >15370</id_poblacion><id_prov type="smallint" >2639</id_prov><name_pob type="varchar"  label="City">Price</name_pob><ind_active type="tinyint"  label="Active">1</ind_active></row>
<row><id_poblacion type="int" >15371</id_poblacion><id_prov type="smallint" >2639</id_prov><name_pob type="varchar"  label="City">Rawlins</name_pob><ind_active type="tinyint"  label="Active">1</ind_active></row>
<row><id_poblacion type="int" >15372</id_poblacion><id_prov type="smallint" >2639</id_prov><name_pob type="varchar"  label="City">Jim Thorpe</name_pob><ind_active type="tinyint"  label="Active">1</ind_active></row>
<row><id_poblacion type="int" >15373</id_poblacion><id_prov type="smallint" >2639</id_prov><name_pob type="varchar"  label="City">Red Lodge</name_pob><ind_active type="tinyint"  label="Active">1</ind_active></row>
<row><id_poblacion type="int" >15377</id_poblacion><id_prov type="smallint" >2641</id_prov><name_pob type="varchar"  label="City">Somerville</name_pob><ind_active type="tinyint"  label="Active">1</ind_active></row>
<row><id_poblacion type="int" >15378</id_poblacion><id_prov type="smallint" >2641</id_prov><name_pob type="varchar"  label="City">La Grange</name_pob><ind_active type="tinyint"  label="Active">1</ind_active></row>
<row><id_poblacion type="int" >15379</id_poblacion><id_prov type="smallint" >2641</id_prov><name_pob type="varchar"  label="City">Uniontown</name_pob><ind_active type="tinyint"  label="Active">1</ind_active></row>
<row><id_poblacion type="int" >15380</id_poblacion><id_prov type="smallint" >2641</id_prov><name_pob type="varchar"  label="City">Washington</name_pob><ind_active type="tinyint"  label="Active">1</ind_active></row>
<row><id_poblacion type="int" >15381</id_poblacion><id_prov type="smallint" >2641</id_prov><name_pob type="varchar"  label="City">Lexington</name_pob><ind_active type="tinyint"  label="Active">1</ind_active></row>
<row><id_poblacion type="int" >15382</id_poblacion><id_prov type="smallint" >2641</id_prov><name_pob type="varchar"  label="City">Vandalia</name_pob><ind_active type="tinyint"  label="Active">1</ind_active></row>
<row><id_poblacion type="int" >15383</id_poblacion><id_prov type="smallint" >2641</id_prov><name_pob type="varchar"  label="City">West Union</name_pob><ind_active type="tinyint"  label="Active">1</ind_active></row>
<row><id_poblacion type="int" >15385</id_poblacion><id_prov type="smallint" >2641</id_prov><name_pob type="varchar"  label="City">Fayette</name_pob><ind_active type="tinyint"  label="Active">1</ind_active></row>
<row><id_poblacion type="int" >15387</id_poblacion><id_prov type="smallint" >2641</id_prov><name_pob type="varchar"  label="City">Connersvill</name_pob><ind_active type="tinyint"  label="Active">1</ind_active></row>
<row><id_poblacion type="int" >15388</id_poblacion><id_prov type="smallint" >2642</id_prov><name_pob type="varchar"  label="City">Tionesta</name_pob><ind_active type="tinyint"  label="Active">1</ind_active></row>
<row><id_poblacion type="int" >15389</id_poblacion><id_prov type="smallint" >2642</id_prov><name_pob type="varchar"  label="City">Crandon</name_pob><ind_active type="tinyint"  label="Active">1</ind_active></row>
<row><id_poblacion type="int" >15390</id_poblacion><id_prov type="smallint" >2643</id_prov><name_pob type="varchar"  label="City">Lincoln</name_pob><ind_active type="tinyint"  label="Active">1</ind_active></row>
<row><id_poblacion type="int" >15394</id_poblacion><id_prov type="smallint" >2644</id_prov><name_pob type="varchar"  label="City">Pikeville</name_pob><ind_active type="tinyint"  label="Active">1</ind_active></row>
<row><id_poblacion type="int" >15395</id_poblacion><id_prov type="smallint" >2644</id_prov><name_pob type="varchar"  label="City">Waverly</name_pob><ind_active type="tinyint"  label="Active">1</ind_active></row>
<row><id_poblacion type="int" >15396</id_poblacion><id_prov type="smallint" >2644</id_prov><name_pob type="varchar"  label="City">Milford</name_pob><ind_active type="tinyint"  label="Active">1</ind_active></row>
<row><id_poblacion type="int" >15397</id_poblacion><id_prov type="smallint" >2644</id_prov><name_pob type="varchar"  label="City">Magnolia</name_pob><ind_active type="tinyint"  label="Active">1</ind_active></row>
<row><id_poblacion type="int" >15398</id_poblacion><id_prov type="smallint" >2644</id_prov><name_pob type="varchar"  label="City">Bowling Gre</name_pob><ind_active type="tinyint"  label="Active">1</ind_active></row>
<row><id_poblacion type="int" >15399</id_poblacion><id_prov type="smallint" >2644</id_prov><name_pob type="varchar"  label="City">Pittsfield</name_pob><ind_active type="tinyint"  label="Active">1</ind_active></row>
<row><id_poblacion type="int" >15400</id_poblacion><id_prov type="smallint" >2644</id_prov><name_pob type="varchar"  label="City">Zebulon</name_pob><ind_active type="tinyint"  label="Active">1</ind_active></row>
<row><id_poblacion type="int" >15401</id_poblacion><id_prov type="smallint" >2644</id_prov><name_pob type="varchar"  label="City">Troy</name_pob><ind_active type="tinyint"  label="Active">1</ind_active></row>
<row><id_poblacion type="int" >15402</id_poblacion><id_prov type="smallint" >2644</id_prov><name_pob type="varchar"  label="City">Murfreesbor</name_pob><ind_active type="tinyint"  label="Active">1</ind_active></row>
<row><id_poblacion type="int" >15403</id_poblacion><id_prov type="smallint" >2644</id_prov><name_pob type="varchar"  label="City">Petersburg</name_pob><ind_active type="tinyint"  label="Active">1</ind_active></row>
<row><id_poblacion type="int" >15404</id_poblacion><id_prov type="smallint" >2645</id_prov><name_pob type="varchar"  label="City">Scranton</name_pob><ind_active type="tinyint"  label="Active">1</ind_active></row>
<row><id_poblacion type="int" >15405</id_poblacion><id_prov type="smallint" >2646</id_prov><name_pob type="varchar"  label="City">Cameron</name_pob><ind_active type="tinyint"  label="Active">1</ind_active></row>
<row><id_poblacion type="int" >15406</id_poblacion><id_prov type="smallint" >2646</id_prov><name_pob type="varchar"  label="City">Emporium</name_pob><ind_active type="tinyint"  label="Active">1</ind_active></row>
<row><id_poblacion type="int" >15407</id_poblacion><id_prov type="smallint" >2646</id_prov><name_pob type="varchar"  label="City">Brownsville</name_pob><ind_active type="tinyint"  label="Active">1</ind_active></row>
<row><id_poblacion type="int" >15408</id_poblacion><id_prov type="smallint" >2647</id_prov><name_pob type="varchar"  label="City">Van Buren</name_pob><ind_active type="tinyint"  label="Active">1</ind_active></row>
<row><id_poblacion type="int" >15409</id_poblacion><id_prov type="smallint" >2647</id_prov><name_pob type="varchar"  label="City">Prairie du</name_pob><ind_active type="tinyint"  label="Active">1</ind_active></row>
<row><id_poblacion type="int" >15410</id_poblacion><id_prov type="smallint" >2647</id_prov><name_pob type="varchar"  label="City">Meadville</name_pob><ind_active type="tinyint"  label="Active">1</ind_active></row>
<row><id_poblacion type="int" >15411</id_poblacion><id_prov type="smallint" >2647</id_prov><name_pob type="varchar"  label="City">Bucyrus</name_pob><ind_active type="tinyint"  label="Active">1</ind_active></row>
<row><id_poblacion type="int" >15412</id_poblacion><id_prov type="smallint" >2647</id_prov><name_pob type="varchar"  label="City">Steelville</name_pob><ind_active type="tinyint"  label="Active">1</ind_active></row>
<row><id_poblacion type="int" >15413</id_poblacion><id_prov type="smallint" >2647</id_prov><name_pob type="varchar"  label="City">Grayling</name_pob><ind_active type="tinyint"  label="Active">1</ind_active></row>
<row><id_poblacion type="int" >15414</id_poblacion><id_prov type="smallint" >2647</id_prov><name_pob type="varchar"  label="City">Girard</name_pob><ind_active type="tinyint"  label="Active">1</ind_active></row>
<row><id_poblacion type="int" >15415</id_poblacion><id_prov type="smallint" >2647</id_prov><name_pob type="varchar"  label="City">Denison</name_pob><ind_active type="tinyint"  label="Active">1</ind_active></row>
<row><id_poblacion type="int" >15416</id_poblacion><id_prov type="smallint" >2647</id_prov><name_pob type="varchar"  label="City">Knoxville</name_pob><ind_active type="tinyint"  label="Active">1</ind_active></row>
<row><id_poblacion type="int" >15417</id_poblacion><id_prov type="smallint" >2647</id_prov><name_pob type="varchar"  label="City">English</name_pob><ind_active type="tinyint"  label="Active">1</ind_active></row>
<row><id_poblacion type="int" >15418</id_poblacion><id_prov type="smallint" >2647</id_prov><name_pob type="varchar"  label="City">Robinson</name_pob><ind_active type="tinyint"  label="Active">1</ind_active></row>
<row><id_poblacion type="int" >15419</id_poblacion><id_prov type="smallint" >2648</id_prov><name_pob type="varchar"  label="City">Clearfield</name_pob><ind_active type="tinyint"  label="Active">1</ind_active></row>
<row><id_poblacion type="int" >15420</id_poblacion><id_prov type="smallint" >2649</id_prov><name_pob type="varchar"  label="City">Doylestown</name_pob><ind_active type="tinyint"  label="Active">1</ind_active></row>
<row><id_poblacion type="int" >15421</id_poblacion><id_prov type="smallint" >2650</id_prov><name_pob type="varchar"  label="City">Monroe</name_pob><ind_active type="tinyint"  label="Active">1</ind_active></row>
<row><id_poblacion type="int" >15422</id_poblacion><id_prov type="smallint" >2650</id_prov><name_pob type="varchar"  label="City">Maynardvill</name_pob><ind_active type="tinyint"  label="Active">1</ind_active></row>
<row><id_poblacion type="int" >15423</id_poblacion><id_prov type="smallint" >2650</id_prov><name_pob type="varchar"  label="City">Elk Point</name_pob><ind_active type="tinyint"  label="Active">1</ind_active></row>
<row><id_poblacion type="int" >15424</id_poblacion><id_prov type="smallint" >2650</id_prov><name_pob type="varchar"  label="City">Union</name_pob><ind_active type="tinyint"  label="Active">1</ind_active></row>
<row><id_poblacion type="int" >15425</id_poblacion><id_prov type="smallint" >2650</id_prov><name_pob type="varchar"  label="City">Lewisburg</name_pob><ind_active type="tinyint"  label="Active">1</ind_active></row>
<row><id_poblacion type="int" >15426</id_poblacion><id_prov type="smallint" >2650</id_prov><name_pob type="varchar"  label="City">La Grande</name_pob><ind_active type="tinyint"  label="Active">1</ind_active></row>
<row><id_poblacion type="int" >15427</id_poblacion><id_prov type="smallint" >2650</id_prov><name_pob type="varchar"  label="City">Marysville</name_pob><ind_active type="tinyint"  label="Active">1</ind_active></row>
<row><id_poblacion type="int" >15428</id_poblacion><id_prov type="smallint" >2650</id_prov><name_pob type="varchar"  label="City">Elizabeth</name_pob><ind_active type="tinyint"  label="Active">1</ind_active></row>
<row><id_poblacion type="int" >15429</id_poblacion><id_prov type="smallint" >2650</id_prov><name_pob type="varchar"  label="City">New Albany</name_pob><ind_active type="tinyint"  label="Active">1</ind_active></row>
<row><id_poblacion type="int" >15430</id_poblacion><id_prov type="smallint" >2650</id_prov><name_pob type="varchar"  label="City">Farmerville</name_pob><ind_active type="tinyint"  label="Active">1</ind_active></row>
<row><id_poblacion type="int" >15431</id_poblacion><id_prov type="smallint" >2650</id_prov><name_pob type="varchar"  label="City">Morganfield</name_pob><ind_active type="tinyint"  label="Active">1</ind_active></row>
<row><id_poblacion type="int" >15432</id_poblacion><id_prov type="smallint" >2650</id_prov><name_pob type="varchar"  label="City">Liberty</name_pob><ind_active type="tinyint"  label="Active">1</ind_active></row>
<row><id_poblacion type="int" >15433</id_poblacion><id_prov type="smallint" >2650</id_prov><name_pob type="varchar"  label="City">Jonesboro</name_pob><ind_active type="tinyint"  label="Active">1</ind_active></row>
<row><id_poblacion type="int" >15434</id_poblacion><id_prov type="smallint" >2650</id_prov><name_pob type="varchar"  label="City">Creston</name_pob><ind_active type="tinyint"  label="Active">1</ind_active></row>
<row><id_poblacion type="int" >15435</id_poblacion><id_prov type="smallint" >2650</id_prov><name_pob type="varchar"  label="City">Blairsville</name_pob><ind_active type="tinyint"  label="Active">1</ind_active></row>
<row><id_poblacion type="int" >15436</id_poblacion><id_prov type="smallint" >2650</id_prov><name_pob type="varchar"  label="City">Lake Butler</name_pob><ind_active type="tinyint"  label="Active">1</ind_active></row>
<row><id_poblacion type="int" >15437</id_poblacion><id_prov type="smallint" >2650</id_prov><name_pob type="varchar"  label="City">El Dorado</name_pob><ind_active type="tinyint"  label="Active">1</ind_active></row>
<row><id_poblacion type="int" >15438</id_poblacion><id_prov type="smallint" >2650</id_prov><name_pob type="varchar"  label="City">Clayton</name_pob><ind_active type="tinyint"  label="Active">1</ind_active></row>
<row><id_poblacion type="int" >15439</id_poblacion><id_prov type="smallint" >2651</id_prov><name_pob type="varchar"  label="City">Snow Hill</name_pob><ind_active type="tinyint"  label="Active">1</ind_active></row>
<row><id_poblacion type="int" >15440</id_poblacion><id_prov type="smallint" >2651</id_prov><name_pob type="varchar"  label="City">Stanardsvil</name_pob><ind_active type="tinyint"  label="Active">1</ind_active></row>
<row><id_poblacion type="int" >15441</id_poblacion><id_prov type="smallint" >2651</id_prov><name_pob type="varchar"  label="City">Eutaw</name_pob><ind_active type="tinyint"  label="Active">1</ind_active></row>
<row><id_poblacion type="int" >15442</id_poblacion><id_prov type="smallint" >2651</id_prov><name_pob type="varchar"  label="City">Greeneville</name_pob><ind_active type="tinyint"  label="Active">1</ind_active></row>
<row><id_poblacion type="int" >15443</id_poblacion><id_prov type="smallint" >2651</id_prov><name_pob type="varchar"  label="City">Waynesburg</name_pob><ind_active type="tinyint"  label="Active">1</ind_active></row>
<row><id_poblacion type="int" >15444</id_poblacion><id_prov type="smallint" >2651</id_prov><name_pob type="varchar"  label="City">Xenia</name_pob><ind_active type="tinyint"  label="Active">1</ind_active></row>
<row><id_poblacion type="int" >15445</id_poblacion><id_prov type="smallint" >2651</id_prov><name_pob type="varchar"  label="City">Catskill</name_pob><ind_active type="tinyint"  label="Active">1</ind_active></row>
<row><id_poblacion type="int" >15446</id_poblacion><id_prov type="smallint" >2651</id_prov><name_pob type="varchar"  label="City">Springfield</name_pob><ind_active type="tinyint"  label="Active">1</ind_active></row>
<row><id_poblacion type="int" >15447</id_poblacion><id_prov type="smallint" >2651</id_prov><name_pob type="varchar"  label="City">Bloomfield</name_pob><ind_active type="tinyint"  label="Active">1</ind_active></row>
<row><id_poblacion type="int" >15448</id_poblacion><id_prov type="smallint" >2651</id_prov><name_pob type="varchar"  label="City">Carrollton</name_pob><ind_active type="tinyint"  label="Active">1</ind_active></row>
<row><id_poblacion type="int" >15449</id_poblacion><id_prov type="smallint" >2651</id_prov><name_pob type="varchar"  label="City">Jefferson</name_pob><ind_active type="tinyint"  label="Active">1</ind_active></row>
<row><id_poblacion type="int" >15450</id_poblacion><id_prov type="smallint" >2651</id_prov><name_pob type="varchar"  label="City">Paragould</name_pob><ind_active type="tinyint"  label="Active">1</ind_active></row>
<row><id_poblacion type="int" >15451</id_poblacion><id_prov type="smallint" >2651</id_prov><name_pob type="varchar"  label="City">Greensboro</name_pob><ind_active type="tinyint"  label="Active">1</ind_active></row>
<row><id_poblacion type="int" >15452</id_poblacion><id_prov type="smallint" >2651</id_prov><name_pob type="varchar"  label="City">Leakesville</name_pob><ind_active type="tinyint"  label="Active">1</ind_active></row>
<row><id_poblacion type="int" >15453</id_poblacion><id_prov type="smallint" >2652</id_prov><name_pob type="varchar"  label="City">Owego</name_pob><ind_active type="tinyint"  label="Active">1</ind_active></row>
<row><id_poblacion type="int" >15454</id_poblacion><id_prov type="smallint" >2652</id_prov><name_pob type="varchar"  label="City">Wellsboro</name_pob><ind_active type="tinyint"  label="Active">1</ind_active></row>
<row><id_poblacion type="int" >15456</id_poblacion><id_prov type="smallint" >2653</id_prov><name_pob type="varchar"  label="City">Lyons</name_pob><ind_active type="tinyint"  label="Active">1</ind_active></row>
<row><id_poblacion type="int" >15457</id_poblacion><id_prov type="smallint" >2653</id_prov><name_pob type="varchar"  label="City">Wooster</name_pob><ind_active type="tinyint"  label="Active">1</ind_active></row>
<row><id_poblacion type="int" >15458</id_poblacion><id_prov type="smallint" >2653</id_prov><name_pob type="varchar"  label="City">Honesdale</name_pob><ind_active type="tinyint"  label="Active">1</ind_active></row>
<row><id_poblacion type="int" >15461</id_poblacion><id_prov type="smallint" >2653</id_prov><name_pob type="varchar"  label="City">Detroit</name_pob><ind_active type="tinyint"  label="Active">1</ind_active></row>
<row><id_poblacion type="int" >15462</id_poblacion><id_prov type="smallint" >2653</id_prov><name_pob type="varchar"  label="City">Loa</name_pob><ind_active type="tinyint"  label="Active">1</ind_active></row>
<row><id_poblacion type="int" >15463</id_poblacion><id_prov type="smallint" >2653</id_prov><name_pob type="varchar"  label="City">Greenville</name_pob><ind_active type="tinyint"  label="Active">1</ind_active></row>
<row><id_poblacion type="int" >15465</id_poblacion><id_prov type="smallint" >2653</id_prov><name_pob type="varchar"  label="City">Monticello</name_pob><ind_active type="tinyint"  label="Active">1</ind_active></row>
<row><id_poblacion type="int" >15466</id_poblacion><id_prov type="smallint" >2653</id_prov><name_pob type="varchar"  label="City">Richmond</name_pob><ind_active type="tinyint"  label="Active">1</ind_active></row>
<row><id_poblacion type="int" >15467</id_poblacion><id_prov type="smallint" >2653</id_prov><name_pob type="varchar"  label="City">Fairfield</name_pob><ind_active type="tinyint"  label="Active">1</ind_active></row>
<row><id_poblacion type="int" >15468</id_poblacion><id_prov type="smallint" >2653</id_prov><name_pob type="varchar"  label="City">Corydon</name_pob><ind_active type="tinyint"  label="Active">1</ind_active></row>
<row><id_poblacion type="int" >15469</id_poblacion><id_prov type="smallint" >2653</id_prov><name_pob type="varchar"  label="City">Jesup</name_pob><ind_active type="tinyint"  label="Active">1</ind_active></row>
<row><id_poblacion type="int" >15470</id_poblacion><id_prov type="smallint" >2653</id_prov><name_pob type="varchar"  label="City">Goldsboro</name_pob><ind_active type="tinyint"  label="Active">1</ind_active></row>
<row><id_poblacion type="int" >15471</id_poblacion><id_prov type="smallint" >2654</id_prov><name_pob type="varchar"  label="City">Carnesville</name_pob><ind_active type="tinyint"  label="Active">1</ind_active></row>
<row><id_poblacion type="int" >15472</id_poblacion><id_prov type="smallint" >2654</id_prov><name_pob type="varchar"  label="City">Louisburg</name_pob><ind_active type="tinyint"  label="Active">1</ind_active></row>
<row><id_poblacion type="int" >15474</id_poblacion><id_prov type="smallint" >2654</id_prov><name_pob type="varchar"  label="City">Malone</name_pob><ind_active type="tinyint"  label="Active">1</ind_active></row>
<row><id_poblacion type="int" >15475</id_poblacion><id_prov type="smallint" >2654</id_prov><name_pob type="varchar"  label="City">Columbus</name_pob><ind_active type="tinyint"  label="Active">1</ind_active></row>
<row><id_poblacion type="int" >15476</id_poblacion><id_prov type="smallint" >2654</id_prov><name_pob type="varchar"  label="City">Chambersbur</name_pob><ind_active type="tinyint"  label="Active">1</ind_active></row>
<row><id_poblacion type="int" >15477</id_poblacion><id_prov type="smallint" >2654</id_prov><name_pob type="varchar"  label="City">Winchester</name_pob><ind_active type="tinyint"  label="Active">1</ind_active></row>
<row><id_poblacion type="int" >15478</id_poblacion><id_prov type="smallint" >2654</id_prov><name_pob type="varchar"  label="City">Mount Verno</name_pob><ind_active type="tinyint"  label="Active">1</ind_active></row>
<row><id_poblacion type="int" >15479</id_poblacion><id_prov type="smallint" >2654</id_prov><name_pob type="varchar"  label="City">Rocky Mount</name_pob><ind_active type="tinyint"  label="Active">1</ind_active></row>
<row><id_poblacion type="int" >15481</id_poblacion><id_prov type="smallint" >2654</id_prov><name_pob type="varchar"  label="City">Saint Alban</name_pob><ind_active type="tinyint"  label="Active">1</ind_active></row>
<row><id_poblacion type="int" >15482</id_poblacion><id_prov type="smallint" >2654</id_prov><name_pob type="varchar"  label="City">Meadville</name_pob><ind_active type="tinyint"  label="Active">1</ind_active></row>
<row><id_poblacion type="int" >15483</id_poblacion><id_prov type="smallint" >2654</id_prov><name_pob type="varchar"  label="City">Pasco</name_pob><ind_active type="tinyint"  label="Active">1</ind_active></row>
<row><id_poblacion type="int" >15484</id_poblacion><id_prov type="smallint" >2654</id_prov><name_pob type="varchar"  label="City">Benton</name_pob><ind_active type="tinyint"  label="Active">1</ind_active></row>
<row><id_poblacion type="int" >15485</id_poblacion><id_prov type="smallint" >2654</id_prov><name_pob type="varchar"  label="City">Russellvill</name_pob><ind_active type="tinyint"  label="Active">1</ind_active></row>
<row><id_poblacion type="int" >15486</id_poblacion><id_prov type="smallint" >2654</id_prov><name_pob type="varchar"  label="City">Charleston,</name_pob><ind_active type="tinyint"  label="Active">1</ind_active></row>
<row><id_poblacion type="int" >15487</id_poblacion><id_prov type="smallint" >2654</id_prov><name_pob type="varchar"  label="City">Preston</name_pob><ind_active type="tinyint"  label="Active">1</ind_active></row>
<row><id_poblacion type="int" >15488</id_poblacion><id_prov type="smallint" >2654</id_prov><name_pob type="varchar"  label="City">Hampton</name_pob><ind_active type="tinyint"  label="Active">1</ind_active></row>
<row><id_poblacion type="int" >15489</id_poblacion><id_prov type="smallint" >2654</id_prov><name_pob type="varchar"  label="City">Union</name_pob><ind_active type="tinyint"  label="Active">1</ind_active></row>
<row><id_poblacion type="int" >15490</id_poblacion><id_prov type="smallint" >2654</id_prov><name_pob type="varchar"  label="City">Brookville</name_pob><ind_active type="tinyint"  label="Active">1</ind_active></row>
<row><id_poblacion type="int" >15491</id_poblacion><id_prov type="smallint" >2654</id_prov><name_pob type="varchar"  label="City">Ottawa</name_pob><ind_active type="tinyint"  label="Active">1</ind_active></row>
<row><id_poblacion type="int" >15492</id_poblacion><id_prov type="smallint" >2654</id_prov><name_pob type="varchar"  label="City">Frankfort</name_pob><ind_active type="tinyint"  label="Active">1</ind_active></row>
<row><id_poblacion type="int" >15493</id_poblacion><id_prov type="smallint" >2654</id_prov><name_pob type="varchar"  label="City">Winnsboro</name_pob><ind_active type="tinyint"  label="Active">1</ind_active></row>
<row><id_poblacion type="int" >15494</id_poblacion><id_prov type="smallint" >2654</id_prov><name_pob type="varchar"  label="City">Greenfield</name_pob><ind_active type="tinyint"  label="Active">1</ind_active></row>
<row><id_poblacion type="int" >15495</id_poblacion><id_prov type="smallint" >2654</id_prov><name_pob type="varchar"  label="City">Farmington</name_pob><ind_active type="tinyint"  label="Active">1</ind_active></row>
<row><id_poblacion type="int" >15496</id_poblacion><id_prov type="smallint" >2654</id_prov><name_pob type="varchar"  label="City">Apalachicol</name_pob><ind_active type="tinyint"  label="Active">1</ind_active></row>
<row><id_poblacion type="int" >15497</id_poblacion><id_prov type="smallint" >2655</id_prov><name_pob type="varchar"  label="City">Mifflintown</name_pob><ind_active type="tinyint"  label="Active">1</ind_active></row>
<row><id_poblacion type="int" >15498</id_poblacion><id_prov type="smallint" >2656</id_prov><name_pob type="varchar"  label="City">Franklin</name_pob><ind_active type="tinyint"  label="Active">1</ind_active></row>
<row><id_poblacion type="int" >15499</id_poblacion><id_prov type="smallint" >2657</id_prov><name_pob type="varchar"  label="City">Indiana</name_pob><ind_active type="tinyint"  label="Active">1</ind_active></row>
<row><id_poblacion type="int" >15500</id_poblacion><id_prov type="smallint" >2658</id_prov><name_pob type="varchar"  label="City">Clarion</name_pob><ind_active type="tinyint"  label="Active">1</ind_active></row>
<row><id_poblacion type="int" >15501</id_poblacion><id_prov type="smallint" >2659</id_prov><name_pob type="varchar"  label="City">Reading</name_pob><ind_active type="tinyint"  label="Active">1</ind_active></row>
<row><id_poblacion type="int" >15502</id_poblacion><id_prov type="smallint" >2660</id_prov><name_pob type="varchar"  label="City">Brenham</name_pob><ind_active type="tinyint"  label="Active">1</ind_active></row>
<row><id_poblacion type="int" >15503</id_poblacion><id_prov type="smallint" >2660</id_prov><name_pob type="varchar"  label="City">Greenville</name_pob><ind_active type="tinyint"  label="Active">1</ind_active></row>
<row><id_poblacion type="int" >15504</id_poblacion><id_prov type="smallint" >2660</id_prov><name_pob type="varchar"  label="City">Plymouth</name_pob><ind_active type="tinyint"  label="Active">1</ind_active></row>
<row><id_poblacion type="int" >15505</id_poblacion><id_prov type="smallint" >2660</id_prov><name_pob type="varchar"  label="City">Blair</name_pob><ind_active type="tinyint"  label="Active">1</ind_active></row>
<row><id_poblacion type="int" >15506</id_poblacion><id_prov type="smallint" >2660</id_prov><name_pob type="varchar"  label="City">Hudson Fall</name_pob><ind_active type="tinyint"  label="Active">1</ind_active></row>
<row><id_poblacion type="int" >15507</id_poblacion><id_prov type="smallint" >2660</id_prov><name_pob type="varchar"  label="City">Bartlesvill</name_pob><ind_active type="tinyint"  label="Active">1</ind_active></row>
<row><id_poblacion type="int" >15509</id_poblacion><id_prov type="smallint" >2660</id_prov><name_pob type="varchar"  label="City">Potosi</name_pob><ind_active type="tinyint"  label="Active">1</ind_active></row>
<row><id_poblacion type="int" >15510</id_poblacion><id_prov type="smallint" >2660</id_prov><name_pob type="varchar"  label="City">Jonesboro</name_pob><ind_active type="tinyint"  label="Active">1</ind_active></row>
<row><id_poblacion type="int" >15511</id_poblacion><id_prov type="smallint" >2660</id_prov><name_pob type="varchar"  label="City">Marietta</name_pob><ind_active type="tinyint"  label="Active">1</ind_active></row>
<row><id_poblacion type="int" >15512</id_poblacion><id_prov type="smallint" >2660</id_prov><name_pob type="varchar"  label="City">Saint Georg</name_pob><ind_active type="tinyint"  label="Active">1</ind_active></row>
<row><id_poblacion type="int" >15513</id_poblacion><id_prov type="smallint" >2660</id_prov><name_pob type="varchar"  label="City">Abingdon</name_pob><ind_active type="tinyint"  label="Active">1</ind_active></row>
<row><id_poblacion type="int" >15514</id_poblacion><id_prov type="smallint" >2660</id_prov><name_pob type="varchar"  label="City">Montpelier</name_pob><ind_active type="tinyint"  label="Active">1</ind_active></row>
<row><id_poblacion type="int" >15515</id_poblacion><id_prov type="smallint" >2660</id_prov><name_pob type="varchar"  label="City">West Bend</name_pob><ind_active type="tinyint"  label="Active">1</ind_active></row>
<row><id_poblacion type="int" >15516</id_poblacion><id_prov type="smallint" >2660</id_prov><name_pob type="varchar"  label="City">Wakefield</name_pob><ind_active type="tinyint"  label="Active">1</ind_active></row>
<row><id_poblacion type="int" >15517</id_poblacion><id_prov type="smallint" >2660</id_prov><name_pob type="varchar"  label="City">Salem</name_pob><ind_active type="tinyint"  label="Active">1</ind_active></row>
<row><id_poblacion type="int" >15518</id_poblacion><id_prov type="smallint" >2660</id_prov><name_pob type="varchar"  label="City">Fayettevill</name_pob><ind_active type="tinyint"  label="Active">1</ind_active></row>
<row><id_poblacion type="int" >15519</id_poblacion><id_prov type="smallint" >2660</id_prov><name_pob type="varchar"  label="City">Akron</name_pob><ind_active type="tinyint"  label="Active">1</ind_active></row>
<row><id_poblacion type="int" >15520</id_poblacion><id_prov type="smallint" >2660</id_prov><name_pob type="varchar"  label="City">Chipley</name_pob><ind_active type="tinyint"  label="Active">1</ind_active></row>
<row><id_poblacion type="int" >15521</id_poblacion><id_prov type="smallint" >2660</id_prov><name_pob type="varchar"  label="City">Sandersvill</name_pob><ind_active type="tinyint"  label="Active">1</ind_active></row>
<row><id_poblacion type="int" >15523</id_poblacion><id_prov type="smallint" >2660</id_prov><name_pob type="varchar"  label="City">Stillwater</name_pob><ind_active type="tinyint"  label="Active">1</ind_active></row>
<row><id_poblacion type="int" >15524</id_poblacion><id_prov type="smallint" >2660</id_prov><name_pob type="varchar"  label="City">Nashville</name_pob><ind_active type="tinyint"  label="Active">1</ind_active></row>
<row><id_poblacion type="int" >15525</id_poblacion><id_prov type="smallint" >2660</id_prov><name_pob type="varchar"  label="City">Chatom</name_pob><ind_active type="tinyint"  label="Active">1</ind_active></row>
<row><id_poblacion type="int" >15527</id_poblacion><id_prov type="smallint" >2660</id_prov><name_pob type="varchar"  label="City">Hillsboro</name_pob><ind_active type="tinyint"  label="Active">1</ind_active></row>
<row><id_poblacion type="int" >15528</id_poblacion><id_prov type="smallint" >2660</id_prov><name_pob type="varchar"  label="City">Springfield</name_pob><ind_active type="tinyint"  label="Active">1</ind_active></row>
<row><id_poblacion type="int" >15529</id_poblacion><id_prov type="smallint" >2660</id_prov><name_pob type="varchar"  label="City">Franklinton</name_pob><ind_active type="tinyint"  label="Active">1</ind_active></row>
<row><id_poblacion type="int" >15530</id_poblacion><id_prov type="smallint" >2660</id_prov><name_pob type="varchar"  label="City">Hagerstown</name_pob><ind_active type="tinyint"  label="Active">1</ind_active></row>
<row><id_poblacion type="int" >15531</id_poblacion><id_prov type="smallint" >2660</id_prov><name_pob type="varchar"  label="City">Machias</name_pob><ind_active type="tinyint"  label="Active">1</ind_active></row>
<row><id_poblacion type="int" >15532</id_poblacion><id_prov type="smallint" >2660</id_prov><name_pob type="varchar"  label="City">Weiser</name_pob><ind_active type="tinyint"  label="Active">1</ind_active></row>
<row><id_poblacion type="int" >15533</id_poblacion><id_prov type="smallint" >2661</id_prov><name_pob type="varchar"  label="City">Ebensburg</name_pob><ind_active type="tinyint"  label="Active">1</ind_active></row>
<row><id_poblacion type="int" >15534</id_poblacion><id_prov type="smallint" >2662</id_prov><name_pob type="varchar"  label="City">Smethport</name_pob><ind_active type="tinyint"  label="Active">1</ind_active></row>
<row><id_poblacion type="int" >15535</id_poblacion><id_prov type="smallint" >2663</id_prov><name_pob type="varchar"  label="City">Hollidaysbu</name_pob><ind_active type="tinyint"  label="Active">1</ind_active></row>
<row><id_poblacion type="int" >15536</id_poblacion><id_prov type="smallint" >2664</id_prov><name_pob type="varchar"  label="City">Philadelphi</name_pob><ind_active type="tinyint"  label="Active">1</ind_active></row>
<row><id_poblacion type="int" >15537</id_poblacion><id_prov type="smallint" >2665</id_prov><name_pob type="varchar"  label="City">Bedford</name_pob><ind_active type="tinyint"  label="Active">1</ind_active></row>
<row><id_poblacion type="int" >15538</id_poblacion><id_prov type="smallint" >2665</id_prov><name_pob type="varchar"  label="City">Shelbyville</name_pob><ind_active type="tinyint"  label="Active">1</ind_active></row>
</poblacion>
</root>