<?xml version="1.0" encoding="UTF-8"?>
<root>
<poblacion>
<row><id_poblacion type="int" >15582</id_poblacion><id_prov type="smallint" >2671</id_prov><name_pob type="varchar"  label="City">Anderson</name_pob><ind_active type="tinyint"  label="Active">1</ind_active></row>
<row><id_poblacion type="int" >15583</id_poblacion><id_prov type="smallint" >2671</id_prov><name_pob type="varchar"  label="City">Clinton</name_pob><ind_active type="tinyint"  label="Active">1</ind_active></row>
<row><id_poblacion type="int" >15584</id_poblacion><id_prov type="smallint" >2671</id_prov><name_pob type="varchar"  label="City">Lawrencebur</name_pob><ind_active type="tinyint"  label="Active">1</ind_active></row>
<row><id_poblacion type="int" >15585</id_poblacion><id_prov type="smallint" >2671</id_prov><name_pob type="varchar"  label="City">Garnett</name_pob><ind_active type="tinyint"  label="Active">1</ind_active></row>
<row><id_poblacion type="int" >15586</id_poblacion><id_prov type="smallint" >2671</id_prov><name_pob type="varchar"  label="City">Palestine</name_pob><ind_active type="tinyint"  label="Active">1</ind_active></row>
<row><id_poblacion type="int" >15587</id_poblacion><id_prov type="smallint" >2672</id_prov><name_pob type="varchar"  label="City">Cambridge</name_pob><ind_active type="tinyint"  label="Active">1</ind_active></row>
<row><id_poblacion type="int" >15588</id_poblacion><id_prov type="smallint" >2672</id_prov><name_pob type="varchar"  label="City">Saint Georg</name_pob><ind_active type="tinyint"  label="Active">1</ind_active></row>
<row><id_poblacion type="int" >15589</id_poblacion><id_prov type="smallint" >2673</id_prov><name_pob type="varchar"  label="City">Yorktown</name_pob><ind_active type="tinyint"  label="Active">1</ind_active></row>
<row><id_poblacion type="int" >15592</id_poblacion><id_prov type="smallint" >2673</id_prov><name_pob type="varchar"  label="City">Alfred</name_pob><ind_active type="tinyint"  label="Active">1</ind_active></row>
<row><id_poblacion type="int" >15594</id_poblacion><id_prov type="smallint" >2674</id_prov><name_pob type="varchar"  label="City">Williamsbur</name_pob><ind_active type="tinyint"  label="Active">1</ind_active></row>
<row><id_poblacion type="int" >15595</id_poblacion><id_prov type="smallint" >2674</id_prov><name_pob type="varchar"  label="City">Kingstree</name_pob><ind_active type="tinyint"  label="Active">1</ind_active></row>
<row><id_poblacion type="int" >15596</id_poblacion><id_prov type="smallint" >2675</id_prov><name_pob type="varchar"  label="City">Bamberg</name_pob><ind_active type="tinyint"  label="Active">1</ind_active></row>
<row><id_poblacion type="int" >15597</id_poblacion><id_prov type="smallint" >2676</id_prov><name_pob type="varchar"  label="City">Spartanburg</name_pob><ind_active type="tinyint"  label="Active">1</ind_active></row>
<row><id_poblacion type="int" >15598</id_poblacion><id_prov type="smallint" >2677</id_prov><name_pob type="varchar"  label="City">Monroe</name_pob><ind_active type="tinyint"  label="Active">1</ind_active></row>
<row><id_poblacion type="int" >15599</id_poblacion><id_prov type="smallint" >2677</id_prov><name_pob type="varchar"  label="City">Maynardvill</name_pob><ind_active type="tinyint"  label="Active">1</ind_active></row>
<row><id_poblacion type="int" >15600</id_poblacion><id_prov type="smallint" >2677</id_prov><name_pob type="varchar"  label="City">Elk Point</name_pob><ind_active type="tinyint"  label="Active">1</ind_active></row>
<row><id_poblacion type="int" >15601</id_poblacion><id_prov type="smallint" >2677</id_prov><name_pob type="varchar"  label="City">Union</name_pob><ind_active type="tinyint"  label="Active">1</ind_active></row>
<row><id_poblacion type="int" >15602</id_poblacion><id_prov type="smallint" >2677</id_prov><name_pob type="varchar"  label="City">Lewisburg</name_pob><ind_active type="tinyint"  label="Active">1</ind_active></row>
<row><id_poblacion type="int" >15603</id_poblacion><id_prov type="smallint" >2677</id_prov><name_pob type="varchar"  label="City">La Grande</name_pob><ind_active type="tinyint"  label="Active">1</ind_active></row>
<row><id_poblacion type="int" >15604</id_poblacion><id_prov type="smallint" >2677</id_prov><name_pob type="varchar"  label="City">Marysville</name_pob><ind_active type="tinyint"  label="Active">1</ind_active></row>
<row><id_poblacion type="int" >15605</id_poblacion><id_prov type="smallint" >2677</id_prov><name_pob type="varchar"  label="City">Elizabeth</name_pob><ind_active type="tinyint"  label="Active">1</ind_active></row>
<row><id_poblacion type="int" >15606</id_poblacion><id_prov type="smallint" >2677</id_prov><name_pob type="varchar"  label="City">New Albany</name_pob><ind_active type="tinyint"  label="Active">1</ind_active></row>
<row><id_poblacion type="int" >15607</id_poblacion><id_prov type="smallint" >2677</id_prov><name_pob type="varchar"  label="City">Farmerville</name_pob><ind_active type="tinyint"  label="Active">1</ind_active></row>
<row><id_poblacion type="int" >15608</id_poblacion><id_prov type="smallint" >2677</id_prov><name_pob type="varchar"  label="City">Morganfield</name_pob><ind_active type="tinyint"  label="Active">1</ind_active></row>
<row><id_poblacion type="int" >15609</id_poblacion><id_prov type="smallint" >2677</id_prov><name_pob type="varchar"  label="City">Liberty</name_pob><ind_active type="tinyint"  label="Active">1</ind_active></row>
<row><id_poblacion type="int" >15610</id_poblacion><id_prov type="smallint" >2677</id_prov><name_pob type="varchar"  label="City">Jonesboro</name_pob><ind_active type="tinyint"  label="Active">1</ind_active></row>
<row><id_poblacion type="int" >15611</id_poblacion><id_prov type="smallint" >2677</id_prov><name_pob type="varchar"  label="City">Creston</name_pob><ind_active type="tinyint"  label="Active">1</ind_active></row>
<row><id_poblacion type="int" >15612</id_poblacion><id_prov type="smallint" >2677</id_prov><name_pob type="varchar"  label="City">Blairsville</name_pob><ind_active type="tinyint"  label="Active">1</ind_active></row>
<row><id_poblacion type="int" >15613</id_poblacion><id_prov type="smallint" >2677</id_prov><name_pob type="varchar"  label="City">Lake Butler</name_pob><ind_active type="tinyint"  label="Active">1</ind_active></row>
<row><id_poblacion type="int" >15614</id_poblacion><id_prov type="smallint" >2677</id_prov><name_pob type="varchar"  label="City">El Dorado</name_pob><ind_active type="tinyint"  label="Active">1</ind_active></row>
<row><id_poblacion type="int" >15615</id_poblacion><id_prov type="smallint" >2677</id_prov><name_pob type="varchar"  label="City">Clayton</name_pob><ind_active type="tinyint"  label="Active">1</ind_active></row>
<row><id_poblacion type="int" >15616</id_poblacion><id_prov type="smallint" >2678</id_prov><name_pob type="varchar"  label="City">Walterboro</name_pob><ind_active type="tinyint"  label="Active">1</ind_active></row>
<row><id_poblacion type="int" >15617</id_poblacion><id_prov type="smallint" >2679</id_prov><name_pob type="varchar"  label="City">Marshall</name_pob><ind_active type="tinyint"  label="Active">1</ind_active></row>
<row><id_poblacion type="int" >15618</id_poblacion><id_prov type="smallint" >2679</id_prov><name_pob type="varchar"  label="City">Port Lavaca</name_pob><ind_active type="tinyint"  label="Active">1</ind_active></row>
<row><id_poblacion type="int" >15619</id_poblacion><id_prov type="smallint" >2679</id_prov><name_pob type="varchar"  label="City">Saint Matth</name_pob><ind_active type="tinyint"  label="Active">1</ind_active></row>
<row><id_poblacion type="int" >15620</id_poblacion><id_prov type="smallint" >2679</id_prov><name_pob type="varchar"  label="City">Blountstown</name_pob><ind_active type="tinyint"  label="Active">1</ind_active></row>
<row><id_poblacion type="int" >15621</id_poblacion><id_prov type="smallint" >2679</id_prov><name_pob type="varchar"  label="City">Pittsboro</name_pob><ind_active type="tinyint"  label="Active">1</ind_active></row>
<row><id_poblacion type="int" >15622</id_poblacion><id_prov type="smallint" >2679</id_prov><name_pob type="varchar"  label="City">Grantsville</name_pob><ind_active type="tinyint"  label="Active">1</ind_active></row>
<row><id_poblacion type="int" >15623</id_poblacion><id_prov type="smallint" >2679</id_prov><name_pob type="varchar"  label="City">Morgan</name_pob><ind_active type="tinyint"  label="Active">1</ind_active></row>
<row><id_poblacion type="int" >15624</id_poblacion><id_prov type="smallint" >2679</id_prov><name_pob type="varchar"  label="City">Hampton</name_pob><ind_active type="tinyint"  label="Active">1</ind_active></row>
<row><id_poblacion type="int" >15625</id_poblacion><id_prov type="smallint" >2679</id_prov><name_pob type="varchar"  label="City">Anniston</name_pob><ind_active type="tinyint"  label="Active">1</ind_active></row>
<row><id_poblacion type="int" >15626</id_poblacion><id_prov type="smallint" >2679</id_prov><name_pob type="varchar"  label="City">Rockwell Ci</name_pob><ind_active type="tinyint"  label="Active">1</ind_active></row>
<row><id_poblacion type="int" >15627</id_poblacion><id_prov type="smallint" >2679</id_prov><name_pob type="varchar"  label="City">Hardin</name_pob><ind_active type="tinyint"  label="Active">1</ind_active></row>
<row><id_poblacion type="int" >15628</id_poblacion><id_prov type="smallint" >2680</id_prov><name_pob type="varchar"  label="City">Aiken</name_pob><ind_active type="tinyint"  label="Active">1</ind_active></row>
<row><id_poblacion type="int" >15629</id_poblacion><id_prov type="smallint" >2681</id_prov><name_pob type="varchar"  label="City">Dillon</name_pob><ind_active type="tinyint"  label="Active">1</ind_active></row>
<row><id_poblacion type="int" >15630</id_poblacion><id_prov type="smallint" >2682</id_prov><name_pob type="varchar"  label="City">Darlington</name_pob><ind_active type="tinyint"  label="Active">1</ind_active></row>
<row><id_poblacion type="int" >15631</id_poblacion><id_prov type="smallint" >2683</id_prov><name_pob type="varchar"  label="City">Abbeville</name_pob><ind_active type="tinyint"  label="Active">1</ind_active></row>
<row><id_poblacion type="int" >15632</id_poblacion><id_prov type="smallint" >2684</id_prov><name_pob type="varchar"  label="City">Lexington</name_pob><ind_active type="tinyint"  label="Active">1</ind_active></row>
<row><id_poblacion type="int" >15634</id_poblacion><id_prov type="smallint" >2685</id_prov><name_pob type="varchar"  label="City">Lincoln</name_pob><ind_active type="tinyint"  label="Active">1</ind_active></row>
<row><id_poblacion type="int" >15638</id_poblacion><id_prov type="smallint" >2686</id_prov><name_pob type="varchar"  label="City">Conway</name_pob><ind_active type="tinyint"  label="Active">1</ind_active></row>
<row><id_poblacion type="int" >15639</id_poblacion><id_prov type="smallint" >2687</id_prov><name_pob type="varchar"  label="City">Livingston</name_pob><ind_active type="tinyint"  label="Active">1</ind_active></row>
<row><id_poblacion type="int" >15640</id_poblacion><id_prov type="smallint" >2687</id_prov><name_pob type="varchar"  label="City">Bushnell</name_pob><ind_active type="tinyint"  label="Active">1</ind_active></row>
<row><id_poblacion type="int" >15641</id_poblacion><id_prov type="smallint" >2687</id_prov><name_pob type="varchar"  label="City">Americus</name_pob><ind_active type="tinyint"  label="Active">1</ind_active></row>
<row><id_poblacion type="int" >15642</id_poblacion><id_prov type="smallint" >2687</id_prov><name_pob type="varchar"  label="City">Sumter</name_pob><ind_active type="tinyint"  label="Active">1</ind_active></row>
<row><id_poblacion type="int" >15643</id_poblacion><id_prov type="smallint" >2688</id_prov><name_pob type="varchar"  label="City">Dixon</name_pob><ind_active type="tinyint"  label="Active">1</ind_active></row>
<row><id_poblacion type="int" >15644</id_poblacion><id_prov type="smallint" >2688</id_prov><name_pob type="varchar"  label="City">Sanford</name_pob><ind_active type="tinyint"  label="Active">1</ind_active></row>
<row><id_poblacion type="int" >15645</id_poblacion><id_prov type="smallint" >2688</id_prov><name_pob type="varchar"  label="City">Jonesville</name_pob><ind_active type="tinyint"  label="Active">1</ind_active></row>
<row><id_poblacion type="int" >15646</id_poblacion><id_prov type="smallint" >2688</id_prov><name_pob type="varchar"  label="City">Giddings</name_pob><ind_active type="tinyint"  label="Active">1</ind_active></row>
<row><id_poblacion type="int" >15647</id_poblacion><id_prov type="smallint" >2688</id_prov><name_pob type="varchar"  label="City">Bishopville</name_pob><ind_active type="tinyint"  label="Active">1</ind_active></row>
<row><id_poblacion type="int" >15648</id_poblacion><id_prov type="smallint" >2688</id_prov><name_pob type="varchar"  label="City">Beattyville</name_pob><ind_active type="tinyint"  label="Active">1</ind_active></row>
<row><id_poblacion type="int" >15649</id_poblacion><id_prov type="smallint" >2688</id_prov><name_pob type="varchar"  label="City">Opelika</name_pob><ind_active type="tinyint"  label="Active">1</ind_active></row>
<row><id_poblacion type="int" >15650</id_poblacion><id_prov type="smallint" >2688</id_prov><name_pob type="varchar"  label="City">Fort Madiso</name_pob><ind_active type="tinyint"  label="Active">1</ind_active></row>
<row><id_poblacion type="int" >15651</id_poblacion><id_prov type="smallint" >2688</id_prov><name_pob type="varchar"  label="City">Leesburg</name_pob><ind_active type="tinyint"  label="Active">1</ind_active></row>
<row><id_poblacion type="int" >15652</id_poblacion><id_prov type="smallint" >2688</id_prov><name_pob type="varchar"  label="City">Fort Myers</name_pob><ind_active type="tinyint"  label="Active">1</ind_active></row>
<row><id_poblacion type="int" >15653</id_poblacion><id_prov type="smallint" >2688</id_prov><name_pob type="varchar"  label="City">Tupelo</name_pob><ind_active type="tinyint"  label="Active">1</ind_active></row>
<row><id_poblacion type="int" >15654</id_poblacion><id_prov type="smallint" >2688</id_prov><name_pob type="varchar"  label="City">Marianna</name_pob><ind_active type="tinyint"  label="Active">1</ind_active></row>
<row><id_poblacion type="int" >15655</id_poblacion><id_prov type="smallint" >2689</id_prov><name_pob type="varchar"  label="City">Dublin</name_pob><ind_active type="tinyint"  label="Active">1</ind_active></row>
<row><id_poblacion type="int" >15656</id_poblacion><id_prov type="smallint" >2689</id_prov><name_pob type="varchar"  label="City">Laurens</name_pob><ind_active type="tinyint"  label="Active">1</ind_active></row>
<row><id_poblacion type="int" >15657</id_poblacion><id_prov type="smallint" >2690</id_prov><name_pob type="varchar"  label="City">Allendale</name_pob><ind_active type="tinyint"  label="Active">1</ind_active></row>
<row><id_poblacion type="int" >15658</id_poblacion><id_prov type="smallint" >2691</id_prov><name_pob type="varchar"  label="City">Camden</name_pob><ind_active type="tinyint"  label="Active">1</ind_active></row>
<row><id_poblacion type="int" >15659</id_poblacion><id_prov type="smallint" >2692</id_prov><name_pob type="varchar"  label="City">Rensselaer</name_pob><ind_active type="tinyint"  label="Active">1</ind_active></row>
<row><id_poblacion type="int" >15660</id_poblacion><id_prov type="smallint" >2692</id_prov><name_pob type="varchar"  label="City">Carthage</name_pob><ind_active type="tinyint"  label="Active">1</ind_active></row>
<row><id_poblacion type="int" >15661</id_poblacion><id_prov type="smallint" >2692</id_prov><name_pob type="varchar"  label="City">Jasper</name_pob><ind_active type="tinyint"  label="Active">1</ind_active></row>
<row><id_poblacion type="int" >15662</id_poblacion><id_prov type="smallint" >2692</id_prov><name_pob type="varchar"  label="City">Ridgeland</name_pob><ind_active type="tinyint"  label="Active">1</ind_active></row>
<row><id_poblacion type="int" >15663</id_poblacion><id_prov type="smallint" >2692</id_prov><name_pob type="varchar"  label="City">Monticello</name_pob><ind_active type="tinyint"  label="Active">1</ind_active></row>
<row><id_poblacion type="int" >15666</id_poblacion><id_prov type="smallint" >2692</id_prov><name_pob type="varchar"  label="City">Bay Springs</name_pob><ind_active type="tinyint"  label="Active">1</ind_active></row>
<row><id_poblacion type="int" >15667</id_poblacion><id_prov type="smallint" >2693</id_prov><name_pob type="varchar"  label="City">Bennettsvil</name_pob><ind_active type="tinyint"  label="Active">1</ind_active></row>
<row><id_poblacion type="int" >15668</id_poblacion><id_prov type="smallint" >2694</id_prov><name_pob type="varchar"  label="City">Gaffney</name_pob><ind_active type="tinyint"  label="Active">1</ind_active></row>
<row><id_poblacion type="int" >15669</id_poblacion><id_prov type="smallint" >2694</id_prov><name_pob type="varchar"  label="City">Rusk</name_pob><ind_active type="tinyint"  label="Active">1</ind_active></row>
<row><id_poblacion type="int" >15670</id_poblacion><id_prov type="smallint" >2694</id_prov><name_pob type="varchar"  label="City">Tahlequah</name_pob><ind_active type="tinyint"  label="Active">1</ind_active></row>
<row><id_poblacion type="int" >15671</id_poblacion><id_prov type="smallint" >2694</id_prov><name_pob type="varchar"  label="City">Murphy</name_pob><ind_active type="tinyint"  label="Active">1</ind_active></row>
<row><id_poblacion type="int" >15672</id_poblacion><id_prov type="smallint" >2694</id_prov><name_pob type="varchar"  label="City">Columbus</name_pob><ind_active type="tinyint"  label="Active">1</ind_active></row>
<row><id_poblacion type="int" >15673</id_poblacion><id_prov type="smallint" >2694</id_prov><name_pob type="varchar"  label="City">Cherokee</name_pob><ind_active type="tinyint"  label="Active">1</ind_active></row>
<row><id_poblacion type="int" >15674</id_poblacion><id_prov type="smallint" >2694</id_prov><name_pob type="varchar"  label="City">Canton</name_pob><ind_active type="tinyint"  label="Active">1</ind_active></row>
<row><id_poblacion type="int" >15675</id_poblacion><id_prov type="smallint" >2694</id_prov><name_pob type="varchar"  label="City">Centre</name_pob><ind_active type="tinyint"  label="Active">1</ind_active></row>
<row><id_poblacion type="int" >15676</id_poblacion><id_prov type="smallint" >2695</id_prov><name_pob type="varchar"  label="City">Orangeburg</name_pob><ind_active type="tinyint"  label="Active">1</ind_active></row>
<row><id_poblacion type="int" >15677</id_poblacion><id_prov type="smallint" >2696</id_prov><name_pob type="varchar"  label="City">Charleston</name_pob><ind_active type="tinyint"  label="Active">1</ind_active></row>
<row><id_poblacion type="int" >15678</id_poblacion><id_prov type="smallint" >2697</id_prov><name_pob type="varchar"  label="City">Moncks Corn</name_pob><ind_active type="tinyint"  label="Active">1</ind_active></row>
<row><id_poblacion type="int" >15679</id_poblacion><id_prov type="smallint" >2697</id_prov><name_pob type="varchar"  label="City">Martinsburg</name_pob><ind_active type="tinyint"  label="Active">1</ind_active></row>
<row><id_poblacion type="int" >15681</id_poblacion><id_prov type="smallint" >2698</id_prov><name_pob type="varchar"  label="City">Fairmont</name_pob><ind_active type="tinyint"  label="Active">1</ind_active></row>
<row><id_poblacion type="int" >15682</id_poblacion><id_prov type="smallint" >2698</id_prov><name_pob type="varchar"  label="City">Jefferson</name_pob><ind_active type="tinyint"  label="Active">1</ind_active></row>
<row><id_poblacion type="int" >15683</id_poblacion><id_prov type="smallint" >2698</id_prov><name_pob type="varchar"  label="City">Hamilton</name_pob><ind_active type="tinyint"  label="Active">1</ind_active></row>
<row><id_poblacion type="int" >15686</id_poblacion><id_prov type="smallint" >2698</id_prov><name_pob type="varchar"  label="City">Columbia</name_pob><ind_active type="tinyint"  label="Active">1</ind_active></row>
<row><id_poblacion type="int" >15687</id_poblacion><id_prov type="smallint" >2698</id_prov><name_pob type="varchar"  label="City">Palmyra</name_pob><ind_active type="tinyint"  label="Active">1</ind_active></row>
<row><id_poblacion type="int" >15689</id_poblacion><id_prov type="smallint" >2698</id_prov><name_pob type="varchar"  label="City">Indianapoli</name_pob><ind_active type="tinyint"  label="Active">1</ind_active></row>
<row><id_poblacion type="int" >15691</id_poblacion><id_prov type="smallint" >2698</id_prov><name_pob type="varchar"  label="City">Knoxville</name_pob><ind_active type="tinyint"  label="Active">1</ind_active></row>
<row><id_poblacion type="int" >15692</id_poblacion><id_prov type="smallint" >2698</id_prov><name_pob type="varchar"  label="City">Buena Vista</name_pob><ind_active type="tinyint"  label="Active">1</ind_active></row>
<row><id_poblacion type="int" >15693</id_poblacion><id_prov type="smallint" >2698</id_prov><name_pob type="varchar"  label="City">Ocala</name_pob><ind_active type="tinyint"  label="Active">1</ind_active></row>
<row><id_poblacion type="int" >15694</id_poblacion><id_prov type="smallint" >2698</id_prov><name_pob type="varchar"  label="City">Yellville</name_pob><ind_active type="tinyint"  label="Active">1</ind_active></row>
<row><id_poblacion type="int" >15695</id_poblacion><id_prov type="smallint" >2698</id_prov><name_pob type="varchar"  label="City">Lebanon</name_pob><ind_active type="tinyint"  label="Active">1</ind_active></row>
<row><id_poblacion type="int" >15696</id_poblacion><id_prov type="smallint" >2698</id_prov><name_pob type="varchar"  label="City">Jasper</name_pob><ind_active type="tinyint"  label="Active">1</ind_active></row>
<row><id_poblacion type="int" >15697</id_poblacion><id_prov type="smallint" >2699</id_prov><name_pob type="varchar"  label="City">Edgefield</name_pob><ind_active type="tinyint"  label="Active">1</ind_active></row>
<row><id_poblacion type="int" >15698</id_poblacion><id_prov type="smallint" >2700</id_prov><name_pob type="varchar"  label="City">Carrollton</name_pob><ind_active type="tinyint"  label="Active">1</ind_active></row>
<row><id_poblacion type="int" >15699</id_poblacion><id_prov type="smallint" >2700</id_prov><name_pob type="varchar"  label="City">Jasper</name_pob><ind_active type="tinyint"  label="Active">1</ind_active></row>
<row><id_poblacion type="int" >15700</id_poblacion><id_prov type="smallint" >2700</id_prov><name_pob type="varchar"  label="City">Pickens</name_pob><ind_active type="tinyint"  label="Active">1</ind_active></row>
<row><id_poblacion type="int" >15701</id_poblacion><id_prov type="smallint" >2701</id_prov><name_pob type="varchar"  label="City">Saluda</name_pob><ind_active type="tinyint"  label="Active">1</ind_active></row>
<row><id_poblacion type="int" >15702</id_poblacion><id_prov type="smallint" >2702</id_prov><name_pob type="varchar"  label="City">McCormick</name_pob><ind_active type="tinyint"  label="Active">1</ind_active></row>
<row><id_poblacion type="int" >15703</id_poblacion><id_prov type="smallint" >2703</id_prov><name_pob type="varchar"  label="City">Newberry</name_pob><ind_active type="tinyint"  label="Active">1</ind_active></row>
<row><id_poblacion type="int" >15704</id_poblacion><id_prov type="smallint" >2704</id_prov><name_pob type="varchar"  label="City">Greenville</name_pob><ind_active type="tinyint"  label="Active">1</ind_active></row>
<row><id_poblacion type="int" >15705</id_poblacion><id_prov type="smallint" >2705</id_prov><name_pob type="varchar"  label="City">Chesterfiel</name_pob><ind_active type="tinyint"  label="Active">1</ind_active></row>
<row><id_poblacion type="int" >15707</id_poblacion><id_prov type="smallint" >2706</id_prov><name_pob type="varchar"  label="City">Barnwell</name_pob><ind_active type="tinyint"  label="Active">1</ind_active></row>
<row><id_poblacion type="int" >15708</id_poblacion><id_prov type="smallint" >2707</id_prov><name_pob type="varchar"  label="City">Washington</name_pob><ind_active type="tinyint"  label="Active">1</ind_active></row>
<row><id_poblacion type="int" >15709</id_poblacion><id_prov type="smallint" >2707</id_prov><name_pob type="varchar"  label="City">Beaufort</name_pob><ind_active type="tinyint"  label="Active">1</ind_active></row>
<row><id_poblacion type="int" >15710</id_poblacion><id_prov type="smallint" >2708</id_prov><name_pob type="varchar"  label="City">Bridgeport</name_pob><ind_active type="tinyint"  label="Active">1</ind_active></row>
<row><id_poblacion type="int" >15711</id_poblacion><id_prov type="smallint" >2708</id_prov><name_pob type="varchar"  label="City">Lancaster</name_pob><ind_active type="tinyint"  label="Active">1</ind_active></row>
<row><id_poblacion type="int" >15712</id_poblacion><id_prov type="smallint" >2708</id_prov><name_pob type="varchar"  label="City">Winnsboro</name_pob><ind_active type="tinyint"  label="Active">1</ind_active></row>
<row><id_poblacion type="int" >15713</id_poblacion><id_prov type="smallint" >2709</id_prov><name_pob type="varchar"  label="City">Georgetown</name_pob><ind_active type="tinyint"  label="Active">1</ind_active></row>
<row><id_poblacion type="int" >15714</id_poblacion><id_prov type="smallint" >2710</id_prov><name_pob type="varchar"  label="City">Hampton</name_pob><ind_active type="tinyint"  label="Active">1</ind_active></row>
<row><id_poblacion type="int" >15716</id_poblacion><id_prov type="smallint" >2711</id_prov><name_pob type="varchar"  label="City">Florence</name_pob><ind_active type="tinyint"  label="Active">1</ind_active></row>
<row><id_poblacion type="int" >15718</id_poblacion><id_prov type="smallint" >2712</id_prov><name_pob type="varchar"  label="City">Richland Ce</name_pob><ind_active type="tinyint"  label="Active">1</ind_active></row>
<row><id_poblacion type="int" >15719</id_poblacion><id_prov type="smallint" >2712</id_prov><name_pob type="varchar"  label="City">Olney</name_pob><ind_active type="tinyint"  label="Active">1</ind_active></row>
<row><id_poblacion type="int" >15720</id_poblacion><id_prov type="smallint" >2712</id_prov><name_pob type="varchar"  label="City">Rayville</name_pob><ind_active type="tinyint"  label="Active">1</ind_active></row>
<row><id_poblacion type="int" >15721</id_poblacion><id_prov type="smallint" >2712</id_prov><name_pob type="varchar"  label="City">Sidney</name_pob><ind_active type="tinyint"  label="Active">1</ind_active></row>
<row><id_poblacion type="int" >15722</id_poblacion><id_prov type="smallint" >2712</id_prov><name_pob type="varchar"  label="City">Wahpeton</name_pob><ind_active type="tinyint"  label="Active">1</ind_active></row>
<row><id_poblacion type="int" >15723</id_poblacion><id_prov type="smallint" >2712</id_prov><name_pob type="varchar"  label="City">Mansfield</name_pob><ind_active type="tinyint"  label="Active">1</ind_active></row>
<row><id_poblacion type="int" >15724</id_poblacion><id_prov type="smallint" >2712</id_prov><name_pob type="varchar"  label="City">Columbia</name_pob><ind_active type="tinyint"  label="Active">1</ind_active></row>
<row><id_poblacion type="int" >15725</id_poblacion><id_prov type="smallint" >2713</id_prov><name_pob type="varchar"  label="City">West Cheste</name_pob><ind_active type="tinyint"  label="Active">1</ind_active></row>
<row><id_poblacion type="int" >15726</id_poblacion><id_prov type="smallint" >2713</id_prov><name_pob type="varchar"  label="City">Chester</name_pob><ind_active type="tinyint"  label="Active">1</ind_active></row>
<row><id_poblacion type="int" >15727</id_poblacion><id_prov type="smallint" >2713</id_prov><name_pob type="varchar"  label="City">Henderson</name_pob><ind_active type="tinyint"  label="Active">1</ind_active></row>
<row><id_poblacion type="int" >15728</id_poblacion><id_prov type="smallint" >2714</id_prov><name_pob type="varchar"  label="City">Manning</name_pob><ind_active type="tinyint"  label="Active">1</ind_active></row>
<row><id_poblacion type="int" >15729</id_poblacion><id_prov type="smallint" >2715</id_prov><name_pob type="varchar"  label="City">Watkinsvill</name_pob><ind_active type="tinyint"  label="Active">1</ind_active></row>
<row><id_poblacion type="int" >15730</id_poblacion><id_prov type="smallint" >2715</id_prov><name_pob type="varchar"  label="City">Walhalla</name_pob><ind_active type="tinyint"  label="Active">1</ind_active></row>
<row><id_poblacion type="int" >15731</id_poblacion><id_prov type="smallint" >2716</id_prov><name_pob type="varchar"  label="City">Eureka</name_pob><ind_active type="tinyint"  label="Active">1</ind_active></row>
<row><id_poblacion type="int" >15732</id_poblacion><id_prov type="smallint" >2716</id_prov><name_pob type="varchar"  label="City">Greenwood</name_pob><ind_active type="tinyint"  label="Active">1</ind_active></row>
</poblacion>
</root>