<?xml version="1.0" encoding="UTF-8"?>
<root>
<poblacion>
<row><id_poblacion type="int" >15733</id_poblacion><id_prov type="smallint" >2717</id_prov><name_pob type="varchar"  label="City">Hayti</name_pob><ind_active type="tinyint"  label="Active">1</ind_active></row>
<row><id_poblacion type="int" >15734</id_poblacion><id_prov type="smallint" >2718</id_prov><name_pob type="varchar"  label="City">Oroville</name_pob><ind_active type="tinyint"  label="Active">1</ind_active></row>
<row><id_poblacion type="int" >15735</id_poblacion><id_prov type="smallint" >2718</id_prov><name_pob type="varchar"  label="City">Arco</name_pob><ind_active type="tinyint"  label="Active">1</ind_active></row>
<row><id_poblacion type="int" >15736</id_poblacion><id_prov type="smallint" >2718</id_prov><name_pob type="varchar"  label="City">Belle Fourc</name_pob><ind_active type="tinyint"  label="Active">1</ind_active></row>
<row><id_poblacion type="int" >15737</id_poblacion><id_prov type="smallint" >2719</id_prov><name_pob type="varchar"  label="City">New Ulm</name_pob><ind_active type="tinyint"  label="Active">1</ind_active></row>
<row><id_poblacion type="int" >15738</id_poblacion><id_prov type="smallint" >2719</id_prov><name_pob type="varchar"  label="City">Green Bay</name_pob><ind_active type="tinyint"  label="Active">1</ind_active></row>
<row><id_poblacion type="int" >15739</id_poblacion><id_prov type="smallint" >2719</id_prov><name_pob type="varchar"  label="City">Brownwood</name_pob><ind_active type="tinyint"  label="Active">1</ind_active></row>
<row><id_poblacion type="int" >15740</id_poblacion><id_prov type="smallint" >2719</id_prov><name_pob type="varchar"  label="City">Aberdeen</name_pob><ind_active type="tinyint"  label="Active">1</ind_active></row>
<row><id_poblacion type="int" >15741</id_poblacion><id_prov type="smallint" >2719</id_prov><name_pob type="varchar"  label="City">Ainsworth</name_pob><ind_active type="tinyint"  label="Active">1</ind_active></row>
<row><id_poblacion type="int" >15742</id_poblacion><id_prov type="smallint" >2719</id_prov><name_pob type="varchar"  label="City">Hiawatha</name_pob><ind_active type="tinyint"  label="Active">1</ind_active></row>
<row><id_poblacion type="int" >15743</id_poblacion><id_prov type="smallint" >2719</id_prov><name_pob type="varchar"  label="City">Nashville</name_pob><ind_active type="tinyint"  label="Active">1</ind_active></row>
<row><id_poblacion type="int" >15744</id_poblacion><id_prov type="smallint" >2719</id_prov><name_pob type="varchar"  label="City">Mount Sterl</name_pob><ind_active type="tinyint"  label="Active">1</ind_active></row>
<row><id_poblacion type="int" >15745</id_poblacion><id_prov type="smallint" >2719</id_prov><name_pob type="varchar"  label="City">Georgetown</name_pob><ind_active type="tinyint"  label="Active">1</ind_active></row>
<row><id_poblacion type="int" >15746</id_poblacion><id_prov type="smallint" >2720</id_prov><name_pob type="varchar"  label="City">Faulkton</name_pob><ind_active type="tinyint"  label="Active">1</ind_active></row>
<row><id_poblacion type="int" >15747</id_poblacion><id_prov type="smallint" >2721</id_prov><name_pob type="varchar"  label="City">Gettysburg</name_pob><ind_active type="tinyint"  label="Active">1</ind_active></row>
<row><id_poblacion type="int" >15748</id_poblacion><id_prov type="smallint" >2721</id_prov><name_pob type="varchar"  label="City">Amarillo</name_pob><ind_active type="tinyint"  label="Active">1</ind_active></row>
<row><id_poblacion type="int" >15749</id_poblacion><id_prov type="smallint" >2721</id_prov><name_pob type="varchar"  label="City">Coudersport</name_pob><ind_active type="tinyint"  label="Active">1</ind_active></row>
<row><id_poblacion type="int" >15750</id_poblacion><id_prov type="smallint" >2722</id_prov><name_pob type="varchar"  label="City">Silver City</name_pob><ind_active type="tinyint"  label="Active">1</ind_active></row>
<row><id_poblacion type="int" >15751</id_poblacion><id_prov type="smallint" >2722</id_prov><name_pob type="varchar"  label="City">Sheridan</name_pob><ind_active type="tinyint"  label="Active">1</ind_active></row>
<row><id_poblacion type="int" >15752</id_poblacion><id_prov type="smallint" >2722</id_prov><name_pob type="varchar"  label="City">Lancaster</name_pob><ind_active type="tinyint"  label="Active">1</ind_active></row>
<row><id_poblacion type="int" >15753</id_poblacion><id_prov type="smallint" >2722</id_prov><name_pob type="varchar"  label="City">Petersburg</name_pob><ind_active type="tinyint"  label="Active">1</ind_active></row>
<row><id_poblacion type="int" >15754</id_poblacion><id_prov type="smallint" >2722</id_prov><name_pob type="varchar"  label="City">Ephrata</name_pob><ind_active type="tinyint"  label="Active">1</ind_active></row>
<row><id_poblacion type="int" >15755</id_poblacion><id_prov type="smallint" >2722</id_prov><name_pob type="varchar"  label="City">Milbank</name_pob><ind_active type="tinyint"  label="Active">1</ind_active></row>
<row><id_poblacion type="int" >15756</id_poblacion><id_prov type="smallint" >2722</id_prov><name_pob type="varchar"  label="City">Canyon City</name_pob><ind_active type="tinyint"  label="Active">1</ind_active></row>
<row><id_poblacion type="int" >15757</id_poblacion><id_prov type="smallint" >2722</id_prov><name_pob type="varchar"  label="City">Medford</name_pob><ind_active type="tinyint"  label="Active">1</ind_active></row>
<row><id_poblacion type="int" >15758</id_poblacion><id_prov type="smallint" >2722</id_prov><name_pob type="varchar"  label="City">Carson</name_pob><ind_active type="tinyint"  label="Active">1</ind_active></row>
<row><id_poblacion type="int" >15759</id_poblacion><id_prov type="smallint" >2722</id_prov><name_pob type="varchar"  label="City">Elbow Lake</name_pob><ind_active type="tinyint"  label="Active">1</ind_active></row>
<row><id_poblacion type="int" >15760</id_poblacion><id_prov type="smallint" >2722</id_prov><name_pob type="varchar"  label="City">Colfax</name_pob><ind_active type="tinyint"  label="Active">1</ind_active></row>
<row><id_poblacion type="int" >15761</id_poblacion><id_prov type="smallint" >2722</id_prov><name_pob type="varchar"  label="City">Williamstow</name_pob><ind_active type="tinyint"  label="Active">1</ind_active></row>
<row><id_poblacion type="int" >15762</id_poblacion><id_prov type="smallint" >2722</id_prov><name_pob type="varchar"  label="City">Marion</name_pob><ind_active type="tinyint"  label="Active">1</ind_active></row>
<row><id_poblacion type="int" >15763</id_poblacion><id_prov type="smallint" >2722</id_prov><name_pob type="varchar"  label="City">Ulysses</name_pob><ind_active type="tinyint"  label="Active">1</ind_active></row>
<row><id_poblacion type="int" >15764</id_poblacion><id_prov type="smallint" >2722</id_prov><name_pob type="varchar"  label="City">Hyannis</name_pob><ind_active type="tinyint"  label="Active">1</ind_active></row>
<row><id_poblacion type="int" >15765</id_poblacion><id_prov type="smallint" >2723</id_prov><name_pob type="varchar"  label="City">Jacksboro</name_pob><ind_active type="tinyint"  label="Active">1</ind_active></row>
<row><id_poblacion type="int" >15766</id_poblacion><id_prov type="smallint" >2723</id_prov><name_pob type="varchar"  label="City">Rustburg</name_pob><ind_active type="tinyint"  label="Active">1</ind_active></row>
<row><id_poblacion type="int" >15767</id_poblacion><id_prov type="smallint" >2723</id_prov><name_pob type="varchar"  label="City">Alexandria,</name_pob><ind_active type="tinyint"  label="Active">1</ind_active></row>
<row><id_poblacion type="int" >15768</id_poblacion><id_prov type="smallint" >2723</id_prov><name_pob type="varchar"  label="City">Gillette</name_pob><ind_active type="tinyint"  label="Active">1</ind_active></row>
<row><id_poblacion type="int" >15769</id_poblacion><id_prov type="smallint" >2723</id_prov><name_pob type="varchar"  label="City">Mound City</name_pob><ind_active type="tinyint"  label="Active">1</ind_active></row>
<row><id_poblacion type="int" >15770</id_poblacion><id_prov type="smallint" >2724</id_prov><name_pob type="varchar"  label="City">Webster</name_pob><ind_active type="tinyint"  label="Active">1</ind_active></row>
<row><id_poblacion type="int" >15771</id_poblacion><id_prov type="smallint" >2725</id_prov><name_pob type="varchar"  label="City">Tyndall</name_pob><ind_active type="tinyint"  label="Active">1</ind_active></row>
<row><id_poblacion type="int" >15772</id_poblacion><id_prov type="smallint" >2726</id_prov><name_pob type="varchar"  label="City">Wessington</name_pob><ind_active type="tinyint"  label="Active">1</ind_active></row>
<row><id_poblacion type="int" >15773</id_poblacion><id_prov type="smallint" >2727</id_prov><name_pob type="varchar"  label="City">Meade</name_pob><ind_active type="tinyint"  label="Active">1</ind_active></row>
<row><id_poblacion type="int" >15774</id_poblacion><id_prov type="smallint" >2727</id_prov><name_pob type="varchar"  label="City">Brandenburg</name_pob><ind_active type="tinyint"  label="Active">1</ind_active></row>
<row><id_poblacion type="int" >15775</id_poblacion><id_prov type="smallint" >2727</id_prov><name_pob type="varchar"  label="City">Sturgis</name_pob><ind_active type="tinyint"  label="Active">1</ind_active></row>
<row><id_poblacion type="int" >15776</id_poblacion><id_prov type="smallint" >2728</id_prov><name_pob type="varchar"  label="City">Thief River</name_pob><ind_active type="tinyint"  label="Active">1</ind_active></row>
<row><id_poblacion type="int" >15777</id_poblacion><id_prov type="smallint" >2728</id_prov><name_pob type="varchar"  label="City">Rapid City</name_pob><ind_active type="tinyint"  label="Active">1</ind_active></row>
<row><id_poblacion type="int" >15778</id_poblacion><id_prov type="smallint" >2729</id_prov><name_pob type="varchar"  label="City">Kearney</name_pob><ind_active type="tinyint"  label="Active">1</ind_active></row>
<row><id_poblacion type="int" >15779</id_poblacion><id_prov type="smallint" >2729</id_prov><name_pob type="varchar"  label="City">Gannvalley</name_pob><ind_active type="tinyint"  label="Active">1</ind_active></row>
<row><id_poblacion type="int" >15780</id_poblacion><id_prov type="smallint" >2729</id_prov><name_pob type="varchar"  label="City">Alma</name_pob><ind_active type="tinyint"  label="Active">1</ind_active></row>
<row><id_poblacion type="int" >15781</id_poblacion><id_prov type="smallint" >2730</id_prov><name_pob type="varchar"  label="City">Hot Springs</name_pob><ind_active type="tinyint"  label="Active">1</ind_active></row>
<row><id_poblacion type="int" >15782</id_poblacion><id_prov type="smallint" >2731</id_prov><name_pob type="varchar"  label="City">Moundsville</name_pob><ind_active type="tinyint"  label="Active">1</ind_active></row>
<row><id_poblacion type="int" >15783</id_poblacion><id_prov type="smallint" >2731</id_prov><name_pob type="varchar"  label="City">Lewisburg</name_pob><ind_active type="tinyint"  label="Active">1</ind_active></row>
<row><id_poblacion type="int" >15784</id_poblacion><id_prov type="smallint" >2731</id_prov><name_pob type="varchar"  label="City">Guntersvill</name_pob><ind_active type="tinyint"  label="Active">1</ind_active></row>
<row><id_poblacion type="int" >15785</id_poblacion><id_prov type="smallint" >2731</id_prov><name_pob type="varchar"  label="City">Britton</name_pob><ind_active type="tinyint"  label="Active">1</ind_active></row>
<row><id_poblacion type="int" >15786</id_poblacion><id_prov type="smallint" >2731</id_prov><name_pob type="varchar"  label="City">Madill</name_pob><ind_active type="tinyint"  label="Active">1</ind_active></row>
<row><id_poblacion type="int" >15787</id_poblacion><id_prov type="smallint" >2731</id_prov><name_pob type="varchar"  label="City">Holly Sprin</name_pob><ind_active type="tinyint"  label="Active">1</ind_active></row>
<row><id_poblacion type="int" >15788</id_poblacion><id_prov type="smallint" >2731</id_prov><name_pob type="varchar"  label="City">Benton</name_pob><ind_active type="tinyint"  label="Active">1</ind_active></row>
<row><id_poblacion type="int" >15789</id_poblacion><id_prov type="smallint" >2731</id_prov><name_pob type="varchar"  label="City">Marysville</name_pob><ind_active type="tinyint"  label="Active">1</ind_active></row>
<row><id_poblacion type="int" >15790</id_poblacion><id_prov type="smallint" >2731</id_prov><name_pob type="varchar"  label="City">Plymouth</name_pob><ind_active type="tinyint"  label="Active">1</ind_active></row>
<row><id_poblacion type="int" >15791</id_poblacion><id_prov type="smallint" >2731</id_prov><name_pob type="varchar"  label="City">Marshalltow</name_pob><ind_active type="tinyint"  label="Active">1</ind_active></row>
<row><id_poblacion type="int" >15792</id_poblacion><id_prov type="smallint" >2731</id_prov><name_pob type="varchar"  label="City">Lacon</name_pob><ind_active type="tinyint"  label="Active">1</ind_active></row>
<row><id_poblacion type="int" >15793</id_poblacion><id_prov type="smallint" >2731</id_prov><name_pob type="varchar"  label="City">Warren</name_pob><ind_active type="tinyint"  label="Active">1</ind_active></row>
<row><id_poblacion type="int" >15794</id_poblacion><id_prov type="smallint" >2732</id_prov><name_pob type="varchar"  label="City">Monroe</name_pob><ind_active type="tinyint"  label="Active">1</ind_active></row>
<row><id_poblacion type="int" >15795</id_poblacion><id_prov type="smallint" >2732</id_prov><name_pob type="varchar"  label="City">Maynardvill</name_pob><ind_active type="tinyint"  label="Active">1</ind_active></row>
<row><id_poblacion type="int" >15796</id_poblacion><id_prov type="smallint" >2732</id_prov><name_pob type="varchar"  label="City">Elk Point</name_pob><ind_active type="tinyint"  label="Active">1</ind_active></row>
<row><id_poblacion type="int" >15797</id_poblacion><id_prov type="smallint" >2732</id_prov><name_pob type="varchar"  label="City">Union</name_pob><ind_active type="tinyint"  label="Active">1</ind_active></row>
<row><id_poblacion type="int" >15798</id_poblacion><id_prov type="smallint" >2732</id_prov><name_pob type="varchar"  label="City">Lewisburg</name_pob><ind_active type="tinyint"  label="Active">1</ind_active></row>
<row><id_poblacion type="int" >15799</id_poblacion><id_prov type="smallint" >2732</id_prov><name_pob type="varchar"  label="City">La Grande</name_pob><ind_active type="tinyint"  label="Active">1</ind_active></row>
<row><id_poblacion type="int" >15800</id_poblacion><id_prov type="smallint" >2732</id_prov><name_pob type="varchar"  label="City">Marysville</name_pob><ind_active type="tinyint"  label="Active">1</ind_active></row>
<row><id_poblacion type="int" >15801</id_poblacion><id_prov type="smallint" >2732</id_prov><name_pob type="varchar"  label="City">Elizabeth</name_pob><ind_active type="tinyint"  label="Active">1</ind_active></row>
<row><id_poblacion type="int" >15802</id_poblacion><id_prov type="smallint" >2732</id_prov><name_pob type="varchar"  label="City">New Albany</name_pob><ind_active type="tinyint"  label="Active">1</ind_active></row>
<row><id_poblacion type="int" >15803</id_poblacion><id_prov type="smallint" >2732</id_prov><name_pob type="varchar"  label="City">Farmerville</name_pob><ind_active type="tinyint"  label="Active">1</ind_active></row>
<row><id_poblacion type="int" >15804</id_poblacion><id_prov type="smallint" >2732</id_prov><name_pob type="varchar"  label="City">Morganfield</name_pob><ind_active type="tinyint"  label="Active">1</ind_active></row>
<row><id_poblacion type="int" >15805</id_poblacion><id_prov type="smallint" >2732</id_prov><name_pob type="varchar"  label="City">Liberty</name_pob><ind_active type="tinyint"  label="Active">1</ind_active></row>
<row><id_poblacion type="int" >15806</id_poblacion><id_prov type="smallint" >2732</id_prov><name_pob type="varchar"  label="City">Jonesboro</name_pob><ind_active type="tinyint"  label="Active">1</ind_active></row>
<row><id_poblacion type="int" >15807</id_poblacion><id_prov type="smallint" >2732</id_prov><name_pob type="varchar"  label="City">Creston</name_pob><ind_active type="tinyint"  label="Active">1</ind_active></row>
<row><id_poblacion type="int" >15808</id_poblacion><id_prov type="smallint" >2732</id_prov><name_pob type="varchar"  label="City">Blairsville</name_pob><ind_active type="tinyint"  label="Active">1</ind_active></row>
<row><id_poblacion type="int" >15809</id_poblacion><id_prov type="smallint" >2732</id_prov><name_pob type="varchar"  label="City">Lake Butler</name_pob><ind_active type="tinyint"  label="Active">1</ind_active></row>
<row><id_poblacion type="int" >15810</id_poblacion><id_prov type="smallint" >2732</id_prov><name_pob type="varchar"  label="City">El Dorado</name_pob><ind_active type="tinyint"  label="Active">1</ind_active></row>
<row><id_poblacion type="int" >15811</id_poblacion><id_prov type="smallint" >2732</id_prov><name_pob type="varchar"  label="City">Clayton</name_pob><ind_active type="tinyint"  label="Active">1</ind_active></row>
<row><id_poblacion type="int" >15812</id_poblacion><id_prov type="smallint" >2733</id_prov><name_pob type="varchar"  label="City">Martin</name_pob><ind_active type="tinyint"  label="Active">1</ind_active></row>
<row><id_poblacion type="int" >15813</id_poblacion><id_prov type="smallint" >2734</id_prov><name_pob type="varchar"  label="City">Crown Point</name_pob><ind_active type="tinyint"  label="Active">1</ind_active></row>
<row><id_poblacion type="int" >15814</id_poblacion><id_prov type="smallint" >2734</id_prov><name_pob type="varchar"  label="City">Polson</name_pob><ind_active type="tinyint"  label="Active">1</ind_active></row>
<row><id_poblacion type="int" >15815</id_poblacion><id_prov type="smallint" >2734</id_prov><name_pob type="varchar"  label="City">Madison</name_pob><ind_active type="tinyint"  label="Active">1</ind_active></row>
<row><id_poblacion type="int" >15816</id_poblacion><id_prov type="smallint" >2734</id_prov><name_pob type="varchar"  label="City">Lakeview</name_pob><ind_active type="tinyint"  label="Active">1</ind_active></row>
<row><id_poblacion type="int" >15817</id_poblacion><id_prov type="smallint" >2734</id_prov><name_pob type="varchar"  label="City">Painesville</name_pob><ind_active type="tinyint"  label="Active">1</ind_active></row>
<row><id_poblacion type="int" >15818</id_poblacion><id_prov type="smallint" >2734</id_prov><name_pob type="varchar"  label="City">Tiptonville</name_pob><ind_active type="tinyint"  label="Active">1</ind_active></row>
<row><id_poblacion type="int" >15819</id_poblacion><id_prov type="smallint" >2734</id_prov><name_pob type="varchar"  label="City">Two Harbors</name_pob><ind_active type="tinyint"  label="Active">1</ind_active></row>
<row><id_poblacion type="int" >15820</id_poblacion><id_prov type="smallint" >2734</id_prov><name_pob type="varchar"  label="City">Lakeport</name_pob><ind_active type="tinyint"  label="Active">1</ind_active></row>
<row><id_poblacion type="int" >15821</id_poblacion><id_prov type="smallint" >2734</id_prov><name_pob type="varchar"  label="City">Baldwin</name_pob><ind_active type="tinyint"  label="Active">1</ind_active></row>
<row><id_poblacion type="int" >15822</id_poblacion><id_prov type="smallint" >2734</id_prov><name_pob type="varchar"  label="City">Waukegan</name_pob><ind_active type="tinyint"  label="Active">1</ind_active></row>
<row><id_poblacion type="int" >15823</id_poblacion><id_prov type="smallint" >2734</id_prov><name_pob type="varchar"  label="City">Tavares</name_pob><ind_active type="tinyint"  label="Active">1</ind_active></row>
<row><id_poblacion type="int" >15824</id_poblacion><id_prov type="smallint" >2734</id_prov><name_pob type="varchar"  label="City">Leadville</name_pob><ind_active type="tinyint"  label="Active">1</ind_active></row>
<row><id_poblacion type="int" >15825</id_poblacion><id_prov type="smallint" >2735</id_prov><name_pob type="varchar"  label="City">Mitchell</name_pob><ind_active type="tinyint"  label="Active">1</ind_active></row>
<row><id_poblacion type="int" >15826</id_poblacion><id_prov type="smallint" >2736</id_prov><name_pob type="varchar"  label="City">Bison</name_pob><ind_active type="tinyint"  label="Active">1</ind_active></row>
<row><id_poblacion type="int" >15827</id_poblacion><id_prov type="smallint" >2736</id_prov><name_pob type="varchar"  label="City">Grant</name_pob><ind_active type="tinyint"  label="Active">1</ind_active></row>
<row><id_poblacion type="int" >15828</id_poblacion><id_prov type="smallint" >2737</id_prov><name_pob type="varchar"  label="City">Sisseton</name_pob><ind_active type="tinyint"  label="Active">1</ind_active></row>
<row><id_poblacion type="int" >15829</id_poblacion><id_prov type="smallint" >2737</id_prov><name_pob type="varchar"  label="City">Miami</name_pob><ind_active type="tinyint"  label="Active">1</ind_active></row>
<row><id_poblacion type="int" >15830</id_poblacion><id_prov type="smallint" >2738</id_prov><name_pob type="varchar"  label="City">Gray</name_pob><ind_active type="tinyint"  label="Active">1</ind_active></row>
<row><id_poblacion type="int" >15831</id_poblacion><id_prov type="smallint" >2738</id_prov><name_pob type="varchar"  label="City">Anamosa</name_pob><ind_active type="tinyint"  label="Active">1</ind_active></row>
<row><id_poblacion type="int" >15832</id_poblacion><id_prov type="smallint" >2738</id_prov><name_pob type="varchar"  label="City">Ellisville</name_pob><ind_active type="tinyint"  label="Active">1</ind_active></row>
<row><id_poblacion type="int" >15833</id_poblacion><id_prov type="smallint" >2738</id_prov><name_pob type="varchar"  label="City">Trenton</name_pob><ind_active type="tinyint"  label="Active">1</ind_active></row>
<row><id_poblacion type="int" >15834</id_poblacion><id_prov type="smallint" >2738</id_prov><name_pob type="varchar"  label="City">Murdo</name_pob><ind_active type="tinyint"  label="Active">1</ind_active></row>
<row><id_poblacion type="int" >15835</id_poblacion><id_prov type="smallint" >2738</id_prov><name_pob type="varchar"  label="City">Anson</name_pob><ind_active type="tinyint"  label="Active">1</ind_active></row>
<row><id_poblacion type="int" >15836</id_poblacion><id_prov type="smallint" >2739</id_prov><name_pob type="varchar"  label="City">Dupree</name_pob><ind_active type="tinyint"  label="Active">1</ind_active></row>
<row><id_poblacion type="int" >15837</id_poblacion><id_prov type="smallint" >2740</id_prov><name_pob type="varchar"  label="City">Ashburn</name_pob><ind_active type="tinyint"  label="Active">1</ind_active></row>
<row><id_poblacion type="int" >15838</id_poblacion><id_prov type="smallint" >2740</id_prov><name_pob type="varchar"  label="City">Parker</name_pob><ind_active type="tinyint"  label="Active">1</ind_active></row>
<row><id_poblacion type="int" >15839</id_poblacion><id_prov type="smallint" >2741</id_prov><name_pob type="varchar"  label="City">Westcliffe</name_pob><ind_active type="tinyint"  label="Active">1</ind_active></row>
<row><id_poblacion type="int" >15840</id_poblacion><id_prov type="smallint" >2741</id_prov><name_pob type="varchar"  label="City">Custer</name_pob><ind_active type="tinyint"  label="Active">1</ind_active></row>
<row><id_poblacion type="int" >15841</id_poblacion><id_prov type="smallint" >2741</id_prov><name_pob type="varchar"  label="City">Arapaho</name_pob><ind_active type="tinyint"  label="Active">1</ind_active></row>
<row><id_poblacion type="int" >15842</id_poblacion><id_prov type="smallint" >2741</id_prov><name_pob type="varchar"  label="City">Broken Bow</name_pob><ind_active type="tinyint"  label="Active">1</ind_active></row>
<row><id_poblacion type="int" >15843</id_poblacion><id_prov type="smallint" >2741</id_prov><name_pob type="varchar"  label="City">Miles City</name_pob><ind_active type="tinyint"  label="Active">1</ind_active></row>
<row><id_poblacion type="int" >15844</id_poblacion><id_prov type="smallint" >2741</id_prov><name_pob type="varchar"  label="City">Challis</name_pob><ind_active type="tinyint"  label="Active">1</ind_active></row>
<row><id_poblacion type="int" >15845</id_poblacion><id_prov type="smallint" >2742</id_prov><name_pob type="varchar"  label="City">Howard</name_pob><ind_active type="tinyint"  label="Active">1</ind_active></row>
<row><id_poblacion type="int" >15846</id_poblacion><id_prov type="smallint" >2743</id_prov><name_pob type="varchar"  label="City">White River</name_pob><ind_active type="tinyint"  label="Active">1</ind_active></row>
<row><id_poblacion type="int" >15847</id_poblacion><id_prov type="smallint" >2744</id_prov><name_pob type="varchar"  label="City">Winner</name_pob><ind_active type="tinyint"  label="Active">1</ind_active></row>
<row><id_poblacion type="int" >15848</id_poblacion><id_prov type="smallint" >2745</id_prov><name_pob type="varchar"  label="City">McIntosh</name_pob><ind_active type="tinyint"  label="Active">1</ind_active></row>
<row><id_poblacion type="int" >15849</id_poblacion><id_prov type="smallint" >2746</id_prov><name_pob type="varchar"  label="City">McPherson</name_pob><ind_active type="tinyint"  label="Active">1</ind_active></row>
<row><id_poblacion type="int" >15850</id_poblacion><id_prov type="smallint" >2746</id_prov><name_pob type="varchar"  label="City">Tryon</name_pob><ind_active type="tinyint"  label="Active">1</ind_active></row>
<row><id_poblacion type="int" >15851</id_poblacion><id_prov type="smallint" >2746</id_prov><name_pob type="varchar"  label="City">Leola</name_pob><ind_active type="tinyint"  label="Active">1</ind_active></row>
<row><id_poblacion type="int" >15852</id_poblacion><id_prov type="smallint" >2747</id_prov><name_pob type="varchar"  label="City">Burke</name_pob><ind_active type="tinyint"  label="Active">1</ind_active></row>
<row><id_poblacion type="int" >15853</id_poblacion><id_prov type="smallint" >2748</id_prov><name_pob type="varchar"  label="City">Olivet</name_pob><ind_active type="tinyint"  label="Active">1</ind_active></row>
<row><id_poblacion type="int" >15854</id_poblacion><id_prov type="smallint" >2748</id_prov><name_pob type="varchar"  label="City">Stinnett</name_pob><ind_active type="tinyint"  label="Active">1</ind_active></row>
<row><id_poblacion type="int" >15855</id_poblacion><id_prov type="smallint" >2749</id_prov><name_pob type="varchar"  label="City">Deadwood</name_pob><ind_active type="tinyint"  label="Active">1</ind_active></row>
<row><id_poblacion type="int" >15856</id_poblacion><id_prov type="smallint" >2749</id_prov><name_pob type="varchar"  label="City">Lawrencebur</name_pob><ind_active type="tinyint"  label="Active">1</ind_active></row>
<row><id_poblacion type="int" >15857</id_poblacion><id_prov type="smallint" >2749</id_prov><name_pob type="varchar"  label="City">New Castle</name_pob><ind_active type="tinyint"  label="Active">1</ind_active></row>
<row><id_poblacion type="int" >15858</id_poblacion><id_prov type="smallint" >2749</id_prov><name_pob type="varchar"  label="City">Ironton</name_pob><ind_active type="tinyint"  label="Active">1</ind_active></row>
<row><id_poblacion type="int" >15859</id_poblacion><id_prov type="smallint" >2749</id_prov><name_pob type="varchar"  label="City">Monticello</name_pob><ind_active type="tinyint"  label="Active">1</ind_active></row>
<row><id_poblacion type="int" >15860</id_poblacion><id_prov type="smallint" >2749</id_prov><name_pob type="varchar"  label="City">Louisa</name_pob><ind_active type="tinyint"  label="Active">1</ind_active></row>
<row><id_poblacion type="int" >15861</id_poblacion><id_prov type="smallint" >2749</id_prov><name_pob type="varchar"  label="City">Bedford</name_pob><ind_active type="tinyint"  label="Active">1</ind_active></row>
<row><id_poblacion type="int" >15862</id_poblacion><id_prov type="smallint" >2749</id_prov><name_pob type="varchar"  label="City">Lawrencevil</name_pob><ind_active type="tinyint"  label="Active">1</ind_active></row>
<row><id_poblacion type="int" >15863</id_poblacion><id_prov type="smallint" >2749</id_prov><name_pob type="varchar"  label="City">Walnut Ridg</name_pob><ind_active type="tinyint"  label="Active">1</ind_active></row>
<row><id_poblacion type="int" >15864</id_poblacion><id_prov type="smallint" >2749</id_prov><name_pob type="varchar"  label="City">Moulton</name_pob><ind_active type="tinyint"  label="Active">1</ind_active></row>
<row><id_poblacion type="int" >15865</id_poblacion><id_prov type="smallint" >2749</id_prov><name_pob type="varchar"  label="City">Mount Verno</name_pob><ind_active type="tinyint"  label="Active">1</ind_active></row>
<row><id_poblacion type="int" >15866</id_poblacion><id_prov type="smallint" >2750</id_prov><name_pob type="varchar"  label="City">Miller</name_pob><ind_active type="tinyint"  label="Active">1</ind_active></row>
<row><id_poblacion type="int" >15867</id_poblacion><id_prov type="smallint" >2751</id_prov><name_pob type="varchar"  label="City">Flandreau</name_pob><ind_active type="tinyint"  label="Active">1</ind_active></row>
<row><id_poblacion type="int" >15868</id_poblacion><id_prov type="smallint" >2752</id_prov><name_pob type="varchar"  label="City">Lake Andes</name_pob><ind_active type="tinyint"  label="Active">1</ind_active></row>
<row><id_poblacion type="int" >15869</id_poblacion><id_prov type="smallint" >2753</id_prov><name_pob type="varchar"  label="City">Swanquarter</name_pob><ind_active type="tinyint"  label="Active">1</ind_active></row>
<row><id_poblacion type="int" >15870</id_poblacion><id_prov type="smallint" >2753</id_prov><name_pob type="varchar"  label="City">Highmore</name_pob><ind_active type="tinyint"  label="Active">1</ind_active></row>
<row><id_poblacion type="int" >15871</id_poblacion><id_prov type="smallint" >2754</id_prov><name_pob type="varchar"  label="City">Alexandria</name_pob><ind_active type="tinyint"  label="Active">1</ind_active></row>
<row><id_poblacion type="int" >15872</id_poblacion><id_prov type="smallint" >2755</id_prov><name_pob type="varchar"  label="City">Taloga</name_pob><ind_active type="tinyint"  label="Active">1</ind_active></row>
<row><id_poblacion type="int" >15873</id_poblacion><id_prov type="smallint" >2755</id_prov><name_pob type="varchar"  label="City">Timber Lake</name_pob><ind_active type="tinyint"  label="Active">1</ind_active></row>
<row><id_poblacion type="int" >15874</id_poblacion><id_prov type="smallint" >2756</id_prov><name_pob type="varchar"  label="City">Mosquero</name_pob><ind_active type="tinyint"  label="Active">1</ind_active></row>
<row><id_poblacion type="int" >15875</id_poblacion><id_prov type="smallint" >2756</id_prov><name_pob type="varchar"  label="City">Buffalo</name_pob><ind_active type="tinyint"  label="Active">1</ind_active></row>
<row><id_poblacion type="int" >15877</id_poblacion><id_prov type="smallint" >2757</id_prov><name_pob type="varchar"  label="City">Edna</name_pob><ind_active type="tinyint"  label="Active">1</ind_active></row>
<row><id_poblacion type="int" >15878</id_poblacion><id_prov type="smallint" >2757</id_prov><name_pob type="varchar"  label="City">Gainesboro</name_pob><ind_active type="tinyint"  label="Active">1</ind_active></row>
<row><id_poblacion type="int" >15879</id_poblacion><id_prov type="smallint" >2757</id_prov><name_pob type="varchar"  label="City">Kadoka</name_pob><ind_active type="tinyint"  label="Active">1</ind_active></row>
<row><id_poblacion type="int" >15880</id_poblacion><id_prov type="smallint" >2757</id_prov><name_pob type="varchar"  label="City">Medford</name_pob><ind_active type="tinyint"  label="Active">1</ind_active></row>
<row><id_poblacion type="int" >15881</id_poblacion><id_prov type="smallint" >2757</id_prov><name_pob type="varchar"  label="City">Sylva</name_pob><ind_active type="tinyint"  label="Active">1</ind_active></row>
<row><id_poblacion type="int" >15883</id_poblacion><id_prov type="smallint" >2757</id_prov><name_pob type="varchar"  label="City">Ripley</name_pob><ind_active type="tinyint"  label="Active">1</ind_active></row>
<row><id_poblacion type="int" >15884</id_poblacion><id_prov type="smallint" >2757</id_prov><name_pob type="varchar"  label="City">Pascagoula</name_pob><ind_active type="tinyint"  label="Active">1</ind_active></row>
<row><id_poblacion type="int" >15885</id_poblacion><id_prov type="smallint" >2757</id_prov><name_pob type="varchar"  label="City">Independenc</name_pob><ind_active type="tinyint"  label="Active">1</ind_active></row>
<row><id_poblacion type="int" >15886</id_poblacion><id_prov type="smallint" >2757</id_prov><name_pob type="varchar"  label="City">Black River</name_pob><ind_active type="tinyint"  label="Active">1</ind_active></row>
<row><id_poblacion type="int" >15887</id_poblacion><id_prov type="smallint" >2757</id_prov><name_pob type="varchar"  label="City">Marianna</name_pob><ind_active type="tinyint"  label="Active">1</ind_active></row>
<row><id_poblacion type="int" >15889</id_poblacion><id_prov type="smallint" >2757</id_prov><name_pob type="varchar"  label="City">Altus</name_pob><ind_active type="tinyint"  label="Active">1</ind_active></row>
<row><id_poblacion type="int" >15890</id_poblacion><id_prov type="smallint" >2757</id_prov><name_pob type="varchar"  label="City">Scottsboro</name_pob><ind_active type="tinyint"  label="Active">1</ind_active></row>
<row><id_poblacion type="int" >15891</id_poblacion><id_prov type="smallint" >2757</id_prov><name_pob type="varchar"  label="City">Walden</name_pob><ind_active type="tinyint"  label="Active">1</ind_active></row>
<row><id_poblacion type="int" >15892</id_poblacion><id_prov type="smallint" >2757</id_prov><name_pob type="varchar"  label="City">Jefferson</name_pob><ind_active type="tinyint"  label="Active">1</ind_active></row>
<row><id_poblacion type="int" >15893</id_poblacion><id_prov type="smallint" >2757</id_prov><name_pob type="varchar"  label="City">Maquoketa</name_pob><ind_active type="tinyint"  label="Active">1</ind_active></row>
<row><id_poblacion type="int" >15894</id_poblacion><id_prov type="smallint" >2757</id_prov><name_pob type="varchar"  label="City">Murphysboro</name_pob><ind_active type="tinyint"  label="Active">1</ind_active></row>
<row><id_poblacion type="int" >15895</id_poblacion><id_prov type="smallint" >2757</id_prov><name_pob type="varchar"  label="City">Brownstown</name_pob><ind_active type="tinyint"  label="Active">1</ind_active></row>
<row><id_poblacion type="int" >15896</id_poblacion><id_prov type="smallint" >2757</id_prov><name_pob type="varchar"  label="City">Holton</name_pob><ind_active type="tinyint"  label="Active">1</ind_active></row>
<row><id_poblacion type="int" >15897</id_poblacion><id_prov type="smallint" >2757</id_prov><name_pob type="varchar"  label="City">McKee</name_pob><ind_active type="tinyint"  label="Active">1</ind_active></row>
<row><id_poblacion type="int" >15898</id_poblacion><id_prov type="smallint" >2757</id_prov><name_pob type="varchar"  label="City">Jonesboro</name_pob><ind_active type="tinyint"  label="Active">1</ind_active></row>
<row><id_poblacion type="int" >15899</id_poblacion><id_prov type="smallint" >2757</id_prov><name_pob type="varchar"  label="City">Newport</name_pob><ind_active type="tinyint"  label="Active">1</ind_active></row>
<row><id_poblacion type="int" >15900</id_poblacion><id_prov type="smallint" >2758</id_prov><name_pob type="varchar"  label="City">Fort Pierre</name_pob><ind_active type="tinyint"  label="Active">1</ind_active></row>
<row><id_poblacion type="int" >15901</id_poblacion><id_prov type="smallint" >2759</id_prov><name_pob type="varchar"  label="City">Redfield</name_pob><ind_active type="tinyint"  label="Active">1</ind_active></row>
<row><id_poblacion type="int" >15902</id_poblacion><id_prov type="smallint" >2760</id_prov><name_pob type="varchar"  label="City">Kahoka</name_pob><ind_active type="tinyint"  label="Active">1</ind_active></row>
<row><id_poblacion type="int" >15903</id_poblacion><id_prov type="smallint" >2760</id_prov><name_pob type="varchar"  label="City">Neillsville</name_pob><ind_active type="tinyint"  label="Active">1</ind_active></row>
<row><id_poblacion type="int" >15904</id_poblacion><id_prov type="smallint" >2760</id_prov><name_pob type="varchar"  label="City">Vancouver</name_pob><ind_active type="tinyint"  label="Active">1</ind_active></row>
<row><id_poblacion type="int" >15905</id_poblacion><id_prov type="smallint" >2760</id_prov><name_pob type="varchar"  label="City">Clark</name_pob><ind_active type="tinyint"  label="Active">1</ind_active></row>
<row><id_poblacion type="int" >15906</id_poblacion><id_prov type="smallint" >2760</id_prov><name_pob type="varchar"  label="City">Springfield</name_pob><ind_active type="tinyint"  label="Active">1</ind_active></row>
<row><id_poblacion type="int" >15907</id_poblacion><id_prov type="smallint" >2760</id_prov><name_pob type="varchar"  label="City">Las Vegas</name_pob><ind_active type="tinyint"  label="Active">1</ind_active></row>
<row><id_poblacion type="int" >15908</id_poblacion><id_prov type="smallint" >2760</id_prov><name_pob type="varchar"  label="City">Ashland</name_pob><ind_active type="tinyint"  label="Active">1</ind_active></row>
<row><id_poblacion type="int" >15909</id_poblacion><id_prov type="smallint" >2760</id_prov><name_pob type="varchar"  label="City">Jeffersonvi</name_pob><ind_active type="tinyint"  label="Active">1</ind_active></row>
<row><id_poblacion type="int" >15910</id_poblacion><id_prov type="smallint" >2760</id_prov><name_pob type="varchar"  label="City">Marshall</name_pob><ind_active type="tinyint"  label="Active">1</ind_active></row>
<row><id_poblacion type="int" >15911</id_poblacion><id_prov type="smallint" >2760</id_prov><name_pob type="varchar"  label="City">Dubois</name_pob><ind_active type="tinyint"  label="Active">1</ind_active></row>
<row><id_poblacion type="int" >15912</id_poblacion><id_prov type="smallint" >2760</id_prov><name_pob type="varchar"  label="City">Arkadelphia</name_pob><ind_active type="tinyint"  label="Active">1</ind_active></row>
<row><id_poblacion type="int" >15913</id_poblacion><id_prov type="smallint" >2760</id_prov><name_pob type="varchar"  label="City">Winchester</name_pob><ind_active type="tinyint"  label="Active">1</ind_active></row>
<row><id_poblacion type="int" >15914</id_poblacion><id_prov type="smallint" >2761</id_prov><name_pob type="varchar"  label="City">Alexandria</name_pob><ind_active type="tinyint"  label="Active">1</ind_active></row>
<row><id_poblacion type="int" >15915</id_poblacion><id_prov type="smallint" >2761</id_prov><name_pob type="varchar"  label="City">Superior</name_pob><ind_active type="tinyint"  label="Active">1</ind_active></row>
<row><id_poblacion type="int" >15916</id_poblacion><id_prov type="smallint" >2761</id_prov><name_pob type="varchar"  label="City">Waterville</name_pob><ind_active type="tinyint"  label="Active">1</ind_active></row>
<row><id_poblacion type="int" >15917</id_poblacion><id_prov type="smallint" >2761</id_prov><name_pob type="varchar"  label="City">Armour</name_pob><ind_active type="tinyint"  label="Active">1</ind_active></row>
<row><id_poblacion type="int" >15918</id_poblacion><id_prov type="smallint" >2761</id_prov><name_pob type="varchar"  label="City">Roseburg</name_pob><ind_active type="tinyint"  label="Active">1</ind_active></row>
<row><id_poblacion type="int" >15919</id_poblacion><id_prov type="smallint" >2761</id_prov><name_pob type="varchar"  label="City">Minden</name_pob><ind_active type="tinyint"  label="Active">1</ind_active></row>
<row><id_poblacion type="int" >15920</id_poblacion><id_prov type="smallint" >2761</id_prov><name_pob type="varchar"  label="City">Omaha</name_pob><ind_active type="tinyint"  label="Active">1</ind_active></row>
<row><id_poblacion type="int" >15921</id_poblacion><id_prov type="smallint" >2761</id_prov><name_pob type="varchar"  label="City">Lawrence</name_pob><ind_active type="tinyint"  label="Active">1</ind_active></row>
<row><id_poblacion type="int" >15922</id_poblacion><id_prov type="smallint" >2761</id_prov><name_pob type="varchar"  label="City">Tuscola</name_pob><ind_active type="tinyint"  label="Active">1</ind_active></row>
<row><id_poblacion type="int" >15923</id_poblacion><id_prov type="smallint" >2761</id_prov><name_pob type="varchar"  label="City">Douglasvill</name_pob><ind_active type="tinyint"  label="Active">1</ind_active></row>
<row><id_poblacion type="int" >15924</id_poblacion><id_prov type="smallint" >2761</id_prov><name_pob type="varchar"  label="City">Castle Rock</name_pob><ind_active type="tinyint"  label="Active">1</ind_active></row>
<row><id_poblacion type="int" >15925</id_poblacion><id_prov type="smallint" >2761</id_prov><name_pob type="varchar"  label="City">Ava</name_pob><ind_active type="tinyint"  label="Active">1</ind_active></row>
<row><id_poblacion type="int" >15926</id_poblacion><id_prov type="smallint" >2762</id_prov><name_pob type="varchar"  label="City">North Platt</name_pob><ind_active type="tinyint"  label="Active">1</ind_active></row>
<row><id_poblacion type="int" >15927</id_poblacion><id_prov type="smallint" >2762</id_prov><name_pob type="varchar"  label="City">Kemmerer</name_pob><ind_active type="tinyint"  label="Active">1</ind_active></row>
<row><id_poblacion type="int" >15928</id_poblacion><id_prov type="smallint" >2762</id_prov><name_pob type="varchar"  label="City">Hamlin</name_pob><ind_active type="tinyint"  label="Active">1</ind_active></row>
<row><id_poblacion type="int" >15929</id_poblacion><id_prov type="smallint" >2762</id_prov><name_pob type="varchar"  label="City">Merrill</name_pob><ind_active type="tinyint"  label="Active">1</ind_active></row>
<row><id_poblacion type="int" >15930</id_poblacion><id_prov type="smallint" >2762</id_prov><name_pob type="varchar"  label="City">Davenport</name_pob><ind_active type="tinyint"  label="Active">1</ind_active></row>
<row><id_poblacion type="int" >15931</id_poblacion><id_prov type="smallint" >2762</id_prov><name_pob type="varchar"  label="City">Fayettevill</name_pob><ind_active type="tinyint"  label="Active">1</ind_active></row>
<row><id_poblacion type="int" >15932</id_poblacion><id_prov type="smallint" >2762</id_prov><name_pob type="varchar"  label="City">Canton</name_pob><ind_active type="tinyint"  label="Active">1</ind_active></row>
<row><id_poblacion type="int" >15933</id_poblacion><id_prov type="smallint" >2762</id_prov><name_pob type="varchar"  label="City">Newport</name_pob><ind_active type="tinyint"  label="Active">1</ind_active></row>
<row><id_poblacion type="int" >15934</id_poblacion><id_prov type="smallint" >2762</id_prov><name_pob type="varchar"  label="City">Chandler</name_pob><ind_active type="tinyint"  label="Active">1</ind_active></row>
<row><id_poblacion type="int" >15935</id_poblacion><id_prov type="smallint" >2762</id_prov><name_pob type="varchar"  label="City">Pioche</name_pob><ind_active type="tinyint"  label="Active">1</ind_active></row>
<row><id_poblacion type="int" >15936</id_poblacion><id_prov type="smallint" >2762</id_prov><name_pob type="varchar"  label="City">Carrizozo</name_pob><ind_active type="tinyint"  label="Active">1</ind_active></row>
<row><id_poblacion type="int" >15937</id_poblacion><id_prov type="smallint" >2762</id_prov><name_pob type="varchar"  label="City">Wiscasset</name_pob><ind_active type="tinyint"  label="Active">1</ind_active></row>
<row><id_poblacion type="int" >15940</id_poblacion><id_prov type="smallint" >2762</id_prov><name_pob type="varchar"  label="City">Hugo</name_pob><ind_active type="tinyint"  label="Active">1</ind_active></row>
<row><id_poblacion type="int" >15941</id_poblacion><id_prov type="smallint" >2762</id_prov><name_pob type="varchar"  label="City">Shoshone</name_pob><ind_active type="tinyint"  label="Active">1</ind_active></row>
<row><id_poblacion type="int" >15942</id_poblacion><id_prov type="smallint" >2762</id_prov><name_pob type="varchar"  label="City">Lincoln</name_pob><ind_active type="tinyint"  label="Active">1</ind_active></row>
<row><id_poblacion type="int" >15943</id_poblacion><id_prov type="smallint" >2762</id_prov><name_pob type="varchar"  label="City">Stanford</name_pob><ind_active type="tinyint"  label="Active">1</ind_active></row>
<row><id_poblacion type="int" >15944</id_poblacion><id_prov type="smallint" >2762</id_prov><name_pob type="varchar"  label="City">Troy</name_pob><ind_active type="tinyint"  label="Active">1</ind_active></row>
<row><id_poblacion type="int" >15945</id_poblacion><id_prov type="smallint" >2762</id_prov><name_pob type="varchar"  label="City">Ivanhoe</name_pob><ind_active type="tinyint"  label="Active">1</ind_active></row>
<row><id_poblacion type="int" >15946</id_poblacion><id_prov type="smallint" >2762</id_prov><name_pob type="varchar"  label="City">Star City</name_pob><ind_active type="tinyint"  label="Active">1</ind_active></row>
<row><id_poblacion type="int" >15947</id_poblacion><id_prov type="smallint" >2762</id_prov><name_pob type="varchar"  label="City">Brookhaven</name_pob><ind_active type="tinyint"  label="Active">1</ind_active></row>
<row><id_poblacion type="int" >15948</id_poblacion><id_prov type="smallint" >2762</id_prov><name_pob type="varchar"  label="City">Libby</name_pob><ind_active type="tinyint"  label="Active">1</ind_active></row>
<row><id_poblacion type="int" >15949</id_poblacion><id_prov type="smallint" >2762</id_prov><name_pob type="varchar"  label="City">Ruston</name_pob><ind_active type="tinyint"  label="Active">1</ind_active></row>
<row><id_poblacion type="int" >15950</id_poblacion><id_prov type="smallint" >2763</id_prov><name_pob type="varchar"  label="City">Watertown</name_pob><ind_active type="tinyint"  label="Active">1</ind_active></row>
<row><id_poblacion type="int" >15951</id_poblacion><id_prov type="smallint" >2764</id_prov><name_pob type="varchar"  label="City">Yankton</name_pob><ind_active type="tinyint"  label="Active">1</ind_active></row>
<row><id_poblacion type="int" >15952</id_poblacion><id_prov type="smallint" >2765</id_prov><name_pob type="varchar"  label="City">Selby</name_pob><ind_active type="tinyint"  label="Active">1</ind_active></row>
<row><id_poblacion type="int" >15953</id_poblacion><id_prov type="smallint" >2765</id_prov><name_pob type="varchar"  label="City">Elkhorn</name_pob><ind_active type="tinyint"  label="Active">1</ind_active></row>
<row><id_poblacion type="int" >15954</id_poblacion><id_prov type="smallint" >2766</id_prov><name_pob type="varchar"  label="City">Chamberlain</name_pob><ind_active type="tinyint"  label="Active">1</ind_active></row>
<row><id_poblacion type="int" >15955</id_poblacion><id_prov type="smallint" >2767</id_prov><name_pob type="varchar"  label="City">Woonsocket</name_pob><ind_active type="tinyint"  label="Active">1</ind_active></row>
<row><id_poblacion type="int" >15956</id_poblacion><id_prov type="smallint" >2768</id_prov><name_pob type="varchar"  label="City">Brookings</name_pob><ind_active type="tinyint"  label="Active">1</ind_active></row>
<row><id_poblacion type="int" >15957</id_poblacion><id_prov type="smallint" >2769</id_prov><name_pob type="varchar"  label="City">Philip</name_pob><ind_active type="tinyint"  label="Active">1</ind_active></row>
<row><id_poblacion type="int" >15958</id_poblacion><id_prov type="smallint" >2770</id_prov><name_pob type="varchar"  label="City">Holdenville</name_pob><ind_active type="tinyint"  label="Active">1</ind_active></row>
<row><id_poblacion type="int" >15959</id_poblacion><id_prov type="smallint" >2770</id_prov><name_pob type="varchar"  label="City">Pierre</name_pob><ind_active type="tinyint"  label="Active">1</ind_active></row>
<row><id_poblacion type="int" >15960</id_poblacion><id_prov type="smallint" >2771</id_prov><name_pob type="varchar"  label="City">Elkton</name_pob><ind_active type="tinyint"  label="Active">1</ind_active></row>
<row><id_poblacion type="int" >15961</id_poblacion><id_prov type="smallint" >2771</id_prov><name_pob type="varchar"  label="City">Long Prairi</name_pob><ind_active type="tinyint"  label="Active">1</ind_active></row>
<row><id_poblacion type="int" >15962</id_poblacion><id_prov type="smallint" >2771</id_prov><name_pob type="varchar"  label="City">Winner</name_pob><ind_active type="tinyint"  label="Active">1</ind_active></row>
<row><id_poblacion type="int" >15963</id_poblacion><id_prov type="smallint" >2772</id_prov><name_pob type="varchar"  label="City">Huron</name_pob><ind_active type="tinyint"  label="Active">1</ind_active></row>
<row><id_poblacion type="int" >15964</id_poblacion><id_prov type="smallint" >2773</id_prov><name_pob type="varchar"  label="City">Sioux Falls</name_pob><ind_active type="tinyint"  label="Active">1</ind_active></row>
<row><id_poblacion type="int" >15965</id_poblacion><id_prov type="smallint" >2774</id_prov><name_pob type="varchar"  label="City">Ipswich</name_pob><ind_active type="tinyint"  label="Active">1</ind_active></row>
<row><id_poblacion type="int" >15966</id_poblacion><id_prov type="smallint" >2775</id_prov><name_pob type="varchar"  label="City">Plankinton</name_pob><ind_active type="tinyint"  label="Active">1</ind_active></row>
<row><id_poblacion type="int" >15967</id_poblacion><id_prov type="smallint" >2776</id_prov><name_pob type="varchar"  label="City">Henrietta</name_pob><ind_active type="tinyint"  label="Active">1</ind_active></row>
<row><id_poblacion type="int" >15968</id_poblacion><id_prov type="smallint" >2776</id_prov><name_pob type="varchar"  label="City">Moorhead</name_pob><ind_active type="tinyint"  label="Active">1</ind_active></row>
<row><id_poblacion type="int" >15969</id_poblacion><id_prov type="smallint" >2776</id_prov><name_pob type="varchar"  label="City">Liberty</name_pob><ind_active type="tinyint"  label="Active">1</ind_active></row>
<row><id_poblacion type="int" >15970</id_poblacion><id_prov type="smallint" >2776</id_prov><name_pob type="varchar"  label="City">West Point</name_pob><ind_active type="tinyint"  label="Active">1</ind_active></row>
<row><id_poblacion type="int" >15971</id_poblacion><id_prov type="smallint" >2776</id_prov><name_pob type="varchar"  label="City">Hayesville</name_pob><ind_active type="tinyint"  label="Active">1</ind_active></row>
<row><id_poblacion type="int" >15973</id_poblacion><id_prov type="smallint" >2776</id_prov><name_pob type="varchar"  label="City">Vermillion</name_pob><ind_active type="tinyint"  label="Active">1</ind_active></row>
<row><id_poblacion type="int" >15974</id_poblacion><id_prov type="smallint" >2776</id_prov><name_pob type="varchar"  label="City">Celina</name_pob><ind_active type="tinyint"  label="Active">1</ind_active></row>
<row><id_poblacion type="int" >15975</id_poblacion><id_prov type="smallint" >2776</id_prov><name_pob type="varchar"  label="City">Manchester</name_pob><ind_active type="tinyint"  label="Active">1</ind_active></row>
<row><id_poblacion type="int" >15976</id_poblacion><id_prov type="smallint" >2776</id_prov><name_pob type="varchar"  label="City">Clay</name_pob><ind_active type="tinyint"  label="Active">1</ind_active></row>
<row><id_poblacion type="int" >15977</id_poblacion><id_prov type="smallint" >2776</id_prov><name_pob type="varchar"  label="City">Brazil</name_pob><ind_active type="tinyint"  label="Active">1</ind_active></row>
<row><id_poblacion type="int" >15978</id_poblacion><id_prov type="smallint" >2776</id_prov><name_pob type="varchar"  label="City">Louisville</name_pob><ind_active type="tinyint"  label="Active">1</ind_active></row>
<row><id_poblacion type="int" >15979</id_poblacion><id_prov type="smallint" >2776</id_prov><name_pob type="varchar"  label="City">Spencer</name_pob><ind_active type="tinyint"  label="Active">1</ind_active></row>
<row><id_poblacion type="int" >15980</id_poblacion><id_prov type="smallint" >2776</id_prov><name_pob type="varchar"  label="City">Fort Gaines</name_pob><ind_active type="tinyint"  label="Active">1</ind_active></row>
<row><id_poblacion type="int" >15981</id_poblacion><id_prov type="smallint" >2776</id_prov><name_pob type="varchar"  label="City">Green Cove</name_pob><ind_active type="tinyint"  label="Active">1</ind_active></row>
<row><id_poblacion type="int" >15983</id_poblacion><id_prov type="smallint" >2776</id_prov><name_pob type="varchar"  label="City">Ashland</name_pob><ind_active type="tinyint"  label="Active">1</ind_active></row>
<row><id_poblacion type="int" >15984</id_poblacion><id_prov type="smallint" >2776</id_prov><name_pob type="varchar"  label="City">Corning, Pi</name_pob><ind_active type="tinyint"  label="Active">1</ind_active></row>
<row><id_poblacion type="int" >15985</id_poblacion><id_prov type="smallint" >2777</id_prov><name_pob type="varchar"  label="City">Kennebec</name_pob><ind_active type="tinyint"  label="Active">1</ind_active></row>
<row><id_poblacion type="int" >15986</id_poblacion><id_prov type="smallint" >2778</id_prov><name_pob type="varchar"  label="City">Salem</name_pob><ind_active type="tinyint"  label="Active">1</ind_active></row>
<row><id_poblacion type="int" >15987</id_poblacion><id_prov type="smallint" >2779</id_prov><name_pob type="varchar"  label="City">Onida</name_pob><ind_active type="tinyint"  label="Active">1</ind_active></row>
<row><id_poblacion type="int" >15988</id_poblacion><id_prov type="smallint" >2780</id_prov><name_pob type="varchar"  label="City">De Smet</name_pob><ind_active type="tinyint"  label="Active">1</ind_active></row>
<row><id_poblacion type="int" >15989</id_poblacion><id_prov type="smallint" >2781</id_prov><name_pob type="varchar"  label="City">Chappell</name_pob><ind_active type="tinyint"  label="Active">1</ind_active></row>
<row><id_poblacion type="int" >15990</id_poblacion><id_prov type="smallint" >2781</id_prov><name_pob type="varchar"  label="City">Clear Lake</name_pob><ind_active type="tinyint"  label="Active">1</ind_active></row>
<row><id_poblacion type="int" >15991</id_poblacion><id_prov type="smallint" >2782</id_prov><name_pob type="varchar"  label="City">Eminence</name_pob><ind_active type="tinyint"  label="Active">1</ind_active></row>
<row><id_poblacion type="int" >15992</id_poblacion><id_prov type="smallint" >2782</id_prov><name_pob type="varchar"  label="City">Hot Springs</name_pob><ind_active type="tinyint"  label="Active">1</ind_active></row>
</poblacion>
</root>