<?xml version="1.0" encoding="UTF-8"?>
<root>
<poblacion>
<row><id_poblacion type="int" >17341</id_poblacion><id_prov type="smallint" >3132</id_prov><name_pob type="varchar"  label="City">Castle Dale</name_pob><ind_active type="tinyint"  label="Active">1</ind_active></row>
<row><id_poblacion type="int" >17342</id_poblacion><id_prov type="smallint" >3133</id_prov><name_pob type="varchar"  label="City">Randolph</name_pob><ind_active type="tinyint"  label="Active">1</ind_active></row>
<row><id_poblacion type="int" >17343</id_poblacion><id_prov type="smallint" >3134</id_prov><name_pob type="varchar"  label="City">Fillmore</name_pob><ind_active type="tinyint"  label="Active">1</ind_active></row>
<row><id_poblacion type="int" >17344</id_poblacion><id_prov type="smallint" >3135</id_prov><name_pob type="varchar"  label="City">Salt Lake C</name_pob><ind_active type="tinyint"  label="Active">1</ind_active></row>
<row><id_poblacion type="int" >17345</id_poblacion><id_prov type="smallint" >3136</id_prov><name_pob type="varchar"  label="City">Duchesne</name_pob><ind_active type="tinyint"  label="Active">1</ind_active></row>
<row><id_poblacion type="int" >17346</id_poblacion><id_prov type="smallint" >3137</id_prov><name_pob type="varchar"  label="City">Breckenridg</name_pob><ind_active type="tinyint"  label="Active">1</ind_active></row>
<row><id_poblacion type="int" >17347</id_poblacion><id_prov type="smallint" >3137</id_prov><name_pob type="varchar"  label="City">Akron</name_pob><ind_active type="tinyint"  label="Active">1</ind_active></row>
<row><id_poblacion type="int" >17348</id_poblacion><id_prov type="smallint" >3137</id_prov><name_pob type="varchar"  label="City">Coalville</name_pob><ind_active type="tinyint"  label="Active">1</ind_active></row>
<row><id_poblacion type="int" >17349</id_poblacion><id_prov type="smallint" >3138</id_prov><name_pob type="varchar"  label="City">Glenwood Sp</name_pob><ind_active type="tinyint"  label="Active">1</ind_active></row>
<row><id_poblacion type="int" >17350</id_poblacion><id_prov type="smallint" >3138</id_prov><name_pob type="varchar"  label="City">Jordan</name_pob><ind_active type="tinyint"  label="Active">1</ind_active></row>
<row><id_poblacion type="int" >17351</id_poblacion><id_prov type="smallint" >3138</id_prov><name_pob type="varchar"  label="City">Burwell</name_pob><ind_active type="tinyint"  label="Active">1</ind_active></row>
<row><id_poblacion type="int" >17352</id_poblacion><id_prov type="smallint" >3138</id_prov><name_pob type="varchar"  label="City">Enid</name_pob><ind_active type="tinyint"  label="Active">1</ind_active></row>
<row><id_poblacion type="int" >17353</id_poblacion><id_prov type="smallint" >3138</id_prov><name_pob type="varchar"  label="City">Panguitch</name_pob><ind_active type="tinyint"  label="Active">1</ind_active></row>
<row><id_poblacion type="int" >17354</id_poblacion><id_prov type="smallint" >3138</id_prov><name_pob type="varchar"  label="City">Pomeroy</name_pob><ind_active type="tinyint"  label="Active">1</ind_active></row>
<row><id_poblacion type="int" >17355</id_poblacion><id_prov type="smallint" >3139</id_prov><name_pob type="varchar"  label="City">De Queen</name_pob><ind_active type="tinyint"  label="Active">1</ind_active></row>
<row><id_poblacion type="int" >17356</id_poblacion><id_prov type="smallint" >3139</id_prov><name_pob type="varchar"  label="City">Sevierville</name_pob><ind_active type="tinyint"  label="Active">1</ind_active></row>
<row><id_poblacion type="int" >17357</id_poblacion><id_prov type="smallint" >3139</id_prov><name_pob type="varchar"  label="City">Richfield</name_pob><ind_active type="tinyint"  label="Active">1</ind_active></row>
<row><id_poblacion type="int" >17358</id_poblacion><id_prov type="smallint" >3140</id_prov><name_pob type="varchar"  label="City">Friday Harb</name_pob><ind_active type="tinyint"  label="Active">1</ind_active></row>
<row><id_poblacion type="int" >17359</id_poblacion><id_prov type="smallint" >3140</id_prov><name_pob type="varchar"  label="City">Monticello</name_pob><ind_active type="tinyint"  label="Active">1</ind_active></row>
<row><id_poblacion type="int" >17360</id_poblacion><id_prov type="smallint" >3140</id_prov><name_pob type="varchar"  label="City">Aztec</name_pob><ind_active type="tinyint"  label="Active">1</ind_active></row>
<row><id_poblacion type="int" >17361</id_poblacion><id_prov type="smallint" >3140</id_prov><name_pob type="varchar"  label="City">Silverton</name_pob><ind_active type="tinyint"  label="Active">1</ind_active></row>
<row><id_poblacion type="int" >17362</id_poblacion><id_prov type="smallint" >3141</id_prov><name_pob type="varchar"  label="City">Junction</name_pob><ind_active type="tinyint"  label="Active">1</ind_active></row>
<row><id_poblacion type="int" >17363</id_poblacion><id_prov type="smallint" >3142</id_prov><name_pob type="varchar"  label="City">Manti</name_pob><ind_active type="tinyint"  label="Active">1</ind_active></row>
<row><id_poblacion type="int" >17367</id_poblacion><id_prov type="smallint" >3144</id_prov><name_pob type="varchar"  label="City">Hot Sulphur</name_pob><ind_active type="tinyint"  label="Active">1</ind_active></row>
<row><id_poblacion type="int" >17368</id_poblacion><id_prov type="smallint" >3144</id_prov><name_pob type="varchar"  label="City">Moab</name_pob><ind_active type="tinyint"  label="Active">1</ind_active></row>
<row><id_poblacion type="int" >17369</id_poblacion><id_prov type="smallint" >3145</id_prov><name_pob type="varchar"  label="City">Wartburg</name_pob><ind_active type="tinyint"  label="Active">1</ind_active></row>
<row><id_poblacion type="int" >17370</id_poblacion><id_prov type="smallint" >3145</id_prov><name_pob type="varchar"  label="City">West Libert</name_pob><ind_active type="tinyint"  label="Active">1</ind_active></row>
<row><id_poblacion type="int" >17371</id_poblacion><id_prov type="smallint" >3145</id_prov><name_pob type="varchar"  label="City">Morgan</name_pob><ind_active type="tinyint"  label="Active">1</ind_active></row>
<row><id_poblacion type="int" >17372</id_poblacion><id_prov type="smallint" >3145</id_prov><name_pob type="varchar"  label="City">McConnelsvi</name_pob><ind_active type="tinyint"  label="Active">1</ind_active></row>
<row><id_poblacion type="int" >17373</id_poblacion><id_prov type="smallint" >3145</id_prov><name_pob type="varchar"  label="City">Versailles</name_pob><ind_active type="tinyint"  label="Active">1</ind_active></row>
<row><id_poblacion type="int" >17374</id_poblacion><id_prov type="smallint" >3145</id_prov><name_pob type="varchar"  label="City">Jacksonvill</name_pob><ind_active type="tinyint"  label="Active">1</ind_active></row>
<row><id_poblacion type="int" >17375</id_poblacion><id_prov type="smallint" >3145</id_prov><name_pob type="varchar"  label="City">Madison</name_pob><ind_active type="tinyint"  label="Active">1</ind_active></row>
<row><id_poblacion type="int" >17376</id_poblacion><id_prov type="smallint" >3145</id_prov><name_pob type="varchar"  label="City">Decatur</name_pob><ind_active type="tinyint"  label="Active">1</ind_active></row>
<row><id_poblacion type="int" >17377</id_poblacion><id_prov type="smallint" >3145</id_prov><name_pob type="varchar"  label="City">Fort Morgan</name_pob><ind_active type="tinyint"  label="Active">1</ind_active></row>
<row><id_poblacion type="int" >17378</id_poblacion><id_prov type="smallint" >3145</id_prov><name_pob type="varchar"  label="City">Berkeley Sp</name_pob><ind_active type="tinyint"  label="Active">1</ind_active></row>
<row><id_poblacion type="int" >17379</id_poblacion><id_prov type="smallint" >3145</id_prov><name_pob type="varchar"  label="City">Martinsvill</name_pob><ind_active type="tinyint"  label="Active">1</ind_active></row>
<row><id_poblacion type="int" >17380</id_poblacion><id_prov type="smallint" >3146</id_prov><name_pob type="varchar"  label="City">Ogden</name_pob><ind_active type="tinyint"  label="Active">1</ind_active></row>
<row><id_poblacion type="int" >17382</id_poblacion><id_prov type="smallint" >3147</id_prov><name_pob type="varchar"  label="City">Lyons</name_pob><ind_active type="tinyint"  label="Active">1</ind_active></row>
<row><id_poblacion type="int" >17383</id_poblacion><id_prov type="smallint" >3147</id_prov><name_pob type="varchar"  label="City">Wooster</name_pob><ind_active type="tinyint"  label="Active">1</ind_active></row>
<row><id_poblacion type="int" >17384</id_poblacion><id_prov type="smallint" >3147</id_prov><name_pob type="varchar"  label="City">Honesdale</name_pob><ind_active type="tinyint"  label="Active">1</ind_active></row>
<row><id_poblacion type="int" >17387</id_poblacion><id_prov type="smallint" >3147</id_prov><name_pob type="varchar"  label="City">Detroit</name_pob><ind_active type="tinyint"  label="Active">1</ind_active></row>
<row><id_poblacion type="int" >17388</id_poblacion><id_prov type="smallint" >3147</id_prov><name_pob type="varchar"  label="City">Loa</name_pob><ind_active type="tinyint"  label="Active">1</ind_active></row>
<row><id_poblacion type="int" >17389</id_poblacion><id_prov type="smallint" >3147</id_prov><name_pob type="varchar"  label="City">Greenville</name_pob><ind_active type="tinyint"  label="Active">1</ind_active></row>
<row><id_poblacion type="int" >17391</id_poblacion><id_prov type="smallint" >3147</id_prov><name_pob type="varchar"  label="City">Monticello</name_pob><ind_active type="tinyint"  label="Active">1</ind_active></row>
<row><id_poblacion type="int" >17392</id_poblacion><id_prov type="smallint" >3147</id_prov><name_pob type="varchar"  label="City">Richmond</name_pob><ind_active type="tinyint"  label="Active">1</ind_active></row>
<row><id_poblacion type="int" >17393</id_poblacion><id_prov type="smallint" >3147</id_prov><name_pob type="varchar"  label="City">Fairfield</name_pob><ind_active type="tinyint"  label="Active">1</ind_active></row>
<row><id_poblacion type="int" >17394</id_poblacion><id_prov type="smallint" >3147</id_prov><name_pob type="varchar"  label="City">Corydon</name_pob><ind_active type="tinyint"  label="Active">1</ind_active></row>
<row><id_poblacion type="int" >17395</id_poblacion><id_prov type="smallint" >3147</id_prov><name_pob type="varchar"  label="City">Jesup</name_pob><ind_active type="tinyint"  label="Active">1</ind_active></row>
<row><id_poblacion type="int" >17396</id_poblacion><id_prov type="smallint" >3147</id_prov><name_pob type="varchar"  label="City">Goldsboro</name_pob><ind_active type="tinyint"  label="Active">1</ind_active></row>
<row><id_poblacion type="int" >17397</id_poblacion><id_prov type="smallint" >3148</id_prov><name_pob type="varchar"  label="City">Price</name_pob><ind_active type="tinyint"  label="Active">1</ind_active></row>
<row><id_poblacion type="int" >17398</id_poblacion><id_prov type="smallint" >3148</id_prov><name_pob type="varchar"  label="City">Rawlins</name_pob><ind_active type="tinyint"  label="Active">1</ind_active></row>
<row><id_poblacion type="int" >17399</id_poblacion><id_prov type="smallint" >3148</id_prov><name_pob type="varchar"  label="City">Jim Thorpe</name_pob><ind_active type="tinyint"  label="Active">1</ind_active></row>
<row><id_poblacion type="int" >17400</id_poblacion><id_prov type="smallint" >3148</id_prov><name_pob type="varchar"  label="City">Red Lodge</name_pob><ind_active type="tinyint"  label="Active">1</ind_active></row>
<row><id_poblacion type="int" >17401</id_poblacion><id_prov type="smallint" >3149</id_prov><name_pob type="varchar"  label="City">Brenham</name_pob><ind_active type="tinyint"  label="Active">1</ind_active></row>
<row><id_poblacion type="int" >17402</id_poblacion><id_prov type="smallint" >3149</id_prov><name_pob type="varchar"  label="City">Greenville</name_pob><ind_active type="tinyint"  label="Active">1</ind_active></row>
<row><id_poblacion type="int" >17403</id_poblacion><id_prov type="smallint" >3149</id_prov><name_pob type="varchar"  label="City">Plymouth</name_pob><ind_active type="tinyint"  label="Active">1</ind_active></row>
<row><id_poblacion type="int" >17404</id_poblacion><id_prov type="smallint" >3149</id_prov><name_pob type="varchar"  label="City">Blair</name_pob><ind_active type="tinyint"  label="Active">1</ind_active></row>
<row><id_poblacion type="int" >17405</id_poblacion><id_prov type="smallint" >3149</id_prov><name_pob type="varchar"  label="City">Hudson Fall</name_pob><ind_active type="tinyint"  label="Active">1</ind_active></row>
<row><id_poblacion type="int" >17406</id_poblacion><id_prov type="smallint" >3149</id_prov><name_pob type="varchar"  label="City">Bartlesvill</name_pob><ind_active type="tinyint"  label="Active">1</ind_active></row>
<row><id_poblacion type="int" >17408</id_poblacion><id_prov type="smallint" >3149</id_prov><name_pob type="varchar"  label="City">Potosi</name_pob><ind_active type="tinyint"  label="Active">1</ind_active></row>
<row><id_poblacion type="int" >17409</id_poblacion><id_prov type="smallint" >3149</id_prov><name_pob type="varchar"  label="City">Jonesboro</name_pob><ind_active type="tinyint"  label="Active">1</ind_active></row>
<row><id_poblacion type="int" >17410</id_poblacion><id_prov type="smallint" >3149</id_prov><name_pob type="varchar"  label="City">Marietta</name_pob><ind_active type="tinyint"  label="Active">1</ind_active></row>
<row><id_poblacion type="int" >17411</id_poblacion><id_prov type="smallint" >3149</id_prov><name_pob type="varchar"  label="City">Saint Georg</name_pob><ind_active type="tinyint"  label="Active">1</ind_active></row>
<row><id_poblacion type="int" >17412</id_poblacion><id_prov type="smallint" >3149</id_prov><name_pob type="varchar"  label="City">Abingdon</name_pob><ind_active type="tinyint"  label="Active">1</ind_active></row>
<row><id_poblacion type="int" >17413</id_poblacion><id_prov type="smallint" >3149</id_prov><name_pob type="varchar"  label="City">Montpelier</name_pob><ind_active type="tinyint"  label="Active">1</ind_active></row>
<row><id_poblacion type="int" >17414</id_poblacion><id_prov type="smallint" >3149</id_prov><name_pob type="varchar"  label="City">West Bend</name_pob><ind_active type="tinyint"  label="Active">1</ind_active></row>
<row><id_poblacion type="int" >17415</id_poblacion><id_prov type="smallint" >3149</id_prov><name_pob type="varchar"  label="City">Wakefield</name_pob><ind_active type="tinyint"  label="Active">1</ind_active></row>
<row><id_poblacion type="int" >17416</id_poblacion><id_prov type="smallint" >3149</id_prov><name_pob type="varchar"  label="City">Salem</name_pob><ind_active type="tinyint"  label="Active">1</ind_active></row>
<row><id_poblacion type="int" >17417</id_poblacion><id_prov type="smallint" >3149</id_prov><name_pob type="varchar"  label="City">Fayettevill</name_pob><ind_active type="tinyint"  label="Active">1</ind_active></row>
<row><id_poblacion type="int" >17418</id_poblacion><id_prov type="smallint" >3149</id_prov><name_pob type="varchar"  label="City">Akron</name_pob><ind_active type="tinyint"  label="Active">1</ind_active></row>
<row><id_poblacion type="int" >17419</id_poblacion><id_prov type="smallint" >3149</id_prov><name_pob type="varchar"  label="City">Chipley</name_pob><ind_active type="tinyint"  label="Active">1</ind_active></row>
<row><id_poblacion type="int" >17420</id_poblacion><id_prov type="smallint" >3149</id_prov><name_pob type="varchar"  label="City">Sandersvill</name_pob><ind_active type="tinyint"  label="Active">1</ind_active></row>
<row><id_poblacion type="int" >17422</id_poblacion><id_prov type="smallint" >3149</id_prov><name_pob type="varchar"  label="City">Stillwater</name_pob><ind_active type="tinyint"  label="Active">1</ind_active></row>
<row><id_poblacion type="int" >17423</id_poblacion><id_prov type="smallint" >3149</id_prov><name_pob type="varchar"  label="City">Nashville</name_pob><ind_active type="tinyint"  label="Active">1</ind_active></row>
<row><id_poblacion type="int" >17424</id_poblacion><id_prov type="smallint" >3149</id_prov><name_pob type="varchar"  label="City">Chatom</name_pob><ind_active type="tinyint"  label="Active">1</ind_active></row>
<row><id_poblacion type="int" >17426</id_poblacion><id_prov type="smallint" >3149</id_prov><name_pob type="varchar"  label="City">Hillsboro</name_pob><ind_active type="tinyint"  label="Active">1</ind_active></row>
<row><id_poblacion type="int" >17427</id_poblacion><id_prov type="smallint" >3149</id_prov><name_pob type="varchar"  label="City">Springfield</name_pob><ind_active type="tinyint"  label="Active">1</ind_active></row>
<row><id_poblacion type="int" >17428</id_poblacion><id_prov type="smallint" >3149</id_prov><name_pob type="varchar"  label="City">Franklinton</name_pob><ind_active type="tinyint"  label="Active">1</ind_active></row>
<row><id_poblacion type="int" >17429</id_poblacion><id_prov type="smallint" >3149</id_prov><name_pob type="varchar"  label="City">Hagerstown</name_pob><ind_active type="tinyint"  label="Active">1</ind_active></row>
<row><id_poblacion type="int" >17430</id_poblacion><id_prov type="smallint" >3149</id_prov><name_pob type="varchar"  label="City">Machias</name_pob><ind_active type="tinyint"  label="Active">1</ind_active></row>
<row><id_poblacion type="int" >17431</id_poblacion><id_prov type="smallint" >3149</id_prov><name_pob type="varchar"  label="City">Weiser</name_pob><ind_active type="tinyint"  label="Active">1</ind_active></row>
<row><id_poblacion type="int" >17432</id_poblacion><id_prov type="smallint" >3150</id_prov><name_pob type="varchar"  label="City">Geneva</name_pob><ind_active type="tinyint"  label="Active">1</ind_active></row>
<row><id_poblacion type="int" >17433</id_poblacion><id_prov type="smallint" >3150</id_prov><name_pob type="varchar"  label="City">Kanab</name_pob><ind_active type="tinyint"  label="Active">1</ind_active></row>
<row><id_poblacion type="int" >17434</id_poblacion><id_prov type="smallint" >3151</id_prov><name_pob type="varchar"  label="City">Heber City</name_pob><ind_active type="tinyint"  label="Active">1</ind_active></row>
<row><id_poblacion type="int" >17435</id_poblacion><id_prov type="smallint" >3152</id_prov><name_pob type="varchar"  label="City">Nephi</name_pob><ind_active type="tinyint"  label="Active">1</ind_active></row>
<row><id_poblacion type="int" >17436</id_poblacion><id_prov type="smallint" >3153</id_prov><name_pob type="varchar"  label="City">Crystal Fal</name_pob><ind_active type="tinyint"  label="Active">1</ind_active></row>
<row><id_poblacion type="int" >17437</id_poblacion><id_prov type="smallint" >3153</id_prov><name_pob type="varchar"  label="City">Hurley</name_pob><ind_active type="tinyint"  label="Active">1</ind_active></row>
<row><id_poblacion type="int" >17438</id_poblacion><id_prov type="smallint" >3153</id_prov><name_pob type="varchar"  label="City">Parowan</name_pob><ind_active type="tinyint"  label="Active">1</ind_active></row>
<row><id_poblacion type="int" >17439</id_poblacion><id_prov type="smallint" >3153</id_prov><name_pob type="varchar"  label="City">Ironton</name_pob><ind_active type="tinyint"  label="Active">1</ind_active></row>
<row><id_poblacion type="int" >17440</id_poblacion><id_prov type="smallint" >3154</id_prov><name_pob type="varchar"  label="City">Provo</name_pob><ind_active type="tinyint"  label="Active">1</ind_active></row>
<row><id_poblacion type="int" >17441</id_poblacion><id_prov type="smallint" >3155</id_prov><name_pob type="varchar"  label="City">Vernal</name_pob><ind_active type="tinyint"  label="Active">1</ind_active></row>
<row><id_poblacion type="int" >17442</id_poblacion><id_prov type="smallint" >3156</id_prov><name_pob type="varchar"  label="City">Farmington</name_pob><ind_active type="tinyint"  label="Active">1</ind_active></row>
<row><id_poblacion type="int" >17443</id_poblacion><id_prov type="smallint" >3156</id_prov><name_pob type="varchar"  label="City">Bloomfield</name_pob><ind_active type="tinyint"  label="Active">1</ind_active></row>
<row><id_poblacion type="int" >17444</id_poblacion><id_prov type="smallint" >3157</id_prov><name_pob type="varchar"  label="City">Brigham Cit</name_pob><ind_active type="tinyint"  label="Active">1</ind_active></row>
<row><id_poblacion type="int" >17445</id_poblacion><id_prov type="smallint" >3158</id_prov><name_pob type="varchar"  label="City">Manila</name_pob><ind_active type="tinyint"  label="Active">1</ind_active></row>
<row><id_poblacion type="int" >17446</id_poblacion><id_prov type="smallint" >3159</id_prov><name_pob type="varchar"  label="City">Tooele</name_pob><ind_active type="tinyint"  label="Active">1</ind_active></row>
<row><id_poblacion type="int" >17447</id_poblacion><id_prov type="smallint" >3160</id_prov><name_pob type="varchar"  label="City">Logan</name_pob><ind_active type="tinyint"  label="Active">1</ind_active></row>
</poblacion>
</root>