<?xml version="1.0" encoding="UTF-8"?>
<root>
<poblacion>
<row><id_poblacion type="int" >17448</id_poblacion><id_prov type="smallint" >3161</id_prov><name_pob type="varchar"  label="City">Chelsea</name_pob><ind_active type="tinyint"  label="Active">1</ind_active></row>
<row><id_poblacion type="int" >17449</id_poblacion><id_prov type="smallint" >3161</id_prov><name_pob type="varchar"  label="City">Santa Ana</name_pob><ind_active type="tinyint"  label="Active">1</ind_active></row>
<row><id_poblacion type="int" >17450</id_poblacion><id_prov type="smallint" >3161</id_prov><name_pob type="varchar"  label="City">Orlando</name_pob><ind_active type="tinyint"  label="Active">1</ind_active></row>
<row><id_poblacion type="int" >17451</id_poblacion><id_prov type="smallint" >3161</id_prov><name_pob type="varchar"  label="City">Paoli</name_pob><ind_active type="tinyint"  label="Active">1</ind_active></row>
<row><id_poblacion type="int" >17452</id_poblacion><id_prov type="smallint" >3161</id_prov><name_pob type="varchar"  label="City">Hillsboroug</name_pob><ind_active type="tinyint"  label="Active">1</ind_active></row>
<row><id_poblacion type="int" >17453</id_poblacion><id_prov type="smallint" >3161</id_prov><name_pob type="varchar"  label="City">Goshen</name_pob><ind_active type="tinyint"  label="Active">1</ind_active></row>
<row><id_poblacion type="int" >17456</id_poblacion><id_prov type="smallint" >3162</id_prov><name_pob type="varchar"  label="City">Manchester</name_pob><ind_active type="tinyint"  label="Active">1</ind_active></row>
<row><id_poblacion type="int" >17457</id_poblacion><id_prov type="smallint" >3163</id_prov><name_pob type="varchar"  label="City">Brenham</name_pob><ind_active type="tinyint"  label="Active">1</ind_active></row>
<row><id_poblacion type="int" >17458</id_poblacion><id_prov type="smallint" >3163</id_prov><name_pob type="varchar"  label="City">Greenville</name_pob><ind_active type="tinyint"  label="Active">1</ind_active></row>
<row><id_poblacion type="int" >17459</id_poblacion><id_prov type="smallint" >3163</id_prov><name_pob type="varchar"  label="City">Plymouth</name_pob><ind_active type="tinyint"  label="Active">1</ind_active></row>
<row><id_poblacion type="int" >17460</id_poblacion><id_prov type="smallint" >3163</id_prov><name_pob type="varchar"  label="City">Blair</name_pob><ind_active type="tinyint"  label="Active">1</ind_active></row>
<row><id_poblacion type="int" >17461</id_poblacion><id_prov type="smallint" >3163</id_prov><name_pob type="varchar"  label="City">Hudson Fall</name_pob><ind_active type="tinyint"  label="Active">1</ind_active></row>
<row><id_poblacion type="int" >17462</id_poblacion><id_prov type="smallint" >3163</id_prov><name_pob type="varchar"  label="City">Bartlesvill</name_pob><ind_active type="tinyint"  label="Active">1</ind_active></row>
<row><id_poblacion type="int" >17464</id_poblacion><id_prov type="smallint" >3163</id_prov><name_pob type="varchar"  label="City">Potosi</name_pob><ind_active type="tinyint"  label="Active">1</ind_active></row>
<row><id_poblacion type="int" >17465</id_poblacion><id_prov type="smallint" >3163</id_prov><name_pob type="varchar"  label="City">Jonesboro</name_pob><ind_active type="tinyint"  label="Active">1</ind_active></row>
<row><id_poblacion type="int" >17466</id_poblacion><id_prov type="smallint" >3163</id_prov><name_pob type="varchar"  label="City">Marietta</name_pob><ind_active type="tinyint"  label="Active">1</ind_active></row>
<row><id_poblacion type="int" >17467</id_poblacion><id_prov type="smallint" >3163</id_prov><name_pob type="varchar"  label="City">Saint Georg</name_pob><ind_active type="tinyint"  label="Active">1</ind_active></row>
<row><id_poblacion type="int" >17468</id_poblacion><id_prov type="smallint" >3163</id_prov><name_pob type="varchar"  label="City">Abingdon</name_pob><ind_active type="tinyint"  label="Active">1</ind_active></row>
<row><id_poblacion type="int" >17469</id_poblacion><id_prov type="smallint" >3163</id_prov><name_pob type="varchar"  label="City">Montpelier</name_pob><ind_active type="tinyint"  label="Active">1</ind_active></row>
<row><id_poblacion type="int" >17470</id_poblacion><id_prov type="smallint" >3163</id_prov><name_pob type="varchar"  label="City">West Bend</name_pob><ind_active type="tinyint"  label="Active">1</ind_active></row>
<row><id_poblacion type="int" >17471</id_poblacion><id_prov type="smallint" >3163</id_prov><name_pob type="varchar"  label="City">Wakefield</name_pob><ind_active type="tinyint"  label="Active">1</ind_active></row>
<row><id_poblacion type="int" >17472</id_poblacion><id_prov type="smallint" >3163</id_prov><name_pob type="varchar"  label="City">Salem</name_pob><ind_active type="tinyint"  label="Active">1</ind_active></row>
<row><id_poblacion type="int" >17473</id_poblacion><id_prov type="smallint" >3163</id_prov><name_pob type="varchar"  label="City">Fayettevill</name_pob><ind_active type="tinyint"  label="Active">1</ind_active></row>
<row><id_poblacion type="int" >17474</id_poblacion><id_prov type="smallint" >3163</id_prov><name_pob type="varchar"  label="City">Akron</name_pob><ind_active type="tinyint"  label="Active">1</ind_active></row>
<row><id_poblacion type="int" >17475</id_poblacion><id_prov type="smallint" >3163</id_prov><name_pob type="varchar"  label="City">Chipley</name_pob><ind_active type="tinyint"  label="Active">1</ind_active></row>
<row><id_poblacion type="int" >17476</id_poblacion><id_prov type="smallint" >3163</id_prov><name_pob type="varchar"  label="City">Sandersvill</name_pob><ind_active type="tinyint"  label="Active">1</ind_active></row>
<row><id_poblacion type="int" >17478</id_poblacion><id_prov type="smallint" >3163</id_prov><name_pob type="varchar"  label="City">Stillwater</name_pob><ind_active type="tinyint"  label="Active">1</ind_active></row>
<row><id_poblacion type="int" >17479</id_poblacion><id_prov type="smallint" >3163</id_prov><name_pob type="varchar"  label="City">Nashville</name_pob><ind_active type="tinyint"  label="Active">1</ind_active></row>
<row><id_poblacion type="int" >17480</id_poblacion><id_prov type="smallint" >3163</id_prov><name_pob type="varchar"  label="City">Chatom</name_pob><ind_active type="tinyint"  label="Active">1</ind_active></row>
<row><id_poblacion type="int" >17482</id_poblacion><id_prov type="smallint" >3163</id_prov><name_pob type="varchar"  label="City">Hillsboro</name_pob><ind_active type="tinyint"  label="Active">1</ind_active></row>
<row><id_poblacion type="int" >17483</id_poblacion><id_prov type="smallint" >3163</id_prov><name_pob type="varchar"  label="City">Springfield</name_pob><ind_active type="tinyint"  label="Active">1</ind_active></row>
<row><id_poblacion type="int" >17484</id_poblacion><id_prov type="smallint" >3163</id_prov><name_pob type="varchar"  label="City">Franklinton</name_pob><ind_active type="tinyint"  label="Active">1</ind_active></row>
<row><id_poblacion type="int" >17485</id_poblacion><id_prov type="smallint" >3163</id_prov><name_pob type="varchar"  label="City">Hagerstown</name_pob><ind_active type="tinyint"  label="Active">1</ind_active></row>
<row><id_poblacion type="int" >17486</id_poblacion><id_prov type="smallint" >3163</id_prov><name_pob type="varchar"  label="City">Machias</name_pob><ind_active type="tinyint"  label="Active">1</ind_active></row>
<row><id_poblacion type="int" >17487</id_poblacion><id_prov type="smallint" >3163</id_prov><name_pob type="varchar"  label="City">Weiser</name_pob><ind_active type="tinyint"  label="Active">1</ind_active></row>
<row><id_poblacion type="int" >17488</id_poblacion><id_prov type="smallint" >3164</id_prov><name_pob type="varchar"  label="City">Hyde Park</name_pob><ind_active type="tinyint"  label="Active">1</ind_active></row>
<row><id_poblacion type="int" >17489</id_poblacion><id_prov type="smallint" >3165</id_prov><name_pob type="varchar"  label="City">Rutland</name_pob><ind_active type="tinyint"  label="Active">1</ind_active></row>
<row><id_poblacion type="int" >17490</id_poblacion><id_prov type="smallint" >3166</id_prov><name_pob type="varchar"  label="City">North Hero</name_pob><ind_active type="tinyint"  label="Active">1</ind_active></row>
<row><id_poblacion type="int" >17491</id_poblacion><id_prov type="smallint" >3167</id_prov><name_pob type="varchar"  label="City">Saint Johns</name_pob><ind_active type="tinyint"  label="Active">1</ind_active></row>
<row><id_poblacion type="int" >17492</id_poblacion><id_prov type="smallint" >3168</id_prov><name_pob type="varchar"  label="City">Carnesville</name_pob><ind_active type="tinyint"  label="Active">1</ind_active></row>
<row><id_poblacion type="int" >17493</id_poblacion><id_prov type="smallint" >3168</id_prov><name_pob type="varchar"  label="City">Louisburg</name_pob><ind_active type="tinyint"  label="Active">1</ind_active></row>
<row><id_poblacion type="int" >17495</id_poblacion><id_prov type="smallint" >3168</id_prov><name_pob type="varchar"  label="City">Malone</name_pob><ind_active type="tinyint"  label="Active">1</ind_active></row>
<row><id_poblacion type="int" >17496</id_poblacion><id_prov type="smallint" >3168</id_prov><name_pob type="varchar"  label="City">Columbus</name_pob><ind_active type="tinyint"  label="Active">1</ind_active></row>
<row><id_poblacion type="int" >17497</id_poblacion><id_prov type="smallint" >3168</id_prov><name_pob type="varchar"  label="City">Chambersbur</name_pob><ind_active type="tinyint"  label="Active">1</ind_active></row>
<row><id_poblacion type="int" >17498</id_poblacion><id_prov type="smallint" >3168</id_prov><name_pob type="varchar"  label="City">Winchester</name_pob><ind_active type="tinyint"  label="Active">1</ind_active></row>
<row><id_poblacion type="int" >17499</id_poblacion><id_prov type="smallint" >3168</id_prov><name_pob type="varchar"  label="City">Mount Verno</name_pob><ind_active type="tinyint"  label="Active">1</ind_active></row>
<row><id_poblacion type="int" >17500</id_poblacion><id_prov type="smallint" >3168</id_prov><name_pob type="varchar"  label="City">Rocky Mount</name_pob><ind_active type="tinyint"  label="Active">1</ind_active></row>
<row><id_poblacion type="int" >17502</id_poblacion><id_prov type="smallint" >3168</id_prov><name_pob type="varchar"  label="City">Saint Alban</name_pob><ind_active type="tinyint"  label="Active">1</ind_active></row>
<row><id_poblacion type="int" >17503</id_poblacion><id_prov type="smallint" >3168</id_prov><name_pob type="varchar"  label="City">Meadville</name_pob><ind_active type="tinyint"  label="Active">1</ind_active></row>
<row><id_poblacion type="int" >17504</id_poblacion><id_prov type="smallint" >3168</id_prov><name_pob type="varchar"  label="City">Pasco</name_pob><ind_active type="tinyint"  label="Active">1</ind_active></row>
<row><id_poblacion type="int" >17505</id_poblacion><id_prov type="smallint" >3168</id_prov><name_pob type="varchar"  label="City">Benton</name_pob><ind_active type="tinyint"  label="Active">1</ind_active></row>
<row><id_poblacion type="int" >17506</id_poblacion><id_prov type="smallint" >3168</id_prov><name_pob type="varchar"  label="City">Russellvill</name_pob><ind_active type="tinyint"  label="Active">1</ind_active></row>
<row><id_poblacion type="int" >17507</id_poblacion><id_prov type="smallint" >3168</id_prov><name_pob type="varchar"  label="City">Charleston,</name_pob><ind_active type="tinyint"  label="Active">1</ind_active></row>
<row><id_poblacion type="int" >17508</id_poblacion><id_prov type="smallint" >3168</id_prov><name_pob type="varchar"  label="City">Preston</name_pob><ind_active type="tinyint"  label="Active">1</ind_active></row>
<row><id_poblacion type="int" >17509</id_poblacion><id_prov type="smallint" >3168</id_prov><name_pob type="varchar"  label="City">Hampton</name_pob><ind_active type="tinyint"  label="Active">1</ind_active></row>
<row><id_poblacion type="int" >17510</id_poblacion><id_prov type="smallint" >3168</id_prov><name_pob type="varchar"  label="City">Union</name_pob><ind_active type="tinyint"  label="Active">1</ind_active></row>
<row><id_poblacion type="int" >17511</id_poblacion><id_prov type="smallint" >3168</id_prov><name_pob type="varchar"  label="City">Brookville</name_pob><ind_active type="tinyint"  label="Active">1</ind_active></row>
<row><id_poblacion type="int" >17512</id_poblacion><id_prov type="smallint" >3168</id_prov><name_pob type="varchar"  label="City">Ottawa</name_pob><ind_active type="tinyint"  label="Active">1</ind_active></row>
<row><id_poblacion type="int" >17513</id_poblacion><id_prov type="smallint" >3168</id_prov><name_pob type="varchar"  label="City">Frankfort</name_pob><ind_active type="tinyint"  label="Active">1</ind_active></row>
<row><id_poblacion type="int" >17514</id_poblacion><id_prov type="smallint" >3168</id_prov><name_pob type="varchar"  label="City">Winnsboro</name_pob><ind_active type="tinyint"  label="Active">1</ind_active></row>
<row><id_poblacion type="int" >17515</id_poblacion><id_prov type="smallint" >3168</id_prov><name_pob type="varchar"  label="City">Greenfield</name_pob><ind_active type="tinyint"  label="Active">1</ind_active></row>
<row><id_poblacion type="int" >17516</id_poblacion><id_prov type="smallint" >3168</id_prov><name_pob type="varchar"  label="City">Farmington</name_pob><ind_active type="tinyint"  label="Active">1</ind_active></row>
<row><id_poblacion type="int" >17517</id_poblacion><id_prov type="smallint" >3168</id_prov><name_pob type="varchar"  label="City">Apalachicol</name_pob><ind_active type="tinyint"  label="Active">1</ind_active></row>
<row><id_poblacion type="int" >17518</id_poblacion><id_prov type="smallint" >3169</id_prov><name_pob type="varchar"  label="City">Burlington</name_pob><ind_active type="tinyint"  label="Active">1</ind_active></row>
<row><id_poblacion type="int" >17519</id_poblacion><id_prov type="smallint" >3170</id_prov><name_pob type="varchar"  label="City">Salem</name_pob><ind_active type="tinyint"  label="Active">1</ind_active></row>
<row><id_poblacion type="int" >17520</id_poblacion><id_prov type="smallint" >3170</id_prov><name_pob type="varchar"  label="City">Newark</name_pob><ind_active type="tinyint"  label="Active">1</ind_active></row>
<row><id_poblacion type="int" >17521</id_poblacion><id_prov type="smallint" >3170</id_prov><name_pob type="varchar"  label="City">Elizabethto</name_pob><ind_active type="tinyint"  label="Active">1</ind_active></row>
<row><id_poblacion type="int" >17522</id_poblacion><id_prov type="smallint" >3170</id_prov><name_pob type="varchar"  label="City">Tappahannoc</name_pob><ind_active type="tinyint"  label="Active">1</ind_active></row>
<row><id_poblacion type="int" >17523</id_poblacion><id_prov type="smallint" >3170</id_prov><name_pob type="varchar"  label="City">Guildhall</name_pob><ind_active type="tinyint"  label="Active">1</ind_active></row>
<row><id_poblacion type="int" >17524</id_poblacion><id_prov type="smallint" >3171</id_prov><name_pob type="varchar"  label="City">Putnam, Wil</name_pob><ind_active type="tinyint"  label="Active">1</ind_active></row>
<row><id_poblacion type="int" >17525</id_poblacion><id_prov type="smallint" >3171</id_prov><name_pob type="varchar"  label="City">Newfane</name_pob><ind_active type="tinyint"  label="Active">1</ind_active></row>
<row><id_poblacion type="int" >17526</id_poblacion><id_prov type="smallint" >3172</id_prov><name_pob type="varchar"  label="City">Middlebury</name_pob><ind_active type="tinyint"  label="Active">1</ind_active></row>
<row><id_poblacion type="int" >17527</id_poblacion><id_prov type="smallint" >3173</id_prov><name_pob type="varchar"  label="City">Woodstock</name_pob><ind_active type="tinyint"  label="Active">1</ind_active></row>
<row><id_poblacion type="int" >17528</id_poblacion><id_prov type="smallint" >3174</id_prov><name_pob type="varchar"  label="City">New Orleans</name_pob><ind_active type="tinyint"  label="Active">1</ind_active></row>
<row><id_poblacion type="int" >17529</id_poblacion><id_prov type="smallint" >3174</id_prov><name_pob type="varchar"  label="City">Albion</name_pob><ind_active type="tinyint"  label="Active">1</ind_active></row>
<row><id_poblacion type="int" >17530</id_poblacion><id_prov type="smallint" >3174</id_prov><name_pob type="varchar"  label="City">Newport</name_pob><ind_active type="tinyint"  label="Active">1</ind_active></row>
</poblacion>
</root>