<?xml version="1.0" encoding="UTF-8"?>
<root>
<poblacion>
<row><id_poblacion type="int" >17531</id_poblacion><id_prov type="smallint" >3175</id_prov><name_pob type="varchar"  label="City">Chelsea</name_pob><ind_active type="tinyint"  label="Active">1</ind_active></row>
<row><id_poblacion type="int" >17532</id_poblacion><id_prov type="smallint" >3175</id_prov><name_pob type="varchar"  label="City">Santa Ana</name_pob><ind_active type="tinyint"  label="Active">1</ind_active></row>
<row><id_poblacion type="int" >17533</id_poblacion><id_prov type="smallint" >3175</id_prov><name_pob type="varchar"  label="City">Orlando</name_pob><ind_active type="tinyint"  label="Active">1</ind_active></row>
<row><id_poblacion type="int" >17534</id_poblacion><id_prov type="smallint" >3175</id_prov><name_pob type="varchar"  label="City">Paoli</name_pob><ind_active type="tinyint"  label="Active">1</ind_active></row>
<row><id_poblacion type="int" >17535</id_poblacion><id_prov type="smallint" >3175</id_prov><name_pob type="varchar"  label="City">Hillsboroug</name_pob><ind_active type="tinyint"  label="Active">1</ind_active></row>
<row><id_poblacion type="int" >17536</id_poblacion><id_prov type="smallint" >3175</id_prov><name_pob type="varchar"  label="City">Goshen</name_pob><ind_active type="tinyint"  label="Active">1</ind_active></row>
<row><id_poblacion type="int" >17539</id_poblacion><id_prov type="smallint" >3176</id_prov><name_pob type="varchar"  label="City">Luray</name_pob><ind_active type="tinyint"  label="Active">1</ind_active></row>
<row><id_poblacion type="int" >17540</id_poblacion><id_prov type="smallint" >3176</id_prov><name_pob type="varchar"  label="City">Clarinda</name_pob><ind_active type="tinyint"  label="Active">1</ind_active></row>
<row><id_poblacion type="int" >17541</id_poblacion><id_prov type="smallint" >3177</id_prov><name_pob type="varchar"  label="City">Emporia</name_pob><ind_active type="tinyint"  label="Active">1</ind_active></row>
<row><id_poblacion type="int" >17542</id_poblacion><id_prov type="smallint" >3178</id_prov><name_pob type="varchar"  label="City">Washington</name_pob><ind_active type="tinyint"  label="Active">1</ind_active></row>
<row><id_poblacion type="int" >17543</id_poblacion><id_prov type="smallint" >3179</id_prov><name_pob type="varchar"  label="City">Fincastle</name_pob><ind_active type="tinyint"  label="Active">1</ind_active></row>
<row><id_poblacion type="int" >17544</id_poblacion><id_prov type="smallint" >3180</id_prov><name_pob type="varchar"  label="City">Nottoway</name_pob><ind_active type="tinyint"  label="Active">1</ind_active></row>
<row><id_poblacion type="int" >17545</id_poblacion><id_prov type="smallint" >3181</id_prov><name_pob type="varchar"  label="City">Farmville</name_pob><ind_active type="tinyint"  label="Active">1</ind_active></row>
<row><id_poblacion type="int" >17546</id_poblacion><id_prov type="smallint" >3182</id_prov><name_pob type="varchar"  label="City">Fairfax</name_pob><ind_active type="tinyint"  label="Active">1</ind_active></row>
<row><id_poblacion type="int" >17548</id_poblacion><id_prov type="smallint" >3183</id_prov><name_pob type="varchar"  label="City">Poquoson</name_pob><ind_active type="tinyint"  label="Active">1</ind_active></row>
<row><id_poblacion type="int" >17549</id_poblacion><id_prov type="smallint" >3184</id_prov><name_pob type="varchar"  label="City">Charlotte</name_pob><ind_active type="tinyint"  label="Active">1</ind_active></row>
<row><id_poblacion type="int" >17550</id_poblacion><id_prov type="smallint" >3184</id_prov><name_pob type="varchar"  label="City">Boydton</name_pob><ind_active type="tinyint"  label="Active">1</ind_active></row>
<row><id_poblacion type="int" >17551</id_poblacion><id_prov type="smallint" >3185</id_prov><name_pob type="varchar"  label="City">Portsmouth</name_pob><ind_active type="tinyint"  label="Active">1</ind_active></row>
<row><id_poblacion type="int" >17554</id_poblacion><id_prov type="smallint" >3187</id_prov><name_pob type="varchar"  label="City">Petersburg</name_pob><ind_active type="tinyint"  label="Active">1</ind_active></row>
<row><id_poblacion type="int" >17555</id_poblacion><id_prov type="smallint" >3188</id_prov><name_pob type="varchar"  label="City">Falls Churc</name_pob><ind_active type="tinyint"  label="Active">1</ind_active></row>
<row><id_poblacion type="int" >17556</id_poblacion><id_prov type="smallint" >3189</id_prov><name_pob type="varchar"  label="City">Bland</name_pob><ind_active type="tinyint"  label="Active">1</ind_active></row>
<row><id_poblacion type="int" >17557</id_poblacion><id_prov type="smallint" >3190</id_prov><name_pob type="varchar"  label="City">Warrenton</name_pob><ind_active type="tinyint"  label="Active">1</ind_active></row>
<row><id_poblacion type="int" >17558</id_poblacion><id_prov type="smallint" >3191</id_prov><name_pob type="varchar"  label="City">Prince Geor</name_pob><ind_active type="tinyint"  label="Active">1</ind_active></row>
<row><id_poblacion type="int" >17559</id_poblacion><id_prov type="smallint" >3192</id_prov><name_pob type="varchar"  label="City">Manassas</name_pob><ind_active type="tinyint"  label="Active">1</ind_active></row>
<row><id_poblacion type="int" >17560</id_poblacion><id_prov type="smallint" >3193</id_prov><name_pob type="varchar"  label="City">Pulaski</name_pob><ind_active type="tinyint"  label="Active">1</ind_active></row>
<row><id_poblacion type="int" >17561</id_poblacion><id_prov type="smallint" >3193</id_prov><name_pob type="varchar"  label="City">Waynesville</name_pob><ind_active type="tinyint"  label="Active">1</ind_active></row>
<row><id_poblacion type="int" >17562</id_poblacion><id_prov type="smallint" >3193</id_prov><name_pob type="varchar"  label="City">Somerset</name_pob><ind_active type="tinyint"  label="Active">1</ind_active></row>
<row><id_poblacion type="int" >17563</id_poblacion><id_prov type="smallint" >3193</id_prov><name_pob type="varchar"  label="City">Winamac</name_pob><ind_active type="tinyint"  label="Active">1</ind_active></row>
<row><id_poblacion type="int" >17564</id_poblacion><id_prov type="smallint" >3193</id_prov><name_pob type="varchar"  label="City">Mound City</name_pob><ind_active type="tinyint"  label="Active">1</ind_active></row>
<row><id_poblacion type="int" >17565</id_poblacion><id_prov type="smallint" >3193</id_prov><name_pob type="varchar"  label="City">Little Rock</name_pob><ind_active type="tinyint"  label="Active">1</ind_active></row>
<row><id_poblacion type="int" >17566</id_poblacion><id_prov type="smallint" >3193</id_prov><name_pob type="varchar"  label="City">Hawkinsvill</name_pob><ind_active type="tinyint"  label="Active">1</ind_active></row>
<row><id_poblacion type="int" >17567</id_poblacion><id_prov type="smallint" >3194</id_prov><name_pob type="varchar"  label="City">Radford</name_pob><ind_active type="tinyint"  label="Active">1</ind_active></row>
<row><id_poblacion type="int" >17568</id_poblacion><id_prov type="smallint" >3195</id_prov><name_pob type="varchar"  label="City">Stuart</name_pob><ind_active type="tinyint"  label="Active">1</ind_active></row>
<row><id_poblacion type="int" >17569</id_poblacion><id_prov type="smallint" >3196</id_prov><name_pob type="varchar"  label="City">Chatham</name_pob><ind_active type="tinyint"  label="Active">1</ind_active></row>
<row><id_poblacion type="int" >17570</id_poblacion><id_prov type="smallint" >3197</id_prov><name_pob type="varchar"  label="City">Salem</name_pob><ind_active type="tinyint"  label="Active">1</ind_active></row>
<row><id_poblacion type="int" >17571</id_poblacion><id_prov type="smallint" >3197</id_prov><name_pob type="varchar"  label="City">Newark</name_pob><ind_active type="tinyint"  label="Active">1</ind_active></row>
<row><id_poblacion type="int" >17572</id_poblacion><id_prov type="smallint" >3197</id_prov><name_pob type="varchar"  label="City">Elizabethto</name_pob><ind_active type="tinyint"  label="Active">1</ind_active></row>
<row><id_poblacion type="int" >17573</id_poblacion><id_prov type="smallint" >3197</id_prov><name_pob type="varchar"  label="City">Tappahannoc</name_pob><ind_active type="tinyint"  label="Active">1</ind_active></row>
<row><id_poblacion type="int" >17574</id_poblacion><id_prov type="smallint" >3197</id_prov><name_pob type="varchar"  label="City">Guildhall</name_pob><ind_active type="tinyint"  label="Active">1</ind_active></row>
<row><id_poblacion type="int" >17575</id_poblacion><id_prov type="smallint" >3198</id_prov><name_pob type="varchar"  label="City">Powhatan</name_pob><ind_active type="tinyint"  label="Active">1</ind_active></row>
<row><id_poblacion type="int" >17576</id_poblacion><id_prov type="smallint" >3199</id_prov><name_pob type="varchar"  label="City">Waynesboro</name_pob><ind_active type="tinyint"  label="Active">1</ind_active></row>
<row><id_poblacion type="int" >17577</id_poblacion><id_prov type="smallint" >3200</id_prov><name_pob type="varchar"  label="City">Toledo</name_pob><ind_active type="tinyint"  label="Active">1</ind_active></row>
<row><id_poblacion type="int" >17578</id_poblacion><id_prov type="smallint" >3200</id_prov><name_pob type="varchar"  label="City">Burkesville</name_pob><ind_active type="tinyint"  label="Active">1</ind_active></row>
<row><id_poblacion type="int" >17579</id_poblacion><id_prov type="smallint" >3200</id_prov><name_pob type="varchar"  label="City">Portland</name_pob><ind_active type="tinyint"  label="Active">1</ind_active></row>
<row><id_poblacion type="int" >17580</id_poblacion><id_prov type="smallint" >3200</id_prov><name_pob type="varchar"  label="City">Fayettevill</name_pob><ind_active type="tinyint"  label="Active">1</ind_active></row>
<row><id_poblacion type="int" >17581</id_poblacion><id_prov type="smallint" >3200</id_prov><name_pob type="varchar"  label="City">Bridgeton</name_pob><ind_active type="tinyint"  label="Active">1</ind_active></row>
<row><id_poblacion type="int" >17582</id_poblacion><id_prov type="smallint" >3200</id_prov><name_pob type="varchar"  label="City">Carlisle</name_pob><ind_active type="tinyint"  label="Active">1</ind_active></row>
<row><id_poblacion type="int" >17583</id_poblacion><id_prov type="smallint" >3200</id_prov><name_pob type="varchar"  label="City">Crossville</name_pob><ind_active type="tinyint"  label="Active">1</ind_active></row>
<row><id_poblacion type="int" >17584</id_poblacion><id_prov type="smallint" >3200</id_prov><name_pob type="varchar"  label="City">Cumberland</name_pob><ind_active type="tinyint"  label="Active">1</ind_active></row>
<row><id_poblacion type="int" >17585</id_poblacion><id_prov type="smallint" >3201</id_prov><name_pob type="varchar"  label="City">Arlington</name_pob><ind_active type="tinyint"  label="Active">1</ind_active></row>
<row><id_poblacion type="int" >17586</id_poblacion><id_prov type="smallint" >3202</id_prov><name_pob type="varchar"  label="City">Culpeper</name_pob><ind_active type="tinyint"  label="Active">1</ind_active></row>
<row><id_poblacion type="int" >17587</id_poblacion><id_prov type="smallint" >3203</id_prov><name_pob type="varchar"  label="City">Appomattox</name_pob><ind_active type="tinyint"  label="Active">1</ind_active></row>
<row><id_poblacion type="int" >17588</id_poblacion><id_prov type="smallint" >3204</id_prov><name_pob type="varchar"  label="City">Virginia Be</name_pob><ind_active type="tinyint"  label="Active">1</ind_active></row>
<row><id_poblacion type="int" >17589</id_poblacion><id_prov type="smallint" >3205</id_prov><name_pob type="varchar"  label="City">Vinita</name_pob><ind_active type="tinyint"  label="Active">1</ind_active></row>
<row><id_poblacion type="int" >17590</id_poblacion><id_prov type="smallint" >3205</id_prov><name_pob type="varchar"  label="City">New Castle</name_pob><ind_active type="tinyint"  label="Active">1</ind_active></row>
<row><id_poblacion type="int" >17591</id_poblacion><id_prov type="smallint" >3206</id_prov><name_pob type="varchar"  label="City">Belvidere</name_pob><ind_active type="tinyint"  label="Active">1</ind_active></row>
<row><id_poblacion type="int" >17592</id_poblacion><id_prov type="smallint" >3206</id_prov><name_pob type="varchar"  label="City">McMinnville</name_pob><ind_active type="tinyint"  label="Active">1</ind_active></row>
<row><id_poblacion type="int" >17593</id_poblacion><id_prov type="smallint" >3206</id_prov><name_pob type="varchar"  label="City">Indianola</name_pob><ind_active type="tinyint"  label="Active">1</ind_active></row>
<row><id_poblacion type="int" >17594</id_poblacion><id_prov type="smallint" >3206</id_prov><name_pob type="varchar"  label="City">Warren</name_pob><ind_active type="tinyint"  label="Active">1</ind_active></row>
<row><id_poblacion type="int" >17595</id_poblacion><id_prov type="smallint" >3206</id_prov><name_pob type="varchar"  label="City">Front Royal</name_pob><ind_active type="tinyint"  label="Active">1</ind_active></row>
<row><id_poblacion type="int" >17596</id_poblacion><id_prov type="smallint" >3206</id_prov><name_pob type="varchar"  label="City">Lebanon</name_pob><ind_active type="tinyint"  label="Active">1</ind_active></row>
<row><id_poblacion type="int" >17597</id_poblacion><id_prov type="smallint" >3206</id_prov><name_pob type="varchar"  label="City">Lake George</name_pob><ind_active type="tinyint"  label="Active">1</ind_active></row>
<row><id_poblacion type="int" >17599</id_poblacion><id_prov type="smallint" >3206</id_prov><name_pob type="varchar"  label="City">Vicksburg</name_pob><ind_active type="tinyint"  label="Active">1</ind_active></row>
<row><id_poblacion type="int" >17601</id_poblacion><id_prov type="smallint" >3206</id_prov><name_pob type="varchar"  label="City">Bowling Gre</name_pob><ind_active type="tinyint"  label="Active">1</ind_active></row>
<row><id_poblacion type="int" >17602</id_poblacion><id_prov type="smallint" >3206</id_prov><name_pob type="varchar"  label="City">Monmouth</name_pob><ind_active type="tinyint"  label="Active">1</ind_active></row>
<row><id_poblacion type="int" >17604</id_poblacion><id_prov type="smallint" >3206</id_prov><name_pob type="varchar"  label="City">Williamspor</name_pob><ind_active type="tinyint"  label="Active">1</ind_active></row>
<row><id_poblacion type="int" >17605</id_poblacion><id_prov type="smallint" >3207</id_prov><name_pob type="varchar"  label="City">Amherst</name_pob><ind_active type="tinyint"  label="Active">1</ind_active></row>
<row><id_poblacion type="int" >17606</id_poblacion><id_prov type="smallint" >3208</id_prov><name_pob type="varchar"  label="City">Amelia Cour</name_pob><ind_active type="tinyint"  label="Active">1</ind_active></row>
<row><id_poblacion type="int" >17607</id_poblacion><id_prov type="smallint" >3209</id_prov><name_pob type="varchar"  label="City">Covington</name_pob><ind_active type="tinyint"  label="Active">1</ind_active></row>
<row><id_poblacion type="int" >17608</id_poblacion><id_prov type="smallint" >3209</id_prov><name_pob type="varchar"  label="City">Andalusia</name_pob><ind_active type="tinyint"  label="Active">1</ind_active></row>
<row><id_poblacion type="int" >17609</id_poblacion><id_prov type="smallint" >3209</id_prov><name_pob type="varchar"  label="City">Collins</name_pob><ind_active type="tinyint"  label="Active">1</ind_active></row>
<row><id_poblacion type="int" >17610</id_poblacion><id_prov type="smallint" >3210</id_prov><name_pob type="varchar"  label="City">Staunton</name_pob><ind_active type="tinyint"  label="Active">1</ind_active></row>
<row><id_poblacion type="int" >17611</id_poblacion><id_prov type="smallint" >3211</id_prov><name_pob type="varchar"  label="City">Sparta</name_pob><ind_active type="tinyint"  label="Active">1</ind_active></row>
<row><id_poblacion type="int" >17612</id_poblacion><id_prov type="smallint" >3211</id_prov><name_pob type="varchar"  label="City">Covington</name_pob><ind_active type="tinyint"  label="Active">1</ind_active></row>
<row><id_poblacion type="int" >17613</id_poblacion><id_prov type="smallint" >3212</id_prov><name_pob type="varchar"  label="City">Sussex</name_pob><ind_active type="tinyint"  label="Active">1</ind_active></row>
<row><id_poblacion type="int" >17614</id_poblacion><id_prov type="smallint" >3212</id_prov><name_pob type="varchar"  label="City">Georgetown</name_pob><ind_active type="tinyint"  label="Active">1</ind_active></row>
<row><id_poblacion type="int" >17615</id_poblacion><id_prov type="smallint" >3212</id_prov><name_pob type="varchar"  label="City">Newton</name_pob><ind_active type="tinyint"  label="Active">1</ind_active></row>
<row><id_poblacion type="int" >17616</id_poblacion><id_prov type="smallint" >3213</id_prov><name_pob type="varchar"  label="City">Greensburg</name_pob><ind_active type="tinyint"  label="Active">1</ind_active></row>
<row><id_poblacion type="int" >17617</id_poblacion><id_prov type="smallint" >3213</id_prov><name_pob type="varchar"  label="City">Montross</name_pob><ind_active type="tinyint"  label="Active">1</ind_active></row>
<row><id_poblacion type="int" >17618</id_poblacion><id_prov type="smallint" >3214</id_prov><name_pob type="varchar"  label="City">Alexandria</name_pob><ind_active type="tinyint"  label="Active">1</ind_active></row>
<row><id_poblacion type="int" >17619</id_poblacion><id_prov type="smallint" >3215</id_prov><name_pob type="varchar"  label="City">Charlottesv</name_pob><ind_active type="tinyint"  label="Active">1</ind_active></row>
<row><id_poblacion type="int" >17620</id_poblacion><id_prov type="smallint" >3216</id_prov><name_pob type="varchar"  label="City">Williamsbur</name_pob><ind_active type="tinyint"  label="Active">1</ind_active></row>
<row><id_poblacion type="int" >17621</id_poblacion><id_prov type="smallint" >3216</id_prov><name_pob type="varchar"  label="City">Kingstree</name_pob><ind_active type="tinyint"  label="Active">1</ind_active></row>
<row><id_poblacion type="int" >17622</id_poblacion><id_prov type="smallint" >3217</id_prov><name_pob type="varchar"  label="City">Winchester</name_pob><ind_active type="tinyint"  label="Active">1</ind_active></row>
<row><id_poblacion type="int" >17623</id_poblacion><id_prov type="smallint" >3218</id_prov><name_pob type="varchar"  label="City">Decatur</name_pob><ind_active type="tinyint"  label="Active">1</ind_active></row>
<row><id_poblacion type="int" >17624</id_poblacion><id_prov type="smallint" >3218</id_prov><name_pob type="varchar"  label="City">Wise</name_pob><ind_active type="tinyint"  label="Active">1</ind_active></row>
<row><id_poblacion type="int" >17625</id_poblacion><id_prov type="smallint" >3219</id_prov><name_pob type="varchar"  label="City">Colonial He</name_pob><ind_active type="tinyint"  label="Active">1</ind_active></row>
<row><id_poblacion type="int" >17626</id_poblacion><id_prov type="smallint" >3220</id_prov><name_pob type="varchar"  label="City">Wytheville</name_pob><ind_active type="tinyint"  label="Active">1</ind_active></row>
<row><id_poblacion type="int" >17627</id_poblacion><id_prov type="smallint" >3221</id_prov><name_pob type="varchar"  label="City">Yorktown</name_pob><ind_active type="tinyint"  label="Active">1</ind_active></row>
<row><id_poblacion type="int" >17630</id_poblacion><id_prov type="smallint" >3221</id_prov><name_pob type="varchar"  label="City">Alfred</name_pob><ind_active type="tinyint"  label="Active">1</ind_active></row>
<row><id_poblacion type="int" >17632</id_poblacion><id_prov type="smallint" >3222</id_prov><name_pob type="varchar"  label="City">Accomac</name_pob><ind_active type="tinyint"  label="Active">1</ind_active></row>
<row><id_poblacion type="int" >17633</id_poblacion><id_prov type="smallint" >3223</id_prov><name_pob type="varchar"  label="City">Brenham</name_pob><ind_active type="tinyint"  label="Active">1</ind_active></row>
<row><id_poblacion type="int" >17634</id_poblacion><id_prov type="smallint" >3223</id_prov><name_pob type="varchar"  label="City">Greenville</name_pob><ind_active type="tinyint"  label="Active">1</ind_active></row>
<row><id_poblacion type="int" >17635</id_poblacion><id_prov type="smallint" >3223</id_prov><name_pob type="varchar"  label="City">Plymouth</name_pob><ind_active type="tinyint"  label="Active">1</ind_active></row>
<row><id_poblacion type="int" >17636</id_poblacion><id_prov type="smallint" >3223</id_prov><name_pob type="varchar"  label="City">Blair</name_pob><ind_active type="tinyint"  label="Active">1</ind_active></row>
<row><id_poblacion type="int" >17637</id_poblacion><id_prov type="smallint" >3223</id_prov><name_pob type="varchar"  label="City">Hudson Fall</name_pob><ind_active type="tinyint"  label="Active">1</ind_active></row>
<row><id_poblacion type="int" >17638</id_poblacion><id_prov type="smallint" >3223</id_prov><name_pob type="varchar"  label="City">Bartlesvill</name_pob><ind_active type="tinyint"  label="Active">1</ind_active></row>
<row><id_poblacion type="int" >17640</id_poblacion><id_prov type="smallint" >3223</id_prov><name_pob type="varchar"  label="City">Potosi</name_pob><ind_active type="tinyint"  label="Active">1</ind_active></row>
<row><id_poblacion type="int" >17641</id_poblacion><id_prov type="smallint" >3223</id_prov><name_pob type="varchar"  label="City">Jonesboro</name_pob><ind_active type="tinyint"  label="Active">1</ind_active></row>
<row><id_poblacion type="int" >17642</id_poblacion><id_prov type="smallint" >3223</id_prov><name_pob type="varchar"  label="City">Marietta</name_pob><ind_active type="tinyint"  label="Active">1</ind_active></row>
<row><id_poblacion type="int" >17643</id_poblacion><id_prov type="smallint" >3223</id_prov><name_pob type="varchar"  label="City">Saint Georg</name_pob><ind_active type="tinyint"  label="Active">1</ind_active></row>
<row><id_poblacion type="int" >17644</id_poblacion><id_prov type="smallint" >3223</id_prov><name_pob type="varchar"  label="City">Abingdon</name_pob><ind_active type="tinyint"  label="Active">1</ind_active></row>
<row><id_poblacion type="int" >17645</id_poblacion><id_prov type="smallint" >3223</id_prov><name_pob type="varchar"  label="City">Montpelier</name_pob><ind_active type="tinyint"  label="Active">1</ind_active></row>
<row><id_poblacion type="int" >17646</id_poblacion><id_prov type="smallint" >3223</id_prov><name_pob type="varchar"  label="City">West Bend</name_pob><ind_active type="tinyint"  label="Active">1</ind_active></row>
<row><id_poblacion type="int" >17647</id_poblacion><id_prov type="smallint" >3223</id_prov><name_pob type="varchar"  label="City">Wakefield</name_pob><ind_active type="tinyint"  label="Active">1</ind_active></row>
<row><id_poblacion type="int" >17648</id_poblacion><id_prov type="smallint" >3223</id_prov><name_pob type="varchar"  label="City">Salem</name_pob><ind_active type="tinyint"  label="Active">1</ind_active></row>
<row><id_poblacion type="int" >17649</id_poblacion><id_prov type="smallint" >3223</id_prov><name_pob type="varchar"  label="City">Fayettevill</name_pob><ind_active type="tinyint"  label="Active">1</ind_active></row>
<row><id_poblacion type="int" >17650</id_poblacion><id_prov type="smallint" >3223</id_prov><name_pob type="varchar"  label="City">Akron</name_pob><ind_active type="tinyint"  label="Active">1</ind_active></row>
<row><id_poblacion type="int" >17651</id_poblacion><id_prov type="smallint" >3223</id_prov><name_pob type="varchar"  label="City">Chipley</name_pob><ind_active type="tinyint"  label="Active">1</ind_active></row>
<row><id_poblacion type="int" >17652</id_poblacion><id_prov type="smallint" >3223</id_prov><name_pob type="varchar"  label="City">Sandersvill</name_pob><ind_active type="tinyint"  label="Active">1</ind_active></row>
<row><id_poblacion type="int" >17654</id_poblacion><id_prov type="smallint" >3223</id_prov><name_pob type="varchar"  label="City">Stillwater</name_pob><ind_active type="tinyint"  label="Active">1</ind_active></row>
<row><id_poblacion type="int" >17655</id_poblacion><id_prov type="smallint" >3223</id_prov><name_pob type="varchar"  label="City">Nashville</name_pob><ind_active type="tinyint"  label="Active">1</ind_active></row>
<row><id_poblacion type="int" >17656</id_poblacion><id_prov type="smallint" >3223</id_prov><name_pob type="varchar"  label="City">Chatom</name_pob><ind_active type="tinyint"  label="Active">1</ind_active></row>
<row><id_poblacion type="int" >17658</id_poblacion><id_prov type="smallint" >3223</id_prov><name_pob type="varchar"  label="City">Hillsboro</name_pob><ind_active type="tinyint"  label="Active">1</ind_active></row>
<row><id_poblacion type="int" >17659</id_poblacion><id_prov type="smallint" >3223</id_prov><name_pob type="varchar"  label="City">Springfield</name_pob><ind_active type="tinyint"  label="Active">1</ind_active></row>
<row><id_poblacion type="int" >17660</id_poblacion><id_prov type="smallint" >3223</id_prov><name_pob type="varchar"  label="City">Franklinton</name_pob><ind_active type="tinyint"  label="Active">1</ind_active></row>
<row><id_poblacion type="int" >17661</id_poblacion><id_prov type="smallint" >3223</id_prov><name_pob type="varchar"  label="City">Hagerstown</name_pob><ind_active type="tinyint"  label="Active">1</ind_active></row>
<row><id_poblacion type="int" >17662</id_poblacion><id_prov type="smallint" >3223</id_prov><name_pob type="varchar"  label="City">Machias</name_pob><ind_active type="tinyint"  label="Active">1</ind_active></row>
<row><id_poblacion type="int" >17663</id_poblacion><id_prov type="smallint" >3223</id_prov><name_pob type="varchar"  label="City">Weiser</name_pob><ind_active type="tinyint"  label="Active">1</ind_active></row>
<row><id_poblacion type="int" >17664</id_poblacion><id_prov type="smallint" >3224</id_prov><name_pob type="varchar"  label="City">Quitman</name_pob><ind_active type="tinyint"  label="Active">1</ind_active></row>
<row><id_poblacion type="int" >17665</id_poblacion><id_prov type="smallint" >3224</id_prov><name_pob type="varchar"  label="City">Athens</name_pob><ind_active type="tinyint"  label="Active">1</ind_active></row>
<row><id_poblacion type="int" >17666</id_poblacion><id_prov type="smallint" >3224</id_prov><name_pob type="varchar"  label="City">Grove Hill</name_pob><ind_active type="tinyint"  label="Active">1</ind_active></row>
<row><id_poblacion type="int" >17667</id_poblacion><id_prov type="smallint" >3224</id_prov><name_pob type="varchar"  label="City">Berryville</name_pob><ind_active type="tinyint"  label="Active">1</ind_active></row>
<row><id_poblacion type="int" >17668</id_poblacion><id_prov type="smallint" >3224</id_prov><name_pob type="varchar"  label="City">Osceola</name_pob><ind_active type="tinyint"  label="Active">1</ind_active></row>
<row><id_poblacion type="int" >17669</id_poblacion><id_prov type="smallint" >3225</id_prov><name_pob type="varchar"  label="City">Richmond</name_pob><ind_active type="tinyint"  label="Active">1</ind_active></row>
<row><id_poblacion type="int" >17670</id_poblacion><id_prov type="smallint" >3225</id_prov><name_pob type="varchar"  label="City">Warsaw</name_pob><ind_active type="tinyint"  label="Active">1</ind_active></row>
<row><id_poblacion type="int" >17671</id_poblacion><id_prov type="smallint" >3225</id_prov><name_pob type="varchar"  label="City">Saint Georg</name_pob><ind_active type="tinyint"  label="Active">1</ind_active></row>
<row><id_poblacion type="int" >17672</id_poblacion><id_prov type="smallint" >3225</id_prov><name_pob type="varchar"  label="City">Augusta</name_pob><ind_active type="tinyint"  label="Active">1</ind_active></row>
<row><id_poblacion type="int" >17673</id_poblacion><id_prov type="smallint" >3225</id_prov><name_pob type="varchar"  label="City">Rockingham</name_pob><ind_active type="tinyint"  label="Active">1</ind_active></row>
<row><id_poblacion type="int" >17675</id_poblacion><id_prov type="smallint" >3226</id_prov><name_pob type="varchar"  label="City">Roanoke</name_pob><ind_active type="tinyint"  label="Active">1</ind_active></row>
<row><id_poblacion type="int" >17686</id_poblacion><id_prov type="smallint" >3230</id_prov><name_pob type="varchar"  label="City">Lexington</name_pob><ind_active type="tinyint"  label="Active">1</ind_active></row>
<row><id_poblacion type="int" >17687</id_poblacion><id_prov type="smallint" >3231</id_prov><name_pob type="varchar"  label="City">Wentworth</name_pob><ind_active type="tinyint"  label="Active">1</ind_active></row>
<row><id_poblacion type="int" >17688</id_poblacion><id_prov type="smallint" >3231</id_prov><name_pob type="varchar"  label="City">Exeter</name_pob><ind_active type="tinyint"  label="Active">1</ind_active></row>
<row><id_poblacion type="int" >17689</id_poblacion><id_prov type="smallint" >3231</id_prov><name_pob type="varchar"  label="City">Harrisonbur</name_pob><ind_active type="tinyint"  label="Active">1</ind_active></row>
<row><id_poblacion type="int" >17690</id_poblacion><id_prov type="smallint" >3232</id_prov><name_pob type="varchar"  label="City">Phenix City</name_pob><ind_active type="tinyint"  label="Active">1</ind_active></row>
<row><id_poblacion type="int" >17691</id_poblacion><id_prov type="smallint" >3232</id_prov><name_pob type="varchar"  label="City">Russell</name_pob><ind_active type="tinyint"  label="Active">1</ind_active></row>
<row><id_poblacion type="int" >17692</id_poblacion><id_prov type="smallint" >3232</id_prov><name_pob type="varchar"  label="City">Jamestown</name_pob><ind_active type="tinyint"  label="Active">1</ind_active></row>
<row><id_poblacion type="int" >17693</id_poblacion><id_prov type="smallint" >3232</id_prov><name_pob type="varchar"  label="City">Lebanon</name_pob><ind_active type="tinyint"  label="Active">1</ind_active></row>
<row><id_poblacion type="int" >17696</id_poblacion><id_prov type="smallint" >3234</id_prov><name_pob type="varchar"  label="City">Owingsville</name_pob><ind_active type="tinyint"  label="Active">1</ind_active></row>
<row><id_poblacion type="int" >17697</id_poblacion><id_prov type="smallint" >3234</id_prov><name_pob type="varchar"  label="City">Warm Spring</name_pob><ind_active type="tinyint"  label="Active">1</ind_active></row>
<row><id_poblacion type="int" >17698</id_poblacion><id_prov type="smallint" >3235</id_prov><name_pob type="varchar"  label="City">Danville</name_pob><ind_active type="tinyint"  label="Active">1</ind_active></row>
<row><id_poblacion type="int" >17699</id_poblacion><id_prov type="smallint" >3236</id_prov><name_pob type="varchar"  label="City">Woodstock</name_pob><ind_active type="tinyint"  label="Active">1</ind_active></row>
<row><id_poblacion type="int" >17700</id_poblacion><id_prov type="smallint" >3237</id_prov><name_pob type="varchar"  label="City">Pekin</name_pob><ind_active type="tinyint"  label="Active">1</ind_active></row>
<row><id_poblacion type="int" >17701</id_poblacion><id_prov type="smallint" >3237</id_prov><name_pob type="varchar"  label="City">Tazewell</name_pob><ind_active type="tinyint"  label="Active">1</ind_active></row>
<row><id_poblacion type="int" >17702</id_poblacion><id_prov type="smallint" >3238</id_prov><name_pob type="varchar"  label="City">Marion</name_pob><ind_active type="tinyint"  label="Active">1</ind_active></row>
<row><id_poblacion type="int" >17703</id_poblacion><id_prov type="smallint" >3239</id_prov><name_pob type="varchar"  label="City">Dinwiddie</name_pob><ind_active type="tinyint"  label="Active">1</ind_active></row>
<row><id_poblacion type="int" >17704</id_poblacion><id_prov type="smallint" >3240</id_prov><name_pob type="varchar"  label="City">Courtland</name_pob><ind_active type="tinyint"  label="Active">1</ind_active></row>
<row><id_poblacion type="int" >17705</id_poblacion><id_prov type="smallint" >3241</id_prov><name_pob type="varchar"  label="City">Spotsylvani</name_pob><ind_active type="tinyint"  label="Active">1</ind_active></row>
<row><id_poblacion type="int" >17706</id_poblacion><id_prov type="smallint" >3242</id_prov><name_pob type="varchar"  label="City">Stafford</name_pob><ind_active type="tinyint"  label="Active">1</ind_active></row>
<row><id_poblacion type="int" >17707</id_poblacion><id_prov type="smallint" >3242</id_prov><name_pob type="varchar"  label="City">Saint John</name_pob><ind_active type="tinyint"  label="Active">1</ind_active></row>
<row><id_poblacion type="int" >17710</id_poblacion><id_prov type="smallint" >3244</id_prov><name_pob type="varchar"  label="City">Clintwood</name_pob><ind_active type="tinyint"  label="Active">1</ind_active></row>
<row><id_poblacion type="int" >17711</id_poblacion><id_prov type="smallint" >3245</id_prov><name_pob type="varchar"  label="City">Riverhead</name_pob><ind_active type="tinyint"  label="Active">1</ind_active></row>
<row><id_poblacion type="int" >17712</id_poblacion><id_prov type="smallint" >3245</id_prov><name_pob type="varchar"  label="City">Suffolk</name_pob><ind_active type="tinyint"  label="Active">1</ind_active></row>
<row><id_poblacion type="int" >17713</id_poblacion><id_prov type="smallint" >3245</id_prov><name_pob type="varchar"  label="City">Boston</name_pob><ind_active type="tinyint"  label="Active">1</ind_active></row>
<row><id_poblacion type="int" >17714</id_poblacion><id_prov type="smallint" >3246</id_prov><name_pob type="varchar"  label="City">Dobson</name_pob><ind_active type="tinyint"  label="Active">1</ind_active></row>
<row><id_poblacion type="int" >17715</id_poblacion><id_prov type="smallint" >3246</id_prov><name_pob type="varchar"  label="City">Surry</name_pob><ind_active type="tinyint"  label="Active">1</ind_active></row>
<row><id_poblacion type="int" >17716</id_poblacion><id_prov type="smallint" >3247</id_prov><name_pob type="varchar"  label="City">Staunton</name_pob><ind_active type="tinyint"  label="Active">1</ind_active></row>
<row><id_poblacion type="int" >17722</id_poblacion><id_prov type="smallint" >3249</id_prov><name_pob type="varchar"  label="City">Huntsville</name_pob><ind_active type="tinyint"  label="Active">1</ind_active></row>
<row><id_poblacion type="int" >17723</id_poblacion><id_prov type="smallint" >3249</id_prov><name_pob type="varchar"  label="City">Davenport</name_pob><ind_active type="tinyint"  label="Active">1</ind_active></row>
<row><id_poblacion type="int" >17724</id_poblacion><id_prov type="smallint" >3249</id_prov><name_pob type="varchar"  label="City">Winchester</name_pob><ind_active type="tinyint"  label="Active">1</ind_active></row>
<row><id_poblacion type="int" >17725</id_poblacion><id_prov type="smallint" >3249</id_prov><name_pob type="varchar"  label="City">Scottsburg</name_pob><ind_active type="tinyint"  label="Active">1</ind_active></row>
<row><id_poblacion type="int" >17726</id_poblacion><id_prov type="smallint" >3249</id_prov><name_pob type="varchar"  label="City">Georgetown</name_pob><ind_active type="tinyint"  label="Active">1</ind_active></row>
<row><id_poblacion type="int" >17727</id_poblacion><id_prov type="smallint" >3249</id_prov><name_pob type="varchar"  label="City">Forest</name_pob><ind_active type="tinyint"  label="Active">1</ind_active></row>
<row><id_poblacion type="int" >17728</id_poblacion><id_prov type="smallint" >3249</id_prov><name_pob type="varchar"  label="City">Scott City</name_pob><ind_active type="tinyint"  label="Active">1</ind_active></row>
<row><id_poblacion type="int" >17729</id_poblacion><id_prov type="smallint" >3249</id_prov><name_pob type="varchar"  label="City">Gate City</name_pob><ind_active type="tinyint"  label="Active">1</ind_active></row>
<row><id_poblacion type="int" >17730</id_poblacion><id_prov type="smallint" >3249</id_prov><name_pob type="varchar"  label="City">Benton</name_pob><ind_active type="tinyint"  label="Active">1</ind_active></row>
<row><id_poblacion type="int" >17731</id_poblacion><id_prov type="smallint" >3249</id_prov><name_pob type="varchar"  label="City">Shakopee</name_pob><ind_active type="tinyint"  label="Active">1</ind_active></row>
<row><id_poblacion type="int" >17732</id_poblacion><id_prov type="smallint" >3249</id_prov><name_pob type="varchar"  label="City">Waldron</name_pob><ind_active type="tinyint"  label="Active">1</ind_active></row>
<row><id_poblacion type="int" >17733</id_poblacion><id_prov type="smallint" >3250</id_prov><name_pob type="varchar"  label="City">Punta Gorda</name_pob><ind_active type="tinyint"  label="Active">1</ind_active></row>
<row><id_poblacion type="int" >17734</id_poblacion><id_prov type="smallint" >3250</id_prov><name_pob type="varchar"  label="City">Charlotte C</name_pob><ind_active type="tinyint"  label="Active">1</ind_active></row>
<row><id_poblacion type="int" >17735</id_poblacion><id_prov type="smallint" >3251</id_prov><name_pob type="varchar"  label="City">Taunton</name_pob><ind_active type="tinyint"  label="Active">1</ind_active></row>
<row><id_poblacion type="int" >17738</id_poblacion><id_prov type="smallint" >3252</id_prov><name_pob type="varchar"  label="City">King and Qu</name_pob><ind_active type="tinyint"  label="Active">1</ind_active></row>
<row><id_poblacion type="int" >17739</id_poblacion><id_prov type="smallint" >3253</id_prov><name_pob type="varchar"  label="City">Mathews</name_pob><ind_active type="tinyint"  label="Active">1</ind_active></row>
<row><id_poblacion type="int" >17740</id_poblacion><id_prov type="smallint" >3254</id_prov><name_pob type="varchar"  label="City">Bolivia</name_pob><ind_active type="tinyint"  label="Active">1</ind_active></row>
<row><id_poblacion type="int" >17741</id_poblacion><id_prov type="smallint" >3254</id_prov><name_pob type="varchar"  label="City">Lawrencevil</name_pob><ind_active type="tinyint"  label="Active">1</ind_active></row>
<row><id_poblacion type="int" >17742</id_poblacion><id_prov type="smallint" >3255</id_prov><name_pob type="varchar"  label="City">Leitchfield</name_pob><ind_active type="tinyint"  label="Active">1</ind_active></row>
<row><id_poblacion type="int" >17743</id_poblacion><id_prov type="smallint" >3255</id_prov><name_pob type="varchar"  label="City">Sherman</name_pob><ind_active type="tinyint"  label="Active">1</ind_active></row>
<row><id_poblacion type="int" >17744</id_poblacion><id_prov type="smallint" >3255</id_prov><name_pob type="varchar"  label="City">Independenc</name_pob><ind_active type="tinyint"  label="Active">1</ind_active></row>
<row><id_poblacion type="int" >17745</id_poblacion><id_prov type="smallint" >3256</id_prov><name_pob type="varchar"  label="City">Charlottesv</name_pob><ind_active type="tinyint"  label="Active">1</ind_active></row>
<row><id_poblacion type="int" >17746</id_poblacion><id_prov type="smallint" >3257</id_prov><name_pob type="varchar"  label="City">Fredericksb</name_pob><ind_active type="tinyint"  label="Active">1</ind_active></row>
<row><id_poblacion type="int" >17747</id_poblacion><id_prov type="smallint" >3258</id_prov><name_pob type="varchar"  label="City">Buckingham</name_pob><ind_active type="tinyint"  label="Active">1</ind_active></row>
<row><id_poblacion type="int" >17750</id_poblacion><id_prov type="smallint" >3260</id_prov><name_pob type="varchar"  label="City">Martinsvill</name_pob><ind_active type="tinyint"  label="Active">1</ind_active></row>
<row><id_poblacion type="int" >17751</id_poblacion><id_prov type="smallint" >3261</id_prov><name_pob type="varchar"  label="City">Jacksboro</name_pob><ind_active type="tinyint"  label="Active">1</ind_active></row>
<row><id_poblacion type="int" >17752</id_poblacion><id_prov type="smallint" >3261</id_prov><name_pob type="varchar"  label="City">Rustburg</name_pob><ind_active type="tinyint"  label="Active">1</ind_active></row>
<row><id_poblacion type="int" >17753</id_poblacion><id_prov type="smallint" >3261</id_prov><name_pob type="varchar"  label="City">Alexandria,</name_pob><ind_active type="tinyint"  label="Active">1</ind_active></row>
<row><id_poblacion type="int" >17754</id_poblacion><id_prov type="smallint" >3261</id_prov><name_pob type="varchar"  label="City">Gillette</name_pob><ind_active type="tinyint"  label="Active">1</ind_active></row>
<row><id_poblacion type="int" >17755</id_poblacion><id_prov type="smallint" >3261</id_prov><name_pob type="varchar"  label="City">Mound City</name_pob><ind_active type="tinyint"  label="Active">1</ind_active></row>
<row><id_poblacion type="int" >17756</id_poblacion><id_prov type="smallint" >3262</id_prov><name_pob type="varchar"  label="City">Middletown</name_pob><ind_active type="tinyint"  label="Active">1</ind_active></row>
<row><id_poblacion type="int" >17757</id_poblacion><id_prov type="smallint" >3262</id_prov><name_pob type="varchar"  label="City">Cambridge</name_pob><ind_active type="tinyint"  label="Active">1</ind_active></row>
<row><id_poblacion type="int" >17758</id_poblacion><id_prov type="smallint" >3262</id_prov><name_pob type="varchar"  label="City">New Brunswi</name_pob><ind_active type="tinyint"  label="Active">1</ind_active></row>
<row><id_poblacion type="int" >17759</id_poblacion><id_prov type="smallint" >3262</id_prov><name_pob type="varchar"  label="City">Saluda</name_pob><ind_active type="tinyint"  label="Active">1</ind_active></row>
<row><id_poblacion type="int" >17760</id_poblacion><id_prov type="smallint" >3263</id_prov><name_pob type="varchar"  label="City">Carnesville</name_pob><ind_active type="tinyint"  label="Active">1</ind_active></row>
<row><id_poblacion type="int" >17761</id_poblacion><id_prov type="smallint" >3263</id_prov><name_pob type="varchar"  label="City">Louisburg</name_pob><ind_active type="tinyint"  label="Active">1</ind_active></row>
<row><id_poblacion type="int" >17763</id_poblacion><id_prov type="smallint" >3263</id_prov><name_pob type="varchar"  label="City">Malone</name_pob><ind_active type="tinyint"  label="Active">1</ind_active></row>
<row><id_poblacion type="int" >17764</id_poblacion><id_prov type="smallint" >3263</id_prov><name_pob type="varchar"  label="City">Columbus</name_pob><ind_active type="tinyint"  label="Active">1</ind_active></row>
<row><id_poblacion type="int" >17765</id_poblacion><id_prov type="smallint" >3263</id_prov><name_pob type="varchar"  label="City">Chambersbur</name_pob><ind_active type="tinyint"  label="Active">1</ind_active></row>
<row><id_poblacion type="int" >17766</id_poblacion><id_prov type="smallint" >3263</id_prov><name_pob type="varchar"  label="City">Winchester</name_pob><ind_active type="tinyint"  label="Active">1</ind_active></row>
<row><id_poblacion type="int" >17767</id_poblacion><id_prov type="smallint" >3263</id_prov><name_pob type="varchar"  label="City">Mount Verno</name_pob><ind_active type="tinyint"  label="Active">1</ind_active></row>
<row><id_poblacion type="int" >17768</id_poblacion><id_prov type="smallint" >3263</id_prov><name_pob type="varchar"  label="City">Rocky Mount</name_pob><ind_active type="tinyint"  label="Active">1</ind_active></row>
<row><id_poblacion type="int" >17770</id_poblacion><id_prov type="smallint" >3263</id_prov><name_pob type="varchar"  label="City">Saint Alban</name_pob><ind_active type="tinyint"  label="Active">1</ind_active></row>
<row><id_poblacion type="int" >17771</id_poblacion><id_prov type="smallint" >3263</id_prov><name_pob type="varchar"  label="City">Meadville</name_pob><ind_active type="tinyint"  label="Active">1</ind_active></row>
<row><id_poblacion type="int" >17772</id_poblacion><id_prov type="smallint" >3263</id_prov><name_pob type="varchar"  label="City">Pasco</name_pob><ind_active type="tinyint"  label="Active">1</ind_active></row>
<row><id_poblacion type="int" >17773</id_poblacion><id_prov type="smallint" >3263</id_prov><name_pob type="varchar"  label="City">Benton</name_pob><ind_active type="tinyint"  label="Active">1</ind_active></row>
<row><id_poblacion type="int" >17774</id_poblacion><id_prov type="smallint" >3263</id_prov><name_pob type="varchar"  label="City">Russellvill</name_pob><ind_active type="tinyint"  label="Active">1</ind_active></row>
<row><id_poblacion type="int" >17775</id_poblacion><id_prov type="smallint" >3263</id_prov><name_pob type="varchar"  label="City">Charleston,</name_pob><ind_active type="tinyint"  label="Active">1</ind_active></row>
<row><id_poblacion type="int" >17776</id_poblacion><id_prov type="smallint" >3263</id_prov><name_pob type="varchar"  label="City">Preston</name_pob><ind_active type="tinyint"  label="Active">1</ind_active></row>
<row><id_poblacion type="int" >17778</id_poblacion><id_prov type="smallint" >3263</id_prov><name_pob type="varchar"  label="City">Union</name_pob><ind_active type="tinyint"  label="Active">1</ind_active></row>
<row><id_poblacion type="int" >17779</id_poblacion><id_prov type="smallint" >3263</id_prov><name_pob type="varchar"  label="City">Brookville</name_pob><ind_active type="tinyint"  label="Active">1</ind_active></row>
<row><id_poblacion type="int" >17780</id_poblacion><id_prov type="smallint" >3263</id_prov><name_pob type="varchar"  label="City">Ottawa</name_pob><ind_active type="tinyint"  label="Active">1</ind_active></row>
<row><id_poblacion type="int" >17781</id_poblacion><id_prov type="smallint" >3263</id_prov><name_pob type="varchar"  label="City">Frankfort</name_pob><ind_active type="tinyint"  label="Active">1</ind_active></row>
<row><id_poblacion type="int" >17782</id_poblacion><id_prov type="smallint" >3263</id_prov><name_pob type="varchar"  label="City">Winnsboro</name_pob><ind_active type="tinyint"  label="Active">1</ind_active></row>
<row><id_poblacion type="int" >17783</id_poblacion><id_prov type="smallint" >3263</id_prov><name_pob type="varchar"  label="City">Greenfield</name_pob><ind_active type="tinyint"  label="Active">1</ind_active></row>
<row><id_poblacion type="int" >17784</id_poblacion><id_prov type="smallint" >3263</id_prov><name_pob type="varchar"  label="City">Farmington</name_pob><ind_active type="tinyint"  label="Active">1</ind_active></row>
<row><id_poblacion type="int" >17785</id_poblacion><id_prov type="smallint" >3263</id_prov><name_pob type="varchar"  label="City">Apalachicol</name_pob><ind_active type="tinyint"  label="Active">1</ind_active></row>
<row><id_poblacion type="int" >17812</id_poblacion><id_prov type="smallint" >3265</id_prov><name_pob type="varchar"  label="City">Snow Hill</name_pob><ind_active type="tinyint"  label="Active">1</ind_active></row>
<row><id_poblacion type="int" >17813</id_poblacion><id_prov type="smallint" >3265</id_prov><name_pob type="varchar"  label="City">Stanardsvil</name_pob><ind_active type="tinyint"  label="Active">1</ind_active></row>
<row><id_poblacion type="int" >17814</id_poblacion><id_prov type="smallint" >3265</id_prov><name_pob type="varchar"  label="City">Eutaw</name_pob><ind_active type="tinyint"  label="Active">1</ind_active></row>
<row><id_poblacion type="int" >17815</id_poblacion><id_prov type="smallint" >3265</id_prov><name_pob type="varchar"  label="City">Greeneville</name_pob><ind_active type="tinyint"  label="Active">1</ind_active></row>
<row><id_poblacion type="int" >17816</id_poblacion><id_prov type="smallint" >3265</id_prov><name_pob type="varchar"  label="City">Waynesburg</name_pob><ind_active type="tinyint"  label="Active">1</ind_active></row>
<row><id_poblacion type="int" >17817</id_poblacion><id_prov type="smallint" >3265</id_prov><name_pob type="varchar"  label="City">Xenia</name_pob><ind_active type="tinyint"  label="Active">1</ind_active></row>
<row><id_poblacion type="int" >17818</id_poblacion><id_prov type="smallint" >3265</id_prov><name_pob type="varchar"  label="City">Catskill</name_pob><ind_active type="tinyint"  label="Active">1</ind_active></row>
<row><id_poblacion type="int" >17819</id_poblacion><id_prov type="smallint" >3265</id_prov><name_pob type="varchar"  label="City">Springfield</name_pob><ind_active type="tinyint"  label="Active">1</ind_active></row>
<row><id_poblacion type="int" >17820</id_poblacion><id_prov type="smallint" >3265</id_prov><name_pob type="varchar"  label="City">Bloomfield</name_pob><ind_active type="tinyint"  label="Active">1</ind_active></row>
<row><id_poblacion type="int" >17821</id_poblacion><id_prov type="smallint" >3265</id_prov><name_pob type="varchar"  label="City">Carrollton</name_pob><ind_active type="tinyint"  label="Active">1</ind_active></row>
<row><id_poblacion type="int" >17822</id_poblacion><id_prov type="smallint" >3265</id_prov><name_pob type="varchar"  label="City">Jefferson</name_pob><ind_active type="tinyint"  label="Active">1</ind_active></row>
<row><id_poblacion type="int" >17823</id_poblacion><id_prov type="smallint" >3265</id_prov><name_pob type="varchar"  label="City">Paragould</name_pob><ind_active type="tinyint"  label="Active">1</ind_active></row>
<row><id_poblacion type="int" >17824</id_poblacion><id_prov type="smallint" >3265</id_prov><name_pob type="varchar"  label="City">Greensboro</name_pob><ind_active type="tinyint"  label="Active">1</ind_active></row>
<row><id_poblacion type="int" >17825</id_poblacion><id_prov type="smallint" >3265</id_prov><name_pob type="varchar"  label="City">Leakesville</name_pob><ind_active type="tinyint"  label="Active">1</ind_active></row>
<row><id_poblacion type="int" >17826</id_poblacion><id_prov type="smallint" >3266</id_prov><name_pob type="varchar"  label="City">Charles Cit</name_pob><ind_active type="tinyint"  label="Active">1</ind_active></row>
<row><id_poblacion type="int" >17827</id_poblacion><id_prov type="smallint" >3267</id_prov><name_pob type="varchar"  label="City">Emporia</name_pob><ind_active type="tinyint"  label="Active">1</ind_active></row>
<row><id_poblacion type="int" >17828</id_poblacion><id_prov type="smallint" >3268</id_prov><name_pob type="varchar"  label="City">Denton</name_pob><ind_active type="tinyint"  label="Active">1</ind_active></row>
<row><id_poblacion type="int" >17829</id_poblacion><id_prov type="smallint" >3268</id_prov><name_pob type="varchar"  label="City">Bowling Gre</name_pob><ind_active type="tinyint"  label="Active">1</ind_active></row>
<row><id_poblacion type="int" >17830</id_poblacion><id_prov type="smallint" >3269</id_prov><name_pob type="varchar"  label="City">Heathsville</name_pob><ind_active type="tinyint"  label="Active">1</ind_active></row>
<row><id_poblacion type="int" >17831</id_poblacion><id_prov type="smallint" >3269</id_prov><name_pob type="varchar"  label="City">Sunbury</name_pob><ind_active type="tinyint"  label="Active">1</ind_active></row>
<row><id_poblacion type="int" >17832</id_poblacion><id_prov type="smallint" >3270</id_prov><name_pob type="varchar"  label="City">Lincoln</name_pob><ind_active type="tinyint"  label="Active">1</ind_active></row>
<row><id_poblacion type="int" >17836</id_poblacion><id_prov type="smallint" >3271</id_prov><name_pob type="varchar"  label="City">Pulaski</name_pob><ind_active type="tinyint"  label="Active">1</ind_active></row>
<row><id_poblacion type="int" >17837</id_poblacion><id_prov type="smallint" >3271</id_prov><name_pob type="varchar"  label="City">Pearisburg</name_pob><ind_active type="tinyint"  label="Active">1</ind_active></row>
<row><id_poblacion type="int" >17838</id_poblacion><id_prov type="smallint" >3272</id_prov><name_pob type="varchar"  label="City">Woodbury</name_pob><ind_active type="tinyint"  label="Active">1</ind_active></row>
<row><id_poblacion type="int" >17839</id_poblacion><id_prov type="smallint" >3272</id_prov><name_pob type="varchar"  label="City">Gloucester</name_pob><ind_active type="tinyint"  label="Active">1</ind_active></row>
<row><id_poblacion type="int" >17842</id_poblacion><id_prov type="smallint" >3274</id_prov><name_pob type="varchar"  label="City">Leesburg</name_pob><ind_active type="tinyint"  label="Active">1</ind_active></row>
<row><id_poblacion type="int" >17843</id_poblacion><id_prov type="smallint" >3275</id_prov><name_pob type="varchar"  label="City">Wapello</name_pob><ind_active type="tinyint"  label="Active">1</ind_active></row>
<row><id_poblacion type="int" >17844</id_poblacion><id_prov type="smallint" >3275</id_prov><name_pob type="varchar"  label="City">Louisa</name_pob><ind_active type="tinyint"  label="Active">1</ind_active></row>
<row><id_poblacion type="int" >17845</id_poblacion><id_prov type="smallint" >3276</id_prov><name_pob type="varchar"  label="City">Dixon</name_pob><ind_active type="tinyint"  label="Active">1</ind_active></row>
<row><id_poblacion type="int" >17846</id_poblacion><id_prov type="smallint" >3276</id_prov><name_pob type="varchar"  label="City">Sanford</name_pob><ind_active type="tinyint"  label="Active">1</ind_active></row>
<row><id_poblacion type="int" >17847</id_poblacion><id_prov type="smallint" >3276</id_prov><name_pob type="varchar"  label="City">Jonesville</name_pob><ind_active type="tinyint"  label="Active">1</ind_active></row>
<row><id_poblacion type="int" >17848</id_poblacion><id_prov type="smallint" >3276</id_prov><name_pob type="varchar"  label="City">Giddings</name_pob><ind_active type="tinyint"  label="Active">1</ind_active></row>
<row><id_poblacion type="int" >17849</id_poblacion><id_prov type="smallint" >3276</id_prov><name_pob type="varchar"  label="City">Bishopville</name_pob><ind_active type="tinyint"  label="Active">1</ind_active></row>
<row><id_poblacion type="int" >17850</id_poblacion><id_prov type="smallint" >3276</id_prov><name_pob type="varchar"  label="City">Beattyville</name_pob><ind_active type="tinyint"  label="Active">1</ind_active></row>
<row><id_poblacion type="int" >17851</id_poblacion><id_prov type="smallint" >3276</id_prov><name_pob type="varchar"  label="City">Opelika</name_pob><ind_active type="tinyint"  label="Active">1</ind_active></row>
<row><id_poblacion type="int" >17852</id_poblacion><id_prov type="smallint" >3276</id_prov><name_pob type="varchar"  label="City">Fort Madiso</name_pob><ind_active type="tinyint"  label="Active">1</ind_active></row>
<row><id_poblacion type="int" >17853</id_poblacion><id_prov type="smallint" >3276</id_prov><name_pob type="varchar"  label="City">Leesburg</name_pob><ind_active type="tinyint"  label="Active">1</ind_active></row>
<row><id_poblacion type="int" >17854</id_poblacion><id_prov type="smallint" >3276</id_prov><name_pob type="varchar"  label="City">Fort Myers</name_pob><ind_active type="tinyint"  label="Active">1</ind_active></row>
<row><id_poblacion type="int" >17855</id_poblacion><id_prov type="smallint" >3276</id_prov><name_pob type="varchar"  label="City">Tupelo</name_pob><ind_active type="tinyint"  label="Active">1</ind_active></row>
<row><id_poblacion type="int" >17856</id_poblacion><id_prov type="smallint" >3276</id_prov><name_pob type="varchar"  label="City">Marianna</name_pob><ind_active type="tinyint"  label="Active">1</ind_active></row>
<row><id_poblacion type="int" >17857</id_poblacion><id_prov type="smallint" >3277</id_prov><name_pob type="varchar"  label="City">Lunenburg</name_pob><ind_active type="tinyint"  label="Active">1</ind_active></row>
<row><id_poblacion type="int" >17858</id_poblacion><id_prov type="smallint" >3278</id_prov><name_pob type="varchar"  label="City">Independenc</name_pob><ind_active type="tinyint"  label="Active">1</ind_active></row>
<row><id_poblacion type="int" >17859</id_poblacion><id_prov type="smallint" >3278</id_prov><name_pob type="varchar"  label="City">Grundy</name_pob><ind_active type="tinyint"  label="Active">1</ind_active></row>
<row><id_poblacion type="int" >17860</id_poblacion><id_prov type="smallint" >3278</id_prov><name_pob type="varchar"  label="City">Saint Josep</name_pob><ind_active type="tinyint"  label="Active">1</ind_active></row>
<row><id_poblacion type="int" >17861</id_poblacion><id_prov type="smallint" >3279</id_prov><name_pob type="varchar"  label="City">Lynchburg</name_pob><ind_active type="tinyint"  label="Active">1</ind_active></row>
<row><id_poblacion type="int" >17862</id_poblacion><id_prov type="smallint" >3280</id_prov><name_pob type="varchar"  label="City">Frederick</name_pob><ind_active type="tinyint"  label="Active">1</ind_active></row>
<row><id_poblacion type="int" >17863</id_poblacion><id_prov type="smallint" >3280</id_prov><name_pob type="varchar"  label="City">Winchester</name_pob><ind_active type="tinyint"  label="Active">1</ind_active></row>
<row><id_poblacion type="int" >17864</id_poblacion><id_prov type="smallint" >3281</id_prov><name_pob type="varchar"  label="City">Jackson</name_pob><ind_active type="tinyint"  label="Active">1</ind_active></row>
<row><id_poblacion type="int" >17865</id_poblacion><id_prov type="smallint" >3281</id_prov><name_pob type="varchar"  label="City">Frederickto</name_pob><ind_active type="tinyint"  label="Active">1</ind_active></row>
<row><id_poblacion type="int" >17866</id_poblacion><id_prov type="smallint" >3281</id_prov><name_pob type="varchar"  label="City">Madisonvill</name_pob><ind_active type="tinyint"  label="Active">1</ind_active></row>
<row><id_poblacion type="int" >17867</id_poblacion><id_prov type="smallint" >3281</id_prov><name_pob type="varchar"  label="City">London</name_pob><ind_active type="tinyint"  label="Active">1</ind_active></row>
<row><id_poblacion type="int" >17868</id_poblacion><id_prov type="smallint" >3281</id_prov><name_pob type="varchar"  label="City">Wampsville</name_pob><ind_active type="tinyint"  label="Active">1</ind_active></row>
<row><id_poblacion type="int" >17870</id_poblacion><id_prov type="smallint" >3281</id_prov><name_pob type="varchar"  label="City">Marshall</name_pob><ind_active type="tinyint"  label="Active">1</ind_active></row>
<row><id_poblacion type="int" >17871</id_poblacion><id_prov type="smallint" >3281</id_prov><name_pob type="varchar"  label="City">Virginia Ci</name_pob><ind_active type="tinyint"  label="Active">1</ind_active></row>
<row><id_poblacion type="int" >17872</id_poblacion><id_prov type="smallint" >3281</id_prov><name_pob type="varchar"  label="City">Canton</name_pob><ind_active type="tinyint"  label="Active">1</ind_active></row>
<row><id_poblacion type="int" >17873</id_poblacion><id_prov type="smallint" >3281</id_prov><name_pob type="varchar"  label="City">Richmond</name_pob><ind_active type="tinyint"  label="Active">1</ind_active></row>
<row><id_poblacion type="int" >17874</id_poblacion><id_prov type="smallint" >3281</id_prov><name_pob type="varchar"  label="City">Anderson</name_pob><ind_active type="tinyint"  label="Active">1</ind_active></row>
<row><id_poblacion type="int" >17875</id_poblacion><id_prov type="smallint" >3281</id_prov><name_pob type="varchar"  label="City">Edwardsvill</name_pob><ind_active type="tinyint"  label="Active">1</ind_active></row>
<row><id_poblacion type="int" >17876</id_poblacion><id_prov type="smallint" >3281</id_prov><name_pob type="varchar"  label="City">Rexburg</name_pob><ind_active type="tinyint"  label="Active">1</ind_active></row>
<row><id_poblacion type="int" >17877</id_poblacion><id_prov type="smallint" >3281</id_prov><name_pob type="varchar"  label="City">Winterset</name_pob><ind_active type="tinyint"  label="Active">1</ind_active></row>
<row><id_poblacion type="int" >17878</id_poblacion><id_prov type="smallint" >3281</id_prov><name_pob type="varchar"  label="City">Danielsvill</name_pob><ind_active type="tinyint"  label="Active">1</ind_active></row>
<row><id_poblacion type="int" >17883</id_poblacion><id_prov type="smallint" >3281</id_prov><name_pob type="varchar"  label="City">Tallulah</name_pob><ind_active type="tinyint"  label="Active">1</ind_active></row>
<row><id_poblacion type="int" >17884</id_poblacion><id_prov type="smallint" >3282</id_prov><name_pob type="varchar"  label="City">Manassas</name_pob><ind_active type="tinyint"  label="Active">1</ind_active></row>
<row><id_poblacion type="int" >17885</id_poblacion><id_prov type="smallint" >3283</id_prov><name_pob type="varchar"  label="City">Manassas Pa</name_pob><ind_active type="tinyint"  label="Active">1</ind_active></row>
<row><id_poblacion type="int" >17886</id_poblacion><id_prov type="smallint" >3284</id_prov><name_pob type="varchar"  label="City">Galax</name_pob><ind_active type="tinyint"  label="Active">1</ind_active></row>
<row><id_poblacion type="int" >17887</id_poblacion><id_prov type="smallint" >3285</id_prov><name_pob type="varchar"  label="City">King Willia</name_pob><ind_active type="tinyint"  label="Active">1</ind_active></row>
<row><id_poblacion type="int" >17888</id_poblacion><id_prov type="smallint" >3286</id_prov><name_pob type="varchar"  label="City">King George</name_pob><ind_active type="tinyint"  label="Active">1</ind_active></row>
<row><id_poblacion type="int" >17889</id_poblacion><id_prov type="smallint" >3287</id_prov><name_pob type="varchar"  label="City">Chesapeake</name_pob><ind_active type="tinyint"  label="Active">1</ind_active></row>
<row><id_poblacion type="int" >17890</id_poblacion><id_prov type="smallint" >3288</id_prov><name_pob type="varchar"  label="City">Storm Lake</name_pob><ind_active type="tinyint"  label="Active">1</ind_active></row>
<row><id_poblacion type="int" >17891</id_poblacion><id_prov type="smallint" >3288</id_prov><name_pob type="varchar"  label="City">Buena Vista</name_pob><ind_active type="tinyint"  label="Active">1</ind_active></row>
<row><id_poblacion type="int" >17892</id_poblacion><id_prov type="smallint" >3289</id_prov><name_pob type="varchar"  label="City">Goochland</name_pob><ind_active type="tinyint"  label="Active">1</ind_active></row>
<row><id_poblacion type="int" >17893</id_poblacion><id_prov type="smallint" >3290</id_prov><name_pob type="varchar"  label="City">Richmond</name_pob><ind_active type="tinyint"  label="Active">1</ind_active></row>
<row><id_poblacion type="int" >17894</id_poblacion><id_prov type="smallint" >3291</id_prov><name_pob type="varchar"  label="City">Harrisonbur</name_pob><ind_active type="tinyint"  label="Active">1</ind_active></row>
<row><id_poblacion type="int" >17896</id_poblacion><id_prov type="smallint" >3292</id_prov><name_pob type="varchar"  label="City">Hillsville</name_pob><ind_active type="tinyint"  label="Active">1</ind_active></row>
<row><id_poblacion type="int" >17897</id_poblacion><id_prov type="smallint" >3292</id_prov><name_pob type="varchar"  label="City">Huntingdon</name_pob><ind_active type="tinyint"  label="Active">1</ind_active></row>
<row><id_poblacion type="int" >17899</id_poblacion><id_prov type="smallint" >3292</id_prov><name_pob type="varchar"  label="City">Ossipee</name_pob><ind_active type="tinyint"  label="Active">1</ind_active></row>
<row><id_poblacion type="int" >17902</id_poblacion><id_prov type="smallint" >3292</id_prov><name_pob type="varchar"  label="City">Delphi</name_pob><ind_active type="tinyint"  label="Active">1</ind_active></row>
<row><id_poblacion type="int" >17903</id_poblacion><id_prov type="smallint" >3292</id_prov><name_pob type="varchar"  label="City">Mount Carro</name_pob><ind_active type="tinyint"  label="Active">1</ind_active></row>
<row><id_poblacion type="int" >17904</id_poblacion><id_prov type="smallint" >3292</id_prov><name_pob type="varchar"  label="City">Carroll</name_pob><ind_active type="tinyint"  label="Active">1</ind_active></row>
<row><id_poblacion type="int" >17905</id_poblacion><id_prov type="smallint" >3292</id_prov><name_pob type="varchar"  label="City">Berryville,</name_pob><ind_active type="tinyint"  label="Active">1</ind_active></row>
<row><id_poblacion type="int" >17907</id_poblacion><id_prov type="smallint" >3292</id_prov><name_pob type="varchar"  label="City">Westminster</name_pob><ind_active type="tinyint"  label="Active">1</ind_active></row>
<row><id_poblacion type="int" >17910</id_poblacion><id_prov type="smallint" >3294</id_prov><name_pob type="varchar"  label="City">Hanover</name_pob><ind_active type="tinyint"  label="Active">1</ind_active></row>
<row><id_poblacion type="int" >17911</id_poblacion><id_prov type="smallint" >3295</id_prov><name_pob type="varchar"  label="City">Dedham</name_pob><ind_active type="tinyint"  label="Active">1</ind_active></row>
<row><id_poblacion type="int" >17912</id_poblacion><id_prov type="smallint" >3295</id_prov><name_pob type="varchar"  label="City">Norfolk</name_pob><ind_active type="tinyint"  label="Active">1</ind_active></row>
<row><id_poblacion type="int" >17913</id_poblacion><id_prov type="smallint" >3296</id_prov><name_pob type="varchar"  label="City">Cambridge</name_pob><ind_active type="tinyint"  label="Active">1</ind_active></row>
<row><id_poblacion type="int" >17914</id_poblacion><id_prov type="smallint" >3296</id_prov><name_pob type="varchar"  label="City">Paris</name_pob><ind_active type="tinyint"  label="Active">1</ind_active></row>
<row><id_poblacion type="int" >17915</id_poblacion><id_prov type="smallint" >3296</id_prov><name_pob type="varchar"  label="City">Napoleon</name_pob><ind_active type="tinyint"  label="Active">1</ind_active></row>
<row><id_poblacion type="int" >17916</id_poblacion><id_prov type="smallint" >3296</id_prov><name_pob type="varchar"  label="City">Clinton</name_pob><ind_active type="tinyint"  label="Active">1</ind_active></row>
<row><id_poblacion type="int" >17917</id_poblacion><id_prov type="smallint" >3296</id_prov><name_pob type="varchar"  label="City">Martinsvill</name_pob><ind_active type="tinyint"  label="Active">1</ind_active></row>
<row><id_poblacion type="int" >17918</id_poblacion><id_prov type="smallint" >3296</id_prov><name_pob type="varchar"  label="City">Mount Pleas</name_pob><ind_active type="tinyint"  label="Active">1</ind_active></row>
<row><id_poblacion type="int" >17919</id_poblacion><id_prov type="smallint" >3296</id_prov><name_pob type="varchar"  label="City">McDonough</name_pob><ind_active type="tinyint"  label="Active">1</ind_active></row>
<row><id_poblacion type="int" >17920</id_poblacion><id_prov type="smallint" >3296</id_prov><name_pob type="varchar"  label="City">Abbeville</name_pob><ind_active type="tinyint"  label="Active">1</ind_active></row>
<row><id_poblacion type="int" >17923</id_poblacion><id_prov type="smallint" >3297</id_prov><name_pob type="varchar"  label="City">Newport New</name_pob><ind_active type="tinyint"  label="Active">1</ind_active></row>
<row><id_poblacion type="int" >17924</id_poblacion><id_prov type="smallint" >3298</id_prov><name_pob type="varchar"  label="City">Hopewell</name_pob><ind_active type="tinyint"  label="Active">1</ind_active></row>
<row><id_poblacion type="int" >17926</id_poblacion><id_prov type="smallint" >3299</id_prov><name_pob type="varchar"  label="City">Rockville</name_pob><ind_active type="tinyint"  label="Active">1</ind_active></row>
<row><id_poblacion type="int" >17927</id_poblacion><id_prov type="smallint" >3299</id_prov><name_pob type="varchar"  label="City">Christiansb</name_pob><ind_active type="tinyint"  label="Active">1</ind_active></row>
<row><id_poblacion type="int" >17928</id_poblacion><id_prov type="smallint" >3299</id_prov><name_pob type="varchar"  label="City">Conroe</name_pob><ind_active type="tinyint"  label="Active">1</ind_active></row>
<row><id_poblacion type="int" >17929</id_poblacion><id_prov type="smallint" >3299</id_prov><name_pob type="varchar"  label="City">Clarksville</name_pob><ind_active type="tinyint"  label="Active">1</ind_active></row>
<row><id_poblacion type="int" >17930</id_poblacion><id_prov type="smallint" >3299</id_prov><name_pob type="varchar"  label="City">Norristown</name_pob><ind_active type="tinyint"  label="Active">1</ind_active></row>
<row><id_poblacion type="int" >17931</id_poblacion><id_prov type="smallint" >3299</id_prov><name_pob type="varchar"  label="City">Dayton</name_pob><ind_active type="tinyint"  label="Active">1</ind_active></row>
<row><id_poblacion type="int" >17932</id_poblacion><id_prov type="smallint" >3299</id_prov><name_pob type="varchar"  label="City">Fonda</name_pob><ind_active type="tinyint"  label="Active">1</ind_active></row>
<row><id_poblacion type="int" >17933</id_poblacion><id_prov type="smallint" >3299</id_prov><name_pob type="varchar"  label="City">Troy</name_pob><ind_active type="tinyint"  label="Active">1</ind_active></row>
<row><id_poblacion type="int" >17935</id_poblacion><id_prov type="smallint" >3299</id_prov><name_pob type="varchar"  label="City">Mount Sterl</name_pob><ind_active type="tinyint"  label="Active">1</ind_active></row>
<row><id_poblacion type="int" >17936</id_poblacion><id_prov type="smallint" >3299</id_prov><name_pob type="varchar"  label="City">Independenc</name_pob><ind_active type="tinyint"  label="Active">1</ind_active></row>
<row><id_poblacion type="int" >17937</id_poblacion><id_prov type="smallint" >3299</id_prov><name_pob type="varchar"  label="City">Crawfordsvi</name_pob><ind_active type="tinyint"  label="Active">1</ind_active></row>
<row><id_poblacion type="int" >17938</id_poblacion><id_prov type="smallint" >3299</id_prov><name_pob type="varchar"  label="City">Hillsboro</name_pob><ind_active type="tinyint"  label="Active">1</ind_active></row>
<row><id_poblacion type="int" >17939</id_poblacion><id_prov type="smallint" >3299</id_prov><name_pob type="varchar"  label="City">Red Oak</name_pob><ind_active type="tinyint"  label="Active">1</ind_active></row>
<row><id_poblacion type="int" >17940</id_poblacion><id_prov type="smallint" >3299</id_prov><name_pob type="varchar"  label="City">Mount Verno</name_pob><ind_active type="tinyint"  label="Active">1</ind_active></row>
<row><id_poblacion type="int" >17941</id_poblacion><id_prov type="smallint" >3299</id_prov><name_pob type="varchar"  label="City">Mount Ida</name_pob><ind_active type="tinyint"  label="Active">1</ind_active></row>
<row><id_poblacion type="int" >17942</id_poblacion><id_prov type="smallint" >3299</id_prov><name_pob type="varchar"  label="City">Winona</name_pob><ind_active type="tinyint"  label="Active">1</ind_active></row>
<row><id_poblacion type="int" >17943</id_poblacion><id_prov type="smallint" >3300</id_prov><name_pob type="varchar"  label="City">Isle of Wig</name_pob><ind_active type="tinyint"  label="Active">1</ind_active></row>
<row><id_poblacion type="int" >17946</id_poblacion><id_prov type="smallint" >3302</id_prov><name_pob type="varchar"  label="City">Hillsboro</name_pob><ind_active type="tinyint"  label="Active">1</ind_active></row>
<row><id_poblacion type="int" >17947</id_poblacion><id_prov type="smallint" >3302</id_prov><name_pob type="varchar"  label="City">Monterey</name_pob><ind_active type="tinyint"  label="Active">1</ind_active></row>
<row><id_poblacion type="int" >17948</id_poblacion><id_prov type="smallint" >3303</id_prov><name_pob type="varchar"  label="City">New Kent</name_pob><ind_active type="tinyint"  label="Active">1</ind_active></row>
<row><id_poblacion type="int" >17949</id_poblacion><id_prov type="smallint" >3304</id_prov><name_pob type="varchar"  label="City">Palmyra</name_pob><ind_active type="tinyint"  label="Active">1</ind_active></row>
<row><id_poblacion type="int" >17950</id_poblacion><id_prov type="smallint" >3305</id_prov><name_pob type="varchar"  label="City">Bardstown</name_pob><ind_active type="tinyint"  label="Active">1</ind_active></row>
<row><id_poblacion type="int" >17951</id_poblacion><id_prov type="smallint" >3305</id_prov><name_pob type="varchar"  label="City">Lakota</name_pob><ind_active type="tinyint"  label="Active">1</ind_active></row>
<row><id_poblacion type="int" >17952</id_poblacion><id_prov type="smallint" >3305</id_prov><name_pob type="varchar"  label="City">Lovingston</name_pob><ind_active type="tinyint"  label="Active">1</ind_active></row>
<row><id_poblacion type="int" >17953</id_poblacion><id_prov type="smallint" >3306</id_prov><name_pob type="varchar"  label="City">Williamsbur</name_pob><ind_active type="tinyint"  label="Active">1</ind_active></row>
<row><id_poblacion type="int" >17954</id_poblacion><id_prov type="smallint" >3307</id_prov><name_pob type="varchar"  label="City">Jackson</name_pob><ind_active type="tinyint"  label="Active">1</ind_active></row>
<row><id_poblacion type="int" >17955</id_poblacion><id_prov type="smallint" >3307</id_prov><name_pob type="varchar"  label="City">Easton</name_pob><ind_active type="tinyint"  label="Active">1</ind_active></row>
<row><id_poblacion type="int" >17956</id_poblacion><id_prov type="smallint" >3307</id_prov><name_pob type="varchar"  label="City">Eastville</name_pob><ind_active type="tinyint"  label="Active">1</ind_active></row>
<row><id_poblacion type="int" >17957</id_poblacion><id_prov type="smallint" >3308</id_prov><name_pob type="varchar"  label="City">Rome</name_pob><ind_active type="tinyint"  label="Active">1</ind_active></row>
<row><id_poblacion type="int" >17958</id_poblacion><id_prov type="smallint" >3308</id_prov><name_pob type="varchar"  label="City">Charles Cit</name_pob><ind_active type="tinyint"  label="Active">1</ind_active></row>
<row><id_poblacion type="int" >17959</id_poblacion><id_prov type="smallint" >3308</id_prov><name_pob type="varchar"  label="City">New Albany</name_pob><ind_active type="tinyint"  label="Active">1</ind_active></row>
<row><id_poblacion type="int" >17960</id_poblacion><id_prov type="smallint" >3308</id_prov><name_pob type="varchar"  label="City">Prestonsbur</name_pob><ind_active type="tinyint"  label="Active">1</ind_active></row>
<row><id_poblacion type="int" >17961</id_poblacion><id_prov type="smallint" >3308</id_prov><name_pob type="varchar"  label="City">Floydada</name_pob><ind_active type="tinyint"  label="Active">1</ind_active></row>
<row><id_poblacion type="int" >17962</id_poblacion><id_prov type="smallint" >3308</id_prov><name_pob type="varchar"  label="City">Floyd</name_pob><ind_active type="tinyint"  label="Active">1</ind_active></row>
</poblacion>
</root>