<?xml version="1.0" encoding="UTF-8"?>
<root>
<poblacion>
<row><id_poblacion type="int" >17963</id_poblacion><id_prov type="smallint" >3309</id_prov><name_pob type="varchar"  label="City">Boulder</name_pob><ind_active type="tinyint"  label="Active">1</ind_active></row>
<row><id_poblacion type="int" >17964</id_poblacion><id_prov type="smallint" >3309</id_prov><name_pob type="varchar"  label="City">Fairbury</name_pob><ind_active type="tinyint"  label="Active">1</ind_active></row>
<row><id_poblacion type="int" >17965</id_poblacion><id_prov type="smallint" >3309</id_prov><name_pob type="varchar"  label="City">Watertown</name_pob><ind_active type="tinyint"  label="Active">1</ind_active></row>
<row><id_poblacion type="int" >17966</id_poblacion><id_prov type="smallint" >3309</id_prov><name_pob type="varchar"  label="City">Steubenvill</name_pob><ind_active type="tinyint"  label="Active">1</ind_active></row>
<row><id_poblacion type="int" >17967</id_poblacion><id_prov type="smallint" >3309</id_prov><name_pob type="varchar"  label="City">Waurika</name_pob><ind_active type="tinyint"  label="Active">1</ind_active></row>
<row><id_poblacion type="int" >17968</id_poblacion><id_prov type="smallint" >3309</id_prov><name_pob type="varchar"  label="City">Madras</name_pob><ind_active type="tinyint"  label="Active">1</ind_active></row>
<row><id_poblacion type="int" >17969</id_poblacion><id_prov type="smallint" >3309</id_prov><name_pob type="varchar"  label="City">Brookville</name_pob><ind_active type="tinyint"  label="Active">1</ind_active></row>
<row><id_poblacion type="int" >17970</id_poblacion><id_prov type="smallint" >3309</id_prov><name_pob type="varchar"  label="City">Beaumont</name_pob><ind_active type="tinyint"  label="Active">1</ind_active></row>
<row><id_poblacion type="int" >17971</id_poblacion><id_prov type="smallint" >3309</id_prov><name_pob type="varchar"  label="City">Port Townse</name_pob><ind_active type="tinyint"  label="Active">1</ind_active></row>
<row><id_poblacion type="int" >17972</id_poblacion><id_prov type="smallint" >3309</id_prov><name_pob type="varchar"  label="City">Jefferson</name_pob><ind_active type="tinyint"  label="Active">1</ind_active></row>
<row><id_poblacion type="int" >17973</id_poblacion><id_prov type="smallint" >3309</id_prov><name_pob type="varchar"  label="City">Fayette</name_pob><ind_active type="tinyint"  label="Active">1</ind_active></row>
<row><id_poblacion type="int" >17974</id_poblacion><id_prov type="smallint" >3309</id_prov><name_pob type="varchar"  label="City">Dandridge</name_pob><ind_active type="tinyint"  label="Active">1</ind_active></row>
<row><id_poblacion type="int" >17975</id_poblacion><id_prov type="smallint" >3309</id_prov><name_pob type="varchar"  label="City">Hillsboro</name_pob><ind_active type="tinyint"  label="Active">1</ind_active></row>
<row><id_poblacion type="int" >17976</id_poblacion><id_prov type="smallint" >3309</id_prov><name_pob type="varchar"  label="City">Gretna</name_pob><ind_active type="tinyint"  label="Active">1</ind_active></row>
<row><id_poblacion type="int" >17978</id_poblacion><id_prov type="smallint" >3309</id_prov><name_pob type="varchar"  label="City">Oskaloosa</name_pob><ind_active type="tinyint"  label="Active">1</ind_active></row>
<row><id_poblacion type="int" >17979</id_poblacion><id_prov type="smallint" >3309</id_prov><name_pob type="varchar"  label="City">Madison</name_pob><ind_active type="tinyint"  label="Active">1</ind_active></row>
<row><id_poblacion type="int" >17980</id_poblacion><id_prov type="smallint" >3309</id_prov><name_pob type="varchar"  label="City">Mount Verno</name_pob><ind_active type="tinyint"  label="Active">1</ind_active></row>
<row><id_poblacion type="int" >17981</id_poblacion><id_prov type="smallint" >3309</id_prov><name_pob type="varchar"  label="City">Rigby</name_pob><ind_active type="tinyint"  label="Active">1</ind_active></row>
<row><id_poblacion type="int" >17982</id_poblacion><id_prov type="smallint" >3309</id_prov><name_pob type="varchar"  label="City">Fairfield</name_pob><ind_active type="tinyint"  label="Active">1</ind_active></row>
<row><id_poblacion type="int" >17984</id_poblacion><id_prov type="smallint" >3309</id_prov><name_pob type="varchar"  label="City">Monticello</name_pob><ind_active type="tinyint"  label="Active">1</ind_active></row>
<row><id_poblacion type="int" >17985</id_poblacion><id_prov type="smallint" >3309</id_prov><name_pob type="varchar"  label="City">Golden</name_pob><ind_active type="tinyint"  label="Active">1</ind_active></row>
<row><id_poblacion type="int" >17986</id_poblacion><id_prov type="smallint" >3309</id_prov><name_pob type="varchar"  label="City">Birmingham</name_pob><ind_active type="tinyint"  label="Active">1</ind_active></row>
<row><id_poblacion type="int" >17987</id_poblacion><id_prov type="smallint" >3309</id_prov><name_pob type="varchar"  label="City">Charles Tow</name_pob><ind_active type="tinyint"  label="Active">1</ind_active></row>
<row><id_poblacion type="int" >17988</id_poblacion><id_prov type="smallint" >3309</id_prov><name_pob type="varchar"  label="City">Pine Bluff</name_pob><ind_active type="tinyint"  label="Active">1</ind_active></row>
<row><id_poblacion type="int" >17989</id_poblacion><id_prov type="smallint" >3310</id_prov><name_pob type="varchar"  label="City">South Bend</name_pob><ind_active type="tinyint"  label="Active">1</ind_active></row>
<row><id_poblacion type="int" >17990</id_poblacion><id_prov type="smallint" >3311</id_prov><name_pob type="varchar"  label="City">Cathlamet</name_pob><ind_active type="tinyint"  label="Active">1</ind_active></row>
<row><id_poblacion type="int" >17991</id_poblacion><id_prov type="smallint" >3312</id_prov><name_pob type="varchar"  label="City">Lowville</name_pob><ind_active type="tinyint"  label="Active">1</ind_active></row>
<row><id_poblacion type="int" >17992</id_poblacion><id_prov type="smallint" >3312</id_prov><name_pob type="varchar"  label="City">Hohenwald</name_pob><ind_active type="tinyint"  label="Active">1</ind_active></row>
<row><id_poblacion type="int" >17993</id_poblacion><id_prov type="smallint" >3312</id_prov><name_pob type="varchar"  label="City">Chehalis</name_pob><ind_active type="tinyint"  label="Active">1</ind_active></row>
<row><id_poblacion type="int" >17994</id_poblacion><id_prov type="smallint" >3312</id_prov><name_pob type="varchar"  label="City">Weston</name_pob><ind_active type="tinyint"  label="Active">1</ind_active></row>
<row><id_poblacion type="int" >17995</id_poblacion><id_prov type="smallint" >3312</id_prov><name_pob type="varchar"  label="City">Vanceburg</name_pob><ind_active type="tinyint"  label="Active">1</ind_active></row>
<row><id_poblacion type="int" >17996</id_poblacion><id_prov type="smallint" >3312</id_prov><name_pob type="varchar"  label="City">Nezperce</name_pob><ind_active type="tinyint"  label="Active">1</ind_active></row>
<row><id_poblacion type="int" >17997</id_poblacion><id_prov type="smallint" >3312</id_prov><name_pob type="varchar"  label="City">Monticello</name_pob><ind_active type="tinyint"  label="Active">1</ind_active></row>
<row><id_poblacion type="int" >17998</id_poblacion><id_prov type="smallint" >3313</id_prov><name_pob type="varchar"  label="City">Glenwood Sp</name_pob><ind_active type="tinyint"  label="Active">1</ind_active></row>
<row><id_poblacion type="int" >17999</id_poblacion><id_prov type="smallint" >3313</id_prov><name_pob type="varchar"  label="City">Jordan</name_pob><ind_active type="tinyint"  label="Active">1</ind_active></row>
<row><id_poblacion type="int" >18000</id_poblacion><id_prov type="smallint" >3313</id_prov><name_pob type="varchar"  label="City">Burwell</name_pob><ind_active type="tinyint"  label="Active">1</ind_active></row>
<row><id_poblacion type="int" >18001</id_poblacion><id_prov type="smallint" >3313</id_prov><name_pob type="varchar"  label="City">Enid</name_pob><ind_active type="tinyint"  label="Active">1</ind_active></row>
<row><id_poblacion type="int" >18002</id_poblacion><id_prov type="smallint" >3313</id_prov><name_pob type="varchar"  label="City">Panguitch</name_pob><ind_active type="tinyint"  label="Active">1</ind_active></row>
<row><id_poblacion type="int" >18003</id_poblacion><id_prov type="smallint" >3313</id_prov><name_pob type="varchar"  label="City">Pomeroy</name_pob><ind_active type="tinyint"  label="Active">1</ind_active></row>
<row><id_poblacion type="int" >18004</id_poblacion><id_prov type="smallint" >3314</id_prov><name_pob type="varchar"  label="City">Port Orchar</name_pob><ind_active type="tinyint"  label="Active">1</ind_active></row>
<row><id_poblacion type="int" >18005</id_poblacion><id_prov type="smallint" >3315</id_prov><name_pob type="varchar"  label="City">Ellensburg</name_pob><ind_active type="tinyint"  label="Active">1</ind_active></row>
<row><id_poblacion type="int" >18006</id_poblacion><id_prov type="smallint" >3316</id_prov><name_pob type="varchar"  label="City">Asotin</name_pob><ind_active type="tinyint"  label="Active">1</ind_active></row>
<row><id_poblacion type="int" >18007</id_poblacion><id_prov type="smallint" >3317</id_prov><name_pob type="varchar"  label="City">Havana</name_pob><ind_active type="tinyint"  label="Active">1</ind_active></row>
<row><id_poblacion type="int" >18008</id_poblacion><id_prov type="smallint" >3317</id_prov><name_pob type="varchar"  label="City">Maysville</name_pob><ind_active type="tinyint"  label="Active">1</ind_active></row>
<row><id_poblacion type="int" >18009</id_poblacion><id_prov type="smallint" >3317</id_prov><name_pob type="varchar"  label="City">Ludington</name_pob><ind_active type="tinyint"  label="Active">1</ind_active></row>
<row><id_poblacion type="int" >18010</id_poblacion><id_prov type="smallint" >3317</id_prov><name_pob type="varchar"  label="City">Mason</name_pob><ind_active type="tinyint"  label="Active">1</ind_active></row>
<row><id_poblacion type="int" >18011</id_poblacion><id_prov type="smallint" >3317</id_prov><name_pob type="varchar"  label="City">Shelton</name_pob><ind_active type="tinyint"  label="Active">1</ind_active></row>
<row><id_poblacion type="int" >18012</id_poblacion><id_prov type="smallint" >3317</id_prov><name_pob type="varchar"  label="City">Point Pleas</name_pob><ind_active type="tinyint"  label="Active">1</ind_active></row>
<row><id_poblacion type="int" >18013</id_poblacion><id_prov type="smallint" >3318</id_prov><name_pob type="varchar"  label="City">Goldendale</name_pob><ind_active type="tinyint"  label="Active">1</ind_active></row>
<row><id_poblacion type="int" >18014</id_poblacion><id_prov type="smallint" >3319</id_prov><name_pob type="varchar"  label="City">Silver City</name_pob><ind_active type="tinyint"  label="Active">1</ind_active></row>
<row><id_poblacion type="int" >18015</id_poblacion><id_prov type="smallint" >3319</id_prov><name_pob type="varchar"  label="City">Sheridan</name_pob><ind_active type="tinyint"  label="Active">1</ind_active></row>
<row><id_poblacion type="int" >18016</id_poblacion><id_prov type="smallint" >3319</id_prov><name_pob type="varchar"  label="City">Lancaster</name_pob><ind_active type="tinyint"  label="Active">1</ind_active></row>
<row><id_poblacion type="int" >18017</id_poblacion><id_prov type="smallint" >3319</id_prov><name_pob type="varchar"  label="City">Petersburg</name_pob><ind_active type="tinyint"  label="Active">1</ind_active></row>
<row><id_poblacion type="int" >18018</id_poblacion><id_prov type="smallint" >3319</id_prov><name_pob type="varchar"  label="City">Ephrata</name_pob><ind_active type="tinyint"  label="Active">1</ind_active></row>
<row><id_poblacion type="int" >18019</id_poblacion><id_prov type="smallint" >3319</id_prov><name_pob type="varchar"  label="City">Milbank</name_pob><ind_active type="tinyint"  label="Active">1</ind_active></row>
<row><id_poblacion type="int" >18020</id_poblacion><id_prov type="smallint" >3319</id_prov><name_pob type="varchar"  label="City">Canyon City</name_pob><ind_active type="tinyint"  label="Active">1</ind_active></row>
<row><id_poblacion type="int" >18021</id_poblacion><id_prov type="smallint" >3319</id_prov><name_pob type="varchar"  label="City">Medford</name_pob><ind_active type="tinyint"  label="Active">1</ind_active></row>
<row><id_poblacion type="int" >18022</id_poblacion><id_prov type="smallint" >3319</id_prov><name_pob type="varchar"  label="City">Carson</name_pob><ind_active type="tinyint"  label="Active">1</ind_active></row>
<row><id_poblacion type="int" >18023</id_poblacion><id_prov type="smallint" >3319</id_prov><name_pob type="varchar"  label="City">Elbow Lake</name_pob><ind_active type="tinyint"  label="Active">1</ind_active></row>
<row><id_poblacion type="int" >18024</id_poblacion><id_prov type="smallint" >3319</id_prov><name_pob type="varchar"  label="City">Colfax</name_pob><ind_active type="tinyint"  label="Active">1</ind_active></row>
<row><id_poblacion type="int" >18025</id_poblacion><id_prov type="smallint" >3319</id_prov><name_pob type="varchar"  label="City">Williamstow</name_pob><ind_active type="tinyint"  label="Active">1</ind_active></row>
<row><id_poblacion type="int" >18026</id_poblacion><id_prov type="smallint" >3319</id_prov><name_pob type="varchar"  label="City">Marion</name_pob><ind_active type="tinyint"  label="Active">1</ind_active></row>
<row><id_poblacion type="int" >18027</id_poblacion><id_prov type="smallint" >3319</id_prov><name_pob type="varchar"  label="City">Ulysses</name_pob><ind_active type="tinyint"  label="Active">1</ind_active></row>
<row><id_poblacion type="int" >18028</id_poblacion><id_prov type="smallint" >3319</id_prov><name_pob type="varchar"  label="City">Hyannis</name_pob><ind_active type="tinyint"  label="Active">1</ind_active></row>
<row><id_poblacion type="int" >18029</id_poblacion><id_prov type="smallint" >3320</id_prov><name_pob type="varchar"  label="City">Yakima</name_pob><ind_active type="tinyint"  label="Active">1</ind_active></row>
<row><id_poblacion type="int" >18030</id_poblacion><id_prov type="smallint" >3321</id_prov><name_pob type="varchar"  label="City">Wenatchee</name_pob><ind_active type="tinyint"  label="Active">1</ind_active></row>
<row><id_poblacion type="int" >18031</id_poblacion><id_prov type="smallint" >3322</id_prov><name_pob type="varchar"  label="City">Republic</name_pob><ind_active type="tinyint"  label="Active">1</ind_active></row>
<row><id_poblacion type="int" >18032</id_poblacion><id_prov type="smallint" >3323</id_prov><name_pob type="varchar"  label="City">Friday Harb</name_pob><ind_active type="tinyint"  label="Active">1</ind_active></row>
<row><id_poblacion type="int" >18033</id_poblacion><id_prov type="smallint" >3323</id_prov><name_pob type="varchar"  label="City">Monticello</name_pob><ind_active type="tinyint"  label="Active">1</ind_active></row>
<row><id_poblacion type="int" >18034</id_poblacion><id_prov type="smallint" >3323</id_prov><name_pob type="varchar"  label="City">Aztec</name_pob><ind_active type="tinyint"  label="Active">1</ind_active></row>
<row><id_poblacion type="int" >18035</id_poblacion><id_prov type="smallint" >3323</id_prov><name_pob type="varchar"  label="City">Silverton</name_pob><ind_active type="tinyint"  label="Active">1</ind_active></row>
<row><id_poblacion type="int" >18036</id_poblacion><id_prov type="smallint" >3324</id_prov><name_pob type="varchar"  label="City">Alexandria</name_pob><ind_active type="tinyint"  label="Active">1</ind_active></row>
<row><id_poblacion type="int" >18037</id_poblacion><id_prov type="smallint" >3324</id_prov><name_pob type="varchar"  label="City">Superior</name_pob><ind_active type="tinyint"  label="Active">1</ind_active></row>
<row><id_poblacion type="int" >18038</id_poblacion><id_prov type="smallint" >3324</id_prov><name_pob type="varchar"  label="City">Waterville</name_pob><ind_active type="tinyint"  label="Active">1</ind_active></row>
<row><id_poblacion type="int" >18039</id_poblacion><id_prov type="smallint" >3324</id_prov><name_pob type="varchar"  label="City">Armour</name_pob><ind_active type="tinyint"  label="Active">1</ind_active></row>
<row><id_poblacion type="int" >18040</id_poblacion><id_prov type="smallint" >3324</id_prov><name_pob type="varchar"  label="City">Roseburg</name_pob><ind_active type="tinyint"  label="Active">1</ind_active></row>
<row><id_poblacion type="int" >18041</id_poblacion><id_prov type="smallint" >3324</id_prov><name_pob type="varchar"  label="City">Minden</name_pob><ind_active type="tinyint"  label="Active">1</ind_active></row>
<row><id_poblacion type="int" >18042</id_poblacion><id_prov type="smallint" >3324</id_prov><name_pob type="varchar"  label="City">Omaha</name_pob><ind_active type="tinyint"  label="Active">1</ind_active></row>
<row><id_poblacion type="int" >18043</id_poblacion><id_prov type="smallint" >3324</id_prov><name_pob type="varchar"  label="City">Lawrence</name_pob><ind_active type="tinyint"  label="Active">1</ind_active></row>
<row><id_poblacion type="int" >18044</id_poblacion><id_prov type="smallint" >3324</id_prov><name_pob type="varchar"  label="City">Tuscola</name_pob><ind_active type="tinyint"  label="Active">1</ind_active></row>
<row><id_poblacion type="int" >18045</id_poblacion><id_prov type="smallint" >3324</id_prov><name_pob type="varchar"  label="City">Douglasvill</name_pob><ind_active type="tinyint"  label="Active">1</ind_active></row>
<row><id_poblacion type="int" >18046</id_poblacion><id_prov type="smallint" >3324</id_prov><name_pob type="varchar"  label="City">Castle Rock</name_pob><ind_active type="tinyint"  label="Active">1</ind_active></row>
<row><id_poblacion type="int" >18047</id_poblacion><id_prov type="smallint" >3324</id_prov><name_pob type="varchar"  label="City">Ava</name_pob><ind_active type="tinyint"  label="Active">1</ind_active></row>
<row><id_poblacion type="int" >18048</id_poblacion><id_prov type="smallint" >3325</id_prov><name_pob type="varchar"  label="City">Okanogan</name_pob><ind_active type="tinyint"  label="Active">1</ind_active></row>
<row><id_poblacion type="int" >18049</id_poblacion><id_prov type="smallint" >3326</id_prov><name_pob type="varchar"  label="City">Pender</name_pob><ind_active type="tinyint"  label="Active">1</ind_active></row>
<row><id_poblacion type="int" >18050</id_poblacion><id_prov type="smallint" >3326</id_prov><name_pob type="varchar"  label="City">Olympia</name_pob><ind_active type="tinyint"  label="Active">1</ind_active></row>
<row><id_poblacion type="int" >18051</id_poblacion><id_prov type="smallint" >3327</id_prov><name_pob type="varchar"  label="City">Carnesville</name_pob><ind_active type="tinyint"  label="Active">1</ind_active></row>
<row><id_poblacion type="int" >18052</id_poblacion><id_prov type="smallint" >3327</id_prov><name_pob type="varchar"  label="City">Louisburg</name_pob><ind_active type="tinyint"  label="Active">1</ind_active></row>
<row><id_poblacion type="int" >18054</id_poblacion><id_prov type="smallint" >3327</id_prov><name_pob type="varchar"  label="City">Malone</name_pob><ind_active type="tinyint"  label="Active">1</ind_active></row>
<row><id_poblacion type="int" >18055</id_poblacion><id_prov type="smallint" >3327</id_prov><name_pob type="varchar"  label="City">Columbus</name_pob><ind_active type="tinyint"  label="Active">1</ind_active></row>
<row><id_poblacion type="int" >18056</id_poblacion><id_prov type="smallint" >3327</id_prov><name_pob type="varchar"  label="City">Chambersbur</name_pob><ind_active type="tinyint"  label="Active">1</ind_active></row>
<row><id_poblacion type="int" >18057</id_poblacion><id_prov type="smallint" >3327</id_prov><name_pob type="varchar"  label="City">Winchester</name_pob><ind_active type="tinyint"  label="Active">1</ind_active></row>
<row><id_poblacion type="int" >18058</id_poblacion><id_prov type="smallint" >3327</id_prov><name_pob type="varchar"  label="City">Mount Verno</name_pob><ind_active type="tinyint"  label="Active">1</ind_active></row>
<row><id_poblacion type="int" >18059</id_poblacion><id_prov type="smallint" >3327</id_prov><name_pob type="varchar"  label="City">Rocky Mount</name_pob><ind_active type="tinyint"  label="Active">1</ind_active></row>
<row><id_poblacion type="int" >18061</id_poblacion><id_prov type="smallint" >3327</id_prov><name_pob type="varchar"  label="City">Saint Alban</name_pob><ind_active type="tinyint"  label="Active">1</ind_active></row>
<row><id_poblacion type="int" >18062</id_poblacion><id_prov type="smallint" >3327</id_prov><name_pob type="varchar"  label="City">Meadville</name_pob><ind_active type="tinyint"  label="Active">1</ind_active></row>
<row><id_poblacion type="int" >18063</id_poblacion><id_prov type="smallint" >3327</id_prov><name_pob type="varchar"  label="City">Pasco</name_pob><ind_active type="tinyint"  label="Active">1</ind_active></row>
<row><id_poblacion type="int" >18064</id_poblacion><id_prov type="smallint" >3327</id_prov><name_pob type="varchar"  label="City">Benton</name_pob><ind_active type="tinyint"  label="Active">1</ind_active></row>
<row><id_poblacion type="int" >18065</id_poblacion><id_prov type="smallint" >3327</id_prov><name_pob type="varchar"  label="City">Russellvill</name_pob><ind_active type="tinyint"  label="Active">1</ind_active></row>
<row><id_poblacion type="int" >18066</id_poblacion><id_prov type="smallint" >3327</id_prov><name_pob type="varchar"  label="City">Charleston,</name_pob><ind_active type="tinyint"  label="Active">1</ind_active></row>
<row><id_poblacion type="int" >18067</id_poblacion><id_prov type="smallint" >3327</id_prov><name_pob type="varchar"  label="City">Preston</name_pob><ind_active type="tinyint"  label="Active">1</ind_active></row>
<row><id_poblacion type="int" >18068</id_poblacion><id_prov type="smallint" >3327</id_prov><name_pob type="varchar"  label="City">Hampton</name_pob><ind_active type="tinyint"  label="Active">1</ind_active></row>
<row><id_poblacion type="int" >18069</id_poblacion><id_prov type="smallint" >3327</id_prov><name_pob type="varchar"  label="City">Union</name_pob><ind_active type="tinyint"  label="Active">1</ind_active></row>
<row><id_poblacion type="int" >18070</id_poblacion><id_prov type="smallint" >3327</id_prov><name_pob type="varchar"  label="City">Brookville</name_pob><ind_active type="tinyint"  label="Active">1</ind_active></row>
<row><id_poblacion type="int" >18071</id_poblacion><id_prov type="smallint" >3327</id_prov><name_pob type="varchar"  label="City">Ottawa</name_pob><ind_active type="tinyint"  label="Active">1</ind_active></row>
<row><id_poblacion type="int" >18072</id_poblacion><id_prov type="smallint" >3327</id_prov><name_pob type="varchar"  label="City">Frankfort</name_pob><ind_active type="tinyint"  label="Active">1</ind_active></row>
<row><id_poblacion type="int" >18073</id_poblacion><id_prov type="smallint" >3327</id_prov><name_pob type="varchar"  label="City">Winnsboro</name_pob><ind_active type="tinyint"  label="Active">1</ind_active></row>
<row><id_poblacion type="int" >18074</id_poblacion><id_prov type="smallint" >3327</id_prov><name_pob type="varchar"  label="City">Greenfield</name_pob><ind_active type="tinyint"  label="Active">1</ind_active></row>
<row><id_poblacion type="int" >18075</id_poblacion><id_prov type="smallint" >3327</id_prov><name_pob type="varchar"  label="City">Farmington</name_pob><ind_active type="tinyint"  label="Active">1</ind_active></row>
<row><id_poblacion type="int" >18076</id_poblacion><id_prov type="smallint" >3327</id_prov><name_pob type="varchar"  label="City">Apalachicol</name_pob><ind_active type="tinyint"  label="Active">1</ind_active></row>
<row><id_poblacion type="int" >18077</id_poblacion><id_prov type="smallint" >3328</id_prov><name_pob type="varchar"  label="City">Stevenson</name_pob><ind_active type="tinyint"  label="Active">1</ind_active></row>
<row><id_poblacion type="int" >18078</id_poblacion><id_prov type="smallint" >3329</id_prov><name_pob type="varchar"  label="City">Mount Verno</name_pob><ind_active type="tinyint"  label="Active">1</ind_active></row>
<row><id_poblacion type="int" >18079</id_poblacion><id_prov type="smallint" >3330</id_prov><name_pob type="varchar"  label="City">Bellingham</name_pob><ind_active type="tinyint"  label="Active">1</ind_active></row>
<row><id_poblacion type="int" >18080</id_poblacion><id_prov type="smallint" >3331</id_prov><name_pob type="varchar"  label="City">Spokane</name_pob><ind_active type="tinyint"  label="Active">1</ind_active></row>
<row><id_poblacion type="int" >18081</id_poblacion><id_prov type="smallint" >3332</id_prov><name_pob type="varchar"  label="City">Colfax</name_pob><ind_active type="tinyint"  label="Active">1</ind_active></row>
<row><id_poblacion type="int" >18082</id_poblacion><id_prov type="smallint" >3333</id_prov><name_pob type="varchar"  label="City">Coupeville</name_pob><ind_active type="tinyint"  label="Active">1</ind_active></row>
<row><id_poblacion type="int" >18083</id_poblacion><id_prov type="smallint" >3334</id_prov><name_pob type="varchar"  label="City">North Platt</name_pob><ind_active type="tinyint"  label="Active">1</ind_active></row>
<row><id_poblacion type="int" >18084</id_poblacion><id_prov type="smallint" >3334</id_prov><name_pob type="varchar"  label="City">Kemmerer</name_pob><ind_active type="tinyint"  label="Active">1</ind_active></row>
<row><id_poblacion type="int" >18085</id_poblacion><id_prov type="smallint" >3334</id_prov><name_pob type="varchar"  label="City">Hamlin</name_pob><ind_active type="tinyint"  label="Active">1</ind_active></row>
<row><id_poblacion type="int" >18086</id_poblacion><id_prov type="smallint" >3334</id_prov><name_pob type="varchar"  label="City">Merrill</name_pob><ind_active type="tinyint"  label="Active">1</ind_active></row>
<row><id_poblacion type="int" >18087</id_poblacion><id_prov type="smallint" >3334</id_prov><name_pob type="varchar"  label="City">Davenport</name_pob><ind_active type="tinyint"  label="Active">1</ind_active></row>
<row><id_poblacion type="int" >18088</id_poblacion><id_prov type="smallint" >3334</id_prov><name_pob type="varchar"  label="City">Fayettevill</name_pob><ind_active type="tinyint"  label="Active">1</ind_active></row>
<row><id_poblacion type="int" >18089</id_poblacion><id_prov type="smallint" >3334</id_prov><name_pob type="varchar"  label="City">Canton</name_pob><ind_active type="tinyint"  label="Active">1</ind_active></row>
<row><id_poblacion type="int" >18090</id_poblacion><id_prov type="smallint" >3334</id_prov><name_pob type="varchar"  label="City">Newport</name_pob><ind_active type="tinyint"  label="Active">1</ind_active></row>
<row><id_poblacion type="int" >18091</id_poblacion><id_prov type="smallint" >3334</id_prov><name_pob type="varchar"  label="City">Chandler</name_pob><ind_active type="tinyint"  label="Active">1</ind_active></row>
<row><id_poblacion type="int" >18092</id_poblacion><id_prov type="smallint" >3334</id_prov><name_pob type="varchar"  label="City">Pioche</name_pob><ind_active type="tinyint"  label="Active">1</ind_active></row>
<row><id_poblacion type="int" >18093</id_poblacion><id_prov type="smallint" >3334</id_prov><name_pob type="varchar"  label="City">Carrizozo</name_pob><ind_active type="tinyint"  label="Active">1</ind_active></row>
<row><id_poblacion type="int" >18094</id_poblacion><id_prov type="smallint" >3334</id_prov><name_pob type="varchar"  label="City">Wiscasset</name_pob><ind_active type="tinyint"  label="Active">1</ind_active></row>
<row><id_poblacion type="int" >18097</id_poblacion><id_prov type="smallint" >3334</id_prov><name_pob type="varchar"  label="City">Hugo</name_pob><ind_active type="tinyint"  label="Active">1</ind_active></row>
<row><id_poblacion type="int" >18098</id_poblacion><id_prov type="smallint" >3334</id_prov><name_pob type="varchar"  label="City">Shoshone</name_pob><ind_active type="tinyint"  label="Active">1</ind_active></row>
<row><id_poblacion type="int" >18099</id_poblacion><id_prov type="smallint" >3334</id_prov><name_pob type="varchar"  label="City">Lincoln</name_pob><ind_active type="tinyint"  label="Active">1</ind_active></row>
<row><id_poblacion type="int" >18100</id_poblacion><id_prov type="smallint" >3334</id_prov><name_pob type="varchar"  label="City">Stanford</name_pob><ind_active type="tinyint"  label="Active">1</ind_active></row>
<row><id_poblacion type="int" >18101</id_poblacion><id_prov type="smallint" >3334</id_prov><name_pob type="varchar"  label="City">Troy</name_pob><ind_active type="tinyint"  label="Active">1</ind_active></row>
<row><id_poblacion type="int" >18102</id_poblacion><id_prov type="smallint" >3334</id_prov><name_pob type="varchar"  label="City">Ivanhoe</name_pob><ind_active type="tinyint"  label="Active">1</ind_active></row>
<row><id_poblacion type="int" >18103</id_poblacion><id_prov type="smallint" >3334</id_prov><name_pob type="varchar"  label="City">Star City</name_pob><ind_active type="tinyint"  label="Active">1</ind_active></row>
<row><id_poblacion type="int" >18104</id_poblacion><id_prov type="smallint" >3334</id_prov><name_pob type="varchar"  label="City">Brookhaven</name_pob><ind_active type="tinyint"  label="Active">1</ind_active></row>
<row><id_poblacion type="int" >18105</id_poblacion><id_prov type="smallint" >3334</id_prov><name_pob type="varchar"  label="City">Libby</name_pob><ind_active type="tinyint"  label="Active">1</ind_active></row>
<row><id_poblacion type="int" >18106</id_poblacion><id_prov type="smallint" >3334</id_prov><name_pob type="varchar"  label="City">Ruston</name_pob><ind_active type="tinyint"  label="Active">1</ind_active></row>
<row><id_poblacion type="int" >18107</id_poblacion><id_prov type="smallint" >3335</id_prov><name_pob type="varchar"  label="City">Blackshear</name_pob><ind_active type="tinyint"  label="Active">1</ind_active></row>
<row><id_poblacion type="int" >18108</id_poblacion><id_prov type="smallint" >3335</id_prov><name_pob type="varchar"  label="City">Rugby</name_pob><ind_active type="tinyint"  label="Active">1</ind_active></row>
<row><id_poblacion type="int" >18109</id_poblacion><id_prov type="smallint" >3335</id_prov><name_pob type="varchar"  label="City">Pierce</name_pob><ind_active type="tinyint"  label="Active">1</ind_active></row>
<row><id_poblacion type="int" >18110</id_poblacion><id_prov type="smallint" >3335</id_prov><name_pob type="varchar"  label="City">Tacoma</name_pob><ind_active type="tinyint"  label="Active">1</ind_active></row>
<row><id_poblacion type="int" >18111</id_poblacion><id_prov type="smallint" >3335</id_prov><name_pob type="varchar"  label="City">Ellsworth</name_pob><ind_active type="tinyint"  label="Active">1</ind_active></row>
<row><id_poblacion type="int" >18112</id_poblacion><id_prov type="smallint" >3336</id_prov><name_pob type="varchar"  label="City">Walla Walla</name_pob><ind_active type="tinyint"  label="Active">1</ind_active></row>
<row><id_poblacion type="int" >18113</id_poblacion><id_prov type="smallint" >3337</id_prov><name_pob type="varchar"  label="City">Hugoton</name_pob><ind_active type="tinyint"  label="Active">1</ind_active></row>
<row><id_poblacion type="int" >18114</id_poblacion><id_prov type="smallint" >3337</id_prov><name_pob type="varchar"  label="City">Morris</name_pob><ind_active type="tinyint"  label="Active">1</ind_active></row>
<row><id_poblacion type="int" >18115</id_poblacion><id_prov type="smallint" >3337</id_prov><name_pob type="varchar"  label="City">Colville</name_pob><ind_active type="tinyint"  label="Active">1</ind_active></row>
<row><id_poblacion type="int" >18116</id_poblacion><id_prov type="smallint" >3338</id_prov><name_pob type="varchar"  label="City">Dayton</name_pob><ind_active type="tinyint"  label="Active">1</ind_active></row>
<row><id_poblacion type="int" >18117</id_poblacion><id_prov type="smallint" >3338</id_prov><name_pob type="varchar"  label="City">Portage</name_pob><ind_active type="tinyint"  label="Active">1</ind_active></row>
<row><id_poblacion type="int" >18118</id_poblacion><id_prov type="smallint" >3338</id_prov><name_pob type="varchar"  label="City">Bloomsburg</name_pob><ind_active type="tinyint"  label="Active">1</ind_active></row>
<row><id_poblacion type="int" >18119</id_poblacion><id_prov type="smallint" >3338</id_prov><name_pob type="varchar"  label="City">Saint Helen</name_pob><ind_active type="tinyint"  label="Active">1</ind_active></row>
<row><id_poblacion type="int" >18120</id_poblacion><id_prov type="smallint" >3338</id_prov><name_pob type="varchar"  label="City">Hudson</name_pob><ind_active type="tinyint"  label="Active">1</ind_active></row>
<row><id_poblacion type="int" >18121</id_poblacion><id_prov type="smallint" >3338</id_prov><name_pob type="varchar"  label="City">Appling</name_pob><ind_active type="tinyint"  label="Active">1</ind_active></row>
<row><id_poblacion type="int" >18122</id_poblacion><id_prov type="smallint" >3338</id_prov><name_pob type="varchar"  label="City">Magnolia</name_pob><ind_active type="tinyint"  label="Active">1</ind_active></row>
<row><id_poblacion type="int" >18123</id_poblacion><id_prov type="smallint" >3338</id_prov><name_pob type="varchar"  label="City">Lake City</name_pob><ind_active type="tinyint"  label="Active">1</ind_active></row>
<row><id_poblacion type="int" >18124</id_poblacion><id_prov type="smallint" >3339</id_prov><name_pob type="varchar"  label="City">Everett</name_pob><ind_active type="tinyint"  label="Active">1</ind_active></row>
<row><id_poblacion type="int" >18125</id_poblacion><id_prov type="smallint" >3340</id_prov><name_pob type="varchar"  label="City">Port Angele</name_pob><ind_active type="tinyint"  label="Active">1</ind_active></row>
<row><id_poblacion type="int" >18126</id_poblacion><id_prov type="smallint" >3341</id_prov><name_pob type="varchar"  label="City">Kahoka</name_pob><ind_active type="tinyint"  label="Active">1</ind_active></row>
<row><id_poblacion type="int" >18127</id_poblacion><id_prov type="smallint" >3341</id_prov><name_pob type="varchar"  label="City">Neillsville</name_pob><ind_active type="tinyint"  label="Active">1</ind_active></row>
<row><id_poblacion type="int" >18128</id_poblacion><id_prov type="smallint" >3341</id_prov><name_pob type="varchar"  label="City">Vancouver</name_pob><ind_active type="tinyint"  label="Active">1</ind_active></row>
<row><id_poblacion type="int" >18129</id_poblacion><id_prov type="smallint" >3341</id_prov><name_pob type="varchar"  label="City">Clark</name_pob><ind_active type="tinyint"  label="Active">1</ind_active></row>
<row><id_poblacion type="int" >18130</id_poblacion><id_prov type="smallint" >3341</id_prov><name_pob type="varchar"  label="City">Springfield</name_pob><ind_active type="tinyint"  label="Active">1</ind_active></row>
<row><id_poblacion type="int" >18131</id_poblacion><id_prov type="smallint" >3341</id_prov><name_pob type="varchar"  label="City">Las Vegas</name_pob><ind_active type="tinyint"  label="Active">1</ind_active></row>
<row><id_poblacion type="int" >18132</id_poblacion><id_prov type="smallint" >3341</id_prov><name_pob type="varchar"  label="City">Ashland</name_pob><ind_active type="tinyint"  label="Active">1</ind_active></row>
<row><id_poblacion type="int" >18133</id_poblacion><id_prov type="smallint" >3341</id_prov><name_pob type="varchar"  label="City">Jeffersonvi</name_pob><ind_active type="tinyint"  label="Active">1</ind_active></row>
<row><id_poblacion type="int" >18134</id_poblacion><id_prov type="smallint" >3341</id_prov><name_pob type="varchar"  label="City">Marshall</name_pob><ind_active type="tinyint"  label="Active">1</ind_active></row>
<row><id_poblacion type="int" >18135</id_poblacion><id_prov type="smallint" >3341</id_prov><name_pob type="varchar"  label="City">Dubois</name_pob><ind_active type="tinyint"  label="Active">1</ind_active></row>
<row><id_poblacion type="int" >18136</id_poblacion><id_prov type="smallint" >3341</id_prov><name_pob type="varchar"  label="City">Arkadelphia</name_pob><ind_active type="tinyint"  label="Active">1</ind_active></row>
<row><id_poblacion type="int" >18137</id_poblacion><id_prov type="smallint" >3341</id_prov><name_pob type="varchar"  label="City">Winchester</name_pob><ind_active type="tinyint"  label="Active">1</ind_active></row>
<row><id_poblacion type="int" >18138</id_poblacion><id_prov type="smallint" >3342</id_prov><name_pob type="varchar"  label="City">Newport</name_pob><ind_active type="tinyint"  label="Active">1</ind_active></row>
<row><id_poblacion type="int" >18139</id_poblacion><id_prov type="smallint" >3343</id_prov><name_pob type="varchar"  label="City">Seattle</name_pob><ind_active type="tinyint"  label="Active">1</ind_active></row>
<row><id_poblacion type="int" >18140</id_poblacion><id_prov type="smallint" >3343</id_prov><name_pob type="varchar"  label="City">Guthrie</name_pob><ind_active type="tinyint"  label="Active">1</ind_active></row>
<row><id_poblacion type="int" >18141</id_poblacion><id_prov type="smallint" >3344</id_prov><name_pob type="varchar"  label="City">Quincy</name_pob><ind_active type="tinyint"  label="Active">1</ind_active></row>
<row><id_poblacion type="int" >18142</id_poblacion><id_prov type="smallint" >3344</id_prov><name_pob type="varchar"  label="City">Friendship</name_pob><ind_active type="tinyint"  label="Active">1</ind_active></row>
<row><id_poblacion type="int" >18143</id_poblacion><id_prov type="smallint" >3344</id_prov><name_pob type="varchar"  label="City">Ritzville</name_pob><ind_active type="tinyint"  label="Active">1</ind_active></row>
<row><id_poblacion type="int" >18144</id_poblacion><id_prov type="smallint" >3344</id_prov><name_pob type="varchar"  label="City">Gettysburg</name_pob><ind_active type="tinyint"  label="Active">1</ind_active></row>
<row><id_poblacion type="int" >18145</id_poblacion><id_prov type="smallint" >3344</id_prov><name_pob type="varchar"  label="City">West Union</name_pob><ind_active type="tinyint"  label="Active">1</ind_active></row>
<row><id_poblacion type="int" >18146</id_poblacion><id_prov type="smallint" >3344</id_prov><name_pob type="varchar"  label="City">Hastings</name_pob><ind_active type="tinyint"  label="Active">1</ind_active></row>
<row><id_poblacion type="int" >18147</id_poblacion><id_prov type="smallint" >3344</id_prov><name_pob type="varchar"  label="City">Hettinger</name_pob><ind_active type="tinyint"  label="Active">1</ind_active></row>
<row><id_poblacion type="int" >18148</id_poblacion><id_prov type="smallint" >3344</id_prov><name_pob type="varchar"  label="City">Decatur</name_pob><ind_active type="tinyint"  label="Active">1</ind_active></row>
<row><id_poblacion type="int" >18149</id_poblacion><id_prov type="smallint" >3344</id_prov><name_pob type="varchar"  label="City">Council</name_pob><ind_active type="tinyint"  label="Active">1</ind_active></row>
<row><id_poblacion type="int" >18150</id_poblacion><id_prov type="smallint" >3344</id_prov><name_pob type="varchar"  label="City">Corning</name_pob><ind_active type="tinyint"  label="Active">1</ind_active></row>
<row><id_poblacion type="int" >18151</id_poblacion><id_prov type="smallint" >3344</id_prov><name_pob type="varchar"  label="City">Brighton</name_pob><ind_active type="tinyint"  label="Active">1</ind_active></row>
<row><id_poblacion type="int" >18152</id_poblacion><id_prov type="smallint" >3344</id_prov><name_pob type="varchar"  label="City">Natchez</name_pob><ind_active type="tinyint"  label="Active">1</ind_active></row>
<row><id_poblacion type="int" >18153</id_poblacion><id_prov type="smallint" >3345</id_prov><name_pob type="varchar"  label="City">Ashland</name_pob><ind_active type="tinyint"  label="Active">1</ind_active></row>
<row><id_poblacion type="int" >18154</id_poblacion><id_prov type="smallint" >3345</id_prov><name_pob type="varchar"  label="City">Prosser</name_pob><ind_active type="tinyint"  label="Active">1</ind_active></row>
<row><id_poblacion type="int" >18155</id_poblacion><id_prov type="smallint" >3345</id_prov><name_pob type="varchar"  label="City">Corvallis</name_pob><ind_active type="tinyint"  label="Active">1</ind_active></row>
<row><id_poblacion type="int" >18156</id_poblacion><id_prov type="smallint" >3345</id_prov><name_pob type="varchar"  label="City">Warsaw</name_pob><ind_active type="tinyint"  label="Active">1</ind_active></row>
<row><id_poblacion type="int" >18157</id_poblacion><id_prov type="smallint" >3345</id_prov><name_pob type="varchar"  label="City">Foley</name_pob><ind_active type="tinyint"  label="Active">1</ind_active></row>
<row><id_poblacion type="int" >18158</id_poblacion><id_prov type="smallint" >3345</id_prov><name_pob type="varchar"  label="City">Fowler</name_pob><ind_active type="tinyint"  label="Active">1</ind_active></row>
<row><id_poblacion type="int" >18159</id_poblacion><id_prov type="smallint" >3345</id_prov><name_pob type="varchar"  label="City">Vinton</name_pob><ind_active type="tinyint"  label="Active">1</ind_active></row>
<row><id_poblacion type="int" >18160</id_poblacion><id_prov type="smallint" >3345</id_prov><name_pob type="varchar"  label="City">Bentonville</name_pob><ind_active type="tinyint"  label="Active">1</ind_active></row>
<row><id_poblacion type="int" >18161</id_poblacion><id_prov type="smallint" >3345</id_prov><name_pob type="varchar"  label="City">Camden</name_pob><ind_active type="tinyint"  label="Active">1</ind_active></row>
<row><id_poblacion type="int" >18162</id_poblacion><id_prov type="smallint" >3346</id_prov><name_pob type="varchar"  label="City">Kelso</name_pob><ind_active type="tinyint"  label="Active">1</ind_active></row>
<row><id_poblacion type="int" >18163</id_poblacion><id_prov type="smallint" >3347</id_prov><name_pob type="varchar"  label="City">Montesano</name_pob><ind_active type="tinyint"  label="Active">1</ind_active></row>
</poblacion>
</root>