<?xml version="1.0" encoding="UTF-8"?>
<root>
<poblacion>
<row><id_poblacion type="int" >18164</id_poblacion><id_prov type="smallint" >3348</id_prov><name_pob type="varchar"  label="City">Woodville</name_pob><ind_active type="tinyint"  label="Active">1</ind_active></row>
<row><id_poblacion type="int" >18165</id_poblacion><id_prov type="smallint" >3348</id_prov><name_pob type="varchar"  label="City">Middlebourn</name_pob><ind_active type="tinyint"  label="Active">1</ind_active></row>
<row><id_poblacion type="int" >18166</id_poblacion><id_prov type="smallint" >3349</id_prov><name_pob type="varchar"  label="City">North Platt</name_pob><ind_active type="tinyint"  label="Active">1</ind_active></row>
<row><id_poblacion type="int" >18167</id_poblacion><id_prov type="smallint" >3349</id_prov><name_pob type="varchar"  label="City">Kemmerer</name_pob><ind_active type="tinyint"  label="Active">1</ind_active></row>
<row><id_poblacion type="int" >18168</id_poblacion><id_prov type="smallint" >3349</id_prov><name_pob type="varchar"  label="City">Hamlin</name_pob><ind_active type="tinyint"  label="Active">1</ind_active></row>
<row><id_poblacion type="int" >18169</id_poblacion><id_prov type="smallint" >3349</id_prov><name_pob type="varchar"  label="City">Merrill</name_pob><ind_active type="tinyint"  label="Active">1</ind_active></row>
<row><id_poblacion type="int" >18170</id_poblacion><id_prov type="smallint" >3349</id_prov><name_pob type="varchar"  label="City">Davenport</name_pob><ind_active type="tinyint"  label="Active">1</ind_active></row>
<row><id_poblacion type="int" >18171</id_poblacion><id_prov type="smallint" >3349</id_prov><name_pob type="varchar"  label="City">Fayettevill</name_pob><ind_active type="tinyint"  label="Active">1</ind_active></row>
<row><id_poblacion type="int" >18172</id_poblacion><id_prov type="smallint" >3349</id_prov><name_pob type="varchar"  label="City">Canton</name_pob><ind_active type="tinyint"  label="Active">1</ind_active></row>
<row><id_poblacion type="int" >18173</id_poblacion><id_prov type="smallint" >3349</id_prov><name_pob type="varchar"  label="City">Newport</name_pob><ind_active type="tinyint"  label="Active">1</ind_active></row>
<row><id_poblacion type="int" >18174</id_poblacion><id_prov type="smallint" >3349</id_prov><name_pob type="varchar"  label="City">Chandler</name_pob><ind_active type="tinyint"  label="Active">1</ind_active></row>
<row><id_poblacion type="int" >18175</id_poblacion><id_prov type="smallint" >3349</id_prov><name_pob type="varchar"  label="City">Pioche</name_pob><ind_active type="tinyint"  label="Active">1</ind_active></row>
<row><id_poblacion type="int" >18176</id_poblacion><id_prov type="smallint" >3349</id_prov><name_pob type="varchar"  label="City">Carrizozo</name_pob><ind_active type="tinyint"  label="Active">1</ind_active></row>
<row><id_poblacion type="int" >18177</id_poblacion><id_prov type="smallint" >3349</id_prov><name_pob type="varchar"  label="City">Wiscasset</name_pob><ind_active type="tinyint"  label="Active">1</ind_active></row>
<row><id_poblacion type="int" >18180</id_poblacion><id_prov type="smallint" >3349</id_prov><name_pob type="varchar"  label="City">Hugo</name_pob><ind_active type="tinyint"  label="Active">1</ind_active></row>
<row><id_poblacion type="int" >18181</id_poblacion><id_prov type="smallint" >3349</id_prov><name_pob type="varchar"  label="City">Shoshone</name_pob><ind_active type="tinyint"  label="Active">1</ind_active></row>
<row><id_poblacion type="int" >18182</id_poblacion><id_prov type="smallint" >3349</id_prov><name_pob type="varchar"  label="City">Lincoln</name_pob><ind_active type="tinyint"  label="Active">1</ind_active></row>
<row><id_poblacion type="int" >18183</id_poblacion><id_prov type="smallint" >3349</id_prov><name_pob type="varchar"  label="City">Stanford</name_pob><ind_active type="tinyint"  label="Active">1</ind_active></row>
<row><id_poblacion type="int" >18184</id_poblacion><id_prov type="smallint" >3349</id_prov><name_pob type="varchar"  label="City">Troy</name_pob><ind_active type="tinyint"  label="Active">1</ind_active></row>
<row><id_poblacion type="int" >18185</id_poblacion><id_prov type="smallint" >3349</id_prov><name_pob type="varchar"  label="City">Ivanhoe</name_pob><ind_active type="tinyint"  label="Active">1</ind_active></row>
<row><id_poblacion type="int" >18186</id_poblacion><id_prov type="smallint" >3349</id_prov><name_pob type="varchar"  label="City">Star City</name_pob><ind_active type="tinyint"  label="Active">1</ind_active></row>
<row><id_poblacion type="int" >18187</id_poblacion><id_prov type="smallint" >3349</id_prov><name_pob type="varchar"  label="City">Brookhaven</name_pob><ind_active type="tinyint"  label="Active">1</ind_active></row>
<row><id_poblacion type="int" >18188</id_poblacion><id_prov type="smallint" >3349</id_prov><name_pob type="varchar"  label="City">Libby</name_pob><ind_active type="tinyint"  label="Active">1</ind_active></row>
<row><id_poblacion type="int" >18189</id_poblacion><id_prov type="smallint" >3349</id_prov><name_pob type="varchar"  label="City">Ruston</name_pob><ind_active type="tinyint"  label="Active">1</ind_active></row>
<row><id_poblacion type="int" >18190</id_poblacion><id_prov type="smallint" >3350</id_prov><name_pob type="varchar"  label="City">Hinton</name_pob><ind_active type="tinyint"  label="Active">1</ind_active></row>
<row><id_poblacion type="int" >18191</id_poblacion><id_prov type="smallint" >3351</id_prov><name_pob type="varchar"  label="City">Huntington</name_pob><ind_active type="tinyint"  label="Active">1</ind_active></row>
<row><id_poblacion type="int" >18192</id_poblacion><id_prov type="smallint" >3352</id_prov><name_pob type="varchar"  label="City">Cynthiana</name_pob><ind_active type="tinyint"  label="Active">1</ind_active></row>
<row><id_poblacion type="int" >18193</id_poblacion><id_prov type="smallint" >3352</id_prov><name_pob type="varchar"  label="City">Clarksburg</name_pob><ind_active type="tinyint"  label="Active">1</ind_active></row>
<row><id_poblacion type="int" >18194</id_poblacion><id_prov type="smallint" >3352</id_prov><name_pob type="varchar"  label="City">Marshall</name_pob><ind_active type="tinyint"  label="Active">1</ind_active></row>
<row><id_poblacion type="int" >18195</id_poblacion><id_prov type="smallint" >3352</id_prov><name_pob type="varchar"  label="City">Cadiz</name_pob><ind_active type="tinyint"  label="Active">1</ind_active></row>
<row><id_poblacion type="int" >18196</id_poblacion><id_prov type="smallint" >3352</id_prov><name_pob type="varchar"  label="City">Bethany</name_pob><ind_active type="tinyint"  label="Active">1</ind_active></row>
<row><id_poblacion type="int" >18197</id_poblacion><id_prov type="smallint" >3352</id_prov><name_pob type="varchar"  label="City">Corydon</name_pob><ind_active type="tinyint"  label="Active">1</ind_active></row>
<row><id_poblacion type="int" >18198</id_poblacion><id_prov type="smallint" >3352</id_prov><name_pob type="varchar"  label="City">Logan</name_pob><ind_active type="tinyint"  label="Active">1</ind_active></row>
<row><id_poblacion type="int" >18199</id_poblacion><id_prov type="smallint" >3352</id_prov><name_pob type="varchar"  label="City">Gulfport</name_pob><ind_active type="tinyint"  label="Active">1</ind_active></row>
<row><id_poblacion type="int" >18200</id_poblacion><id_prov type="smallint" >3353</id_prov><name_pob type="varchar"  label="City">Lowville</name_pob><ind_active type="tinyint"  label="Active">1</ind_active></row>
<row><id_poblacion type="int" >18201</id_poblacion><id_prov type="smallint" >3353</id_prov><name_pob type="varchar"  label="City">Hohenwald</name_pob><ind_active type="tinyint"  label="Active">1</ind_active></row>
<row><id_poblacion type="int" >18202</id_poblacion><id_prov type="smallint" >3353</id_prov><name_pob type="varchar"  label="City">Chehalis</name_pob><ind_active type="tinyint"  label="Active">1</ind_active></row>
<row><id_poblacion type="int" >18203</id_poblacion><id_prov type="smallint" >3353</id_prov><name_pob type="varchar"  label="City">Weston</name_pob><ind_active type="tinyint"  label="Active">1</ind_active></row>
<row><id_poblacion type="int" >18204</id_poblacion><id_prov type="smallint" >3353</id_prov><name_pob type="varchar"  label="City">Vanceburg</name_pob><ind_active type="tinyint"  label="Active">1</ind_active></row>
<row><id_poblacion type="int" >18205</id_poblacion><id_prov type="smallint" >3353</id_prov><name_pob type="varchar"  label="City">Nezperce</name_pob><ind_active type="tinyint"  label="Active">1</ind_active></row>
<row><id_poblacion type="int" >18206</id_poblacion><id_prov type="smallint" >3353</id_prov><name_pob type="varchar"  label="City">Monticello</name_pob><ind_active type="tinyint"  label="Active">1</ind_active></row>
<row><id_poblacion type="int" >18207</id_poblacion><id_prov type="smallint" >3354</id_prov><name_pob type="varchar"  label="City">Elizabeth</name_pob><ind_active type="tinyint"  label="Active">1</ind_active></row>
<row><id_poblacion type="int" >18208</id_poblacion><id_prov type="smallint" >3355</id_prov><name_pob type="varchar"  label="City">New Martins</name_pob><ind_active type="tinyint"  label="Active">1</ind_active></row>
<row><id_poblacion type="int" >18209</id_poblacion><id_prov type="smallint" >3356</id_prov><name_pob type="varchar"  label="City">Fort Dodge</name_pob><ind_active type="tinyint"  label="Active">1</ind_active></row>
<row><id_poblacion type="int" >18210</id_poblacion><id_prov type="smallint" >3356</id_prov><name_pob type="varchar"  label="City">Dixon</name_pob><ind_active type="tinyint"  label="Active">1</ind_active></row>
<row><id_poblacion type="int" >18211</id_poblacion><id_prov type="smallint" >3356</id_prov><name_pob type="varchar"  label="City">Minden</name_pob><ind_active type="tinyint"  label="Active">1</ind_active></row>
<row><id_poblacion type="int" >18212</id_poblacion><id_prov type="smallint" >3356</id_prov><name_pob type="varchar"  label="City">Marshfield</name_pob><ind_active type="tinyint"  label="Active">1</ind_active></row>
<row><id_poblacion type="int" >18213</id_poblacion><id_prov type="smallint" >3356</id_prov><name_pob type="varchar"  label="City">Walthall</name_pob><ind_active type="tinyint"  label="Active">1</ind_active></row>
<row><id_poblacion type="int" >18214</id_poblacion><id_prov type="smallint" >3356</id_prov><name_pob type="varchar"  label="City">Red Cloud</name_pob><ind_active type="tinyint"  label="Active">1</ind_active></row>
<row><id_poblacion type="int" >18215</id_poblacion><id_prov type="smallint" >3356</id_prov><name_pob type="varchar"  label="City">Webster Spr</name_pob><ind_active type="tinyint"  label="Active">1</ind_active></row>
<row><id_poblacion type="int" >18216</id_poblacion><id_prov type="smallint" >3356</id_prov><name_pob type="varchar"  label="City">Preston</name_pob><ind_active type="tinyint"  label="Active">1</ind_active></row>
<row><id_poblacion type="int" >18217</id_poblacion><id_prov type="smallint" >3357</id_prov><name_pob type="varchar"  label="City">Boulder</name_pob><ind_active type="tinyint"  label="Active">1</ind_active></row>
<row><id_poblacion type="int" >18218</id_poblacion><id_prov type="smallint" >3357</id_prov><name_pob type="varchar"  label="City">Fairbury</name_pob><ind_active type="tinyint"  label="Active">1</ind_active></row>
<row><id_poblacion type="int" >18219</id_poblacion><id_prov type="smallint" >3357</id_prov><name_pob type="varchar"  label="City">Watertown</name_pob><ind_active type="tinyint"  label="Active">1</ind_active></row>
<row><id_poblacion type="int" >18220</id_poblacion><id_prov type="smallint" >3357</id_prov><name_pob type="varchar"  label="City">Steubenvill</name_pob><ind_active type="tinyint"  label="Active">1</ind_active></row>
<row><id_poblacion type="int" >18221</id_poblacion><id_prov type="smallint" >3357</id_prov><name_pob type="varchar"  label="City">Waurika</name_pob><ind_active type="tinyint"  label="Active">1</ind_active></row>
<row><id_poblacion type="int" >18222</id_poblacion><id_prov type="smallint" >3357</id_prov><name_pob type="varchar"  label="City">Madras</name_pob><ind_active type="tinyint"  label="Active">1</ind_active></row>
<row><id_poblacion type="int" >18223</id_poblacion><id_prov type="smallint" >3357</id_prov><name_pob type="varchar"  label="City">Brookville</name_pob><ind_active type="tinyint"  label="Active">1</ind_active></row>
<row><id_poblacion type="int" >18224</id_poblacion><id_prov type="smallint" >3357</id_prov><name_pob type="varchar"  label="City">Beaumont</name_pob><ind_active type="tinyint"  label="Active">1</ind_active></row>
<row><id_poblacion type="int" >18225</id_poblacion><id_prov type="smallint" >3357</id_prov><name_pob type="varchar"  label="City">Port Townse</name_pob><ind_active type="tinyint"  label="Active">1</ind_active></row>
<row><id_poblacion type="int" >18226</id_poblacion><id_prov type="smallint" >3357</id_prov><name_pob type="varchar"  label="City">Jefferson</name_pob><ind_active type="tinyint"  label="Active">1</ind_active></row>
<row><id_poblacion type="int" >18227</id_poblacion><id_prov type="smallint" >3357</id_prov><name_pob type="varchar"  label="City">Fayette</name_pob><ind_active type="tinyint"  label="Active">1</ind_active></row>
<row><id_poblacion type="int" >18228</id_poblacion><id_prov type="smallint" >3357</id_prov><name_pob type="varchar"  label="City">Dandridge</name_pob><ind_active type="tinyint"  label="Active">1</ind_active></row>
<row><id_poblacion type="int" >18229</id_poblacion><id_prov type="smallint" >3357</id_prov><name_pob type="varchar"  label="City">Hillsboro</name_pob><ind_active type="tinyint"  label="Active">1</ind_active></row>
<row><id_poblacion type="int" >18230</id_poblacion><id_prov type="smallint" >3357</id_prov><name_pob type="varchar"  label="City">Gretna</name_pob><ind_active type="tinyint"  label="Active">1</ind_active></row>
<row><id_poblacion type="int" >18232</id_poblacion><id_prov type="smallint" >3357</id_prov><name_pob type="varchar"  label="City">Oskaloosa</name_pob><ind_active type="tinyint"  label="Active">1</ind_active></row>
<row><id_poblacion type="int" >18233</id_poblacion><id_prov type="smallint" >3357</id_prov><name_pob type="varchar"  label="City">Madison</name_pob><ind_active type="tinyint"  label="Active">1</ind_active></row>
<row><id_poblacion type="int" >18234</id_poblacion><id_prov type="smallint" >3357</id_prov><name_pob type="varchar"  label="City">Mount Verno</name_pob><ind_active type="tinyint"  label="Active">1</ind_active></row>
<row><id_poblacion type="int" >18235</id_poblacion><id_prov type="smallint" >3357</id_prov><name_pob type="varchar"  label="City">Rigby</name_pob><ind_active type="tinyint"  label="Active">1</ind_active></row>
<row><id_poblacion type="int" >18236</id_poblacion><id_prov type="smallint" >3357</id_prov><name_pob type="varchar"  label="City">Fairfield</name_pob><ind_active type="tinyint"  label="Active">1</ind_active></row>
<row><id_poblacion type="int" >18238</id_poblacion><id_prov type="smallint" >3357</id_prov><name_pob type="varchar"  label="City">Monticello</name_pob><ind_active type="tinyint"  label="Active">1</ind_active></row>
<row><id_poblacion type="int" >18239</id_poblacion><id_prov type="smallint" >3357</id_prov><name_pob type="varchar"  label="City">Golden</name_pob><ind_active type="tinyint"  label="Active">1</ind_active></row>
<row><id_poblacion type="int" >18240</id_poblacion><id_prov type="smallint" >3357</id_prov><name_pob type="varchar"  label="City">Birmingham</name_pob><ind_active type="tinyint"  label="Active">1</ind_active></row>
<row><id_poblacion type="int" >18241</id_poblacion><id_prov type="smallint" >3357</id_prov><name_pob type="varchar"  label="City">Charles Tow</name_pob><ind_active type="tinyint"  label="Active">1</ind_active></row>
<row><id_poblacion type="int" >18242</id_poblacion><id_prov type="smallint" >3357</id_prov><name_pob type="varchar"  label="City">Pine Bluff</name_pob><ind_active type="tinyint"  label="Active">1</ind_active></row>
<row><id_poblacion type="int" >18244</id_poblacion><id_prov type="smallint" >3358</id_prov><name_pob type="varchar"  label="City">Edna</name_pob><ind_active type="tinyint"  label="Active">1</ind_active></row>
<row><id_poblacion type="int" >18245</id_poblacion><id_prov type="smallint" >3358</id_prov><name_pob type="varchar"  label="City">Gainesboro</name_pob><ind_active type="tinyint"  label="Active">1</ind_active></row>
<row><id_poblacion type="int" >18246</id_poblacion><id_prov type="smallint" >3358</id_prov><name_pob type="varchar"  label="City">Kadoka</name_pob><ind_active type="tinyint"  label="Active">1</ind_active></row>
<row><id_poblacion type="int" >18247</id_poblacion><id_prov type="smallint" >3358</id_prov><name_pob type="varchar"  label="City">Medford</name_pob><ind_active type="tinyint"  label="Active">1</ind_active></row>
<row><id_poblacion type="int" >18248</id_poblacion><id_prov type="smallint" >3358</id_prov><name_pob type="varchar"  label="City">Sylva</name_pob><ind_active type="tinyint"  label="Active">1</ind_active></row>
<row><id_poblacion type="int" >18250</id_poblacion><id_prov type="smallint" >3358</id_prov><name_pob type="varchar"  label="City">Ripley</name_pob><ind_active type="tinyint"  label="Active">1</ind_active></row>
<row><id_poblacion type="int" >18251</id_poblacion><id_prov type="smallint" >3358</id_prov><name_pob type="varchar"  label="City">Pascagoula</name_pob><ind_active type="tinyint"  label="Active">1</ind_active></row>
<row><id_poblacion type="int" >18252</id_poblacion><id_prov type="smallint" >3358</id_prov><name_pob type="varchar"  label="City">Independenc</name_pob><ind_active type="tinyint"  label="Active">1</ind_active></row>
<row><id_poblacion type="int" >18253</id_poblacion><id_prov type="smallint" >3358</id_prov><name_pob type="varchar"  label="City">Black River</name_pob><ind_active type="tinyint"  label="Active">1</ind_active></row>
<row><id_poblacion type="int" >18254</id_poblacion><id_prov type="smallint" >3358</id_prov><name_pob type="varchar"  label="City">Marianna</name_pob><ind_active type="tinyint"  label="Active">1</ind_active></row>
<row><id_poblacion type="int" >18256</id_poblacion><id_prov type="smallint" >3358</id_prov><name_pob type="varchar"  label="City">Altus</name_pob><ind_active type="tinyint"  label="Active">1</ind_active></row>
<row><id_poblacion type="int" >18257</id_poblacion><id_prov type="smallint" >3358</id_prov><name_pob type="varchar"  label="City">Scottsboro</name_pob><ind_active type="tinyint"  label="Active">1</ind_active></row>
<row><id_poblacion type="int" >18258</id_poblacion><id_prov type="smallint" >3358</id_prov><name_pob type="varchar"  label="City">Walden</name_pob><ind_active type="tinyint"  label="Active">1</ind_active></row>
<row><id_poblacion type="int" >18259</id_poblacion><id_prov type="smallint" >3358</id_prov><name_pob type="varchar"  label="City">Jefferson</name_pob><ind_active type="tinyint"  label="Active">1</ind_active></row>
<row><id_poblacion type="int" >18260</id_poblacion><id_prov type="smallint" >3358</id_prov><name_pob type="varchar"  label="City">Maquoketa</name_pob><ind_active type="tinyint"  label="Active">1</ind_active></row>
<row><id_poblacion type="int" >18261</id_poblacion><id_prov type="smallint" >3358</id_prov><name_pob type="varchar"  label="City">Murphysboro</name_pob><ind_active type="tinyint"  label="Active">1</ind_active></row>
<row><id_poblacion type="int" >18262</id_poblacion><id_prov type="smallint" >3358</id_prov><name_pob type="varchar"  label="City">Brownstown</name_pob><ind_active type="tinyint"  label="Active">1</ind_active></row>
<row><id_poblacion type="int" >18263</id_poblacion><id_prov type="smallint" >3358</id_prov><name_pob type="varchar"  label="City">Holton</name_pob><ind_active type="tinyint"  label="Active">1</ind_active></row>
<row><id_poblacion type="int" >18264</id_poblacion><id_prov type="smallint" >3358</id_prov><name_pob type="varchar"  label="City">McKee</name_pob><ind_active type="tinyint"  label="Active">1</ind_active></row>
<row><id_poblacion type="int" >18265</id_poblacion><id_prov type="smallint" >3358</id_prov><name_pob type="varchar"  label="City">Jonesboro</name_pob><ind_active type="tinyint"  label="Active">1</ind_active></row>
<row><id_poblacion type="int" >18266</id_poblacion><id_prov type="smallint" >3358</id_prov><name_pob type="varchar"  label="City">Newport</name_pob><ind_active type="tinyint"  label="Active">1</ind_active></row>
<row><id_poblacion type="int" >18268</id_poblacion><id_prov type="smallint" >3359</id_prov><name_pob type="varchar"  label="City">Lyons</name_pob><ind_active type="tinyint"  label="Active">1</ind_active></row>
<row><id_poblacion type="int" >18269</id_poblacion><id_prov type="smallint" >3359</id_prov><name_pob type="varchar"  label="City">Wooster</name_pob><ind_active type="tinyint"  label="Active">1</ind_active></row>
<row><id_poblacion type="int" >18270</id_poblacion><id_prov type="smallint" >3359</id_prov><name_pob type="varchar"  label="City">Honesdale</name_pob><ind_active type="tinyint"  label="Active">1</ind_active></row>
<row><id_poblacion type="int" >18273</id_poblacion><id_prov type="smallint" >3359</id_prov><name_pob type="varchar"  label="City">Detroit</name_pob><ind_active type="tinyint"  label="Active">1</ind_active></row>
<row><id_poblacion type="int" >18274</id_poblacion><id_prov type="smallint" >3359</id_prov><name_pob type="varchar"  label="City">Loa</name_pob><ind_active type="tinyint"  label="Active">1</ind_active></row>
<row><id_poblacion type="int" >18275</id_poblacion><id_prov type="smallint" >3359</id_prov><name_pob type="varchar"  label="City">Greenville</name_pob><ind_active type="tinyint"  label="Active">1</ind_active></row>
<row><id_poblacion type="int" >18277</id_poblacion><id_prov type="smallint" >3359</id_prov><name_pob type="varchar"  label="City">Monticello</name_pob><ind_active type="tinyint"  label="Active">1</ind_active></row>
<row><id_poblacion type="int" >18278</id_poblacion><id_prov type="smallint" >3359</id_prov><name_pob type="varchar"  label="City">Richmond</name_pob><ind_active type="tinyint"  label="Active">1</ind_active></row>
<row><id_poblacion type="int" >18279</id_poblacion><id_prov type="smallint" >3359</id_prov><name_pob type="varchar"  label="City">Fairfield</name_pob><ind_active type="tinyint"  label="Active">1</ind_active></row>
<row><id_poblacion type="int" >18280</id_poblacion><id_prov type="smallint" >3359</id_prov><name_pob type="varchar"  label="City">Corydon</name_pob><ind_active type="tinyint"  label="Active">1</ind_active></row>
<row><id_poblacion type="int" >18281</id_poblacion><id_prov type="smallint" >3359</id_prov><name_pob type="varchar"  label="City">Jesup</name_pob><ind_active type="tinyint"  label="Active">1</ind_active></row>
<row><id_poblacion type="int" >18282</id_poblacion><id_prov type="smallint" >3359</id_prov><name_pob type="varchar"  label="City">Goldsboro</name_pob><ind_active type="tinyint"  label="Active">1</ind_active></row>
<row><id_poblacion type="int" >18283</id_poblacion><id_prov type="smallint" >3360</id_prov><name_pob type="varchar"  label="City">Charleston</name_pob><ind_active type="tinyint"  label="Active">1</ind_active></row>
<row><id_poblacion type="int" >18284</id_poblacion><id_prov type="smallint" >3361</id_prov><name_pob type="varchar"  label="City">Lewisburg</name_pob><ind_active type="tinyint"  label="Active">1</ind_active></row>
<row><id_poblacion type="int" >18285</id_poblacion><id_prov type="smallint" >3362</id_prov><name_pob type="varchar"  label="City">Warsaw</name_pob><ind_active type="tinyint"  label="Active">1</ind_active></row>
<row><id_poblacion type="int" >18286</id_poblacion><id_prov type="smallint" >3362</id_prov><name_pob type="varchar"  label="City">Tunkhannock</name_pob><ind_active type="tinyint"  label="Active">1</ind_active></row>
<row><id_poblacion type="int" >18287</id_poblacion><id_prov type="smallint" >3362</id_prov><name_pob type="varchar"  label="City">Pineville</name_pob><ind_active type="tinyint"  label="Active">1</ind_active></row>
<row><id_poblacion type="int" >18288</id_poblacion><id_prov type="smallint" >3363</id_prov><name_pob type="varchar"  label="City">Henrietta</name_pob><ind_active type="tinyint"  label="Active">1</ind_active></row>
<row><id_poblacion type="int" >18289</id_poblacion><id_prov type="smallint" >3363</id_prov><name_pob type="varchar"  label="City">Moorhead</name_pob><ind_active type="tinyint"  label="Active">1</ind_active></row>
<row><id_poblacion type="int" >18290</id_poblacion><id_prov type="smallint" >3363</id_prov><name_pob type="varchar"  label="City">Liberty</name_pob><ind_active type="tinyint"  label="Active">1</ind_active></row>
<row><id_poblacion type="int" >18291</id_poblacion><id_prov type="smallint" >3363</id_prov><name_pob type="varchar"  label="City">West Point</name_pob><ind_active type="tinyint"  label="Active">1</ind_active></row>
<row><id_poblacion type="int" >18292</id_poblacion><id_prov type="smallint" >3363</id_prov><name_pob type="varchar"  label="City">Hayesville</name_pob><ind_active type="tinyint"  label="Active">1</ind_active></row>
<row><id_poblacion type="int" >18294</id_poblacion><id_prov type="smallint" >3363</id_prov><name_pob type="varchar"  label="City">Vermillion</name_pob><ind_active type="tinyint"  label="Active">1</ind_active></row>
<row><id_poblacion type="int" >18295</id_poblacion><id_prov type="smallint" >3363</id_prov><name_pob type="varchar"  label="City">Celina</name_pob><ind_active type="tinyint"  label="Active">1</ind_active></row>
<row><id_poblacion type="int" >18296</id_poblacion><id_prov type="smallint" >3363</id_prov><name_pob type="varchar"  label="City">Manchester</name_pob><ind_active type="tinyint"  label="Active">1</ind_active></row>
<row><id_poblacion type="int" >18297</id_poblacion><id_prov type="smallint" >3363</id_prov><name_pob type="varchar"  label="City">Clay</name_pob><ind_active type="tinyint"  label="Active">1</ind_active></row>
<row><id_poblacion type="int" >18298</id_poblacion><id_prov type="smallint" >3363</id_prov><name_pob type="varchar"  label="City">Brazil</name_pob><ind_active type="tinyint"  label="Active">1</ind_active></row>
<row><id_poblacion type="int" >18299</id_poblacion><id_prov type="smallint" >3363</id_prov><name_pob type="varchar"  label="City">Louisville</name_pob><ind_active type="tinyint"  label="Active">1</ind_active></row>
<row><id_poblacion type="int" >18300</id_poblacion><id_prov type="smallint" >3363</id_prov><name_pob type="varchar"  label="City">Spencer</name_pob><ind_active type="tinyint"  label="Active">1</ind_active></row>
<row><id_poblacion type="int" >18301</id_poblacion><id_prov type="smallint" >3363</id_prov><name_pob type="varchar"  label="City">Fort Gaines</name_pob><ind_active type="tinyint"  label="Active">1</ind_active></row>
<row><id_poblacion type="int" >18302</id_poblacion><id_prov type="smallint" >3363</id_prov><name_pob type="varchar"  label="City">Green Cove</name_pob><ind_active type="tinyint"  label="Active">1</ind_active></row>
<row><id_poblacion type="int" >18304</id_poblacion><id_prov type="smallint" >3363</id_prov><name_pob type="varchar"  label="City">Ashland</name_pob><ind_active type="tinyint"  label="Active">1</ind_active></row>
<row><id_poblacion type="int" >18305</id_poblacion><id_prov type="smallint" >3363</id_prov><name_pob type="varchar"  label="City">Corning, Pi</name_pob><ind_active type="tinyint"  label="Active">1</ind_active></row>
<row><id_poblacion type="int" >18306</id_poblacion><id_prov type="smallint" >3364</id_prov><name_pob type="varchar"  label="City">Moorefield</name_pob><ind_active type="tinyint"  label="Active">1</ind_active></row>
<row><id_poblacion type="int" >18307</id_poblacion><id_prov type="smallint" >3365</id_prov><name_pob type="varchar"  label="City">Gilmer</name_pob><ind_active type="tinyint"  label="Active">1</ind_active></row>
<row><id_poblacion type="int" >18308</id_poblacion><id_prov type="smallint" >3365</id_prov><name_pob type="varchar"  label="City">Buckhannon</name_pob><ind_active type="tinyint"  label="Active">1</ind_active></row>
<row><id_poblacion type="int" >18309</id_poblacion><id_prov type="smallint" >3366</id_prov><name_pob type="varchar"  label="City">Ellsworth</name_pob><ind_active type="tinyint"  label="Active">1</ind_active></row>
<row><id_poblacion type="int" >18310</id_poblacion><id_prov type="smallint" >3366</id_prov><name_pob type="varchar"  label="City">Sneedville</name_pob><ind_active type="tinyint"  label="Active">1</ind_active></row>
<row><id_poblacion type="int" >18311</id_poblacion><id_prov type="smallint" >3366</id_prov><name_pob type="varchar"  label="City">Findlay</name_pob><ind_active type="tinyint"  label="Active">1</ind_active></row>
<row><id_poblacion type="int" >18312</id_poblacion><id_prov type="smallint" >3366</id_prov><name_pob type="varchar"  label="City">Bay Saint L</name_pob><ind_active type="tinyint"  label="Active">1</ind_active></row>
<row><id_poblacion type="int" >18313</id_poblacion><id_prov type="smallint" >3366</id_prov><name_pob type="varchar"  label="City">Greenfield</name_pob><ind_active type="tinyint"  label="Active">1</ind_active></row>
<row><id_poblacion type="int" >18314</id_poblacion><id_prov type="smallint" >3366</id_prov><name_pob type="varchar"  label="City">Carthage</name_pob><ind_active type="tinyint"  label="Active">1</ind_active></row>
<row><id_poblacion type="int" >18315</id_poblacion><id_prov type="smallint" >3366</id_prov><name_pob type="varchar"  label="City">Garner</name_pob><ind_active type="tinyint"  label="Active">1</ind_active></row>
<row><id_poblacion type="int" >18316</id_poblacion><id_prov type="smallint" >3366</id_prov><name_pob type="varchar"  label="City">Sparta</name_pob><ind_active type="tinyint"  label="Active">1</ind_active></row>
<row><id_poblacion type="int" >18317</id_poblacion><id_prov type="smallint" >3366</id_prov><name_pob type="varchar"  label="City">Hawesville</name_pob><ind_active type="tinyint"  label="Active">1</ind_active></row>
<row><id_poblacion type="int" >18318</id_poblacion><id_prov type="smallint" >3366</id_prov><name_pob type="varchar"  label="City">New Cumberl</name_pob><ind_active type="tinyint"  label="Active">1</ind_active></row>
<row><id_poblacion type="int" >18319</id_poblacion><id_prov type="smallint" >3367</id_prov><name_pob type="varchar"  label="City">Parkersburg</name_pob><ind_active type="tinyint"  label="Active">1</ind_active></row>
<row><id_poblacion type="int" >18320</id_poblacion><id_prov type="smallint" >3367</id_prov><name_pob type="varchar"  label="City">Bowling Gre</name_pob><ind_active type="tinyint"  label="Active">1</ind_active></row>
<row><id_poblacion type="int" >18321</id_poblacion><id_prov type="smallint" >3367</id_prov><name_pob type="varchar"  label="City">Quitman</name_pob><ind_active type="tinyint"  label="Active">1</ind_active></row>
<row><id_poblacion type="int" >18322</id_poblacion><id_prov type="smallint" >3367</id_prov><name_pob type="varchar"  label="City">Wisconsin R</name_pob><ind_active type="tinyint"  label="Active">1</ind_active></row>
<row><id_poblacion type="int" >18323</id_poblacion><id_prov type="smallint" >3368</id_prov><name_pob type="varchar"  label="City">Parsons</name_pob><ind_active type="tinyint"  label="Active">1</ind_active></row>
<row><id_poblacion type="int" >18324</id_poblacion><id_prov type="smallint" >3369</id_prov><name_pob type="varchar"  label="City">Silver City</name_pob><ind_active type="tinyint"  label="Active">1</ind_active></row>
<row><id_poblacion type="int" >18325</id_poblacion><id_prov type="smallint" >3369</id_prov><name_pob type="varchar"  label="City">Sheridan</name_pob><ind_active type="tinyint"  label="Active">1</ind_active></row>
<row><id_poblacion type="int" >18326</id_poblacion><id_prov type="smallint" >3369</id_prov><name_pob type="varchar"  label="City">Lancaster</name_pob><ind_active type="tinyint"  label="Active">1</ind_active></row>
<row><id_poblacion type="int" >18327</id_poblacion><id_prov type="smallint" >3369</id_prov><name_pob type="varchar"  label="City">Petersburg</name_pob><ind_active type="tinyint"  label="Active">1</ind_active></row>
<row><id_poblacion type="int" >18328</id_poblacion><id_prov type="smallint" >3369</id_prov><name_pob type="varchar"  label="City">Ephrata</name_pob><ind_active type="tinyint"  label="Active">1</ind_active></row>
<row><id_poblacion type="int" >18329</id_poblacion><id_prov type="smallint" >3369</id_prov><name_pob type="varchar"  label="City">Milbank</name_pob><ind_active type="tinyint"  label="Active">1</ind_active></row>
<row><id_poblacion type="int" >18330</id_poblacion><id_prov type="smallint" >3369</id_prov><name_pob type="varchar"  label="City">Canyon City</name_pob><ind_active type="tinyint"  label="Active">1</ind_active></row>
<row><id_poblacion type="int" >18331</id_poblacion><id_prov type="smallint" >3369</id_prov><name_pob type="varchar"  label="City">Medford</name_pob><ind_active type="tinyint"  label="Active">1</ind_active></row>
<row><id_poblacion type="int" >18332</id_poblacion><id_prov type="smallint" >3369</id_prov><name_pob type="varchar"  label="City">Carson</name_pob><ind_active type="tinyint"  label="Active">1</ind_active></row>
<row><id_poblacion type="int" >18333</id_poblacion><id_prov type="smallint" >3369</id_prov><name_pob type="varchar"  label="City">Elbow Lake</name_pob><ind_active type="tinyint"  label="Active">1</ind_active></row>
<row><id_poblacion type="int" >18334</id_poblacion><id_prov type="smallint" >3369</id_prov><name_pob type="varchar"  label="City">Colfax</name_pob><ind_active type="tinyint"  label="Active">1</ind_active></row>
<row><id_poblacion type="int" >18335</id_poblacion><id_prov type="smallint" >3369</id_prov><name_pob type="varchar"  label="City">Williamstow</name_pob><ind_active type="tinyint"  label="Active">1</ind_active></row>
<row><id_poblacion type="int" >18336</id_poblacion><id_prov type="smallint" >3369</id_prov><name_pob type="varchar"  label="City">Marion</name_pob><ind_active type="tinyint"  label="Active">1</ind_active></row>
<row><id_poblacion type="int" >18337</id_poblacion><id_prov type="smallint" >3369</id_prov><name_pob type="varchar"  label="City">Ulysses</name_pob><ind_active type="tinyint"  label="Active">1</ind_active></row>
<row><id_poblacion type="int" >18338</id_poblacion><id_prov type="smallint" >3369</id_prov><name_pob type="varchar"  label="City">Hyannis</name_pob><ind_active type="tinyint"  label="Active">1</ind_active></row>
<row><id_poblacion type="int" >18339</id_poblacion><id_prov type="smallint" >3370</id_prov><name_pob type="varchar"  label="City">Marshall</name_pob><ind_active type="tinyint"  label="Active">1</ind_active></row>
<row><id_poblacion type="int" >18340</id_poblacion><id_prov type="smallint" >3370</id_prov><name_pob type="varchar"  label="City">Port Lavaca</name_pob><ind_active type="tinyint"  label="Active">1</ind_active></row>
<row><id_poblacion type="int" >18341</id_poblacion><id_prov type="smallint" >3370</id_prov><name_pob type="varchar"  label="City">Saint Matth</name_pob><ind_active type="tinyint"  label="Active">1</ind_active></row>
<row><id_poblacion type="int" >18342</id_poblacion><id_prov type="smallint" >3370</id_prov><name_pob type="varchar"  label="City">Blountstown</name_pob><ind_active type="tinyint"  label="Active">1</ind_active></row>
<row><id_poblacion type="int" >18343</id_poblacion><id_prov type="smallint" >3370</id_prov><name_pob type="varchar"  label="City">Pittsboro</name_pob><ind_active type="tinyint"  label="Active">1</ind_active></row>
<row><id_poblacion type="int" >18344</id_poblacion><id_prov type="smallint" >3370</id_prov><name_pob type="varchar"  label="City">Grantsville</name_pob><ind_active type="tinyint"  label="Active">1</ind_active></row>
<row><id_poblacion type="int" >18345</id_poblacion><id_prov type="smallint" >3370</id_prov><name_pob type="varchar"  label="City">Morgan</name_pob><ind_active type="tinyint"  label="Active">1</ind_active></row>
<row><id_poblacion type="int" >18346</id_poblacion><id_prov type="smallint" >3370</id_prov><name_pob type="varchar"  label="City">Hampton</name_pob><ind_active type="tinyint"  label="Active">1</ind_active></row>
<row><id_poblacion type="int" >18347</id_poblacion><id_prov type="smallint" >3370</id_prov><name_pob type="varchar"  label="City">Anniston</name_pob><ind_active type="tinyint"  label="Active">1</ind_active></row>
<row><id_poblacion type="int" >18348</id_poblacion><id_prov type="smallint" >3370</id_prov><name_pob type="varchar"  label="City">Rockwell Ci</name_pob><ind_active type="tinyint"  label="Active">1</ind_active></row>
<row><id_poblacion type="int" >18349</id_poblacion><id_prov type="smallint" >3370</id_prov><name_pob type="varchar"  label="City">Hardin</name_pob><ind_active type="tinyint"  label="Active">1</ind_active></row>
<row><id_poblacion type="int" >18350</id_poblacion><id_prov type="smallint" >3371</id_prov><name_pob type="varchar"  label="City">Grafton</name_pob><ind_active type="tinyint"  label="Active">1</ind_active></row>
<row><id_poblacion type="int" >18351</id_poblacion><id_prov type="smallint" >3371</id_prov><name_pob type="varchar"  label="City">Medford</name_pob><ind_active type="tinyint"  label="Active">1</ind_active></row>
<row><id_poblacion type="int" >18352</id_poblacion><id_prov type="smallint" >3371</id_prov><name_pob type="varchar"  label="City">Abilene</name_pob><ind_active type="tinyint"  label="Active">1</ind_active></row>
<row><id_poblacion type="int" >18353</id_poblacion><id_prov type="smallint" >3371</id_prov><name_pob type="varchar"  label="City">Campbellsvi</name_pob><ind_active type="tinyint"  label="Active">1</ind_active></row>
<row><id_poblacion type="int" >18354</id_poblacion><id_prov type="smallint" >3371</id_prov><name_pob type="varchar"  label="City">Bedford</name_pob><ind_active type="tinyint"  label="Active">1</ind_active></row>
<row><id_poblacion type="int" >18355</id_poblacion><id_prov type="smallint" >3371</id_prov><name_pob type="varchar"  label="City">Perry</name_pob><ind_active type="tinyint"  label="Active">1</ind_active></row>
<row><id_poblacion type="int" >18356</id_poblacion><id_prov type="smallint" >3371</id_prov><name_pob type="varchar"  label="City">Butler</name_pob><ind_active type="tinyint"  label="Active">1</ind_active></row>
<row><id_poblacion type="int" >18357</id_poblacion><id_prov type="smallint" >3372</id_prov><name_pob type="varchar"  label="City">Northampton</name_pob><ind_active type="tinyint"  label="Active">1</ind_active></row>
<row><id_poblacion type="int" >18358</id_poblacion><id_prov type="smallint" >3372</id_prov><name_pob type="varchar"  label="City">Romney</name_pob><ind_active type="tinyint"  label="Active">1</ind_active></row>
<row><id_poblacion type="int" >18359</id_poblacion><id_prov type="smallint" >3373</id_prov><name_pob type="varchar"  label="City">Harrisville</name_pob><ind_active type="tinyint"  label="Active">1</ind_active></row>
<row><id_poblacion type="int" >18360</id_poblacion><id_prov type="smallint" >3374</id_prov><name_pob type="varchar"  label="City">Pocahontas</name_pob><ind_active type="tinyint"  label="Active">1</ind_active></row>
<row><id_poblacion type="int" >18361</id_poblacion><id_prov type="smallint" >3374</id_prov><name_pob type="varchar"  label="City">Marlinton</name_pob><ind_active type="tinyint"  label="Active">1</ind_active></row>
<row><id_poblacion type="int" >18362</id_poblacion><id_prov type="smallint" >3375</id_prov><name_pob type="varchar"  label="City">Ellijay</name_pob><ind_active type="tinyint"  label="Active">1</ind_active></row>
<row><id_poblacion type="int" >18363</id_poblacion><id_prov type="smallint" >3375</id_prov><name_pob type="varchar"  label="City">Glenville</name_pob><ind_active type="tinyint"  label="Active">1</ind_active></row>
<row><id_poblacion type="int" >18364</id_poblacion><id_prov type="smallint" >3376</id_prov><name_pob type="varchar"  label="City">Williamson</name_pob><ind_active type="tinyint"  label="Active">1</ind_active></row>
<row><id_poblacion type="int" >18366</id_poblacion><id_prov type="smallint" >3377</id_prov><name_pob type="varchar"  label="City">Fairmont</name_pob><ind_active type="tinyint"  label="Active">1</ind_active></row>
<row><id_poblacion type="int" >18367</id_poblacion><id_prov type="smallint" >3377</id_prov><name_pob type="varchar"  label="City">Jefferson</name_pob><ind_active type="tinyint"  label="Active">1</ind_active></row>
<row><id_poblacion type="int" >18368</id_poblacion><id_prov type="smallint" >3377</id_prov><name_pob type="varchar"  label="City">Hamilton</name_pob><ind_active type="tinyint"  label="Active">1</ind_active></row>
<row><id_poblacion type="int" >18371</id_poblacion><id_prov type="smallint" >3377</id_prov><name_pob type="varchar"  label="City">Columbia</name_pob><ind_active type="tinyint"  label="Active">1</ind_active></row>
<row><id_poblacion type="int" >18372</id_poblacion><id_prov type="smallint" >3377</id_prov><name_pob type="varchar"  label="City">Palmyra</name_pob><ind_active type="tinyint"  label="Active">1</ind_active></row>
<row><id_poblacion type="int" >18374</id_poblacion><id_prov type="smallint" >3377</id_prov><name_pob type="varchar"  label="City">Indianapoli</name_pob><ind_active type="tinyint"  label="Active">1</ind_active></row>
<row><id_poblacion type="int" >18376</id_poblacion><id_prov type="smallint" >3377</id_prov><name_pob type="varchar"  label="City">Knoxville</name_pob><ind_active type="tinyint"  label="Active">1</ind_active></row>
<row><id_poblacion type="int" >18377</id_poblacion><id_prov type="smallint" >3377</id_prov><name_pob type="varchar"  label="City">Buena Vista</name_pob><ind_active type="tinyint"  label="Active">1</ind_active></row>
<row><id_poblacion type="int" >18378</id_poblacion><id_prov type="smallint" >3377</id_prov><name_pob type="varchar"  label="City">Ocala</name_pob><ind_active type="tinyint"  label="Active">1</ind_active></row>
<row><id_poblacion type="int" >18379</id_poblacion><id_prov type="smallint" >3377</id_prov><name_pob type="varchar"  label="City">Yellville</name_pob><ind_active type="tinyint"  label="Active">1</ind_active></row>
<row><id_poblacion type="int" >18380</id_poblacion><id_prov type="smallint" >3377</id_prov><name_pob type="varchar"  label="City">Lebanon</name_pob><ind_active type="tinyint"  label="Active">1</ind_active></row>
<row><id_poblacion type="int" >18381</id_poblacion><id_prov type="smallint" >3377</id_prov><name_pob type="varchar"  label="City">Jasper</name_pob><ind_active type="tinyint"  label="Active">1</ind_active></row>
<row><id_poblacion type="int" >18382</id_poblacion><id_prov type="smallint" >3378</id_prov><name_pob type="varchar"  label="City">Creede</name_pob><ind_active type="tinyint"  label="Active">1</ind_active></row>
<row><id_poblacion type="int" >18383</id_poblacion><id_prov type="smallint" >3378</id_prov><name_pob type="varchar"  label="City">Superior</name_pob><ind_active type="tinyint"  label="Active">1</ind_active></row>
<row><id_poblacion type="int" >18384</id_poblacion><id_prov type="smallint" >3378</id_prov><name_pob type="varchar"  label="City">Hawthorne</name_pob><ind_active type="tinyint"  label="Active">1</ind_active></row>
<row><id_poblacion type="int" >18385</id_poblacion><id_prov type="smallint" >3378</id_prov><name_pob type="varchar"  label="City">Keyser</name_pob><ind_active type="tinyint"  label="Active">1</ind_active></row>
<row><id_poblacion type="int" >18386</id_poblacion><id_prov type="smallint" >3379</id_prov><name_pob type="varchar"  label="City">Wellsburg</name_pob><ind_active type="tinyint"  label="Active">1</ind_active></row>
<row><id_poblacion type="int" >18387</id_poblacion><id_prov type="smallint" >3380</id_prov><name_pob type="varchar"  label="City">Kingwood</name_pob><ind_active type="tinyint"  label="Active">1</ind_active></row>
<row><id_poblacion type="int" >18388</id_poblacion><id_prov type="smallint" >3381</id_prov><name_pob type="varchar"  label="City">Monroe</name_pob><ind_active type="tinyint"  label="Active">1</ind_active></row>
<row><id_poblacion type="int" >18389</id_poblacion><id_prov type="smallint" >3381</id_prov><name_pob type="varchar"  label="City">Stroudsburg</name_pob><ind_active type="tinyint"  label="Active">1</ind_active></row>
<row><id_poblacion type="int" >18390</id_poblacion><id_prov type="smallint" >3381</id_prov><name_pob type="varchar"  label="City">Union</name_pob><ind_active type="tinyint"  label="Active">1</ind_active></row>
<row><id_poblacion type="int" >18391</id_poblacion><id_prov type="smallint" >3381</id_prov><name_pob type="varchar"  label="City">Madisonvill</name_pob><ind_active type="tinyint"  label="Active">1</ind_active></row>
<row><id_poblacion type="int" >18392</id_poblacion><id_prov type="smallint" >3381</id_prov><name_pob type="varchar"  label="City">Woodsfield</name_pob><ind_active type="tinyint"  label="Active">1</ind_active></row>
<row><id_poblacion type="int" >18393</id_poblacion><id_prov type="smallint" >3381</id_prov><name_pob type="varchar"  label="City">Rochester</name_pob><ind_active type="tinyint"  label="Active">1</ind_active></row>
<row><id_poblacion type="int" >18394</id_poblacion><id_prov type="smallint" >3381</id_prov><name_pob type="varchar"  label="City">Aberdeen</name_pob><ind_active type="tinyint"  label="Active">1</ind_active></row>
<row><id_poblacion type="int" >18395</id_poblacion><id_prov type="smallint" >3381</id_prov><name_pob type="varchar"  label="City">Paris</name_pob><ind_active type="tinyint"  label="Active">1</ind_active></row>
<row><id_poblacion type="int" >18396</id_poblacion><id_prov type="smallint" >3381</id_prov><name_pob type="varchar"  label="City">Bloomington</name_pob><ind_active type="tinyint"  label="Active">1</ind_active></row>
<row><id_poblacion type="int" >18397</id_poblacion><id_prov type="smallint" >3381</id_prov><name_pob type="varchar"  label="City">Waterloo</name_pob><ind_active type="tinyint"  label="Active">1</ind_active></row>
<row><id_poblacion type="int" >18398</id_poblacion><id_prov type="smallint" >3381</id_prov><name_pob type="varchar"  label="City">Albia</name_pob><ind_active type="tinyint"  label="Active">1</ind_active></row>
<row><id_poblacion type="int" >18399</id_poblacion><id_prov type="smallint" >3381</id_prov><name_pob type="varchar"  label="City">Forsyth</name_pob><ind_active type="tinyint"  label="Active">1</ind_active></row>
<row><id_poblacion type="int" >18400</id_poblacion><id_prov type="smallint" >3381</id_prov><name_pob type="varchar"  label="City">Monroeville</name_pob><ind_active type="tinyint"  label="Active">1</ind_active></row>
<row><id_poblacion type="int" >18401</id_poblacion><id_prov type="smallint" >3381</id_prov><name_pob type="varchar"  label="City">Key West</name_pob><ind_active type="tinyint"  label="Active">1</ind_active></row>
<row><id_poblacion type="int" >18402</id_poblacion><id_prov type="smallint" >3381</id_prov><name_pob type="varchar"  label="City">Sparta</name_pob><ind_active type="tinyint"  label="Active">1</ind_active></row>
<row><id_poblacion type="int" >18403</id_poblacion><id_prov type="smallint" >3381</id_prov><name_pob type="varchar"  label="City">Clarendon</name_pob><ind_active type="tinyint"  label="Active">1</ind_active></row>
<row><id_poblacion type="int" >18404</id_poblacion><id_prov type="smallint" >3381</id_prov><name_pob type="varchar"  label="City">Tompkinsvil</name_pob><ind_active type="tinyint"  label="Active">1</ind_active></row>
<row><id_poblacion type="int" >18405</id_poblacion><id_prov type="smallint" >3382</id_prov><name_pob type="varchar"  label="City">Kingston</name_pob><ind_active type="tinyint"  label="Active">1</ind_active></row>
<row><id_poblacion type="int" >18406</id_poblacion><id_prov type="smallint" >3382</id_prov><name_pob type="varchar"  label="City">Spencer</name_pob><ind_active type="tinyint"  label="Active">1</ind_active></row>
<row><id_poblacion type="int" >18407</id_poblacion><id_prov type="smallint" >3383</id_prov><name_pob type="varchar"  label="City">Saint Marys</name_pob><ind_active type="tinyint"  label="Active">1</ind_active></row>
<row><id_poblacion type="int" >18408</id_poblacion><id_prov type="smallint" >3384</id_prov><name_pob type="varchar"  label="City">Havana</name_pob><ind_active type="tinyint"  label="Active">1</ind_active></row>
<row><id_poblacion type="int" >18409</id_poblacion><id_prov type="smallint" >3384</id_prov><name_pob type="varchar"  label="City">Maysville</name_pob><ind_active type="tinyint"  label="Active">1</ind_active></row>
<row><id_poblacion type="int" >18410</id_poblacion><id_prov type="smallint" >3384</id_prov><name_pob type="varchar"  label="City">Ludington</name_pob><ind_active type="tinyint"  label="Active">1</ind_active></row>
<row><id_poblacion type="int" >18411</id_poblacion><id_prov type="smallint" >3384</id_prov><name_pob type="varchar"  label="City">Mason</name_pob><ind_active type="tinyint"  label="Active">1</ind_active></row>
<row><id_poblacion type="int" >18412</id_poblacion><id_prov type="smallint" >3384</id_prov><name_pob type="varchar"  label="City">Shelton</name_pob><ind_active type="tinyint"  label="Active">1</ind_active></row>
<row><id_poblacion type="int" >18413</id_poblacion><id_prov type="smallint" >3384</id_prov><name_pob type="varchar"  label="City">Point Pleas</name_pob><ind_active type="tinyint"  label="Active">1</ind_active></row>
<row><id_poblacion type="int" >18416</id_poblacion><id_prov type="smallint" >3385</id_prov><name_pob type="varchar"  label="City">Mercer</name_pob><ind_active type="tinyint"  label="Active">1</ind_active></row>
<row><id_poblacion type="int" >18417</id_poblacion><id_prov type="smallint" >3385</id_prov><name_pob type="varchar"  label="City">Celina</name_pob><ind_active type="tinyint"  label="Active">1</ind_active></row>
<row><id_poblacion type="int" >18418</id_poblacion><id_prov type="smallint" >3385</id_prov><name_pob type="varchar"  label="City">Stanton</name_pob><ind_active type="tinyint"  label="Active">1</ind_active></row>
<row><id_poblacion type="int" >18419</id_poblacion><id_prov type="smallint" >3385</id_prov><name_pob type="varchar"  label="City">Harrodsburg</name_pob><ind_active type="tinyint"  label="Active">1</ind_active></row>
<row><id_poblacion type="int" >18420</id_poblacion><id_prov type="smallint" >3385</id_prov><name_pob type="varchar"  label="City">Aledo</name_pob><ind_active type="tinyint"  label="Active">1</ind_active></row>
<row><id_poblacion type="int" >18421</id_poblacion><id_prov type="smallint" >3385</id_prov><name_pob type="varchar"  label="City">Trenton</name_pob><ind_active type="tinyint"  label="Active">1</ind_active></row>
<row><id_poblacion type="int" >18422</id_poblacion><id_prov type="smallint" >3386</id_prov><name_pob type="varchar"  label="City">Unionville</name_pob><ind_active type="tinyint"  label="Active">1</ind_active></row>
<row><id_poblacion type="int" >18423</id_poblacion><id_prov type="smallint" >3386</id_prov><name_pob type="varchar"  label="City">Carmel</name_pob><ind_active type="tinyint"  label="Active">1</ind_active></row>
<row><id_poblacion type="int" >18424</id_poblacion><id_prov type="smallint" >3386</id_prov><name_pob type="varchar"  label="City">Ottawa</name_pob><ind_active type="tinyint"  label="Active">1</ind_active></row>
<row><id_poblacion type="int" >18425</id_poblacion><id_prov type="smallint" >3386</id_prov><name_pob type="varchar"  label="City">Winfield</name_pob><ind_active type="tinyint"  label="Active">1</ind_active></row>
<row><id_poblacion type="int" >18426</id_poblacion><id_prov type="smallint" >3386</id_prov><name_pob type="varchar"  label="City">Hennepin</name_pob><ind_active type="tinyint"  label="Active">1</ind_active></row>
<row><id_poblacion type="int" >18427</id_poblacion><id_prov type="smallint" >3386</id_prov><name_pob type="varchar"  label="City">Eatonton</name_pob><ind_active type="tinyint"  label="Active">1</ind_active></row>
<row><id_poblacion type="int" >18428</id_poblacion><id_prov type="smallint" >3386</id_prov><name_pob type="varchar"  label="City">Palatka</name_pob><ind_active type="tinyint"  label="Active">1</ind_active></row>
<row><id_poblacion type="int" >18429</id_poblacion><id_prov type="smallint" >3386</id_prov><name_pob type="varchar"  label="City">Cookeville</name_pob><ind_active type="tinyint"  label="Active">1</ind_active></row>
<row><id_poblacion type="int" >18430</id_poblacion><id_prov type="smallint" >3386</id_prov><name_pob type="varchar"  label="City">Greencastle</name_pob><ind_active type="tinyint"  label="Active">1</ind_active></row>
<row><id_poblacion type="int" >18431</id_poblacion><id_prov type="smallint" >3387</id_prov><name_pob type="varchar"  label="City">Moncks Corn</name_pob><ind_active type="tinyint"  label="Active">1</ind_active></row>
<row><id_poblacion type="int" >18432</id_poblacion><id_prov type="smallint" >3387</id_prov><name_pob type="varchar"  label="City">Martinsburg</name_pob><ind_active type="tinyint"  label="Active">1</ind_active></row>
<row><id_poblacion type="int" >18433</id_poblacion><id_prov type="smallint" >3388</id_prov><name_pob type="varchar"  label="City">Marion</name_pob><ind_active type="tinyint"  label="Active">1</ind_active></row>
<row><id_poblacion type="int" >18434</id_poblacion><id_prov type="smallint" >3388</id_prov><name_pob type="varchar"  label="City">Welch</name_pob><ind_active type="tinyint"  label="Active">1</ind_active></row>
<row><id_poblacion type="int" >18435</id_poblacion><id_prov type="smallint" >3389</id_prov><name_pob type="varchar"  label="City">Huntsville</name_pob><ind_active type="tinyint"  label="Active">1</ind_active></row>
<row><id_poblacion type="int" >18436</id_poblacion><id_prov type="smallint" >3389</id_prov><name_pob type="varchar"  label="City">Elkins</name_pob><ind_active type="tinyint"  label="Active">1</ind_active></row>
<row><id_poblacion type="int" >18437</id_poblacion><id_prov type="smallint" >3389</id_prov><name_pob type="varchar"  label="City">Winchester</name_pob><ind_active type="tinyint"  label="Active">1</ind_active></row>
<row><id_poblacion type="int" >18438</id_poblacion><id_prov type="smallint" >3389</id_prov><name_pob type="varchar"  label="City">Asheboro</name_pob><ind_active type="tinyint"  label="Active">1</ind_active></row>
<row><id_poblacion type="int" >18439</id_poblacion><id_prov type="smallint" >3389</id_prov><name_pob type="varchar"  label="City">Cuthbert</name_pob><ind_active type="tinyint"  label="Active">1</ind_active></row>
<row><id_poblacion type="int" >18440</id_poblacion><id_prov type="smallint" >3389</id_prov><name_pob type="varchar"  label="City">Pocahontas</name_pob><ind_active type="tinyint"  label="Active">1</ind_active></row>
<row><id_poblacion type="int" >18441</id_poblacion><id_prov type="smallint" >3389</id_prov><name_pob type="varchar"  label="City">Wedowee</name_pob><ind_active type="tinyint"  label="Active">1</ind_active></row>
<row><id_poblacion type="int" >18442</id_poblacion><id_prov type="smallint" >3389</id_prov><name_pob type="varchar"  label="City">Chester</name_pob><ind_active type="tinyint"  label="Active">1</ind_active></row>
<row><id_poblacion type="int" >18443</id_poblacion><id_prov type="smallint" >3390</id_prov><name_pob type="varchar"  label="City">Beckley</name_pob><ind_active type="tinyint"  label="Active">1</ind_active></row>
<row><id_poblacion type="int" >18444</id_poblacion><id_prov type="smallint" >3391</id_prov><name_pob type="varchar"  label="City">Moundsville</name_pob><ind_active type="tinyint"  label="Active">1</ind_active></row>
<row><id_poblacion type="int" >18445</id_poblacion><id_prov type="smallint" >3391</id_prov><name_pob type="varchar"  label="City">Lewisburg</name_pob><ind_active type="tinyint"  label="Active">1</ind_active></row>
<row><id_poblacion type="int" >18446</id_poblacion><id_prov type="smallint" >3391</id_prov><name_pob type="varchar"  label="City">Guntersvill</name_pob><ind_active type="tinyint"  label="Active">1</ind_active></row>
<row><id_poblacion type="int" >18447</id_poblacion><id_prov type="smallint" >3391</id_prov><name_pob type="varchar"  label="City">Britton</name_pob><ind_active type="tinyint"  label="Active">1</ind_active></row>
<row><id_poblacion type="int" >18448</id_poblacion><id_prov type="smallint" >3391</id_prov><name_pob type="varchar"  label="City">Madill</name_pob><ind_active type="tinyint"  label="Active">1</ind_active></row>
<row><id_poblacion type="int" >18449</id_poblacion><id_prov type="smallint" >3391</id_prov><name_pob type="varchar"  label="City">Holly Sprin</name_pob><ind_active type="tinyint"  label="Active">1</ind_active></row>
<row><id_poblacion type="int" >18450</id_poblacion><id_prov type="smallint" >3391</id_prov><name_pob type="varchar"  label="City">Benton</name_pob><ind_active type="tinyint"  label="Active">1</ind_active></row>
<row><id_poblacion type="int" >18451</id_poblacion><id_prov type="smallint" >3391</id_prov><name_pob type="varchar"  label="City">Marysville</name_pob><ind_active type="tinyint"  label="Active">1</ind_active></row>
<row><id_poblacion type="int" >18452</id_poblacion><id_prov type="smallint" >3391</id_prov><name_pob type="varchar"  label="City">Plymouth</name_pob><ind_active type="tinyint"  label="Active">1</ind_active></row>
<row><id_poblacion type="int" >18453</id_poblacion><id_prov type="smallint" >3391</id_prov><name_pob type="varchar"  label="City">Marshalltow</name_pob><ind_active type="tinyint"  label="Active">1</ind_active></row>
<row><id_poblacion type="int" >18454</id_poblacion><id_prov type="smallint" >3391</id_prov><name_pob type="varchar"  label="City">Lacon</name_pob><ind_active type="tinyint"  label="Active">1</ind_active></row>
<row><id_poblacion type="int" >18455</id_poblacion><id_prov type="smallint" >3391</id_prov><name_pob type="varchar"  label="City">Warren</name_pob><ind_active type="tinyint"  label="Active">1</ind_active></row>
<row><id_poblacion type="int" >18456</id_poblacion><id_prov type="smallint" >3392</id_prov><name_pob type="varchar"  label="City">Wartburg</name_pob><ind_active type="tinyint"  label="Active">1</ind_active></row>
<row><id_poblacion type="int" >18457</id_poblacion><id_prov type="smallint" >3392</id_prov><name_pob type="varchar"  label="City">West Libert</name_pob><ind_active type="tinyint"  label="Active">1</ind_active></row>
<row><id_poblacion type="int" >18458</id_poblacion><id_prov type="smallint" >3392</id_prov><name_pob type="varchar"  label="City">Morgan</name_pob><ind_active type="tinyint"  label="Active">1</ind_active></row>
<row><id_poblacion type="int" >18459</id_poblacion><id_prov type="smallint" >3392</id_prov><name_pob type="varchar"  label="City">McConnelsvi</name_pob><ind_active type="tinyint"  label="Active">1</ind_active></row>
<row><id_poblacion type="int" >18460</id_poblacion><id_prov type="smallint" >3392</id_prov><name_pob type="varchar"  label="City">Versailles</name_pob><ind_active type="tinyint"  label="Active">1</ind_active></row>
<row><id_poblacion type="int" >18461</id_poblacion><id_prov type="smallint" >3392</id_prov><name_pob type="varchar"  label="City">Jacksonvill</name_pob><ind_active type="tinyint"  label="Active">1</ind_active></row>
<row><id_poblacion type="int" >18462</id_poblacion><id_prov type="smallint" >3392</id_prov><name_pob type="varchar"  label="City">Madison</name_pob><ind_active type="tinyint"  label="Active">1</ind_active></row>
<row><id_poblacion type="int" >18463</id_poblacion><id_prov type="smallint" >3392</id_prov><name_pob type="varchar"  label="City">Decatur</name_pob><ind_active type="tinyint"  label="Active">1</ind_active></row>
<row><id_poblacion type="int" >18464</id_poblacion><id_prov type="smallint" >3392</id_prov><name_pob type="varchar"  label="City">Fort Morgan</name_pob><ind_active type="tinyint"  label="Active">1</ind_active></row>
<row><id_poblacion type="int" >18465</id_poblacion><id_prov type="smallint" >3392</id_prov><name_pob type="varchar"  label="City">Berkeley Sp</name_pob><ind_active type="tinyint"  label="Active">1</ind_active></row>
<row><id_poblacion type="int" >18466</id_poblacion><id_prov type="smallint" >3392</id_prov><name_pob type="varchar"  label="City">Martinsvill</name_pob><ind_active type="tinyint"  label="Active">1</ind_active></row>
<row><id_poblacion type="int" >18467</id_poblacion><id_prov type="smallint" >3393</id_prov><name_pob type="varchar"  label="City">Falmouth</name_pob><ind_active type="tinyint"  label="Active">1</ind_active></row>
<row><id_poblacion type="int" >18468</id_poblacion><id_prov type="smallint" >3393</id_prov><name_pob type="varchar"  label="City">Franklin</name_pob><ind_active type="tinyint"  label="Active">1</ind_active></row>
<row><id_poblacion type="int" >18469</id_poblacion><id_prov type="smallint" >3394</id_prov><name_pob type="varchar"  label="City">Carlisle</name_pob><ind_active type="tinyint"  label="Active">1</ind_active></row>
<row><id_poblacion type="int" >18470</id_poblacion><id_prov type="smallint" >3394</id_prov><name_pob type="varchar"  label="City">Summersvill</name_pob><ind_active type="tinyint"  label="Active">1</ind_active></row>
<row><id_poblacion type="int" >18471</id_poblacion><id_prov type="smallint" >3395</id_prov><name_pob type="varchar"  label="City">Somerville</name_pob><ind_active type="tinyint"  label="Active">1</ind_active></row>
<row><id_poblacion type="int" >18472</id_poblacion><id_prov type="smallint" >3395</id_prov><name_pob type="varchar"  label="City">La Grange</name_pob><ind_active type="tinyint"  label="Active">1</ind_active></row>
<row><id_poblacion type="int" >18473</id_poblacion><id_prov type="smallint" >3395</id_prov><name_pob type="varchar"  label="City">Uniontown</name_pob><ind_active type="tinyint"  label="Active">1</ind_active></row>
<row><id_poblacion type="int" >18474</id_poblacion><id_prov type="smallint" >3395</id_prov><name_pob type="varchar"  label="City">Washington</name_pob><ind_active type="tinyint"  label="Active">1</ind_active></row>
<row><id_poblacion type="int" >18475</id_poblacion><id_prov type="smallint" >3395</id_prov><name_pob type="varchar"  label="City">Lexington</name_pob><ind_active type="tinyint"  label="Active">1</ind_active></row>
<row><id_poblacion type="int" >18476</id_poblacion><id_prov type="smallint" >3395</id_prov><name_pob type="varchar"  label="City">Vandalia</name_pob><ind_active type="tinyint"  label="Active">1</ind_active></row>
<row><id_poblacion type="int" >18477</id_poblacion><id_prov type="smallint" >3395</id_prov><name_pob type="varchar"  label="City">West Union</name_pob><ind_active type="tinyint"  label="Active">1</ind_active></row>
<row><id_poblacion type="int" >18479</id_poblacion><id_prov type="smallint" >3395</id_prov><name_pob type="varchar"  label="City">Fayette</name_pob><ind_active type="tinyint"  label="Active">1</ind_active></row>
<row><id_poblacion type="int" >18481</id_poblacion><id_prov type="smallint" >3395</id_prov><name_pob type="varchar"  label="City">Connersvill</name_pob><ind_active type="tinyint"  label="Active">1</ind_active></row>
<row><id_poblacion type="int" >18482</id_poblacion><id_prov type="smallint" >3396</id_prov><name_pob type="varchar"  label="City">Columbia</name_pob><ind_active type="tinyint"  label="Active">1</ind_active></row>
<row><id_poblacion type="int" >18483</id_poblacion><id_prov type="smallint" >3396</id_prov><name_pob type="varchar"  label="City">Albion</name_pob><ind_active type="tinyint"  label="Active">1</ind_active></row>
<row><id_poblacion type="int" >18484</id_poblacion><id_prov type="smallint" >3396</id_prov><name_pob type="varchar"  label="City">Burlington</name_pob><ind_active type="tinyint"  label="Active">1</ind_active></row>
<row><id_poblacion type="int" >18485</id_poblacion><id_prov type="smallint" >3396</id_prov><name_pob type="varchar"  label="City">Belvidere</name_pob><ind_active type="tinyint"  label="Active">1</ind_active></row>
<row><id_poblacion type="int" >18486</id_poblacion><id_prov type="smallint" >3396</id_prov><name_pob type="varchar"  label="City">Boone</name_pob><ind_active type="tinyint"  label="Active">1</ind_active></row>
<row><id_poblacion type="int" >18487</id_poblacion><id_prov type="smallint" >3396</id_prov><name_pob type="varchar"  label="City">Harrison</name_pob><ind_active type="tinyint"  label="Active">1</ind_active></row>
<row><id_poblacion type="int" >18488</id_poblacion><id_prov type="smallint" >3396</id_prov><name_pob type="varchar"  label="City">Madison</name_pob><ind_active type="tinyint"  label="Active">1</ind_active></row>
<row><id_poblacion type="int" >18489</id_poblacion><id_prov type="smallint" >3396</id_prov><name_pob type="varchar"  label="City">Lebanon</name_pob><ind_active type="tinyint"  label="Active">1</ind_active></row>
<row><id_poblacion type="int" >18490</id_poblacion><id_prov type="smallint" >3397</id_prov><name_pob type="varchar"  label="City">Morgantown</name_pob><ind_active type="tinyint"  label="Active">1</ind_active></row>
<row><id_poblacion type="int" >18491</id_poblacion><id_prov type="smallint" >3398</id_prov><name_pob type="varchar"  label="City">Sutton</name_pob><ind_active type="tinyint"  label="Active">1</ind_active></row>
<row><id_poblacion type="int" >18492</id_poblacion><id_prov type="smallint" >3399</id_prov><name_pob type="varchar"  label="City">Clayton</name_pob><ind_active type="tinyint"  label="Active">1</ind_active></row>
<row><id_poblacion type="int" >18493</id_poblacion><id_prov type="smallint" >3399</id_prov><name_pob type="varchar"  label="City">Philippi</name_pob><ind_active type="tinyint"  label="Active">1</ind_active></row>
<row><id_poblacion type="int" >18494</id_poblacion><id_prov type="smallint" >3400</id_prov><name_pob type="varchar"  label="City">Napoleon</name_pob><ind_active type="tinyint"  label="Active">1</ind_active></row>
<row><id_poblacion type="int" >18495</id_poblacion><id_prov type="smallint" >3400</id_prov><name_pob type="varchar"  label="City">Logan</name_pob><ind_active type="tinyint"  label="Active">1</ind_active></row>
<row><id_poblacion type="int" >18496</id_poblacion><id_prov type="smallint" >3400</id_prov><name_pob type="varchar"  label="City">Guthrie</name_pob><ind_active type="tinyint"  label="Active">1</ind_active></row>
<row><id_poblacion type="int" >18497</id_poblacion><id_prov type="smallint" >3400</id_prov><name_pob type="varchar"  label="City">Stapleton</name_pob><ind_active type="tinyint"  label="Active">1</ind_active></row>
<row><id_poblacion type="int" >18498</id_poblacion><id_prov type="smallint" >3400</id_prov><name_pob type="varchar"  label="City">Russellvill</name_pob><ind_active type="tinyint"  label="Active">1</ind_active></row>
<row><id_poblacion type="int" >18499</id_poblacion><id_prov type="smallint" >3400</id_prov><name_pob type="varchar"  label="City">Oakley</name_pob><ind_active type="tinyint"  label="Active">1</ind_active></row>
<row><id_poblacion type="int" >18500</id_poblacion><id_prov type="smallint" >3400</id_prov><name_pob type="varchar"  label="City">Lincoln</name_pob><ind_active type="tinyint"  label="Active">1</ind_active></row>
<row><id_poblacion type="int" >18501</id_poblacion><id_prov type="smallint" >3400</id_prov><name_pob type="varchar"  label="City">Sterling</name_pob><ind_active type="tinyint"  label="Active">1</ind_active></row>
<row><id_poblacion type="int" >18502</id_poblacion><id_prov type="smallint" >3400</id_prov><name_pob type="varchar"  label="City">Booneville,</name_pob><ind_active type="tinyint"  label="Active">1</ind_active></row>
<row><id_poblacion type="int" >18503</id_poblacion><id_prov type="smallint" >3400</id_prov><name_pob type="varchar"  label="City">Bellefontai</name_pob><ind_active type="tinyint"  label="Active">1</ind_active></row>
<row><id_poblacion type="int" >18504</id_poblacion><id_prov type="smallint" >3401</id_prov><name_pob type="varchar"  label="City">Rising Sun</name_pob><ind_active type="tinyint"  label="Active">1</ind_active></row>
<row><id_poblacion type="int" >18505</id_poblacion><id_prov type="smallint" >3401</id_prov><name_pob type="varchar"  label="City">Hartford</name_pob><ind_active type="tinyint"  label="Active">1</ind_active></row>
<row><id_poblacion type="int" >18506</id_poblacion><id_prov type="smallint" >3401</id_prov><name_pob type="varchar"  label="City">Wheeling</name_pob><ind_active type="tinyint"  label="Active">1</ind_active></row>
<row><id_poblacion type="int" >18507</id_poblacion><id_prov type="smallint" >3402</id_prov><name_pob type="varchar"  label="City">West Union</name_pob><ind_active type="tinyint"  label="Active">1</ind_active></row>
</poblacion>
</root>