<?xml version="1.0" encoding="UTF-8"?>
<root>
<poblacion>
<row><id_poblacion type="int" >18508</id_poblacion><id_prov type="smallint" >3403</id_prov><name_pob type="varchar"  label="City">Juneau</name_pob><ind_active type="tinyint"  label="Active">1</ind_active></row>
<row><id_poblacion type="int" >18509</id_poblacion><id_prov type="smallint" >3403</id_prov><name_pob type="varchar"  label="City">Mauston</name_pob><ind_active type="tinyint"  label="Active">1</ind_active></row>
<row><id_poblacion type="int" >18510</id_poblacion><id_prov type="smallint" >3404</id_prov><name_pob type="varchar"  label="City">Milwaukee</name_pob><ind_active type="tinyint"  label="Active">1</ind_active></row>
<row><id_poblacion type="int" >18511</id_poblacion><id_prov type="smallint" >3405</id_prov><name_pob type="varchar"  label="City">Shell Lake</name_pob><ind_active type="tinyint"  label="Active">1</ind_active></row>
<row><id_poblacion type="int" >18512</id_poblacion><id_prov type="smallint" >3406</id_prov><name_pob type="varchar"  label="City">Green Lake</name_pob><ind_active type="tinyint"  label="Active">1</ind_active></row>
<row><id_poblacion type="int" >18513</id_poblacion><id_prov type="smallint" >3407</id_prov><name_pob type="varchar"  label="City">Brenham</name_pob><ind_active type="tinyint"  label="Active">1</ind_active></row>
<row><id_poblacion type="int" >18514</id_poblacion><id_prov type="smallint" >3407</id_prov><name_pob type="varchar"  label="City">Greenville</name_pob><ind_active type="tinyint"  label="Active">1</ind_active></row>
<row><id_poblacion type="int" >18515</id_poblacion><id_prov type="smallint" >3407</id_prov><name_pob type="varchar"  label="City">Plymouth</name_pob><ind_active type="tinyint"  label="Active">1</ind_active></row>
<row><id_poblacion type="int" >18516</id_poblacion><id_prov type="smallint" >3407</id_prov><name_pob type="varchar"  label="City">Blair</name_pob><ind_active type="tinyint"  label="Active">1</ind_active></row>
<row><id_poblacion type="int" >18517</id_poblacion><id_prov type="smallint" >3407</id_prov><name_pob type="varchar"  label="City">Hudson Fall</name_pob><ind_active type="tinyint"  label="Active">1</ind_active></row>
<row><id_poblacion type="int" >18518</id_poblacion><id_prov type="smallint" >3407</id_prov><name_pob type="varchar"  label="City">Bartlesvill</name_pob><ind_active type="tinyint"  label="Active">1</ind_active></row>
<row><id_poblacion type="int" >18520</id_poblacion><id_prov type="smallint" >3407</id_prov><name_pob type="varchar"  label="City">Potosi</name_pob><ind_active type="tinyint"  label="Active">1</ind_active></row>
<row><id_poblacion type="int" >18521</id_poblacion><id_prov type="smallint" >3407</id_prov><name_pob type="varchar"  label="City">Jonesboro</name_pob><ind_active type="tinyint"  label="Active">1</ind_active></row>
<row><id_poblacion type="int" >18522</id_poblacion><id_prov type="smallint" >3407</id_prov><name_pob type="varchar"  label="City">Marietta</name_pob><ind_active type="tinyint"  label="Active">1</ind_active></row>
<row><id_poblacion type="int" >18523</id_poblacion><id_prov type="smallint" >3407</id_prov><name_pob type="varchar"  label="City">Saint Georg</name_pob><ind_active type="tinyint"  label="Active">1</ind_active></row>
<row><id_poblacion type="int" >18524</id_poblacion><id_prov type="smallint" >3407</id_prov><name_pob type="varchar"  label="City">Abingdon</name_pob><ind_active type="tinyint"  label="Active">1</ind_active></row>
<row><id_poblacion type="int" >18525</id_poblacion><id_prov type="smallint" >3407</id_prov><name_pob type="varchar"  label="City">Montpelier</name_pob><ind_active type="tinyint"  label="Active">1</ind_active></row>
<row><id_poblacion type="int" >18526</id_poblacion><id_prov type="smallint" >3407</id_prov><name_pob type="varchar"  label="City">West Bend</name_pob><ind_active type="tinyint"  label="Active">1</ind_active></row>
<row><id_poblacion type="int" >18527</id_poblacion><id_prov type="smallint" >3407</id_prov><name_pob type="varchar"  label="City">Wakefield</name_pob><ind_active type="tinyint"  label="Active">1</ind_active></row>
<row><id_poblacion type="int" >18528</id_poblacion><id_prov type="smallint" >3407</id_prov><name_pob type="varchar"  label="City">Salem</name_pob><ind_active type="tinyint"  label="Active">1</ind_active></row>
<row><id_poblacion type="int" >18529</id_poblacion><id_prov type="smallint" >3407</id_prov><name_pob type="varchar"  label="City">Fayettevill</name_pob><ind_active type="tinyint"  label="Active">1</ind_active></row>
<row><id_poblacion type="int" >18530</id_poblacion><id_prov type="smallint" >3407</id_prov><name_pob type="varchar"  label="City">Akron</name_pob><ind_active type="tinyint"  label="Active">1</ind_active></row>
<row><id_poblacion type="int" >18531</id_poblacion><id_prov type="smallint" >3407</id_prov><name_pob type="varchar"  label="City">Chipley</name_pob><ind_active type="tinyint"  label="Active">1</ind_active></row>
<row><id_poblacion type="int" >18532</id_poblacion><id_prov type="smallint" >3407</id_prov><name_pob type="varchar"  label="City">Sandersvill</name_pob><ind_active type="tinyint"  label="Active">1</ind_active></row>
<row><id_poblacion type="int" >18534</id_poblacion><id_prov type="smallint" >3407</id_prov><name_pob type="varchar"  label="City">Stillwater</name_pob><ind_active type="tinyint"  label="Active">1</ind_active></row>
<row><id_poblacion type="int" >18535</id_poblacion><id_prov type="smallint" >3407</id_prov><name_pob type="varchar"  label="City">Nashville</name_pob><ind_active type="tinyint"  label="Active">1</ind_active></row>
<row><id_poblacion type="int" >18536</id_poblacion><id_prov type="smallint" >3407</id_prov><name_pob type="varchar"  label="City">Chatom</name_pob><ind_active type="tinyint"  label="Active">1</ind_active></row>
<row><id_poblacion type="int" >18538</id_poblacion><id_prov type="smallint" >3407</id_prov><name_pob type="varchar"  label="City">Hillsboro</name_pob><ind_active type="tinyint"  label="Active">1</ind_active></row>
<row><id_poblacion type="int" >18539</id_poblacion><id_prov type="smallint" >3407</id_prov><name_pob type="varchar"  label="City">Springfield</name_pob><ind_active type="tinyint"  label="Active">1</ind_active></row>
<row><id_poblacion type="int" >18540</id_poblacion><id_prov type="smallint" >3407</id_prov><name_pob type="varchar"  label="City">Franklinton</name_pob><ind_active type="tinyint"  label="Active">1</ind_active></row>
<row><id_poblacion type="int" >18541</id_poblacion><id_prov type="smallint" >3407</id_prov><name_pob type="varchar"  label="City">Hagerstown</name_pob><ind_active type="tinyint"  label="Active">1</ind_active></row>
<row><id_poblacion type="int" >18542</id_poblacion><id_prov type="smallint" >3407</id_prov><name_pob type="varchar"  label="City">Machias</name_pob><ind_active type="tinyint"  label="Active">1</ind_active></row>
<row><id_poblacion type="int" >18543</id_poblacion><id_prov type="smallint" >3407</id_prov><name_pob type="varchar"  label="City">Weiser</name_pob><ind_active type="tinyint"  label="Active">1</ind_active></row>
<row><id_poblacion type="int" >18544</id_poblacion><id_prov type="smallint" >3408</id_prov><name_pob type="varchar"  label="City">Selby</name_pob><ind_active type="tinyint"  label="Active">1</ind_active></row>
<row><id_poblacion type="int" >18545</id_poblacion><id_prov type="smallint" >3408</id_prov><name_pob type="varchar"  label="City">Elkhorn</name_pob><ind_active type="tinyint"  label="Active">1</ind_active></row>
<row><id_poblacion type="int" >18546</id_poblacion><id_prov type="smallint" >3409</id_prov><name_pob type="varchar"  label="City">Rhinelander</name_pob><ind_active type="tinyint"  label="Active">1</ind_active></row>
<row><id_poblacion type="int" >18547</id_poblacion><id_prov type="smallint" >3409</id_prov><name_pob type="varchar"  label="City">Malad City</name_pob><ind_active type="tinyint"  label="Active">1</ind_active></row>
<row><id_poblacion type="int" >18548</id_poblacion><id_prov type="smallint" >3409</id_prov><name_pob type="varchar"  label="City">Utica</name_pob><ind_active type="tinyint"  label="Active">1</ind_active></row>
<row><id_poblacion type="int" >18549</id_poblacion><id_prov type="smallint" >3410</id_prov><name_pob type="varchar"  label="City">Oconto</name_pob><ind_active type="tinyint"  label="Active">1</ind_active></row>
<row><id_poblacion type="int" >18550</id_poblacion><id_prov type="smallint" >3411</id_prov><name_pob type="varchar"  label="City">Waukesha</name_pob><ind_active type="tinyint"  label="Active">1</ind_active></row>
<row><id_poblacion type="int" >18553</id_poblacion><id_prov type="smallint" >3413</id_prov><name_pob type="varchar"  label="City">Waupaca</name_pob><ind_active type="tinyint"  label="Active">1</ind_active></row>
<row><id_poblacion type="int" >18554</id_poblacion><id_prov type="smallint" >3414</id_prov><name_pob type="varchar"  label="City">Phillips</name_pob><ind_active type="tinyint"  label="Active">1</ind_active></row>
<row><id_poblacion type="int" >18555</id_poblacion><id_prov type="smallint" >3415</id_prov><name_pob type="varchar"  label="City">Greensburg</name_pob><ind_active type="tinyint"  label="Active">1</ind_active></row>
<row><id_poblacion type="int" >18556</id_poblacion><id_prov type="smallint" >3415</id_prov><name_pob type="varchar"  label="City">Monroe</name_pob><ind_active type="tinyint"  label="Active">1</ind_active></row>
<row><id_poblacion type="int" >18557</id_poblacion><id_prov type="smallint" >3416</id_prov><name_pob type="varchar"  label="City">Fond du Lac</name_pob><ind_active type="tinyint"  label="Active">1</ind_active></row>
<row><id_poblacion type="int" >18558</id_poblacion><id_prov type="smallint" >3417</id_prov><name_pob type="varchar"  label="City">Marengo</name_pob><ind_active type="tinyint"  label="Active">1</ind_active></row>
<row><id_poblacion type="int" >18559</id_poblacion><id_prov type="smallint" >3417</id_prov><name_pob type="varchar"  label="City">Dodgeville</name_pob><ind_active type="tinyint"  label="Active">1</ind_active></row>
<row><id_poblacion type="int" >18560</id_poblacion><id_prov type="smallint" >3418</id_prov><name_pob type="varchar"  label="City">Durand</name_pob><ind_active type="tinyint"  label="Active">1</ind_active></row>
<row><id_poblacion type="int" >18561</id_poblacion><id_prov type="smallint" >3419</id_prov><name_pob type="varchar"  label="City">Dayton</name_pob><ind_active type="tinyint"  label="Active">1</ind_active></row>
<row><id_poblacion type="int" >18562</id_poblacion><id_prov type="smallint" >3419</id_prov><name_pob type="varchar"  label="City">Portage</name_pob><ind_active type="tinyint"  label="Active">1</ind_active></row>
<row><id_poblacion type="int" >18563</id_poblacion><id_prov type="smallint" >3419</id_prov><name_pob type="varchar"  label="City">Bloomsburg</name_pob><ind_active type="tinyint"  label="Active">1</ind_active></row>
<row><id_poblacion type="int" >18564</id_poblacion><id_prov type="smallint" >3419</id_prov><name_pob type="varchar"  label="City">Saint Helen</name_pob><ind_active type="tinyint"  label="Active">1</ind_active></row>
<row><id_poblacion type="int" >18565</id_poblacion><id_prov type="smallint" >3419</id_prov><name_pob type="varchar"  label="City">Hudson</name_pob><ind_active type="tinyint"  label="Active">1</ind_active></row>
<row><id_poblacion type="int" >18566</id_poblacion><id_prov type="smallint" >3419</id_prov><name_pob type="varchar"  label="City">Appling</name_pob><ind_active type="tinyint"  label="Active">1</ind_active></row>
<row><id_poblacion type="int" >18567</id_poblacion><id_prov type="smallint" >3419</id_prov><name_pob type="varchar"  label="City">Magnolia</name_pob><ind_active type="tinyint"  label="Active">1</ind_active></row>
<row><id_poblacion type="int" >18568</id_poblacion><id_prov type="smallint" >3419</id_prov><name_pob type="varchar"  label="City">Lake City</name_pob><ind_active type="tinyint"  label="Active">1</ind_active></row>
<row><id_poblacion type="int" >18569</id_poblacion><id_prov type="smallint" >3420</id_prov><name_pob type="varchar"  label="City">Crystal Fal</name_pob><ind_active type="tinyint"  label="Active">1</ind_active></row>
<row><id_poblacion type="int" >18570</id_poblacion><id_prov type="smallint" >3420</id_prov><name_pob type="varchar"  label="City">Hurley</name_pob><ind_active type="tinyint"  label="Active">1</ind_active></row>
<row><id_poblacion type="int" >18571</id_poblacion><id_prov type="smallint" >3420</id_prov><name_pob type="varchar"  label="City">Parowan</name_pob><ind_active type="tinyint"  label="Active">1</ind_active></row>
<row><id_poblacion type="int" >18572</id_poblacion><id_prov type="smallint" >3420</id_prov><name_pob type="varchar"  label="City">Ironton</name_pob><ind_active type="tinyint"  label="Active">1</ind_active></row>
<row><id_poblacion type="int" >18573</id_poblacion><id_prov type="smallint" >3421</id_prov><name_pob type="varchar"  label="City">Tionesta</name_pob><ind_active type="tinyint"  label="Active">1</ind_active></row>
<row><id_poblacion type="int" >18574</id_poblacion><id_prov type="smallint" >3421</id_prov><name_pob type="varchar"  label="City">Crandon</name_pob><ind_active type="tinyint"  label="Active">1</ind_active></row>
<row><id_poblacion type="int" >18575</id_poblacion><id_prov type="smallint" >3422</id_prov><name_pob type="varchar"  label="City">Quincy</name_pob><ind_active type="tinyint"  label="Active">1</ind_active></row>
<row><id_poblacion type="int" >18576</id_poblacion><id_prov type="smallint" >3422</id_prov><name_pob type="varchar"  label="City">Friendship</name_pob><ind_active type="tinyint"  label="Active">1</ind_active></row>
<row><id_poblacion type="int" >18577</id_poblacion><id_prov type="smallint" >3422</id_prov><name_pob type="varchar"  label="City">Ritzville</name_pob><ind_active type="tinyint"  label="Active">1</ind_active></row>
<row><id_poblacion type="int" >18578</id_poblacion><id_prov type="smallint" >3422</id_prov><name_pob type="varchar"  label="City">Gettysburg</name_pob><ind_active type="tinyint"  label="Active">1</ind_active></row>
<row><id_poblacion type="int" >18579</id_poblacion><id_prov type="smallint" >3422</id_prov><name_pob type="varchar"  label="City">West Union</name_pob><ind_active type="tinyint"  label="Active">1</ind_active></row>
<row><id_poblacion type="int" >18580</id_poblacion><id_prov type="smallint" >3422</id_prov><name_pob type="varchar"  label="City">Hastings</name_pob><ind_active type="tinyint"  label="Active">1</ind_active></row>
<row><id_poblacion type="int" >18581</id_poblacion><id_prov type="smallint" >3422</id_prov><name_pob type="varchar"  label="City">Hettinger</name_pob><ind_active type="tinyint"  label="Active">1</ind_active></row>
<row><id_poblacion type="int" >18582</id_poblacion><id_prov type="smallint" >3422</id_prov><name_pob type="varchar"  label="City">Decatur</name_pob><ind_active type="tinyint"  label="Active">1</ind_active></row>
<row><id_poblacion type="int" >18583</id_poblacion><id_prov type="smallint" >3422</id_prov><name_pob type="varchar"  label="City">Council</name_pob><ind_active type="tinyint"  label="Active">1</ind_active></row>
<row><id_poblacion type="int" >18584</id_poblacion><id_prov type="smallint" >3422</id_prov><name_pob type="varchar"  label="City">Corning</name_pob><ind_active type="tinyint"  label="Active">1</ind_active></row>
<row><id_poblacion type="int" >18585</id_poblacion><id_prov type="smallint" >3422</id_prov><name_pob type="varchar"  label="City">Brighton</name_pob><ind_active type="tinyint"  label="Active">1</ind_active></row>
<row><id_poblacion type="int" >18586</id_poblacion><id_prov type="smallint" >3422</id_prov><name_pob type="varchar"  label="City">Natchez</name_pob><ind_active type="tinyint"  label="Active">1</ind_active></row>
<row><id_poblacion type="int" >18587</id_poblacion><id_prov type="smallint" >3423</id_prov><name_pob type="varchar"  label="City">Wautoma</name_pob><ind_active type="tinyint"  label="Active">1</ind_active></row>
<row><id_poblacion type="int" >18589</id_poblacion><id_prov type="smallint" >3424</id_prov><name_pob type="varchar"  label="City">Edna</name_pob><ind_active type="tinyint"  label="Active">1</ind_active></row>
<row><id_poblacion type="int" >18590</id_poblacion><id_prov type="smallint" >3424</id_prov><name_pob type="varchar"  label="City">Gainesboro</name_pob><ind_active type="tinyint"  label="Active">1</ind_active></row>
<row><id_poblacion type="int" >18591</id_poblacion><id_prov type="smallint" >3424</id_prov><name_pob type="varchar"  label="City">Kadoka</name_pob><ind_active type="tinyint"  label="Active">1</ind_active></row>
<row><id_poblacion type="int" >18592</id_poblacion><id_prov type="smallint" >3424</id_prov><name_pob type="varchar"  label="City">Medford</name_pob><ind_active type="tinyint"  label="Active">1</ind_active></row>
<row><id_poblacion type="int" >18593</id_poblacion><id_prov type="smallint" >3424</id_prov><name_pob type="varchar"  label="City">Sylva</name_pob><ind_active type="tinyint"  label="Active">1</ind_active></row>
<row><id_poblacion type="int" >18595</id_poblacion><id_prov type="smallint" >3424</id_prov><name_pob type="varchar"  label="City">Ripley</name_pob><ind_active type="tinyint"  label="Active">1</ind_active></row>
<row><id_poblacion type="int" >18596</id_poblacion><id_prov type="smallint" >3424</id_prov><name_pob type="varchar"  label="City">Pascagoula</name_pob><ind_active type="tinyint"  label="Active">1</ind_active></row>
<row><id_poblacion type="int" >18597</id_poblacion><id_prov type="smallint" >3424</id_prov><name_pob type="varchar"  label="City">Independenc</name_pob><ind_active type="tinyint"  label="Active">1</ind_active></row>
<row><id_poblacion type="int" >18598</id_poblacion><id_prov type="smallint" >3424</id_prov><name_pob type="varchar"  label="City">Black River</name_pob><ind_active type="tinyint"  label="Active">1</ind_active></row>
<row><id_poblacion type="int" >18599</id_poblacion><id_prov type="smallint" >3424</id_prov><name_pob type="varchar"  label="City">Marianna</name_pob><ind_active type="tinyint"  label="Active">1</ind_active></row>
<row><id_poblacion type="int" >18601</id_poblacion><id_prov type="smallint" >3424</id_prov><name_pob type="varchar"  label="City">Altus</name_pob><ind_active type="tinyint"  label="Active">1</ind_active></row>
<row><id_poblacion type="int" >18602</id_poblacion><id_prov type="smallint" >3424</id_prov><name_pob type="varchar"  label="City">Scottsboro</name_pob><ind_active type="tinyint"  label="Active">1</ind_active></row>
<row><id_poblacion type="int" >18603</id_poblacion><id_prov type="smallint" >3424</id_prov><name_pob type="varchar"  label="City">Walden</name_pob><ind_active type="tinyint"  label="Active">1</ind_active></row>
<row><id_poblacion type="int" >18604</id_poblacion><id_prov type="smallint" >3424</id_prov><name_pob type="varchar"  label="City">Jefferson</name_pob><ind_active type="tinyint"  label="Active">1</ind_active></row>
<row><id_poblacion type="int" >18605</id_poblacion><id_prov type="smallint" >3424</id_prov><name_pob type="varchar"  label="City">Maquoketa</name_pob><ind_active type="tinyint"  label="Active">1</ind_active></row>
<row><id_poblacion type="int" >18606</id_poblacion><id_prov type="smallint" >3424</id_prov><name_pob type="varchar"  label="City">Murphysboro</name_pob><ind_active type="tinyint"  label="Active">1</ind_active></row>
<row><id_poblacion type="int" >18607</id_poblacion><id_prov type="smallint" >3424</id_prov><name_pob type="varchar"  label="City">Brownstown</name_pob><ind_active type="tinyint"  label="Active">1</ind_active></row>
<row><id_poblacion type="int" >18608</id_poblacion><id_prov type="smallint" >3424</id_prov><name_pob type="varchar"  label="City">Holton</name_pob><ind_active type="tinyint"  label="Active">1</ind_active></row>
<row><id_poblacion type="int" >18609</id_poblacion><id_prov type="smallint" >3424</id_prov><name_pob type="varchar"  label="City">McKee</name_pob><ind_active type="tinyint"  label="Active">1</ind_active></row>
<row><id_poblacion type="int" >18610</id_poblacion><id_prov type="smallint" >3424</id_prov><name_pob type="varchar"  label="City">Jonesboro</name_pob><ind_active type="tinyint"  label="Active">1</ind_active></row>
<row><id_poblacion type="int" >18611</id_poblacion><id_prov type="smallint" >3424</id_prov><name_pob type="varchar"  label="City">Newport</name_pob><ind_active type="tinyint"  label="Active">1</ind_active></row>
<row><id_poblacion type="int" >18612</id_poblacion><id_prov type="smallint" >3425</id_prov><name_pob type="varchar"  label="City">Appleton</name_pob><ind_active type="tinyint"  label="Active">1</ind_active></row>
<row><id_poblacion type="int" >18613</id_poblacion><id_prov type="smallint" >3426</id_prov><name_pob type="varchar"  label="City">Bolivar</name_pob><ind_active type="tinyint"  label="Active">1</ind_active></row>
<row><id_poblacion type="int" >18614</id_poblacion><id_prov type="smallint" >3426</id_prov><name_pob type="varchar"  label="City">Balsam Lake</name_pob><ind_active type="tinyint"  label="Active">1</ind_active></row>
<row><id_poblacion type="int" >18615</id_poblacion><id_prov type="smallint" >3426</id_prov><name_pob type="varchar"  label="City">Livingston</name_pob><ind_active type="tinyint"  label="Active">1</ind_active></row>
<row><id_poblacion type="int" >18616</id_poblacion><id_prov type="smallint" >3426</id_prov><name_pob type="varchar"  label="City">Benton</name_pob><ind_active type="tinyint"  label="Active">1</ind_active></row>
<row><id_poblacion type="int" >18617</id_poblacion><id_prov type="smallint" >3426</id_prov><name_pob type="varchar"  label="City">Dallas</name_pob><ind_active type="tinyint"  label="Active">1</ind_active></row>
<row><id_poblacion type="int" >18618</id_poblacion><id_prov type="smallint" >3426</id_prov><name_pob type="varchar"  label="City">Columbus</name_pob><ind_active type="tinyint"  label="Active">1</ind_active></row>
<row><id_poblacion type="int" >18619</id_poblacion><id_prov type="smallint" >3426</id_prov><name_pob type="varchar"  label="City">Crookston</name_pob><ind_active type="tinyint"  label="Active">1</ind_active></row>
<row><id_poblacion type="int" >18620</id_poblacion><id_prov type="smallint" >3426</id_prov><name_pob type="varchar"  label="City">Des Moines</name_pob><ind_active type="tinyint"  label="Active">1</ind_active></row>
<row><id_poblacion type="int" >18621</id_poblacion><id_prov type="smallint" >3426</id_prov><name_pob type="varchar"  label="City">Cedartown</name_pob><ind_active type="tinyint"  label="Active">1</ind_active></row>
<row><id_poblacion type="int" >18622</id_poblacion><id_prov type="smallint" >3426</id_prov><name_pob type="varchar"  label="City">Bartow</name_pob><ind_active type="tinyint"  label="Active">1</ind_active></row>
<row><id_poblacion type="int" >18623</id_poblacion><id_prov type="smallint" >3426</id_prov><name_pob type="varchar"  label="City">Mena</name_pob><ind_active type="tinyint"  label="Active">1</ind_active></row>
<row><id_poblacion type="int" >18624</id_poblacion><id_prov type="smallint" >3426</id_prov><name_pob type="varchar"  label="City">Osceola</name_pob><ind_active type="tinyint"  label="Active">1</ind_active></row>
<row><id_poblacion type="int" >18625</id_poblacion><id_prov type="smallint" >3427</id_prov><name_pob type="varchar"  label="City">Ravenna</name_pob><ind_active type="tinyint"  label="Active">1</ind_active></row>
<row><id_poblacion type="int" >18626</id_poblacion><id_prov type="smallint" >3427</id_prov><name_pob type="varchar"  label="City">Stevens Poi</name_pob><ind_active type="tinyint"  label="Active">1</ind_active></row>
<row><id_poblacion type="int" >18627</id_poblacion><id_prov type="smallint" >3428</id_prov><name_pob type="varchar"  label="City">Oshkosh</name_pob><ind_active type="tinyint"  label="Active">1</ind_active></row>
<row><id_poblacion type="int" >18628</id_poblacion><id_prov type="smallint" >3428</id_prov><name_pob type="varchar"  label="City">Forest City</name_pob><ind_active type="tinyint"  label="Active">1</ind_active></row>
<row><id_poblacion type="int" >18629</id_poblacion><id_prov type="smallint" >3428</id_prov><name_pob type="varchar"  label="City">Rockford</name_pob><ind_active type="tinyint"  label="Active">1</ind_active></row>
<row><id_poblacion type="int" >18630</id_poblacion><id_prov type="smallint" >3429</id_prov><name_pob type="varchar"  label="City">Boulder</name_pob><ind_active type="tinyint"  label="Active">1</ind_active></row>
<row><id_poblacion type="int" >18631</id_poblacion><id_prov type="smallint" >3429</id_prov><name_pob type="varchar"  label="City">Fairbury</name_pob><ind_active type="tinyint"  label="Active">1</ind_active></row>
<row><id_poblacion type="int" >18632</id_poblacion><id_prov type="smallint" >3429</id_prov><name_pob type="varchar"  label="City">Watertown</name_pob><ind_active type="tinyint"  label="Active">1</ind_active></row>
<row><id_poblacion type="int" >18633</id_poblacion><id_prov type="smallint" >3429</id_prov><name_pob type="varchar"  label="City">Steubenvill</name_pob><ind_active type="tinyint"  label="Active">1</ind_active></row>
<row><id_poblacion type="int" >18634</id_poblacion><id_prov type="smallint" >3429</id_prov><name_pob type="varchar"  label="City">Waurika</name_pob><ind_active type="tinyint"  label="Active">1</ind_active></row>
<row><id_poblacion type="int" >18635</id_poblacion><id_prov type="smallint" >3429</id_prov><name_pob type="varchar"  label="City">Madras</name_pob><ind_active type="tinyint"  label="Active">1</ind_active></row>
<row><id_poblacion type="int" >18636</id_poblacion><id_prov type="smallint" >3429</id_prov><name_pob type="varchar"  label="City">Brookville</name_pob><ind_active type="tinyint"  label="Active">1</ind_active></row>
<row><id_poblacion type="int" >18637</id_poblacion><id_prov type="smallint" >3429</id_prov><name_pob type="varchar"  label="City">Beaumont</name_pob><ind_active type="tinyint"  label="Active">1</ind_active></row>
<row><id_poblacion type="int" >18638</id_poblacion><id_prov type="smallint" >3429</id_prov><name_pob type="varchar"  label="City">Port Townse</name_pob><ind_active type="tinyint"  label="Active">1</ind_active></row>
<row><id_poblacion type="int" >18639</id_poblacion><id_prov type="smallint" >3429</id_prov><name_pob type="varchar"  label="City">Jefferson</name_pob><ind_active type="tinyint"  label="Active">1</ind_active></row>
<row><id_poblacion type="int" >18640</id_poblacion><id_prov type="smallint" >3429</id_prov><name_pob type="varchar"  label="City">Fayette</name_pob><ind_active type="tinyint"  label="Active">1</ind_active></row>
<row><id_poblacion type="int" >18641</id_poblacion><id_prov type="smallint" >3429</id_prov><name_pob type="varchar"  label="City">Dandridge</name_pob><ind_active type="tinyint"  label="Active">1</ind_active></row>
<row><id_poblacion type="int" >18642</id_poblacion><id_prov type="smallint" >3429</id_prov><name_pob type="varchar"  label="City">Hillsboro</name_pob><ind_active type="tinyint"  label="Active">1</ind_active></row>
<row><id_poblacion type="int" >18643</id_poblacion><id_prov type="smallint" >3429</id_prov><name_pob type="varchar"  label="City">Gretna</name_pob><ind_active type="tinyint"  label="Active">1</ind_active></row>
<row><id_poblacion type="int" >18645</id_poblacion><id_prov type="smallint" >3429</id_prov><name_pob type="varchar"  label="City">Oskaloosa</name_pob><ind_active type="tinyint"  label="Active">1</ind_active></row>
<row><id_poblacion type="int" >18646</id_poblacion><id_prov type="smallint" >3429</id_prov><name_pob type="varchar"  label="City">Madison</name_pob><ind_active type="tinyint"  label="Active">1</ind_active></row>
<row><id_poblacion type="int" >18647</id_poblacion><id_prov type="smallint" >3429</id_prov><name_pob type="varchar"  label="City">Mount Verno</name_pob><ind_active type="tinyint"  label="Active">1</ind_active></row>
<row><id_poblacion type="int" >18648</id_poblacion><id_prov type="smallint" >3429</id_prov><name_pob type="varchar"  label="City">Rigby</name_pob><ind_active type="tinyint"  label="Active">1</ind_active></row>
<row><id_poblacion type="int" >18649</id_poblacion><id_prov type="smallint" >3429</id_prov><name_pob type="varchar"  label="City">Fairfield</name_pob><ind_active type="tinyint"  label="Active">1</ind_active></row>
<row><id_poblacion type="int" >18651</id_poblacion><id_prov type="smallint" >3429</id_prov><name_pob type="varchar"  label="City">Monticello</name_pob><ind_active type="tinyint"  label="Active">1</ind_active></row>
<row><id_poblacion type="int" >18652</id_poblacion><id_prov type="smallint" >3429</id_prov><name_pob type="varchar"  label="City">Golden</name_pob><ind_active type="tinyint"  label="Active">1</ind_active></row>
<row><id_poblacion type="int" >18653</id_poblacion><id_prov type="smallint" >3429</id_prov><name_pob type="varchar"  label="City">Birmingham</name_pob><ind_active type="tinyint"  label="Active">1</ind_active></row>
<row><id_poblacion type="int" >18654</id_poblacion><id_prov type="smallint" >3429</id_prov><name_pob type="varchar"  label="City">Charles Tow</name_pob><ind_active type="tinyint"  label="Active">1</ind_active></row>
<row><id_poblacion type="int" >18655</id_poblacion><id_prov type="smallint" >3429</id_prov><name_pob type="varchar"  label="City">Pine Bluff</name_pob><ind_active type="tinyint"  label="Active">1</ind_active></row>
<row><id_poblacion type="int" >18656</id_poblacion><id_prov type="smallint" >3430</id_prov><name_pob type="varchar"  label="City">Sault Saint</name_pob><ind_active type="tinyint"  label="Active">1</ind_active></row>
<row><id_poblacion type="int" >18657</id_poblacion><id_prov type="smallint" >3430</id_prov><name_pob type="varchar"  label="City">Montevideo</name_pob><ind_active type="tinyint"  label="Active">1</ind_active></row>
<row><id_poblacion type="int" >18658</id_poblacion><id_prov type="smallint" >3430</id_prov><name_pob type="varchar"  label="City">Chippewa Fa</name_pob><ind_active type="tinyint"  label="Active">1</ind_active></row>
<row><id_poblacion type="int" >18659</id_poblacion><id_prov type="smallint" >3431</id_prov><name_pob type="varchar"  label="City">Parkersburg</name_pob><ind_active type="tinyint"  label="Active">1</ind_active></row>
<row><id_poblacion type="int" >18660</id_poblacion><id_prov type="smallint" >3431</id_prov><name_pob type="varchar"  label="City">Bowling Gre</name_pob><ind_active type="tinyint"  label="Active">1</ind_active></row>
<row><id_poblacion type="int" >18661</id_poblacion><id_prov type="smallint" >3431</id_prov><name_pob type="varchar"  label="City">Quitman</name_pob><ind_active type="tinyint"  label="Active">1</ind_active></row>
<row><id_poblacion type="int" >18662</id_poblacion><id_prov type="smallint" >3431</id_prov><name_pob type="varchar"  label="City">Wisconsin R</name_pob><ind_active type="tinyint"  label="Active">1</ind_active></row>
<row><id_poblacion type="int" >18663</id_poblacion><id_prov type="smallint" >3432</id_prov><name_pob type="varchar"  label="City">Port Washin</name_pob><ind_active type="tinyint"  label="Active">1</ind_active></row>
<row><id_poblacion type="int" >18664</id_poblacion><id_prov type="smallint" >3433</id_prov><name_pob type="varchar"  label="City">Monroe</name_pob><ind_active type="tinyint"  label="Active">1</ind_active></row>
<row><id_poblacion type="int" >18665</id_poblacion><id_prov type="smallint" >3433</id_prov><name_pob type="varchar"  label="City">Stroudsburg</name_pob><ind_active type="tinyint"  label="Active">1</ind_active></row>
<row><id_poblacion type="int" >18666</id_poblacion><id_prov type="smallint" >3433</id_prov><name_pob type="varchar"  label="City">Union</name_pob><ind_active type="tinyint"  label="Active">1</ind_active></row>
<row><id_poblacion type="int" >18667</id_poblacion><id_prov type="smallint" >3433</id_prov><name_pob type="varchar"  label="City">Madisonvill</name_pob><ind_active type="tinyint"  label="Active">1</ind_active></row>
<row><id_poblacion type="int" >18668</id_poblacion><id_prov type="smallint" >3433</id_prov><name_pob type="varchar"  label="City">Woodsfield</name_pob><ind_active type="tinyint"  label="Active">1</ind_active></row>
<row><id_poblacion type="int" >18669</id_poblacion><id_prov type="smallint" >3433</id_prov><name_pob type="varchar"  label="City">Rochester</name_pob><ind_active type="tinyint"  label="Active">1</ind_active></row>
<row><id_poblacion type="int" >18670</id_poblacion><id_prov type="smallint" >3433</id_prov><name_pob type="varchar"  label="City">Aberdeen</name_pob><ind_active type="tinyint"  label="Active">1</ind_active></row>
<row><id_poblacion type="int" >18671</id_poblacion><id_prov type="smallint" >3433</id_prov><name_pob type="varchar"  label="City">Paris</name_pob><ind_active type="tinyint"  label="Active">1</ind_active></row>
<row><id_poblacion type="int" >18672</id_poblacion><id_prov type="smallint" >3433</id_prov><name_pob type="varchar"  label="City">Bloomington</name_pob><ind_active type="tinyint"  label="Active">1</ind_active></row>
<row><id_poblacion type="int" >18673</id_poblacion><id_prov type="smallint" >3433</id_prov><name_pob type="varchar"  label="City">Waterloo</name_pob><ind_active type="tinyint"  label="Active">1</ind_active></row>
<row><id_poblacion type="int" >18674</id_poblacion><id_prov type="smallint" >3433</id_prov><name_pob type="varchar"  label="City">Albia</name_pob><ind_active type="tinyint"  label="Active">1</ind_active></row>
<row><id_poblacion type="int" >18675</id_poblacion><id_prov type="smallint" >3433</id_prov><name_pob type="varchar"  label="City">Forsyth</name_pob><ind_active type="tinyint"  label="Active">1</ind_active></row>
<row><id_poblacion type="int" >18676</id_poblacion><id_prov type="smallint" >3433</id_prov><name_pob type="varchar"  label="City">Monroeville</name_pob><ind_active type="tinyint"  label="Active">1</ind_active></row>
<row><id_poblacion type="int" >18677</id_poblacion><id_prov type="smallint" >3433</id_prov><name_pob type="varchar"  label="City">Key West</name_pob><ind_active type="tinyint"  label="Active">1</ind_active></row>
<row><id_poblacion type="int" >18678</id_poblacion><id_prov type="smallint" >3433</id_prov><name_pob type="varchar"  label="City">Sparta</name_pob><ind_active type="tinyint"  label="Active">1</ind_active></row>
<row><id_poblacion type="int" >18679</id_poblacion><id_prov type="smallint" >3433</id_prov><name_pob type="varchar"  label="City">Clarendon</name_pob><ind_active type="tinyint"  label="Active">1</ind_active></row>
<row><id_poblacion type="int" >18680</id_poblacion><id_prov type="smallint" >3433</id_prov><name_pob type="varchar"  label="City">Tompkinsvil</name_pob><ind_active type="tinyint"  label="Active">1</ind_active></row>
<row><id_poblacion type="int" >18681</id_poblacion><id_prov type="smallint" >3434</id_prov><name_pob type="varchar"  label="City">Hudson</name_pob><ind_active type="tinyint"  label="Active">1</ind_active></row>
<row><id_poblacion type="int" >18682</id_poblacion><id_prov type="smallint" >3435</id_prov><name_pob type="varchar"  label="City">Silver City</name_pob><ind_active type="tinyint"  label="Active">1</ind_active></row>
<row><id_poblacion type="int" >18683</id_poblacion><id_prov type="smallint" >3435</id_prov><name_pob type="varchar"  label="City">Sheridan</name_pob><ind_active type="tinyint"  label="Active">1</ind_active></row>
<row><id_poblacion type="int" >18684</id_poblacion><id_prov type="smallint" >3435</id_prov><name_pob type="varchar"  label="City">Lancaster</name_pob><ind_active type="tinyint"  label="Active">1</ind_active></row>
<row><id_poblacion type="int" >18685</id_poblacion><id_prov type="smallint" >3435</id_prov><name_pob type="varchar"  label="City">Petersburg</name_pob><ind_active type="tinyint"  label="Active">1</ind_active></row>
<row><id_poblacion type="int" >18686</id_poblacion><id_prov type="smallint" >3435</id_prov><name_pob type="varchar"  label="City">Ephrata</name_pob><ind_active type="tinyint"  label="Active">1</ind_active></row>
<row><id_poblacion type="int" >18687</id_poblacion><id_prov type="smallint" >3435</id_prov><name_pob type="varchar"  label="City">Milbank</name_pob><ind_active type="tinyint"  label="Active">1</ind_active></row>
<row><id_poblacion type="int" >18688</id_poblacion><id_prov type="smallint" >3435</id_prov><name_pob type="varchar"  label="City">Canyon City</name_pob><ind_active type="tinyint"  label="Active">1</ind_active></row>
<row><id_poblacion type="int" >18689</id_poblacion><id_prov type="smallint" >3435</id_prov><name_pob type="varchar"  label="City">Medford</name_pob><ind_active type="tinyint"  label="Active">1</ind_active></row>
<row><id_poblacion type="int" >18690</id_poblacion><id_prov type="smallint" >3435</id_prov><name_pob type="varchar"  label="City">Carson</name_pob><ind_active type="tinyint"  label="Active">1</ind_active></row>
<row><id_poblacion type="int" >18691</id_poblacion><id_prov type="smallint" >3435</id_prov><name_pob type="varchar"  label="City">Elbow Lake</name_pob><ind_active type="tinyint"  label="Active">1</ind_active></row>
<row><id_poblacion type="int" >18692</id_poblacion><id_prov type="smallint" >3435</id_prov><name_pob type="varchar"  label="City">Colfax</name_pob><ind_active type="tinyint"  label="Active">1</ind_active></row>
<row><id_poblacion type="int" >18693</id_poblacion><id_prov type="smallint" >3435</id_prov><name_pob type="varchar"  label="City">Williamstow</name_pob><ind_active type="tinyint"  label="Active">1</ind_active></row>
<row><id_poblacion type="int" >18694</id_poblacion><id_prov type="smallint" >3435</id_prov><name_pob type="varchar"  label="City">Marion</name_pob><ind_active type="tinyint"  label="Active">1</ind_active></row>
<row><id_poblacion type="int" >18695</id_poblacion><id_prov type="smallint" >3435</id_prov><name_pob type="varchar"  label="City">Ulysses</name_pob><ind_active type="tinyint"  label="Active">1</ind_active></row>
<row><id_poblacion type="int" >18696</id_poblacion><id_prov type="smallint" >3435</id_prov><name_pob type="varchar"  label="City">Hyannis</name_pob><ind_active type="tinyint"  label="Active">1</ind_active></row>
<row><id_poblacion type="int" >18697</id_poblacion><id_prov type="smallint" >3436</id_prov><name_pob type="varchar"  label="City">Grantsburg</name_pob><ind_active type="tinyint"  label="Active">1</ind_active></row>
<row><id_poblacion type="int" >18698</id_poblacion><id_prov type="smallint" >3437</id_prov><name_pob type="varchar"  label="City">Sturgeon Ba</name_pob><ind_active type="tinyint"  label="Active">1</ind_active></row>
<row><id_poblacion type="int" >18699</id_poblacion><id_prov type="smallint" >3438</id_prov><name_pob type="varchar"  label="City">Henderson</name_pob><ind_active type="tinyint"  label="Active">1</ind_active></row>
<row><id_poblacion type="int" >18700</id_poblacion><id_prov type="smallint" >3438</id_prov><name_pob type="varchar"  label="City">Ladysmith</name_pob><ind_active type="tinyint"  label="Active">1</ind_active></row>
<row><id_poblacion type="int" >18701</id_poblacion><id_prov type="smallint" >3439</id_prov><name_pob type="varchar"  label="City">Madison</name_pob><ind_active type="tinyint"  label="Active">1</ind_active></row>
<row><id_poblacion type="int" >18702</id_poblacion><id_prov type="smallint" >3440</id_prov><name_pob type="varchar"  label="City">Wausau</name_pob><ind_active type="tinyint"  label="Active">1</ind_active></row>
<row><id_poblacion type="int" >18703</id_poblacion><id_prov type="smallint" >3441</id_prov><name_pob type="varchar"  label="City">Kahoka</name_pob><ind_active type="tinyint"  label="Active">1</ind_active></row>
<row><id_poblacion type="int" >18704</id_poblacion><id_prov type="smallint" >3441</id_prov><name_pob type="varchar"  label="City">Neillsville</name_pob><ind_active type="tinyint"  label="Active">1</ind_active></row>
<row><id_poblacion type="int" >18705</id_poblacion><id_prov type="smallint" >3441</id_prov><name_pob type="varchar"  label="City">Vancouver</name_pob><ind_active type="tinyint"  label="Active">1</ind_active></row>
<row><id_poblacion type="int" >18706</id_poblacion><id_prov type="smallint" >3441</id_prov><name_pob type="varchar"  label="City">Clark</name_pob><ind_active type="tinyint"  label="Active">1</ind_active></row>
<row><id_poblacion type="int" >18707</id_poblacion><id_prov type="smallint" >3441</id_prov><name_pob type="varchar"  label="City">Springfield</name_pob><ind_active type="tinyint"  label="Active">1</ind_active></row>
<row><id_poblacion type="int" >18708</id_poblacion><id_prov type="smallint" >3441</id_prov><name_pob type="varchar"  label="City">Las Vegas</name_pob><ind_active type="tinyint"  label="Active">1</ind_active></row>
<row><id_poblacion type="int" >18709</id_poblacion><id_prov type="smallint" >3441</id_prov><name_pob type="varchar"  label="City">Ashland</name_pob><ind_active type="tinyint"  label="Active">1</ind_active></row>
<row><id_poblacion type="int" >18710</id_poblacion><id_prov type="smallint" >3441</id_prov><name_pob type="varchar"  label="City">Jeffersonvi</name_pob><ind_active type="tinyint"  label="Active">1</ind_active></row>
<row><id_poblacion type="int" >18711</id_poblacion><id_prov type="smallint" >3441</id_prov><name_pob type="varchar"  label="City">Marshall</name_pob><ind_active type="tinyint"  label="Active">1</ind_active></row>
<row><id_poblacion type="int" >18712</id_poblacion><id_prov type="smallint" >3441</id_prov><name_pob type="varchar"  label="City">Dubois</name_pob><ind_active type="tinyint"  label="Active">1</ind_active></row>
<row><id_poblacion type="int" >18713</id_poblacion><id_prov type="smallint" >3441</id_prov><name_pob type="varchar"  label="City">Arkadelphia</name_pob><ind_active type="tinyint"  label="Active">1</ind_active></row>
<row><id_poblacion type="int" >18714</id_poblacion><id_prov type="smallint" >3441</id_prov><name_pob type="varchar"  label="City">Winchester</name_pob><ind_active type="tinyint"  label="Active">1</ind_active></row>
<row><id_poblacion type="int" >18715</id_poblacion><id_prov type="smallint" >3442</id_prov><name_pob type="varchar"  label="City">Menominee</name_pob><ind_active type="tinyint"  label="Active">1</ind_active></row>
<row><id_poblacion type="int" >18716</id_poblacion><id_prov type="smallint" >3442</id_prov><name_pob type="varchar"  label="City">Keshena</name_pob><ind_active type="tinyint"  label="Active">1</ind_active></row>
<row><id_poblacion type="int" >18717</id_poblacion><id_prov type="smallint" >3443</id_prov><name_pob type="varchar"  label="City">Manitowoc</name_pob><ind_active type="tinyint"  label="Active">1</ind_active></row>
<row><id_poblacion type="int" >18718</id_poblacion><id_prov type="smallint" >3444</id_prov><name_pob type="varchar"  label="City">Manning</name_pob><ind_active type="tinyint"  label="Active">1</ind_active></row>
<row><id_poblacion type="int" >18719</id_poblacion><id_prov type="smallint" >3444</id_prov><name_pob type="varchar"  label="City">Menomonie</name_pob><ind_active type="tinyint"  label="Active">1</ind_active></row>
<row><id_poblacion type="int" >18720</id_poblacion><id_prov type="smallint" >3445</id_prov><name_pob type="varchar"  label="City">Marinette</name_pob><ind_active type="tinyint"  label="Active">1</ind_active></row>
<row><id_poblacion type="int" >18721</id_poblacion><id_prov type="smallint" >3446</id_prov><name_pob type="varchar"  label="City">Washburn</name_pob><ind_active type="tinyint"  label="Active">1</ind_active></row>
<row><id_poblacion type="int" >18722</id_poblacion><id_prov type="smallint" >3447</id_prov><name_pob type="varchar"  label="City">Grafton</name_pob><ind_active type="tinyint"  label="Active">1</ind_active></row>
<row><id_poblacion type="int" >18723</id_poblacion><id_prov type="smallint" >3447</id_prov><name_pob type="varchar"  label="City">Medford</name_pob><ind_active type="tinyint"  label="Active">1</ind_active></row>
<row><id_poblacion type="int" >18724</id_poblacion><id_prov type="smallint" >3447</id_prov><name_pob type="varchar"  label="City">Abilene</name_pob><ind_active type="tinyint"  label="Active">1</ind_active></row>
<row><id_poblacion type="int" >18725</id_poblacion><id_prov type="smallint" >3447</id_prov><name_pob type="varchar"  label="City">Campbellsvi</name_pob><ind_active type="tinyint"  label="Active">1</ind_active></row>
<row><id_poblacion type="int" >18726</id_poblacion><id_prov type="smallint" >3447</id_prov><name_pob type="varchar"  label="City">Bedford</name_pob><ind_active type="tinyint"  label="Active">1</ind_active></row>
<row><id_poblacion type="int" >18727</id_poblacion><id_prov type="smallint" >3447</id_prov><name_pob type="varchar"  label="City">Perry</name_pob><ind_active type="tinyint"  label="Active">1</ind_active></row>
<row><id_poblacion type="int" >18728</id_poblacion><id_prov type="smallint" >3447</id_prov><name_pob type="varchar"  label="City">Butler</name_pob><ind_active type="tinyint"  label="Active">1</ind_active></row>
<row><id_poblacion type="int" >18729</id_poblacion><id_prov type="smallint" >3448</id_prov><name_pob type="varchar"  label="City">La Crosse</name_pob><ind_active type="tinyint"  label="Active">1</ind_active></row>
<row><id_poblacion type="int" >18730</id_poblacion><id_prov type="smallint" >3449</id_prov><name_pob type="varchar"  label="City">Mayo</name_pob><ind_active type="tinyint"  label="Active">1</ind_active></row>
<row><id_poblacion type="int" >18731</id_poblacion><id_prov type="smallint" >3449</id_prov><name_pob type="varchar"  label="City">Lewisville</name_pob><ind_active type="tinyint"  label="Active">1</ind_active></row>
<row><id_poblacion type="int" >18732</id_poblacion><id_prov type="smallint" >3449</id_prov><name_pob type="varchar"  label="City">Darlington</name_pob><ind_active type="tinyint"  label="Active">1</ind_active></row>
<row><id_poblacion type="int" >18733</id_poblacion><id_prov type="smallint" >3449</id_prov><name_pob type="varchar"  label="City">Oxford</name_pob><ind_active type="tinyint"  label="Active">1</ind_active></row>
<row><id_poblacion type="int" >18734</id_poblacion><id_prov type="smallint" >3449</id_prov><name_pob type="varchar"  label="City">Lexington</name_pob><ind_active type="tinyint"  label="Active">1</ind_active></row>
<row><id_poblacion type="int" >18735</id_poblacion><id_prov type="smallint" >3449</id_prov><name_pob type="varchar"  label="City">Lafayette</name_pob><ind_active type="tinyint"  label="Active">1</ind_active></row>
<row><id_poblacion type="int" >18736</id_poblacion><id_prov type="smallint" >3450</id_prov><name_pob type="varchar"  label="City">Hayward</name_pob><ind_active type="tinyint"  label="Active">1</ind_active></row>
<row><id_poblacion type="int" >18737</id_poblacion><id_prov type="smallint" >3451</id_prov><name_pob type="varchar"  label="City">Alexandria</name_pob><ind_active type="tinyint"  label="Active">1</ind_active></row>
<row><id_poblacion type="int" >18738</id_poblacion><id_prov type="smallint" >3451</id_prov><name_pob type="varchar"  label="City">Superior</name_pob><ind_active type="tinyint"  label="Active">1</ind_active></row>
<row><id_poblacion type="int" >18739</id_poblacion><id_prov type="smallint" >3451</id_prov><name_pob type="varchar"  label="City">Waterville</name_pob><ind_active type="tinyint"  label="Active">1</ind_active></row>
<row><id_poblacion type="int" >18740</id_poblacion><id_prov type="smallint" >3451</id_prov><name_pob type="varchar"  label="City">Armour</name_pob><ind_active type="tinyint"  label="Active">1</ind_active></row>
<row><id_poblacion type="int" >18741</id_poblacion><id_prov type="smallint" >3451</id_prov><name_pob type="varchar"  label="City">Roseburg</name_pob><ind_active type="tinyint"  label="Active">1</ind_active></row>
<row><id_poblacion type="int" >18742</id_poblacion><id_prov type="smallint" >3451</id_prov><name_pob type="varchar"  label="City">Minden</name_pob><ind_active type="tinyint"  label="Active">1</ind_active></row>
<row><id_poblacion type="int" >18743</id_poblacion><id_prov type="smallint" >3451</id_prov><name_pob type="varchar"  label="City">Omaha</name_pob><ind_active type="tinyint"  label="Active">1</ind_active></row>
<row><id_poblacion type="int" >18744</id_poblacion><id_prov type="smallint" >3451</id_prov><name_pob type="varchar"  label="City">Lawrence</name_pob><ind_active type="tinyint"  label="Active">1</ind_active></row>
<row><id_poblacion type="int" >18745</id_poblacion><id_prov type="smallint" >3451</id_prov><name_pob type="varchar"  label="City">Tuscola</name_pob><ind_active type="tinyint"  label="Active">1</ind_active></row>
<row><id_poblacion type="int" >18746</id_poblacion><id_prov type="smallint" >3451</id_prov><name_pob type="varchar"  label="City">Douglasvill</name_pob><ind_active type="tinyint"  label="Active">1</ind_active></row>
<row><id_poblacion type="int" >18747</id_poblacion><id_prov type="smallint" >3451</id_prov><name_pob type="varchar"  label="City">Castle Rock</name_pob><ind_active type="tinyint"  label="Active">1</ind_active></row>
<row><id_poblacion type="int" >18748</id_poblacion><id_prov type="smallint" >3451</id_prov><name_pob type="varchar"  label="City">Ava</name_pob><ind_active type="tinyint"  label="Active">1</ind_active></row>
<row><id_poblacion type="int" >18749</id_poblacion><id_prov type="smallint" >3452</id_prov><name_pob type="varchar"  label="City">Antigo</name_pob><ind_active type="tinyint"  label="Active">1</ind_active></row>
<row><id_poblacion type="int" >18750</id_poblacion><id_prov type="smallint" >3453</id_prov><name_pob type="varchar"  label="City">Baraboo</name_pob><ind_active type="tinyint"  label="Active">1</ind_active></row>
<row><id_poblacion type="int" >18751</id_poblacion><id_prov type="smallint" >3454</id_prov><name_pob type="varchar"  label="City">Racine</name_pob><ind_active type="tinyint"  label="Active">1</ind_active></row>
<row><id_poblacion type="int" >18752</id_poblacion><id_prov type="smallint" >3455</id_prov><name_pob type="varchar"  label="City">Eastman</name_pob><ind_active type="tinyint"  label="Active">1</ind_active></row>
<row><id_poblacion type="int" >18753</id_poblacion><id_prov type="smallint" >3455</id_prov><name_pob type="varchar"  label="City">Mantorville</name_pob><ind_active type="tinyint"  label="Active">1</ind_active></row>
<row><id_poblacion type="int" >18754</id_poblacion><id_prov type="smallint" >3455</id_prov><name_pob type="varchar"  label="City">Fremont</name_pob><ind_active type="tinyint"  label="Active">1</ind_active></row>
<row><id_poblacion type="int" >18755</id_poblacion><id_prov type="smallint" >3455</id_prov><name_pob type="varchar"  label="City">Juneau</name_pob><ind_active type="tinyint"  label="Active">1</ind_active></row>
<row><id_poblacion type="int" >18756</id_poblacion><id_prov type="smallint" >3456</id_prov><name_pob type="varchar"  label="City">Eagle River</name_pob><ind_active type="tinyint"  label="Active">1</ind_active></row>
<row><id_poblacion type="int" >18757</id_poblacion><id_prov type="smallint" >3457</id_prov><name_pob type="varchar"  label="City">Blackshear</name_pob><ind_active type="tinyint"  label="Active">1</ind_active></row>
<row><id_poblacion type="int" >18758</id_poblacion><id_prov type="smallint" >3457</id_prov><name_pob type="varchar"  label="City">Rugby</name_pob><ind_active type="tinyint"  label="Active">1</ind_active></row>
<row><id_poblacion type="int" >18759</id_poblacion><id_prov type="smallint" >3457</id_prov><name_pob type="varchar"  label="City">Pierce</name_pob><ind_active type="tinyint"  label="Active">1</ind_active></row>
<row><id_poblacion type="int" >18760</id_poblacion><id_prov type="smallint" >3457</id_prov><name_pob type="varchar"  label="City">Tacoma</name_pob><ind_active type="tinyint"  label="Active">1</ind_active></row>
<row><id_poblacion type="int" >18761</id_poblacion><id_prov type="smallint" >3457</id_prov><name_pob type="varchar"  label="City">Ellsworth</name_pob><ind_active type="tinyint"  label="Active">1</ind_active></row>
<row><id_poblacion type="int" >18762</id_poblacion><id_prov type="smallint" >3458</id_prov><name_pob type="varchar"  label="City">Van Buren</name_pob><ind_active type="tinyint"  label="Active">1</ind_active></row>
<row><id_poblacion type="int" >18763</id_poblacion><id_prov type="smallint" >3458</id_prov><name_pob type="varchar"  label="City">Prairie du</name_pob><ind_active type="tinyint"  label="Active">1</ind_active></row>
<row><id_poblacion type="int" >18764</id_poblacion><id_prov type="smallint" >3458</id_prov><name_pob type="varchar"  label="City">Meadville</name_pob><ind_active type="tinyint"  label="Active">1</ind_active></row>
<row><id_poblacion type="int" >18765</id_poblacion><id_prov type="smallint" >3458</id_prov><name_pob type="varchar"  label="City">Bucyrus</name_pob><ind_active type="tinyint"  label="Active">1</ind_active></row>
<row><id_poblacion type="int" >18766</id_poblacion><id_prov type="smallint" >3458</id_prov><name_pob type="varchar"  label="City">Steelville</name_pob><ind_active type="tinyint"  label="Active">1</ind_active></row>
<row><id_poblacion type="int" >18767</id_poblacion><id_prov type="smallint" >3458</id_prov><name_pob type="varchar"  label="City">Grayling</name_pob><ind_active type="tinyint"  label="Active">1</ind_active></row>
<row><id_poblacion type="int" >18768</id_poblacion><id_prov type="smallint" >3458</id_prov><name_pob type="varchar"  label="City">Girard</name_pob><ind_active type="tinyint"  label="Active">1</ind_active></row>
<row><id_poblacion type="int" >18769</id_poblacion><id_prov type="smallint" >3458</id_prov><name_pob type="varchar"  label="City">Denison</name_pob><ind_active type="tinyint"  label="Active">1</ind_active></row>
<row><id_poblacion type="int" >18770</id_poblacion><id_prov type="smallint" >3458</id_prov><name_pob type="varchar"  label="City">Knoxville</name_pob><ind_active type="tinyint"  label="Active">1</ind_active></row>
<row><id_poblacion type="int" >18771</id_poblacion><id_prov type="smallint" >3458</id_prov><name_pob type="varchar"  label="City">English</name_pob><ind_active type="tinyint"  label="Active">1</ind_active></row>
<row><id_poblacion type="int" >18772</id_poblacion><id_prov type="smallint" >3458</id_prov><name_pob type="varchar"  label="City">Robinson</name_pob><ind_active type="tinyint"  label="Active">1</ind_active></row>
<row><id_poblacion type="int" >18773</id_poblacion><id_prov type="smallint" >3459</id_prov><name_pob type="varchar"  label="City">Leesville</name_pob><ind_active type="tinyint"  label="Active">1</ind_active></row>
<row><id_poblacion type="int" >18774</id_poblacion><id_prov type="smallint" >3459</id_prov><name_pob type="varchar"  label="City">Nevada</name_pob><ind_active type="tinyint"  label="Active">1</ind_active></row>
<row><id_poblacion type="int" >18775</id_poblacion><id_prov type="smallint" >3459</id_prov><name_pob type="varchar"  label="City">Viroqua</name_pob><ind_active type="tinyint"  label="Active">1</ind_active></row>
<row><id_poblacion type="int" >18776</id_poblacion><id_prov type="smallint" >3460</id_prov><name_pob type="varchar"  label="City">Kenosha</name_pob><ind_active type="tinyint"  label="Active">1</ind_active></row>
<row><id_poblacion type="int" >18777</id_poblacion><id_prov type="smallint" >3461</id_prov><name_pob type="varchar"  label="City">North Platt</name_pob><ind_active type="tinyint"  label="Active">1</ind_active></row>
<row><id_poblacion type="int" >18778</id_poblacion><id_prov type="smallint" >3461</id_prov><name_pob type="varchar"  label="City">Kemmerer</name_pob><ind_active type="tinyint"  label="Active">1</ind_active></row>
<row><id_poblacion type="int" >18779</id_poblacion><id_prov type="smallint" >3461</id_prov><name_pob type="varchar"  label="City">Hamlin</name_pob><ind_active type="tinyint"  label="Active">1</ind_active></row>
<row><id_poblacion type="int" >18780</id_poblacion><id_prov type="smallint" >3461</id_prov><name_pob type="varchar"  label="City">Merrill</name_pob><ind_active type="tinyint"  label="Active">1</ind_active></row>
<row><id_poblacion type="int" >18781</id_poblacion><id_prov type="smallint" >3461</id_prov><name_pob type="varchar"  label="City">Davenport</name_pob><ind_active type="tinyint"  label="Active">1</ind_active></row>
<row><id_poblacion type="int" >18782</id_poblacion><id_prov type="smallint" >3461</id_prov><name_pob type="varchar"  label="City">Fayettevill</name_pob><ind_active type="tinyint"  label="Active">1</ind_active></row>
<row><id_poblacion type="int" >18783</id_poblacion><id_prov type="smallint" >3461</id_prov><name_pob type="varchar"  label="City">Canton</name_pob><ind_active type="tinyint"  label="Active">1</ind_active></row>
<row><id_poblacion type="int" >18784</id_poblacion><id_prov type="smallint" >3461</id_prov><name_pob type="varchar"  label="City">Newport</name_pob><ind_active type="tinyint"  label="Active">1</ind_active></row>
<row><id_poblacion type="int" >18785</id_poblacion><id_prov type="smallint" >3461</id_prov><name_pob type="varchar"  label="City">Chandler</name_pob><ind_active type="tinyint"  label="Active">1</ind_active></row>
<row><id_poblacion type="int" >18786</id_poblacion><id_prov type="smallint" >3461</id_prov><name_pob type="varchar"  label="City">Pioche</name_pob><ind_active type="tinyint"  label="Active">1</ind_active></row>
<row><id_poblacion type="int" >18787</id_poblacion><id_prov type="smallint" >3461</id_prov><name_pob type="varchar"  label="City">Carrizozo</name_pob><ind_active type="tinyint"  label="Active">1</ind_active></row>
<row><id_poblacion type="int" >18788</id_poblacion><id_prov type="smallint" >3461</id_prov><name_pob type="varchar"  label="City">Wiscasset</name_pob><ind_active type="tinyint"  label="Active">1</ind_active></row>
<row><id_poblacion type="int" >18791</id_poblacion><id_prov type="smallint" >3461</id_prov><name_pob type="varchar"  label="City">Hugo</name_pob><ind_active type="tinyint"  label="Active">1</ind_active></row>
<row><id_poblacion type="int" >18792</id_poblacion><id_prov type="smallint" >3461</id_prov><name_pob type="varchar"  label="City">Shoshone</name_pob><ind_active type="tinyint"  label="Active">1</ind_active></row>
<row><id_poblacion type="int" >18793</id_poblacion><id_prov type="smallint" >3461</id_prov><name_pob type="varchar"  label="City">Lincoln</name_pob><ind_active type="tinyint"  label="Active">1</ind_active></row>
<row><id_poblacion type="int" >18794</id_poblacion><id_prov type="smallint" >3461</id_prov><name_pob type="varchar"  label="City">Stanford</name_pob><ind_active type="tinyint"  label="Active">1</ind_active></row>
<row><id_poblacion type="int" >18795</id_poblacion><id_prov type="smallint" >3461</id_prov><name_pob type="varchar"  label="City">Troy</name_pob><ind_active type="tinyint"  label="Active">1</ind_active></row>
<row><id_poblacion type="int" >18796</id_poblacion><id_prov type="smallint" >3461</id_prov><name_pob type="varchar"  label="City">Ivanhoe</name_pob><ind_active type="tinyint"  label="Active">1</ind_active></row>
<row><id_poblacion type="int" >18797</id_poblacion><id_prov type="smallint" >3461</id_prov><name_pob type="varchar"  label="City">Star City</name_pob><ind_active type="tinyint"  label="Active">1</ind_active></row>
<row><id_poblacion type="int" >18798</id_poblacion><id_prov type="smallint" >3461</id_prov><name_pob type="varchar"  label="City">Brookhaven</name_pob><ind_active type="tinyint"  label="Active">1</ind_active></row>
<row><id_poblacion type="int" >18799</id_poblacion><id_prov type="smallint" >3461</id_prov><name_pob type="varchar"  label="City">Libby</name_pob><ind_active type="tinyint"  label="Active">1</ind_active></row>
<row><id_poblacion type="int" >18800</id_poblacion><id_prov type="smallint" >3461</id_prov><name_pob type="varchar"  label="City">Ruston</name_pob><ind_active type="tinyint"  label="Active">1</ind_active></row>
<row><id_poblacion type="int" >18801</id_poblacion><id_prov type="smallint" >3462</id_prov><name_pob type="varchar"  label="City">New Ulm</name_pob><ind_active type="tinyint"  label="Active">1</ind_active></row>
<row><id_poblacion type="int" >18802</id_poblacion><id_prov type="smallint" >3462</id_prov><name_pob type="varchar"  label="City">Green Bay</name_pob><ind_active type="tinyint"  label="Active">1</ind_active></row>
<row><id_poblacion type="int" >18803</id_poblacion><id_prov type="smallint" >3462</id_prov><name_pob type="varchar"  label="City">Brownwood</name_pob><ind_active type="tinyint"  label="Active">1</ind_active></row>
<row><id_poblacion type="int" >18804</id_poblacion><id_prov type="smallint" >3462</id_prov><name_pob type="varchar"  label="City">Aberdeen</name_pob><ind_active type="tinyint"  label="Active">1</ind_active></row>
<row><id_poblacion type="int" >18805</id_poblacion><id_prov type="smallint" >3462</id_prov><name_pob type="varchar"  label="City">Ainsworth</name_pob><ind_active type="tinyint"  label="Active">1</ind_active></row>
<row><id_poblacion type="int" >18806</id_poblacion><id_prov type="smallint" >3462</id_prov><name_pob type="varchar"  label="City">Hiawatha</name_pob><ind_active type="tinyint"  label="Active">1</ind_active></row>
<row><id_poblacion type="int" >18807</id_poblacion><id_prov type="smallint" >3462</id_prov><name_pob type="varchar"  label="City">Nashville</name_pob><ind_active type="tinyint"  label="Active">1</ind_active></row>
<row><id_poblacion type="int" >18808</id_poblacion><id_prov type="smallint" >3462</id_prov><name_pob type="varchar"  label="City">Mount Sterl</name_pob><ind_active type="tinyint"  label="Active">1</ind_active></row>
<row><id_poblacion type="int" >18809</id_poblacion><id_prov type="smallint" >3462</id_prov><name_pob type="varchar"  label="City">Georgetown</name_pob><ind_active type="tinyint"  label="Active">1</ind_active></row>
<row><id_poblacion type="int" >18812</id_poblacion><id_prov type="smallint" >3464</id_prov><name_pob type="varchar"  label="City">Kewaunee</name_pob><ind_active type="tinyint"  label="Active">1</ind_active></row>
<row><id_poblacion type="int" >18813</id_poblacion><id_prov type="smallint" >3465</id_prov><name_pob type="varchar"  label="City">Chilton</name_pob><ind_active type="tinyint"  label="Active">1</ind_active></row>
<row><id_poblacion type="int" >18814</id_poblacion><id_prov type="smallint" >3466</id_prov><name_pob type="varchar"  label="City">Sheboygan</name_pob><ind_active type="tinyint"  label="Active">1</ind_active></row>
<row><id_poblacion type="int" >18815</id_poblacion><id_prov type="smallint" >3467</id_prov><name_pob type="varchar"  label="City">Richland Ce</name_pob><ind_active type="tinyint"  label="Active">1</ind_active></row>
<row><id_poblacion type="int" >18816</id_poblacion><id_prov type="smallint" >3467</id_prov><name_pob type="varchar"  label="City">Olney</name_pob><ind_active type="tinyint"  label="Active">1</ind_active></row>
<row><id_poblacion type="int" >18817</id_poblacion><id_prov type="smallint" >3467</id_prov><name_pob type="varchar"  label="City">Rayville</name_pob><ind_active type="tinyint"  label="Active">1</ind_active></row>
<row><id_poblacion type="int" >18818</id_poblacion><id_prov type="smallint" >3467</id_prov><name_pob type="varchar"  label="City">Sidney</name_pob><ind_active type="tinyint"  label="Active">1</ind_active></row>
<row><id_poblacion type="int" >18819</id_poblacion><id_prov type="smallint" >3467</id_prov><name_pob type="varchar"  label="City">Wahpeton</name_pob><ind_active type="tinyint"  label="Active">1</ind_active></row>
<row><id_poblacion type="int" >18820</id_poblacion><id_prov type="smallint" >3467</id_prov><name_pob type="varchar"  label="City">Mansfield</name_pob><ind_active type="tinyint"  label="Active">1</ind_active></row>
<row><id_poblacion type="int" >18821</id_poblacion><id_prov type="smallint" >3467</id_prov><name_pob type="varchar"  label="City">Columbia</name_pob><ind_active type="tinyint"  label="Active">1</ind_active></row>
<row><id_poblacion type="int" >18822</id_poblacion><id_prov type="smallint" >3468</id_prov><name_pob type="varchar"  label="City">Shawano</name_pob><ind_active type="tinyint"  label="Active">1</ind_active></row>
<row><id_poblacion type="int" >18823</id_poblacion><id_prov type="smallint" >3469</id_prov><name_pob type="varchar"  label="City">Janesville</name_pob><ind_active type="tinyint"  label="Active">1</ind_active></row>
<row><id_poblacion type="int" >18824</id_poblacion><id_prov type="smallint" >3469</id_prov><name_pob type="varchar"  label="City">Luverne</name_pob><ind_active type="tinyint"  label="Active">1</ind_active></row>
<row><id_poblacion type="int" >18825</id_poblacion><id_prov type="smallint" >3469</id_prov><name_pob type="varchar"  label="City">Bassett</name_pob><ind_active type="tinyint"  label="Active">1</ind_active></row>
<row><id_poblacion type="int" >18826</id_poblacion><id_prov type="smallint" >3470</id_prov><name_pob type="varchar"  label="City">Kearney</name_pob><ind_active type="tinyint"  label="Active">1</ind_active></row>
<row><id_poblacion type="int" >18827</id_poblacion><id_prov type="smallint" >3470</id_prov><name_pob type="varchar"  label="City">Gannvalley</name_pob><ind_active type="tinyint"  label="Active">1</ind_active></row>
<row><id_poblacion type="int" >18828</id_poblacion><id_prov type="smallint" >3470</id_prov><name_pob type="varchar"  label="City">Alma</name_pob><ind_active type="tinyint"  label="Active">1</ind_active></row>
<row><id_poblacion type="int" >18829</id_poblacion><id_prov type="smallint" >3471</id_prov><name_pob type="varchar"  label="City">Barron</name_pob><ind_active type="tinyint"  label="Active">1</ind_active></row>
<row><id_poblacion type="int" >18830</id_poblacion><id_prov type="smallint" >3472</id_prov><name_pob type="varchar"  label="City">Marquette</name_pob><ind_active type="tinyint"  label="Active">1</ind_active></row>
<row><id_poblacion type="int" >18831</id_poblacion><id_prov type="smallint" >3472</id_prov><name_pob type="varchar"  label="City">Montello</name_pob><ind_active type="tinyint"  label="Active">1</ind_active></row>
<row><id_poblacion type="int" >18832</id_poblacion><id_prov type="smallint" >3473</id_prov><name_pob type="varchar"  label="City">Eau Claire</name_pob><ind_active type="tinyint"  label="Active">1</ind_active></row>
<row><id_poblacion type="int" >18833</id_poblacion><id_prov type="smallint" >3474</id_prov><name_pob type="varchar"  label="City">Whitehall</name_pob><ind_active type="tinyint"  label="Active">1</ind_active></row>
</poblacion>
</root>