<?xml version="1.0" encoding="UTF-8"?>
<root>
<provincia>
<row><id_prov type="smallint" >358</id_prov><id_comunidad type="smallint" >265</id_comunidad><prov_name type="varchar"  label="County">Bibb</prov_name><ind_active type="tinyint"  label="Active">1</ind_active></row>
<row><id_prov type="smallint" >359</id_prov><id_comunidad type="smallint" >265</id_comunidad><prov_name type="varchar"  label="County">Jackson</prov_name><ind_active type="tinyint"  label="Active">1</ind_active></row>
<row><id_prov type="smallint" >360</id_prov><id_comunidad type="smallint" >265</id_comunidad><prov_name type="varchar"  label="County">Saint Clair</prov_name><ind_active type="tinyint"  label="Active">1</ind_active></row>
<row><id_prov type="smallint" >361</id_prov><id_comunidad type="smallint" >265</id_comunidad><prov_name type="varchar"  label="County">Cherokee</prov_name><ind_active type="tinyint"  label="Active">1</ind_active></row>
<row><id_prov type="smallint" >362</id_prov><id_comunidad type="smallint" >265</id_comunidad><prov_name type="varchar"  label="County">Shelby</prov_name><ind_active type="tinyint"  label="Active">1</ind_active></row>
<row><id_prov type="smallint" >363</id_prov><id_comunidad type="smallint" >265</id_comunidad><prov_name type="varchar"  label="County">Pike</prov_name><ind_active type="tinyint"  label="Active">1</ind_active></row>
<row><id_prov type="smallint" >364</id_prov><id_comunidad type="smallint" >265</id_comunidad><prov_name type="varchar"  label="County">Geneva</prov_name><ind_active type="tinyint"  label="Active">1</ind_active></row>
<row><id_prov type="smallint" >365</id_prov><id_comunidad type="smallint" >265</id_comunidad><prov_name type="varchar"  label="County">Bullock</prov_name><ind_active type="tinyint"  label="Active">1</ind_active></row>
<row><id_prov type="smallint" >366</id_prov><id_comunidad type="smallint" >265</id_comunidad><prov_name type="varchar"  label="County">Etowah</prov_name><ind_active type="tinyint"  label="Active">1</ind_active></row>
<row><id_prov type="smallint" >367</id_prov><id_comunidad type="smallint" >265</id_comunidad><prov_name type="varchar"  label="County">Winston</prov_name><ind_active type="tinyint"  label="Active">1</ind_active></row>
<row><id_prov type="smallint" >368</id_prov><id_comunidad type="smallint" >265</id_comunidad><prov_name type="varchar"  label="County">Talladega</prov_name><ind_active type="tinyint"  label="Active">1</ind_active></row>
<row><id_prov type="smallint" >369</id_prov><id_comunidad type="smallint" >265</id_comunidad><prov_name type="varchar"  label="County">Marengo</prov_name><ind_active type="tinyint"  label="Active">1</ind_active></row>
<row><id_prov type="smallint" >370</id_prov><id_comunidad type="smallint" >265</id_comunidad><prov_name type="varchar"  label="County">Tallapoosa</prov_name><ind_active type="tinyint"  label="Active">1</ind_active></row>
<row><id_prov type="smallint" >371</id_prov><id_comunidad type="smallint" >265</id_comunidad><prov_name type="varchar"  label="County">Pickens</prov_name><ind_active type="tinyint"  label="Active">1</ind_active></row>
<row><id_prov type="smallint" >372</id_prov><id_comunidad type="smallint" >265</id_comunidad><prov_name type="varchar"  label="County">Autauga</prov_name><ind_active type="tinyint"  label="Active">1</ind_active></row>
<row><id_prov type="smallint" >373</id_prov><id_comunidad type="smallint" >265</id_comunidad><prov_name type="varchar"  label="County">Dale</prov_name><ind_active type="tinyint"  label="Active">1</ind_active></row>
<row><id_prov type="smallint" >374</id_prov><id_comunidad type="smallint" >265</id_comunidad><prov_name type="varchar"  label="County">Tuscaloosa</prov_name><ind_active type="tinyint"  label="Active">1</ind_active></row>
<row><id_prov type="smallint" >375</id_prov><id_comunidad type="smallint" >265</id_comunidad><prov_name type="varchar"  label="County">Chilton</prov_name><ind_active type="tinyint"  label="Active">1</ind_active></row>
<row><id_prov type="smallint" >376</id_prov><id_comunidad type="smallint" >265</id_comunidad><prov_name type="varchar"  label="County">Walker</prov_name><ind_active type="tinyint"  label="Active">1</ind_active></row>
<row><id_prov type="smallint" >377</id_prov><id_comunidad type="smallint" >265</id_comunidad><prov_name type="varchar"  label="County">Madison</prov_name><ind_active type="tinyint"  label="Active">1</ind_active></row>
<row><id_prov type="smallint" >378</id_prov><id_comunidad type="smallint" >265</id_comunidad><prov_name type="varchar"  label="County">Cleburne</prov_name><ind_active type="tinyint"  label="Active">1</ind_active></row>
<row><id_prov type="smallint" >379</id_prov><id_comunidad type="smallint" >265</id_comunidad><prov_name type="varchar"  label="County">Dallas</prov_name><ind_active type="tinyint"  label="Active">1</ind_active></row>
<row><id_prov type="smallint" >380</id_prov><id_comunidad type="smallint" >265</id_comunidad><prov_name type="varchar"  label="County">DeKalb</prov_name><ind_active type="tinyint"  label="Active">1</ind_active></row>
<row><id_prov type="smallint" >381</id_prov><id_comunidad type="smallint" >265</id_comunidad><prov_name type="varchar"  label="County">Marshall</prov_name><ind_active type="tinyint"  label="Active">1</ind_active></row>
<row><id_prov type="smallint" >382</id_prov><id_comunidad type="smallint" >265</id_comunidad><prov_name type="varchar"  label="County">Choctaw</prov_name><ind_active type="tinyint"  label="Active">1</ind_active></row>
<row><id_prov type="smallint" >383</id_prov><id_comunidad type="smallint" >265</id_comunidad><prov_name type="varchar"  label="County">Hale</prov_name><ind_active type="tinyint"  label="Active">1</ind_active></row>
<row><id_prov type="smallint" >384</id_prov><id_comunidad type="smallint" >265</id_comunidad><prov_name type="varchar"  label="County">Chambers</prov_name><ind_active type="tinyint"  label="Active">1</ind_active></row>
<row><id_prov type="smallint" >385</id_prov><id_comunidad type="smallint" >265</id_comunidad><prov_name type="varchar"  label="County">Escambia</prov_name><ind_active type="tinyint"  label="Active">1</ind_active></row>
<row><id_prov type="smallint" >386</id_prov><id_comunidad type="smallint" >265</id_comunidad><prov_name type="varchar"  label="County">Butler</prov_name><ind_active type="tinyint"  label="Active">1</ind_active></row>
<row><id_prov type="smallint" >387</id_prov><id_comunidad type="smallint" >265</id_comunidad><prov_name type="varchar"  label="County">Cullman</prov_name><ind_active type="tinyint"  label="Active">1</ind_active></row>
<row><id_prov type="smallint" >388</id_prov><id_comunidad type="smallint" >265</id_comunidad><prov_name type="varchar"  label="County">Macon</prov_name><ind_active type="tinyint"  label="Active">1</ind_active></row>
<row><id_prov type="smallint" >389</id_prov><id_comunidad type="smallint" >265</id_comunidad><prov_name type="varchar"  label="County">Wilcox</prov_name><ind_active type="tinyint"  label="Active">1</ind_active></row>
<row><id_prov type="smallint" >390</id_prov><id_comunidad type="smallint" >265</id_comunidad><prov_name type="varchar"  label="County">Lauderdale</prov_name><ind_active type="tinyint"  label="Active">1</ind_active></row>
<row><id_prov type="smallint" >391</id_prov><id_comunidad type="smallint" >265</id_comunidad><prov_name type="varchar"  label="County">Calhoun</prov_name><ind_active type="tinyint"  label="Active">1</ind_active></row>
<row><id_prov type="smallint" >392</id_prov><id_comunidad type="smallint" >265</id_comunidad><prov_name type="varchar"  label="County">Lee</prov_name><ind_active type="tinyint"  label="Active">1</ind_active></row>
<row><id_prov type="smallint" >393</id_prov><id_comunidad type="smallint" >265</id_comunidad><prov_name type="varchar"  label="County">Morgan</prov_name><ind_active type="tinyint"  label="Active">1</ind_active></row>
<row><id_prov type="smallint" >394</id_prov><id_comunidad type="smallint" >265</id_comunidad><prov_name type="varchar"  label="County">Perry</prov_name><ind_active type="tinyint"  label="Active">1</ind_active></row>
<row><id_prov type="smallint" >395</id_prov><id_comunidad type="smallint" >265</id_comunidad><prov_name type="varchar"  label="County">Lamar</prov_name><ind_active type="tinyint"  label="Active">1</ind_active></row>
<row><id_prov type="smallint" >396</id_prov><id_comunidad type="smallint" >265</id_comunidad><prov_name type="varchar"  label="County">Mobile</prov_name><ind_active type="tinyint"  label="Active">1</ind_active></row>
<row><id_prov type="smallint" >397</id_prov><id_comunidad type="smallint" >265</id_comunidad><prov_name type="varchar"  label="County">Crenshaw</prov_name><ind_active type="tinyint"  label="Active">1</ind_active></row>
<row><id_prov type="smallint" >398</id_prov><id_comunidad type="smallint" >265</id_comunidad><prov_name type="varchar"  label="County">Barbour</prov_name><ind_active type="tinyint"  label="Active">1</ind_active></row>
<row><id_prov type="smallint" >399</id_prov><id_comunidad type="smallint" >265</id_comunidad><prov_name type="varchar"  label="County">Clarke</prov_name><ind_active type="tinyint"  label="Active">1</ind_active></row>
<row><id_prov type="smallint" >400</id_prov><id_comunidad type="smallint" >265</id_comunidad><prov_name type="varchar"  label="County">Coosa</prov_name><ind_active type="tinyint"  label="Active">1</ind_active></row>
<row><id_prov type="smallint" >401</id_prov><id_comunidad type="smallint" >265</id_comunidad><prov_name type="varchar"  label="County">Franklin</prov_name><ind_active type="tinyint"  label="Active">1</ind_active></row>
<row><id_prov type="smallint" >402</id_prov><id_comunidad type="smallint" >265</id_comunidad><prov_name type="varchar"  label="County">Russell</prov_name><ind_active type="tinyint"  label="Active">1</ind_active></row>
<row><id_prov type="smallint" >403</id_prov><id_comunidad type="smallint" >265</id_comunidad><prov_name type="varchar"  label="County">Sumter</prov_name><ind_active type="tinyint"  label="Active">1</ind_active></row>
<row><id_prov type="smallint" >404</id_prov><id_comunidad type="smallint" >265</id_comunidad><prov_name type="varchar"  label="County">Greene</prov_name><ind_active type="tinyint"  label="Active">1</ind_active></row>
<row><id_prov type="smallint" >405</id_prov><id_comunidad type="smallint" >265</id_comunidad><prov_name type="varchar"  label="County">Blount</prov_name><ind_active type="tinyint"  label="Active">1</ind_active></row>
<row><id_prov type="smallint" >406</id_prov><id_comunidad type="smallint" >265</id_comunidad><prov_name type="varchar"  label="County">Fayette</prov_name><ind_active type="tinyint"  label="Active">1</ind_active></row>
<row><id_prov type="smallint" >407</id_prov><id_comunidad type="smallint" >265</id_comunidad><prov_name type="varchar"  label="County">Lowndes</prov_name><ind_active type="tinyint"  label="Active">1</ind_active></row>
<row><id_prov type="smallint" >408</id_prov><id_comunidad type="smallint" >265</id_comunidad><prov_name type="varchar"  label="County">Marion</prov_name><ind_active type="tinyint"  label="Active">1</ind_active></row>
<row><id_prov type="smallint" >409</id_prov><id_comunidad type="smallint" >265</id_comunidad><prov_name type="varchar"  label="County">Clay</prov_name><ind_active type="tinyint"  label="Active">1</ind_active></row>
<row><id_prov type="smallint" >410</id_prov><id_comunidad type="smallint" >265</id_comunidad><prov_name type="varchar"  label="County">Montgomery</prov_name><ind_active type="tinyint"  label="Active">1</ind_active></row>
<row><id_prov type="smallint" >411</id_prov><id_comunidad type="smallint" >265</id_comunidad><prov_name type="varchar"  label="County">Houston</prov_name><ind_active type="tinyint"  label="Active">1</ind_active></row>
<row><id_prov type="smallint" >412</id_prov><id_comunidad type="smallint" >265</id_comunidad><prov_name type="varchar"  label="County">Covington</prov_name><ind_active type="tinyint"  label="Active">1</ind_active></row>
<row><id_prov type="smallint" >413</id_prov><id_comunidad type="smallint" >265</id_comunidad><prov_name type="varchar"  label="County">Monroe</prov_name><ind_active type="tinyint"  label="Active">1</ind_active></row>
<row><id_prov type="smallint" >414</id_prov><id_comunidad type="smallint" >265</id_comunidad><prov_name type="varchar"  label="County">Limestone</prov_name><ind_active type="tinyint"  label="Active">1</ind_active></row>
<row><id_prov type="smallint" >415</id_prov><id_comunidad type="smallint" >265</id_comunidad><prov_name type="varchar"  label="County">Henry</prov_name><ind_active type="tinyint"  label="Active">1</ind_active></row>
<row><id_prov type="smallint" >416</id_prov><id_comunidad type="smallint" >265</id_comunidad><prov_name type="varchar"  label="County">Elmore</prov_name><ind_active type="tinyint"  label="Active">1</ind_active></row>
<row><id_prov type="smallint" >417</id_prov><id_comunidad type="smallint" >265</id_comunidad><prov_name type="varchar"  label="County">Colbert</prov_name><ind_active type="tinyint"  label="Active">1</ind_active></row>
<row><id_prov type="smallint" >418</id_prov><id_comunidad type="smallint" >265</id_comunidad><prov_name type="varchar"  label="County">Jefferson</prov_name><ind_active type="tinyint"  label="Active">1</ind_active></row>
<row><id_prov type="smallint" >419</id_prov><id_comunidad type="smallint" >265</id_comunidad><prov_name type="varchar"  label="County">Conecuh</prov_name><ind_active type="tinyint"  label="Active">1</ind_active></row>
<row><id_prov type="smallint" >420</id_prov><id_comunidad type="smallint" >265</id_comunidad><prov_name type="varchar"  label="County">Randolph</prov_name><ind_active type="tinyint"  label="Active">1</ind_active></row>
<row><id_prov type="smallint" >421</id_prov><id_comunidad type="smallint" >265</id_comunidad><prov_name type="varchar"  label="County">Washington</prov_name><ind_active type="tinyint"  label="Active">1</ind_active></row>
<row><id_prov type="smallint" >422</id_prov><id_comunidad type="smallint" >265</id_comunidad><prov_name type="varchar"  label="County">Coffee</prov_name><ind_active type="tinyint"  label="Active">1</ind_active></row>
<row><id_prov type="smallint" >423</id_prov><id_comunidad type="smallint" >265</id_comunidad><prov_name type="varchar"  label="County">Lawrence</prov_name><ind_active type="tinyint"  label="Active">1</ind_active></row>
<row><id_prov type="smallint" >424</id_prov><id_comunidad type="smallint" >265</id_comunidad><prov_name type="varchar"  label="County">Baldwin</prov_name><ind_active type="tinyint"  label="Active">1</ind_active></row>
</provincia>
</root>