<?xml version="1.0" encoding="UTF-8"?>
<root>
<provincia>
<row><id_prov type="smallint" >467</id_prov><id_comunidad type="smallint" >269</id_comunidad><prov_name type="varchar"  label="County">Garland</prov_name><ind_active type="tinyint"  label="Active">1</ind_active></row>
<row><id_prov type="smallint" >468</id_prov><id_comunidad type="smallint" >269</id_comunidad><prov_name type="varchar"  label="County">Crittenden</prov_name><ind_active type="tinyint"  label="Active">1</ind_active></row>
<row><id_prov type="smallint" >469</id_prov><id_comunidad type="smallint" >269</id_comunidad><prov_name type="varchar"  label="County">Madison</prov_name><ind_active type="tinyint"  label="Active">1</ind_active></row>
<row><id_prov type="smallint" >470</id_prov><id_comunidad type="smallint" >269</id_comunidad><prov_name type="varchar"  label="County">Faulkner</prov_name><ind_active type="tinyint"  label="Active">1</ind_active></row>
<row><id_prov type="smallint" >471</id_prov><id_comunidad type="smallint" >269</id_comunidad><prov_name type="varchar"  label="County">Nevada</prov_name><ind_active type="tinyint"  label="Active">1</ind_active></row>
<row><id_prov type="smallint" >472</id_prov><id_comunidad type="smallint" >269</id_comunidad><prov_name type="varchar"  label="County">Cleburne</prov_name><ind_active type="tinyint"  label="Active">1</ind_active></row>
<row><id_prov type="smallint" >473</id_prov><id_comunidad type="smallint" >269</id_comunidad><prov_name type="varchar"  label="County">Benton</prov_name><ind_active type="tinyint"  label="Active">1</ind_active></row>
<row><id_prov type="smallint" >474</id_prov><id_comunidad type="smallint" >269</id_comunidad><prov_name type="varchar"  label="County">Calhoun</prov_name><ind_active type="tinyint"  label="Active">1</ind_active></row>
<row><id_prov type="smallint" >475</id_prov><id_comunidad type="smallint" >269</id_comunidad><prov_name type="varchar"  label="County">Montgomery</prov_name><ind_active type="tinyint"  label="Active">1</ind_active></row>
<row><id_prov type="smallint" >476</id_prov><id_comunidad type="smallint" >269</id_comunidad><prov_name type="varchar"  label="County">Crawford</prov_name><ind_active type="tinyint"  label="Active">1</ind_active></row>
<row><id_prov type="smallint" >477</id_prov><id_comunidad type="smallint" >269</id_comunidad><prov_name type="varchar"  label="County">Greene</prov_name><ind_active type="tinyint"  label="Active">1</ind_active></row>
<row><id_prov type="smallint" >478</id_prov><id_comunidad type="smallint" >269</id_comunidad><prov_name type="varchar"  label="County">Hot Spring</prov_name><ind_active type="tinyint"  label="Active">1</ind_active></row>
<row><id_prov type="smallint" >479</id_prov><id_comunidad type="smallint" >269</id_comunidad><prov_name type="varchar"  label="County">Washington</prov_name><ind_active type="tinyint"  label="Active">1</ind_active></row>
<row><id_prov type="smallint" >480</id_prov><id_comunidad type="smallint" >269</id_comunidad><prov_name type="varchar"  label="County">Cleveland</prov_name><ind_active type="tinyint"  label="Active">1</ind_active></row>
<row><id_prov type="smallint" >481</id_prov><id_comunidad type="smallint" >269</id_comunidad><prov_name type="varchar"  label="County">Randolph</prov_name><ind_active type="tinyint"  label="Active">1</ind_active></row>
<row><id_prov type="smallint" >482</id_prov><id_comunidad type="smallint" >269</id_comunidad><prov_name type="varchar"  label="County">Carroll</prov_name><ind_active type="tinyint"  label="Active">1</ind_active></row>
<row><id_prov type="smallint" >483</id_prov><id_comunidad type="smallint" >269</id_comunidad><prov_name type="varchar"  label="County">Sharp</prov_name><ind_active type="tinyint"  label="Active">1</ind_active></row>
<row><id_prov type="smallint" >484</id_prov><id_comunidad type="smallint" >269</id_comunidad><prov_name type="varchar"  label="County">Izard</prov_name><ind_active type="tinyint"  label="Active">1</ind_active></row>
<row><id_prov type="smallint" >485</id_prov><id_comunidad type="smallint" >269</id_comunidad><prov_name type="varchar"  label="County">Lee</prov_name><ind_active type="tinyint"  label="Active">1</ind_active></row>
<row><id_prov type="smallint" >486</id_prov><id_comunidad type="smallint" >269</id_comunidad><prov_name type="varchar"  label="County">Bradley</prov_name><ind_active type="tinyint"  label="Active">1</ind_active></row>
<row><id_prov type="smallint" >487</id_prov><id_comunidad type="smallint" >269</id_comunidad><prov_name type="varchar"  label="County">Clark</prov_name><ind_active type="tinyint"  label="Active">1</ind_active></row>
<row><id_prov type="smallint" >488</id_prov><id_comunidad type="smallint" >269</id_comunidad><prov_name type="varchar"  label="County">Newton</prov_name><ind_active type="tinyint"  label="Active">1</ind_active></row>
<row><id_prov type="smallint" >489</id_prov><id_comunidad type="smallint" >269</id_comunidad><prov_name type="varchar"  label="County">Mississippi</prov_name><ind_active type="tinyint"  label="Active">1</ind_active></row>
<row><id_prov type="smallint" >490</id_prov><id_comunidad type="smallint" >269</id_comunidad><prov_name type="varchar"  label="County">Cross</prov_name><ind_active type="tinyint"  label="Active">1</ind_active></row>
<row><id_prov type="smallint" >491</id_prov><id_comunidad type="smallint" >269</id_comunidad><prov_name type="varchar"  label="County">Craighead</prov_name><ind_active type="tinyint"  label="Active">1</ind_active></row>
<row><id_prov type="smallint" >492</id_prov><id_comunidad type="smallint" >269</id_comunidad><prov_name type="varchar"  label="County">Jackson</prov_name><ind_active type="tinyint"  label="Active">1</ind_active></row>
<row><id_prov type="smallint" >493</id_prov><id_comunidad type="smallint" >269</id_comunidad><prov_name type="varchar"  label="County">Pike</prov_name><ind_active type="tinyint"  label="Active">1</ind_active></row>
<row><id_prov type="smallint" >494</id_prov><id_comunidad type="smallint" >269</id_comunidad><prov_name type="varchar"  label="County">Polk</prov_name><ind_active type="tinyint"  label="Active">1</ind_active></row>
<row><id_prov type="smallint" >495</id_prov><id_comunidad type="smallint" >269</id_comunidad><prov_name type="varchar"  label="County">Little River</prov_name><ind_active type="tinyint"  label="Active">1</ind_active></row>
<row><id_prov type="smallint" >496</id_prov><id_comunidad type="smallint" >269</id_comunidad><prov_name type="varchar"  label="County">Searcy</prov_name><ind_active type="tinyint"  label="Active">1</ind_active></row>
<row><id_prov type="smallint" >497</id_prov><id_comunidad type="smallint" >269</id_comunidad><prov_name type="varchar"  label="County">Poinsett</prov_name><ind_active type="tinyint"  label="Active">1</ind_active></row>
<row><id_prov type="smallint" >498</id_prov><id_comunidad type="smallint" >269</id_comunidad><prov_name type="varchar"  label="County">Ouachita</prov_name><ind_active type="tinyint"  label="Active">1</ind_active></row>
<row><id_prov type="smallint" >499</id_prov><id_comunidad type="smallint" >269</id_comunidad><prov_name type="varchar"  label="County">Saline</prov_name><ind_active type="tinyint"  label="Active">1</ind_active></row>
<row><id_prov type="smallint" >500</id_prov><id_comunidad type="smallint" >269</id_comunidad><prov_name type="varchar"  label="County">White</prov_name><ind_active type="tinyint"  label="Active">1</ind_active></row>
<row><id_prov type="smallint" >501</id_prov><id_comunidad type="smallint" >269</id_comunidad><prov_name type="varchar"  label="County">Grant</prov_name><ind_active type="tinyint"  label="Active">1</ind_active></row>
<row><id_prov type="smallint" >502</id_prov><id_comunidad type="smallint" >269</id_comunidad><prov_name type="varchar"  label="County">Boone</prov_name><ind_active type="tinyint"  label="Active">1</ind_active></row>
<row><id_prov type="smallint" >503</id_prov><id_comunidad type="smallint" >269</id_comunidad><prov_name type="varchar"  label="County">Union</prov_name><ind_active type="tinyint"  label="Active">1</ind_active></row>
<row><id_prov type="smallint" >504</id_prov><id_comunidad type="smallint" >269</id_comunidad><prov_name type="varchar"  label="County">Scott</prov_name><ind_active type="tinyint"  label="Active">1</ind_active></row>
<row><id_prov type="smallint" >505</id_prov><id_comunidad type="smallint" >269</id_comunidad><prov_name type="varchar"  label="County">Howard</prov_name><ind_active type="tinyint"  label="Active">1</ind_active></row>
<row><id_prov type="smallint" >506</id_prov><id_comunidad type="smallint" >269</id_comunidad><prov_name type="varchar"  label="County">Sebastian</prov_name><ind_active type="tinyint"  label="Active">1</ind_active></row>
<row><id_prov type="smallint" >507</id_prov><id_comunidad type="smallint" >269</id_comunidad><prov_name type="varchar"  label="County">Hempstead</prov_name><ind_active type="tinyint"  label="Active">1</ind_active></row>
<row><id_prov type="smallint" >508</id_prov><id_comunidad type="smallint" >269</id_comunidad><prov_name type="varchar"  label="County">Dallas</prov_name><ind_active type="tinyint"  label="Active">1</ind_active></row>
<row><id_prov type="smallint" >509</id_prov><id_comunidad type="smallint" >269</id_comunidad><prov_name type="varchar"  label="County">Stone</prov_name><ind_active type="tinyint"  label="Active">1</ind_active></row>
<row><id_prov type="smallint" >510</id_prov><id_comunidad type="smallint" >269</id_comunidad><prov_name type="varchar"  label="County">Woodruff</prov_name><ind_active type="tinyint"  label="Active">1</ind_active></row>
<row><id_prov type="smallint" >511</id_prov><id_comunidad type="smallint" >269</id_comunidad><prov_name type="varchar"  label="County">Clay</prov_name><ind_active type="tinyint"  label="Active">1</ind_active></row>
<row><id_prov type="smallint" >512</id_prov><id_comunidad type="smallint" >269</id_comunidad><prov_name type="varchar"  label="County">Independence</prov_name><ind_active type="tinyint"  label="Active">1</ind_active></row>
<row><id_prov type="smallint" >513</id_prov><id_comunidad type="smallint" >269</id_comunidad><prov_name type="varchar"  label="County">Phillips</prov_name><ind_active type="tinyint"  label="Active">1</ind_active></row>
<row><id_prov type="smallint" >514</id_prov><id_comunidad type="smallint" >269</id_comunidad><prov_name type="varchar"  label="County">Lawrence</prov_name><ind_active type="tinyint"  label="Active">1</ind_active></row>
<row><id_prov type="smallint" >515</id_prov><id_comunidad type="smallint" >269</id_comunidad><prov_name type="varchar"  label="County">Lincoln</prov_name><ind_active type="tinyint"  label="Active">1</ind_active></row>
<row><id_prov type="smallint" >516</id_prov><id_comunidad type="smallint" >269</id_comunidad><prov_name type="varchar"  label="County">Franklin</prov_name><ind_active type="tinyint"  label="Active">1</ind_active></row>
<row><id_prov type="smallint" >517</id_prov><id_comunidad type="smallint" >269</id_comunidad><prov_name type="varchar"  label="County">Baxter</prov_name><ind_active type="tinyint"  label="Active">1</ind_active></row>
<row><id_prov type="smallint" >518</id_prov><id_comunidad type="smallint" >269</id_comunidad><prov_name type="varchar"  label="County">Chicot</prov_name><ind_active type="tinyint"  label="Active">1</ind_active></row>
<row><id_prov type="smallint" >519</id_prov><id_comunidad type="smallint" >269</id_comunidad><prov_name type="varchar"  label="County">Yell</prov_name><ind_active type="tinyint"  label="Active">1</ind_active></row>
<row><id_prov type="smallint" >520</id_prov><id_comunidad type="smallint" >269</id_comunidad><prov_name type="varchar"  label="County">Perry</prov_name><ind_active type="tinyint"  label="Active">1</ind_active></row>
<row><id_prov type="smallint" >521</id_prov><id_comunidad type="smallint" >269</id_comunidad><prov_name type="varchar"  label="County">Arkansas</prov_name><ind_active type="tinyint"  label="Active">1</ind_active></row>
<row><id_prov type="smallint" >522</id_prov><id_comunidad type="smallint" >269</id_comunidad><prov_name type="varchar"  label="County">Drew</prov_name><ind_active type="tinyint"  label="Active">1</ind_active></row>
<row><id_prov type="smallint" >523</id_prov><id_comunidad type="smallint" >269</id_comunidad><prov_name type="varchar"  label="County">Marion</prov_name><ind_active type="tinyint"  label="Active">1</ind_active></row>
<row><id_prov type="smallint" >524</id_prov><id_comunidad type="smallint" >269</id_comunidad><prov_name type="varchar"  label="County">Johnson</prov_name><ind_active type="tinyint"  label="Active">1</ind_active></row>
<row><id_prov type="smallint" >525</id_prov><id_comunidad type="smallint" >269</id_comunidad><prov_name type="varchar"  label="County">Lafayette</prov_name><ind_active type="tinyint"  label="Active">1</ind_active></row>
<row><id_prov type="smallint" >526</id_prov><id_comunidad type="smallint" >269</id_comunidad><prov_name type="varchar"  label="County">Jefferson</prov_name><ind_active type="tinyint"  label="Active">1</ind_active></row>
<row><id_prov type="smallint" >527</id_prov><id_comunidad type="smallint" >269</id_comunidad><prov_name type="varchar"  label="County">Conway</prov_name><ind_active type="tinyint"  label="Active">1</ind_active></row>
<row><id_prov type="smallint" >528</id_prov><id_comunidad type="smallint" >269</id_comunidad><prov_name type="varchar"  label="County">Columbia</prov_name><ind_active type="tinyint"  label="Active">1</ind_active></row>
<row><id_prov type="smallint" >529</id_prov><id_comunidad type="smallint" >269</id_comunidad><prov_name type="varchar"  label="County">Pulaski</prov_name><ind_active type="tinyint"  label="Active">1</ind_active></row>
<row><id_prov type="smallint" >530</id_prov><id_comunidad type="smallint" >269</id_comunidad><prov_name type="varchar"  label="County">Lonoke</prov_name><ind_active type="tinyint"  label="Active">1</ind_active></row>
<row><id_prov type="smallint" >531</id_prov><id_comunidad type="smallint" >269</id_comunidad><prov_name type="varchar"  label="County">Sevier</prov_name><ind_active type="tinyint"  label="Active">1</ind_active></row>
<row><id_prov type="smallint" >532</id_prov><id_comunidad type="smallint" >269</id_comunidad><prov_name type="varchar"  label="County">Desha</prov_name><ind_active type="tinyint"  label="Active">1</ind_active></row>
<row><id_prov type="smallint" >533</id_prov><id_comunidad type="smallint" >269</id_comunidad><prov_name type="varchar"  label="County">Van Buren</prov_name><ind_active type="tinyint"  label="Active">1</ind_active></row>
<row><id_prov type="smallint" >534</id_prov><id_comunidad type="smallint" >269</id_comunidad><prov_name type="varchar"  label="County">Pope</prov_name><ind_active type="tinyint"  label="Active">1</ind_active></row>
<row><id_prov type="smallint" >535</id_prov><id_comunidad type="smallint" >269</id_comunidad><prov_name type="varchar"  label="County">Prairie</prov_name><ind_active type="tinyint"  label="Active">1</ind_active></row>
<row><id_prov type="smallint" >536</id_prov><id_comunidad type="smallint" >269</id_comunidad><prov_name type="varchar"  label="County">Miller</prov_name><ind_active type="tinyint"  label="Active">1</ind_active></row>
<row><id_prov type="smallint" >537</id_prov><id_comunidad type="smallint" >269</id_comunidad><prov_name type="varchar"  label="County">Logan</prov_name><ind_active type="tinyint"  label="Active">1</ind_active></row>
<row><id_prov type="smallint" >538</id_prov><id_comunidad type="smallint" >269</id_comunidad><prov_name type="varchar"  label="County">Ashley</prov_name><ind_active type="tinyint"  label="Active">1</ind_active></row>
<row><id_prov type="smallint" >539</id_prov><id_comunidad type="smallint" >269</id_comunidad><prov_name type="varchar"  label="County">Fulton</prov_name><ind_active type="tinyint"  label="Active">1</ind_active></row>
<row><id_prov type="smallint" >540</id_prov><id_comunidad type="smallint" >269</id_comunidad><prov_name type="varchar"  label="County">Monroe</prov_name><ind_active type="tinyint"  label="Active">1</ind_active></row>
<row><id_prov type="smallint" >541</id_prov><id_comunidad type="smallint" >269</id_comunidad><prov_name type="varchar"  label="County">Saint Francis</prov_name><ind_active type="tinyint"  label="Active">1</ind_active></row>
</provincia>
</root>