<?xml version="1.0" encoding="UTF-8"?>
<root>
<provincia>
<row><id_prov type="smallint" >542</id_prov><id_comunidad type="smallint" >270</id_comunidad><prov_name type="varchar"  label="County">Tulare</prov_name><ind_active type="tinyint"  label="Active">1</ind_active></row>
<row><id_prov type="smallint" >543</id_prov><id_comunidad type="smallint" >270</id_comunidad><prov_name type="varchar"  label="County">Modoc</prov_name><ind_active type="tinyint"  label="Active">1</ind_active></row>
<row><id_prov type="smallint" >544</id_prov><id_comunidad type="smallint" >270</id_comunidad><prov_name type="varchar"  label="County">San Luis Obispo</prov_name><ind_active type="tinyint"  label="Active">1</ind_active></row>
<row><id_prov type="smallint" >545</id_prov><id_comunidad type="smallint" >270</id_comunidad><prov_name type="varchar"  label="County">El Dorado</prov_name><ind_active type="tinyint"  label="Active">1</ind_active></row>
<row><id_prov type="smallint" >546</id_prov><id_comunidad type="smallint" >270</id_comunidad><prov_name type="varchar"  label="County">San Joaquin</prov_name><ind_active type="tinyint"  label="Active">1</ind_active></row>
<row><id_prov type="smallint" >547</id_prov><id_comunidad type="smallint" >270</id_comunidad><prov_name type="varchar"  label="County">Trinity</prov_name><ind_active type="tinyint"  label="Active">1</ind_active></row>
<row><id_prov type="smallint" >548</id_prov><id_comunidad type="smallint" >270</id_comunidad><prov_name type="varchar"  label="County">Tuolumne</prov_name><ind_active type="tinyint"  label="Active">1</ind_active></row>
<row><id_prov type="smallint" >549</id_prov><id_comunidad type="smallint" >270</id_comunidad><prov_name type="varchar"  label="County">Santa Barbara</prov_name><ind_active type="tinyint"  label="Active">1</ind_active></row>
<row><id_prov type="smallint" >550</id_prov><id_comunidad type="smallint" >270</id_comunidad><prov_name type="varchar"  label="County">Santa Clara</prov_name><ind_active type="tinyint"  label="Active">1</ind_active></row>
<row><id_prov type="smallint" >551</id_prov><id_comunidad type="smallint" >270</id_comunidad><prov_name type="varchar"  label="County">Santa Cruz</prov_name><ind_active type="tinyint"  label="Active">1</ind_active></row>
<row><id_prov type="smallint" >552</id_prov><id_comunidad type="smallint" >270</id_comunidad><prov_name type="varchar"  label="County">San Mateo</prov_name><ind_active type="tinyint"  label="Active">1</ind_active></row>
<row><id_prov type="smallint" >553</id_prov><id_comunidad type="smallint" >270</id_comunidad><prov_name type="varchar"  label="County">Glenn</prov_name><ind_active type="tinyint"  label="Active">1</ind_active></row>
<row><id_prov type="smallint" >554</id_prov><id_comunidad type="smallint" >270</id_comunidad><prov_name type="varchar"  label="County">San Diego</prov_name><ind_active type="tinyint"  label="Active">1</ind_active></row>
<row><id_prov type="smallint" >555</id_prov><id_comunidad type="smallint" >270</id_comunidad><prov_name type="varchar"  label="County">Marin</prov_name><ind_active type="tinyint"  label="Active">1</ind_active></row>
<row><id_prov type="smallint" >556</id_prov><id_comunidad type="smallint" >270</id_comunidad><prov_name type="varchar"  label="County">Napa</prov_name><ind_active type="tinyint"  label="Active">1</ind_active></row>
<row><id_prov type="smallint" >557</id_prov><id_comunidad type="smallint" >270</id_comunidad><prov_name type="varchar"  label="County">San Francisco</prov_name><ind_active type="tinyint"  label="Active">1</ind_active></row>
<row><id_prov type="smallint" >558</id_prov><id_comunidad type="smallint" >270</id_comunidad><prov_name type="varchar"  label="County">Monterey</prov_name><ind_active type="tinyint"  label="Active">1</ind_active></row>
<row><id_prov type="smallint" >559</id_prov><id_comunidad type="smallint" >270</id_comunidad><prov_name type="varchar"  label="County">Tehama</prov_name><ind_active type="tinyint"  label="Active">1</ind_active></row>
<row><id_prov type="smallint" >560</id_prov><id_comunidad type="smallint" >270</id_comunidad><prov_name type="varchar"  label="County">Mono</prov_name><ind_active type="tinyint"  label="Active">1</ind_active></row>
<row><id_prov type="smallint" >561</id_prov><id_comunidad type="smallint" >270</id_comunidad><prov_name type="varchar"  label="County">Mariposa</prov_name><ind_active type="tinyint"  label="Active">1</ind_active></row>
<row><id_prov type="smallint" >562</id_prov><id_comunidad type="smallint" >270</id_comunidad><prov_name type="varchar"  label="County">Sacramento</prov_name><ind_active type="tinyint"  label="Active">1</ind_active></row>
<row><id_prov type="smallint" >563</id_prov><id_comunidad type="smallint" >270</id_comunidad><prov_name type="varchar"  label="County">San Bernardino</prov_name><ind_active type="tinyint"  label="Active">1</ind_active></row>
<row><id_prov type="smallint" >564</id_prov><id_comunidad type="smallint" >270</id_comunidad><prov_name type="varchar"  label="County">Shasta</prov_name><ind_active type="tinyint"  label="Active">1</ind_active></row>
<row><id_prov type="smallint" >565</id_prov><id_comunidad type="smallint" >270</id_comunidad><prov_name type="varchar"  label="County">San Benito</prov_name><ind_active type="tinyint"  label="Active">1</ind_active></row>
<row><id_prov type="smallint" >566</id_prov><id_comunidad type="smallint" >270</id_comunidad><prov_name type="varchar"  label="County">Madera</prov_name><ind_active type="tinyint"  label="Active">1</ind_active></row>
<row><id_prov type="smallint" >567</id_prov><id_comunidad type="smallint" >270</id_comunidad><prov_name type="varchar"  label="County">Ventura</prov_name><ind_active type="tinyint"  label="Active">1</ind_active></row>
<row><id_prov type="smallint" >568</id_prov><id_comunidad type="smallint" >270</id_comunidad><prov_name type="varchar"  label="County">Kings</prov_name><ind_active type="tinyint"  label="Active">1</ind_active></row>
<row><id_prov type="smallint" >569</id_prov><id_comunidad type="smallint" >270</id_comunidad><prov_name type="varchar"  label="County">Alpine</prov_name><ind_active type="tinyint"  label="Active">1</ind_active></row>
<row><id_prov type="smallint" >570</id_prov><id_comunidad type="smallint" >270</id_comunidad><prov_name type="varchar"  label="County">Placer</prov_name><ind_active type="tinyint"  label="Active">1</ind_active></row>
<row><id_prov type="smallint" >571</id_prov><id_comunidad type="smallint" >270</id_comunidad><prov_name type="varchar"  label="County">Colusa</prov_name><ind_active type="tinyint"  label="Active">1</ind_active></row>
<row><id_prov type="smallint" >572</id_prov><id_comunidad type="smallint" >270</id_comunidad><prov_name type="varchar"  label="County">Lake</prov_name><ind_active type="tinyint"  label="Active">1</ind_active></row>
<row><id_prov type="smallint" >573</id_prov><id_comunidad type="smallint" >270</id_comunidad><prov_name type="varchar"  label="County">Alameda</prov_name><ind_active type="tinyint"  label="Active">1</ind_active></row>
<row><id_prov type="smallint" >574</id_prov><id_comunidad type="smallint" >270</id_comunidad><prov_name type="varchar"  label="County">Plumas</prov_name><ind_active type="tinyint"  label="Active">1</ind_active></row>
<row><id_prov type="smallint" >575</id_prov><id_comunidad type="smallint" >270</id_comunidad><prov_name type="varchar"  label="County">Humboldt</prov_name><ind_active type="tinyint"  label="Active">1</ind_active></row>
<row><id_prov type="smallint" >576</id_prov><id_comunidad type="smallint" >270</id_comunidad><prov_name type="varchar"  label="County">Contra Costa</prov_name><ind_active type="tinyint"  label="Active">1</ind_active></row>
<row><id_prov type="smallint" >577</id_prov><id_comunidad type="smallint" >270</id_comunidad><prov_name type="varchar"  label="County">Orange</prov_name><ind_active type="tinyint"  label="Active">1</ind_active></row>
<row><id_prov type="smallint" >578</id_prov><id_comunidad type="smallint" >270</id_comunidad><prov_name type="varchar"  label="County">Amador</prov_name><ind_active type="tinyint"  label="Active">1</ind_active></row>
<row><id_prov type="smallint" >579</id_prov><id_comunidad type="smallint" >270</id_comunidad><prov_name type="varchar"  label="County">Los Angeles</prov_name><ind_active type="tinyint"  label="Active">1</ind_active></row>
<row><id_prov type="smallint" >580</id_prov><id_comunidad type="smallint" >270</id_comunidad><prov_name type="varchar"  label="County">Sutter</prov_name><ind_active type="tinyint"  label="Active">1</ind_active></row>
<row><id_prov type="smallint" >581</id_prov><id_comunidad type="smallint" >270</id_comunidad><prov_name type="varchar"  label="County">Kern</prov_name><ind_active type="tinyint"  label="Active">1</ind_active></row>
<row><id_prov type="smallint" >582</id_prov><id_comunidad type="smallint" >270</id_comunidad><prov_name type="varchar"  label="County">Mendocino</prov_name><ind_active type="tinyint"  label="Active">1</ind_active></row>
<row><id_prov type="smallint" >583</id_prov><id_comunidad type="smallint" >270</id_comunidad><prov_name type="varchar"  label="County">Imperial</prov_name><ind_active type="tinyint"  label="Active">1</ind_active></row>
<row><id_prov type="smallint" >584</id_prov><id_comunidad type="smallint" >270</id_comunidad><prov_name type="varchar"  label="County">Butte</prov_name><ind_active type="tinyint"  label="Active">1</ind_active></row>
<row><id_prov type="smallint" >585</id_prov><id_comunidad type="smallint" >270</id_comunidad><prov_name type="varchar"  label="County">Siskiyou</prov_name><ind_active type="tinyint"  label="Active">1</ind_active></row>
<row><id_prov type="smallint" >586</id_prov><id_comunidad type="smallint" >270</id_comunidad><prov_name type="varchar"  label="County">Del Norte</prov_name><ind_active type="tinyint"  label="Active">1</ind_active></row>
<row><id_prov type="smallint" >587</id_prov><id_comunidad type="smallint" >270</id_comunidad><prov_name type="varchar"  label="County">Nevada</prov_name><ind_active type="tinyint"  label="Active">1</ind_active></row>
<row><id_prov type="smallint" >588</id_prov><id_comunidad type="smallint" >270</id_comunidad><prov_name type="varchar"  label="County">Lassen</prov_name><ind_active type="tinyint"  label="Active">1</ind_active></row>
<row><id_prov type="smallint" >589</id_prov><id_comunidad type="smallint" >270</id_comunidad><prov_name type="varchar"  label="County">Riverside</prov_name><ind_active type="tinyint"  label="Active">1</ind_active></row>
<row><id_prov type="smallint" >590</id_prov><id_comunidad type="smallint" >270</id_comunidad><prov_name type="varchar"  label="County">Yuba</prov_name><ind_active type="tinyint"  label="Active">1</ind_active></row>
<row><id_prov type="smallint" >591</id_prov><id_comunidad type="smallint" >270</id_comunidad><prov_name type="varchar"  label="County">Calaveras</prov_name><ind_active type="tinyint"  label="Active">1</ind_active></row>
<row><id_prov type="smallint" >592</id_prov><id_comunidad type="smallint" >270</id_comunidad><prov_name type="varchar"  label="County">Yolo</prov_name><ind_active type="tinyint"  label="Active">1</ind_active></row>
<row><id_prov type="smallint" >593</id_prov><id_comunidad type="smallint" >270</id_comunidad><prov_name type="varchar"  label="County">Sonoma</prov_name><ind_active type="tinyint"  label="Active">1</ind_active></row>
<row><id_prov type="smallint" >594</id_prov><id_comunidad type="smallint" >270</id_comunidad><prov_name type="varchar"  label="County">Solano</prov_name><ind_active type="tinyint"  label="Active">1</ind_active></row>
<row><id_prov type="smallint" >595</id_prov><id_comunidad type="smallint" >270</id_comunidad><prov_name type="varchar"  label="County">Inyo</prov_name><ind_active type="tinyint"  label="Active">1</ind_active></row>
<row><id_prov type="smallint" >596</id_prov><id_comunidad type="smallint" >270</id_comunidad><prov_name type="varchar"  label="County">Fresno</prov_name><ind_active type="tinyint"  label="Active">1</ind_active></row>
<row><id_prov type="smallint" >597</id_prov><id_comunidad type="smallint" >270</id_comunidad><prov_name type="varchar"  label="County">Stanislaus</prov_name><ind_active type="tinyint"  label="Active">1</ind_active></row>
<row><id_prov type="smallint" >598</id_prov><id_comunidad type="smallint" >270</id_comunidad><prov_name type="varchar"  label="County">Sierra</prov_name><ind_active type="tinyint"  label="Active">1</ind_active></row>
<row><id_prov type="smallint" >599</id_prov><id_comunidad type="smallint" >270</id_comunidad><prov_name type="varchar"  label="County">Merced</prov_name><ind_active type="tinyint"  label="Active">1</ind_active></row>
</provincia>
</root>