<?xml version="1.0" encoding="UTF-8"?>
<root>
<provincia>
<row><id_prov type="smallint" >600</id_prov><id_comunidad type="smallint" >271</id_comunidad><prov_name type="varchar"  label="County">Arapahoe</prov_name><ind_active type="tinyint"  label="Active">1</ind_active></row>
<row><id_prov type="smallint" >601</id_prov><id_comunidad type="smallint" >271</id_comunidad><prov_name type="varchar"  label="County">Cheyenne</prov_name><ind_active type="tinyint"  label="Active">1</ind_active></row>
<row><id_prov type="smallint" >602</id_prov><id_comunidad type="smallint" >271</id_comunidad><prov_name type="varchar"  label="County">Alamosa</prov_name><ind_active type="tinyint"  label="Active">1</ind_active></row>
<row><id_prov type="smallint" >603</id_prov><id_comunidad type="smallint" >271</id_comunidad><prov_name type="varchar"  label="County">Montrose</prov_name><ind_active type="tinyint"  label="Active">1</ind_active></row>
<row><id_prov type="smallint" >604</id_prov><id_comunidad type="smallint" >271</id_comunidad><prov_name type="varchar"  label="County">Fremont</prov_name><ind_active type="tinyint"  label="Active">1</ind_active></row>
<row><id_prov type="smallint" >605</id_prov><id_comunidad type="smallint" >271</id_comunidad><prov_name type="varchar"  label="County">Sedgwick</prov_name><ind_active type="tinyint"  label="Active">1</ind_active></row>
<row><id_prov type="smallint" >606</id_prov><id_comunidad type="smallint" >271</id_comunidad><prov_name type="varchar"  label="County">Otero</prov_name><ind_active type="tinyint"  label="Active">1</ind_active></row>
<row><id_prov type="smallint" >607</id_prov><id_comunidad type="smallint" >271</id_comunidad><prov_name type="varchar"  label="County">Ouray</prov_name><ind_active type="tinyint"  label="Active">1</ind_active></row>
<row><id_prov type="smallint" >608</id_prov><id_comunidad type="smallint" >271</id_comunidad><prov_name type="varchar"  label="County">Morgan</prov_name><ind_active type="tinyint"  label="Active">1</ind_active></row>
<row><id_prov type="smallint" >609</id_prov><id_comunidad type="smallint" >271</id_comunidad><prov_name type="varchar"  label="County">Hinsdale</prov_name><ind_active type="tinyint"  label="Active">1</ind_active></row>
<row><id_prov type="smallint" >610</id_prov><id_comunidad type="smallint" >271</id_comunidad><prov_name type="varchar"  label="County">Eagle</prov_name><ind_active type="tinyint"  label="Active">1</ind_active></row>
<row><id_prov type="smallint" >611</id_prov><id_comunidad type="smallint" >271</id_comunidad><prov_name type="varchar"  label="County">Yuma</prov_name><ind_active type="tinyint"  label="Active">1</ind_active></row>
<row><id_prov type="smallint" >612</id_prov><id_comunidad type="smallint" >271</id_comunidad><prov_name type="varchar"  label="County">Gunnison</prov_name><ind_active type="tinyint"  label="Active">1</ind_active></row>
<row><id_prov type="smallint" >613</id_prov><id_comunidad type="smallint" >271</id_comunidad><prov_name type="varchar"  label="County">Montezuma</prov_name><ind_active type="tinyint"  label="Active">1</ind_active></row>
<row><id_prov type="smallint" >614</id_prov><id_comunidad type="smallint" >271</id_comunidad><prov_name type="varchar"  label="County">San Miguel</prov_name><ind_active type="tinyint"  label="Active">1</ind_active></row>
<row><id_prov type="smallint" >615</id_prov><id_comunidad type="smallint" >271</id_comunidad><prov_name type="varchar"  label="County">Las Animas</prov_name><ind_active type="tinyint"  label="Active">1</ind_active></row>
<row><id_prov type="smallint" >616</id_prov><id_comunidad type="smallint" >271</id_comunidad><prov_name type="varchar"  label="County">San Juan</prov_name><ind_active type="tinyint"  label="Active">1</ind_active></row>
<row><id_prov type="smallint" >617</id_prov><id_comunidad type="smallint" >271</id_comunidad><prov_name type="varchar"  label="County">Baca</prov_name><ind_active type="tinyint"  label="Active">1</ind_active></row>
<row><id_prov type="smallint" >618</id_prov><id_comunidad type="smallint" >271</id_comunidad><prov_name type="varchar"  label="County">Mesa</prov_name><ind_active type="tinyint"  label="Active">1</ind_active></row>
<row><id_prov type="smallint" >619</id_prov><id_comunidad type="smallint" >271</id_comunidad><prov_name type="varchar"  label="County">Kiowa</prov_name><ind_active type="tinyint"  label="Active">1</ind_active></row>
<row><id_prov type="smallint" >620</id_prov><id_comunidad type="smallint" >271</id_comunidad><prov_name type="varchar"  label="County">Lincoln</prov_name><ind_active type="tinyint"  label="Active">1</ind_active></row>
<row><id_prov type="smallint" >621</id_prov><id_comunidad type="smallint" >271</id_comunidad><prov_name type="varchar"  label="County">Phillips</prov_name><ind_active type="tinyint"  label="Active">1</ind_active></row>
<row><id_prov type="smallint" >622</id_prov><id_comunidad type="smallint" >271</id_comunidad><prov_name type="varchar"  label="County">Huerfano</prov_name><ind_active type="tinyint"  label="Active">1</ind_active></row>
<row><id_prov type="smallint" >623</id_prov><id_comunidad type="smallint" >271</id_comunidad><prov_name type="varchar"  label="County">Park</prov_name><ind_active type="tinyint"  label="Active">1</ind_active></row>
<row><id_prov type="smallint" >624</id_prov><id_comunidad type="smallint" >271</id_comunidad><prov_name type="varchar"  label="County">Kit Carson</prov_name><ind_active type="tinyint"  label="Active">1</ind_active></row>
<row><id_prov type="smallint" >625</id_prov><id_comunidad type="smallint" >271</id_comunidad><prov_name type="varchar"  label="County">Grand</prov_name><ind_active type="tinyint"  label="Active">1</ind_active></row>
<row><id_prov type="smallint" >626</id_prov><id_comunidad type="smallint" >271</id_comunidad><prov_name type="varchar"  label="County">Archuleta</prov_name><ind_active type="tinyint"  label="Active">1</ind_active></row>
<row><id_prov type="smallint" >627</id_prov><id_comunidad type="smallint" >271</id_comunidad><prov_name type="varchar"  label="County">Pitkin</prov_name><ind_active type="tinyint"  label="Active">1</ind_active></row>
<row><id_prov type="smallint" >628</id_prov><id_comunidad type="smallint" >271</id_comunidad><prov_name type="varchar"  label="County">Adams</prov_name><ind_active type="tinyint"  label="Active">1</ind_active></row>
<row><id_prov type="smallint" >629</id_prov><id_comunidad type="smallint" >271</id_comunidad><prov_name type="varchar"  label="County">Routt</prov_name><ind_active type="tinyint"  label="Active">1</ind_active></row>
<row><id_prov type="smallint" >630</id_prov><id_comunidad type="smallint" >271</id_comunidad><prov_name type="varchar"  label="County">Delta</prov_name><ind_active type="tinyint"  label="Active">1</ind_active></row>
<row><id_prov type="smallint" >631</id_prov><id_comunidad type="smallint" >271</id_comunidad><prov_name type="varchar"  label="County">Moffat</prov_name><ind_active type="tinyint"  label="Active">1</ind_active></row>
<row><id_prov type="smallint" >632</id_prov><id_comunidad type="smallint" >271</id_comunidad><prov_name type="varchar"  label="County">Washington</prov_name><ind_active type="tinyint"  label="Active">1</ind_active></row>
<row><id_prov type="smallint" >633</id_prov><id_comunidad type="smallint" >271</id_comunidad><prov_name type="varchar"  label="County">Larimer</prov_name><ind_active type="tinyint"  label="Active">1</ind_active></row>
<row><id_prov type="smallint" >634</id_prov><id_comunidad type="smallint" >271</id_comunidad><prov_name type="varchar"  label="County">Gilpin</prov_name><ind_active type="tinyint"  label="Active">1</ind_active></row>
<row><id_prov type="smallint" >635</id_prov><id_comunidad type="smallint" >271</id_comunidad><prov_name type="varchar"  label="County">Costilla</prov_name><ind_active type="tinyint"  label="Active">1</ind_active></row>
<row><id_prov type="smallint" >636</id_prov><id_comunidad type="smallint" >271</id_comunidad><prov_name type="varchar"  label="County">Rio Blanco</prov_name><ind_active type="tinyint"  label="Active">1</ind_active></row>
<row><id_prov type="smallint" >637</id_prov><id_comunidad type="smallint" >271</id_comunidad><prov_name type="varchar"  label="County">Broomfield</prov_name><ind_active type="tinyint"  label="Active">1</ind_active></row>
<row><id_prov type="smallint" >638</id_prov><id_comunidad type="smallint" >271</id_comunidad><prov_name type="varchar"  label="County">El Paso</prov_name><ind_active type="tinyint"  label="Active">1</ind_active></row>
<row><id_prov type="smallint" >639</id_prov><id_comunidad type="smallint" >271</id_comunidad><prov_name type="varchar"  label="County">Teller</prov_name><ind_active type="tinyint"  label="Active">1</ind_active></row>
<row><id_prov type="smallint" >640</id_prov><id_comunidad type="smallint" >271</id_comunidad><prov_name type="varchar"  label="County">Weld</prov_name><ind_active type="tinyint"  label="Active">1</ind_active></row>
<row><id_prov type="smallint" >641</id_prov><id_comunidad type="smallint" >271</id_comunidad><prov_name type="varchar"  label="County">Garfield</prov_name><ind_active type="tinyint"  label="Active">1</ind_active></row>
<row><id_prov type="smallint" >642</id_prov><id_comunidad type="smallint" >271</id_comunidad><prov_name type="varchar"  label="County">Boulder</prov_name><ind_active type="tinyint"  label="Active">1</ind_active></row>
<row><id_prov type="smallint" >643</id_prov><id_comunidad type="smallint" >271</id_comunidad><prov_name type="varchar"  label="County">Lake</prov_name><ind_active type="tinyint"  label="Active">1</ind_active></row>
<row><id_prov type="smallint" >644</id_prov><id_comunidad type="smallint" >271</id_comunidad><prov_name type="varchar"  label="County">Mineral</prov_name><ind_active type="tinyint"  label="Active">1</ind_active></row>
<row><id_prov type="smallint" >645</id_prov><id_comunidad type="smallint" >271</id_comunidad><prov_name type="varchar"  label="County">Bent</prov_name><ind_active type="tinyint"  label="Active">1</ind_active></row>
<row><id_prov type="smallint" >646</id_prov><id_comunidad type="smallint" >271</id_comunidad><prov_name type="varchar"  label="County">Douglas</prov_name><ind_active type="tinyint"  label="Active">1</ind_active></row>
<row><id_prov type="smallint" >647</id_prov><id_comunidad type="smallint" >271</id_comunidad><prov_name type="varchar"  label="County">La Plata</prov_name><ind_active type="tinyint"  label="Active">1</ind_active></row>
<row><id_prov type="smallint" >648</id_prov><id_comunidad type="smallint" >271</id_comunidad><prov_name type="varchar"  label="County">Crowley</prov_name><ind_active type="tinyint"  label="Active">1</ind_active></row>
<row><id_prov type="smallint" >649</id_prov><id_comunidad type="smallint" >271</id_comunidad><prov_name type="varchar"  label="County">Dolores</prov_name><ind_active type="tinyint"  label="Active">1</ind_active></row>
<row><id_prov type="smallint" >650</id_prov><id_comunidad type="smallint" >271</id_comunidad><prov_name type="varchar"  label="County">Prowers</prov_name><ind_active type="tinyint"  label="Active">1</ind_active></row>
<row><id_prov type="smallint" >651</id_prov><id_comunidad type="smallint" >271</id_comunidad><prov_name type="varchar"  label="County">Logan</prov_name><ind_active type="tinyint"  label="Active">1</ind_active></row>
<row><id_prov type="smallint" >652</id_prov><id_comunidad type="smallint" >271</id_comunidad><prov_name type="varchar"  label="County">Chaffee</prov_name><ind_active type="tinyint"  label="Active">1</ind_active></row>
<row><id_prov type="smallint" >653</id_prov><id_comunidad type="smallint" >271</id_comunidad><prov_name type="varchar"  label="County">Jackson</prov_name><ind_active type="tinyint"  label="Active">1</ind_active></row>
<row><id_prov type="smallint" >654</id_prov><id_comunidad type="smallint" >271</id_comunidad><prov_name type="varchar"  label="County">Saguache</prov_name><ind_active type="tinyint"  label="Active">1</ind_active></row>
<row><id_prov type="smallint" >655</id_prov><id_comunidad type="smallint" >271</id_comunidad><prov_name type="varchar"  label="County">Jefferson</prov_name><ind_active type="tinyint"  label="Active">1</ind_active></row>
<row><id_prov type="smallint" >656</id_prov><id_comunidad type="smallint" >271</id_comunidad><prov_name type="varchar"  label="County">Custer</prov_name><ind_active type="tinyint"  label="Active">1</ind_active></row>
<row><id_prov type="smallint" >657</id_prov><id_comunidad type="smallint" >271</id_comunidad><prov_name type="varchar"  label="County">Conejos</prov_name><ind_active type="tinyint"  label="Active">1</ind_active></row>
<row><id_prov type="smallint" >658</id_prov><id_comunidad type="smallint" >271</id_comunidad><prov_name type="varchar"  label="County">Denver</prov_name><ind_active type="tinyint"  label="Active">1</ind_active></row>
<row><id_prov type="smallint" >659</id_prov><id_comunidad type="smallint" >271</id_comunidad><prov_name type="varchar"  label="County">Elbert</prov_name><ind_active type="tinyint"  label="Active">1</ind_active></row>
<row><id_prov type="smallint" >660</id_prov><id_comunidad type="smallint" >271</id_comunidad><prov_name type="varchar"  label="County">Rio Grande</prov_name><ind_active type="tinyint"  label="Active">1</ind_active></row>
<row><id_prov type="smallint" >661</id_prov><id_comunidad type="smallint" >271</id_comunidad><prov_name type="varchar"  label="County">Clear Creek</prov_name><ind_active type="tinyint"  label="Active">1</ind_active></row>
<row><id_prov type="smallint" >662</id_prov><id_comunidad type="smallint" >271</id_comunidad><prov_name type="varchar"  label="County">Summit</prov_name><ind_active type="tinyint"  label="Active">1</ind_active></row>
<row><id_prov type="smallint" >663</id_prov><id_comunidad type="smallint" >271</id_comunidad><prov_name type="varchar"  label="County">Pueblo</prov_name><ind_active type="tinyint"  label="Active">1</ind_active></row>
</provincia>
</root>