<?xml version="1.0" encoding="UTF-8"?>
<root>
<provincia>
<row><id_prov type="smallint" >675</id_prov><id_comunidad type="smallint" >276</id_comunidad><prov_name type="varchar"  label="County">Gulf</prov_name><ind_active type="tinyint"  label="Active">1</ind_active></row>
<row><id_prov type="smallint" >676</id_prov><id_comunidad type="smallint" >276</id_comunidad><prov_name type="varchar"  label="County">Baker</prov_name><ind_active type="tinyint"  label="Active">1</ind_active></row>
<row><id_prov type="smallint" >677</id_prov><id_comunidad type="smallint" >276</id_comunidad><prov_name type="varchar"  label="County">Jefferson</prov_name><ind_active type="tinyint"  label="Active">1</ind_active></row>
<row><id_prov type="smallint" >678</id_prov><id_comunidad type="smallint" >276</id_comunidad><prov_name type="varchar"  label="County">Suwannee</prov_name><ind_active type="tinyint"  label="Active">1</ind_active></row>
<row><id_prov type="smallint" >679</id_prov><id_comunidad type="smallint" >276</id_comunidad><prov_name type="varchar"  label="County">Duval</prov_name><ind_active type="tinyint"  label="Active">1</ind_active></row>
<row><id_prov type="smallint" >680</id_prov><id_comunidad type="smallint" >276</id_comunidad><prov_name type="varchar"  label="County">Charlotte</prov_name><ind_active type="tinyint"  label="Active">1</ind_active></row>
<row><id_prov type="smallint" >681</id_prov><id_comunidad type="smallint" >276</id_comunidad><prov_name type="varchar"  label="County">Sumter</prov_name><ind_active type="tinyint"  label="Active">1</ind_active></row>
<row><id_prov type="smallint" >682</id_prov><id_comunidad type="smallint" >276</id_comunidad><prov_name type="varchar"  label="County">Monroe</prov_name><ind_active type="tinyint"  label="Active">1</ind_active></row>
<row><id_prov type="smallint" >683</id_prov><id_comunidad type="smallint" >276</id_comunidad><prov_name type="varchar"  label="County">Clay</prov_name><ind_active type="tinyint"  label="Active">1</ind_active></row>
<row><id_prov type="smallint" >684</id_prov><id_comunidad type="smallint" >276</id_comunidad><prov_name type="varchar"  label="County">DeSoto</prov_name><ind_active type="tinyint"  label="Active">1</ind_active></row>
<row><id_prov type="smallint" >685</id_prov><id_comunidad type="smallint" >276</id_comunidad><prov_name type="varchar"  label="County">Broward</prov_name><ind_active type="tinyint"  label="Active">1</ind_active></row>
<row><id_prov type="smallint" >686</id_prov><id_comunidad type="smallint" >276</id_comunidad><prov_name type="varchar"  label="County">Seminole</prov_name><ind_active type="tinyint"  label="Active">1</ind_active></row>
<row><id_prov type="smallint" >687</id_prov><id_comunidad type="smallint" >276</id_comunidad><prov_name type="varchar"  label="County">Taylor</prov_name><ind_active type="tinyint"  label="Active">1</ind_active></row>
<row><id_prov type="smallint" >688</id_prov><id_comunidad type="smallint" >276</id_comunidad><prov_name type="varchar"  label="County">Miami-Dade</prov_name><ind_active type="tinyint"  label="Active">1</ind_active></row>
<row><id_prov type="smallint" >689</id_prov><id_comunidad type="smallint" >276</id_comunidad><prov_name type="varchar"  label="County">Hendry</prov_name><ind_active type="tinyint"  label="Active">1</ind_active></row>
<row><id_prov type="smallint" >690</id_prov><id_comunidad type="smallint" >276</id_comunidad><prov_name type="varchar"  label="County">Okeechobee</prov_name><ind_active type="tinyint"  label="Active">1</ind_active></row>
<row><id_prov type="smallint" >691</id_prov><id_comunidad type="smallint" >276</id_comunidad><prov_name type="varchar"  label="County">Okaloosa</prov_name><ind_active type="tinyint"  label="Active">1</ind_active></row>
<row><id_prov type="smallint" >692</id_prov><id_comunidad type="smallint" >276</id_comunidad><prov_name type="varchar"  label="County">Hardee</prov_name><ind_active type="tinyint"  label="Active">1</ind_active></row>
<row><id_prov type="smallint" >693</id_prov><id_comunidad type="smallint" >276</id_comunidad><prov_name type="varchar"  label="County">Lee</prov_name><ind_active type="tinyint"  label="Active">1</ind_active></row>
<row><id_prov type="smallint" >694</id_prov><id_comunidad type="smallint" >276</id_comunidad><prov_name type="varchar"  label="County">Nassau</prov_name><ind_active type="tinyint"  label="Active">1</ind_active></row>
<row><id_prov type="smallint" >695</id_prov><id_comunidad type="smallint" >276</id_comunidad><prov_name type="varchar"  label="County">Lake</prov_name><ind_active type="tinyint"  label="Active">1</ind_active></row>
<row><id_prov type="smallint" >696</id_prov><id_comunidad type="smallint" >276</id_comunidad><prov_name type="varchar"  label="County">Citrus</prov_name><ind_active type="tinyint"  label="Active">1</ind_active></row>
<row><id_prov type="smallint" >697</id_prov><id_comunidad type="smallint" >276</id_comunidad><prov_name type="varchar"  label="County">Wakulla</prov_name><ind_active type="tinyint"  label="Active">1</ind_active></row>
<row><id_prov type="smallint" >698</id_prov><id_comunidad type="smallint" >276</id_comunidad><prov_name type="varchar"  label="County">Highlands</prov_name><ind_active type="tinyint"  label="Active">1</ind_active></row>
<row><id_prov type="smallint" >699</id_prov><id_comunidad type="smallint" >276</id_comunidad><prov_name type="varchar"  label="County">Gadsden</prov_name><ind_active type="tinyint"  label="Active">1</ind_active></row>
<row><id_prov type="smallint" >700</id_prov><id_comunidad type="smallint" >276</id_comunidad><prov_name type="varchar"  label="County">Bradford</prov_name><ind_active type="tinyint"  label="Active">1</ind_active></row>
<row><id_prov type="smallint" >701</id_prov><id_comunidad type="smallint" >276</id_comunidad><prov_name type="varchar"  label="County">Jackson</prov_name><ind_active type="tinyint"  label="Active">1</ind_active></row>
<row><id_prov type="smallint" >702</id_prov><id_comunidad type="smallint" >276</id_comunidad><prov_name type="varchar"  label="County">Escambia</prov_name><ind_active type="tinyint"  label="Active">1</ind_active></row>
<row><id_prov type="smallint" >703</id_prov><id_comunidad type="smallint" >276</id_comunidad><prov_name type="varchar"  label="County">Gilchrist</prov_name><ind_active type="tinyint"  label="Active">1</ind_active></row>
<row><id_prov type="smallint" >704</id_prov><id_comunidad type="smallint" >276</id_comunidad><prov_name type="varchar"  label="County">Walton</prov_name><ind_active type="tinyint"  label="Active">1</ind_active></row>
<row><id_prov type="smallint" >705</id_prov><id_comunidad type="smallint" >276</id_comunidad><prov_name type="varchar"  label="County">Manatee</prov_name><ind_active type="tinyint"  label="Active">1</ind_active></row>
<row><id_prov type="smallint" >706</id_prov><id_comunidad type="smallint" >276</id_comunidad><prov_name type="varchar"  label="County">Dixie</prov_name><ind_active type="tinyint"  label="Active">1</ind_active></row>
<row><id_prov type="smallint" >707</id_prov><id_comunidad type="smallint" >276</id_comunidad><prov_name type="varchar"  label="County">Washington</prov_name><ind_active type="tinyint"  label="Active">1</ind_active></row>
<row><id_prov type="smallint" >708</id_prov><id_comunidad type="smallint" >276</id_comunidad><prov_name type="varchar"  label="County">Pinellas</prov_name><ind_active type="tinyint"  label="Active">1</ind_active></row>
<row><id_prov type="smallint" >709</id_prov><id_comunidad type="smallint" >276</id_comunidad><prov_name type="varchar"  label="County">Levy</prov_name><ind_active type="tinyint"  label="Active">1</ind_active></row>
<row><id_prov type="smallint" >710</id_prov><id_comunidad type="smallint" >276</id_comunidad><prov_name type="varchar"  label="County">Leon</prov_name><ind_active type="tinyint"  label="Active">1</ind_active></row>
<row><id_prov type="smallint" >711</id_prov><id_comunidad type="smallint" >276</id_comunidad><prov_name type="varchar"  label="County">Liberty</prov_name><ind_active type="tinyint"  label="Active">1</ind_active></row>
<row><id_prov type="smallint" >712</id_prov><id_comunidad type="smallint" >276</id_comunidad><prov_name type="varchar"  label="County">Pasco</prov_name><ind_active type="tinyint"  label="Active">1</ind_active></row>
<row><id_prov type="smallint" >713</id_prov><id_comunidad type="smallint" >276</id_comunidad><prov_name type="varchar"  label="County">Franklin</prov_name><ind_active type="tinyint"  label="Active">1</ind_active></row>
<row><id_prov type="smallint" >714</id_prov><id_comunidad type="smallint" >276</id_comunidad><prov_name type="varchar"  label="County">Indian River</prov_name><ind_active type="tinyint"  label="Active">1</ind_active></row>
<row><id_prov type="smallint" >715</id_prov><id_comunidad type="smallint" >276</id_comunidad><prov_name type="varchar"  label="County">Hillsborough</prov_name><ind_active type="tinyint"  label="Active">1</ind_active></row>
<row><id_prov type="smallint" >716</id_prov><id_comunidad type="smallint" >276</id_comunidad><prov_name type="varchar"  label="County">Lafayette</prov_name><ind_active type="tinyint"  label="Active">1</ind_active></row>
<row><id_prov type="smallint" >717</id_prov><id_comunidad type="smallint" >276</id_comunidad><prov_name type="varchar"  label="County">Palm Beach</prov_name><ind_active type="tinyint"  label="Active">1</ind_active></row>
<row><id_prov type="smallint" >718</id_prov><id_comunidad type="smallint" >276</id_comunidad><prov_name type="varchar"  label="County">Putnam</prov_name><ind_active type="tinyint"  label="Active">1</ind_active></row>
<row><id_prov type="smallint" >719</id_prov><id_comunidad type="smallint" >276</id_comunidad><prov_name type="varchar"  label="County">Alachua</prov_name><ind_active type="tinyint"  label="Active">1</ind_active></row>
<row><id_prov type="smallint" >720</id_prov><id_comunidad type="smallint" >276</id_comunidad><prov_name type="varchar"  label="County">Columbia</prov_name><ind_active type="tinyint"  label="Active">1</ind_active></row>
<row><id_prov type="smallint" >721</id_prov><id_comunidad type="smallint" >276</id_comunidad><prov_name type="varchar"  label="County">Polk</prov_name><ind_active type="tinyint"  label="Active">1</ind_active></row>
<row><id_prov type="smallint" >722</id_prov><id_comunidad type="smallint" >276</id_comunidad><prov_name type="varchar"  label="County">Holmes</prov_name><ind_active type="tinyint"  label="Active">1</ind_active></row>
<row><id_prov type="smallint" >723</id_prov><id_comunidad type="smallint" >276</id_comunidad><prov_name type="varchar"  label="County">Osceola</prov_name><ind_active type="tinyint"  label="Active">1</ind_active></row>
<row><id_prov type="smallint" >724</id_prov><id_comunidad type="smallint" >276</id_comunidad><prov_name type="varchar"  label="County">Flagler</prov_name><ind_active type="tinyint"  label="Active">1</ind_active></row>
<row><id_prov type="smallint" >725</id_prov><id_comunidad type="smallint" >276</id_comunidad><prov_name type="varchar"  label="County">Orange</prov_name><ind_active type="tinyint"  label="Active">1</ind_active></row>
<row><id_prov type="smallint" >726</id_prov><id_comunidad type="smallint" >276</id_comunidad><prov_name type="varchar"  label="County">Madison</prov_name><ind_active type="tinyint"  label="Active">1</ind_active></row>
<row><id_prov type="smallint" >727</id_prov><id_comunidad type="smallint" >276</id_comunidad><prov_name type="varchar"  label="County">Collier</prov_name><ind_active type="tinyint"  label="Active">1</ind_active></row>
<row><id_prov type="smallint" >728</id_prov><id_comunidad type="smallint" >276</id_comunidad><prov_name type="varchar"  label="County">Brevard</prov_name><ind_active type="tinyint"  label="Active">1</ind_active></row>
<row><id_prov type="smallint" >729</id_prov><id_comunidad type="smallint" >276</id_comunidad><prov_name type="varchar"  label="County">Santa Rosa</prov_name><ind_active type="tinyint"  label="Active">1</ind_active></row>
<row><id_prov type="smallint" >730</id_prov><id_comunidad type="smallint" >276</id_comunidad><prov_name type="varchar"  label="County">Martin</prov_name><ind_active type="tinyint"  label="Active">1</ind_active></row>
<row><id_prov type="smallint" >731</id_prov><id_comunidad type="smallint" >276</id_comunidad><prov_name type="varchar"  label="County">Calhoun</prov_name><ind_active type="tinyint"  label="Active">1</ind_active></row>
<row><id_prov type="smallint" >732</id_prov><id_comunidad type="smallint" >276</id_comunidad><prov_name type="varchar"  label="County">Bay</prov_name><ind_active type="tinyint"  label="Active">1</ind_active></row>
<row><id_prov type="smallint" >733</id_prov><id_comunidad type="smallint" >276</id_comunidad><prov_name type="varchar"  label="County">Saint Johns</prov_name><ind_active type="tinyint"  label="Active">1</ind_active></row>
<row><id_prov type="smallint" >734</id_prov><id_comunidad type="smallint" >276</id_comunidad><prov_name type="varchar"  label="County">Union</prov_name><ind_active type="tinyint"  label="Active">1</ind_active></row>
<row><id_prov type="smallint" >735</id_prov><id_comunidad type="smallint" >276</id_comunidad><prov_name type="varchar"  label="County">Marion</prov_name><ind_active type="tinyint"  label="Active">1</ind_active></row>
<row><id_prov type="smallint" >736</id_prov><id_comunidad type="smallint" >276</id_comunidad><prov_name type="varchar"  label="County">Glades</prov_name><ind_active type="tinyint"  label="Active">1</ind_active></row>
<row><id_prov type="smallint" >737</id_prov><id_comunidad type="smallint" >276</id_comunidad><prov_name type="varchar"  label="County">Sarasota</prov_name><ind_active type="tinyint"  label="Active">1</ind_active></row>
<row><id_prov type="smallint" >738</id_prov><id_comunidad type="smallint" >276</id_comunidad><prov_name type="varchar"  label="County">Saint Lucie</prov_name><ind_active type="tinyint"  label="Active">1</ind_active></row>
<row><id_prov type="smallint" >739</id_prov><id_comunidad type="smallint" >276</id_comunidad><prov_name type="varchar"  label="County">Volusia</prov_name><ind_active type="tinyint"  label="Active">1</ind_active></row>
<row><id_prov type="smallint" >740</id_prov><id_comunidad type="smallint" >276</id_comunidad><prov_name type="varchar"  label="County">Hamilton</prov_name><ind_active type="tinyint"  label="Active">1</ind_active></row>
<row><id_prov type="smallint" >741</id_prov><id_comunidad type="smallint" >276</id_comunidad><prov_name type="varchar"  label="County">Hernando</prov_name><ind_active type="tinyint"  label="Active">1</ind_active></row>
</provincia>
</root>