<?xml version="1.0" encoding="UTF-8"?>
<root>
<provincia>
<row><id_prov type="smallint" >742</id_prov><id_comunidad type="smallint" >277</id_comunidad><prov_name type="varchar"  label="County">Floyd</prov_name><ind_active type="tinyint"  label="Active">1</ind_active></row>
<row><id_prov type="smallint" >743</id_prov><id_comunidad type="smallint" >277</id_comunidad><prov_name type="varchar"  label="County">Grady</prov_name><ind_active type="tinyint"  label="Active">1</ind_active></row>
<row><id_prov type="smallint" >744</id_prov><id_comunidad type="smallint" >277</id_comunidad><prov_name type="varchar"  label="County">Polk</prov_name><ind_active type="tinyint"  label="Active">1</ind_active></row>
<row><id_prov type="smallint" >745</id_prov><id_comunidad type="smallint" >277</id_comunidad><prov_name type="varchar"  label="County">Chattahoochee</prov_name><ind_active type="tinyint"  label="Active">1</ind_active></row>
<row><id_prov type="smallint" >746</id_prov><id_comunidad type="smallint" >277</id_comunidad><prov_name type="varchar"  label="County">Monroe</prov_name><ind_active type="tinyint"  label="Active">1</ind_active></row>
<row><id_prov type="smallint" >747</id_prov><id_comunidad type="smallint" >277</id_comunidad><prov_name type="varchar"  label="County">Screven</prov_name><ind_active type="tinyint"  label="Active">1</ind_active></row>
<row><id_prov type="smallint" >748</id_prov><id_comunidad type="smallint" >277</id_comunidad><prov_name type="varchar"  label="County">Bibb</prov_name><ind_active type="tinyint"  label="Active">1</ind_active></row>
<row><id_prov type="smallint" >749</id_prov><id_comunidad type="smallint" >277</id_comunidad><prov_name type="varchar"  label="County">Clarke</prov_name><ind_active type="tinyint"  label="Active">1</ind_active></row>
<row><id_prov type="smallint" >750</id_prov><id_comunidad type="smallint" >277</id_comunidad><prov_name type="varchar"  label="County">Camden</prov_name><ind_active type="tinyint"  label="Active">1</ind_active></row>
<row><id_prov type="smallint" >751</id_prov><id_comunidad type="smallint" >277</id_comunidad><prov_name type="varchar"  label="County">Fulton</prov_name><ind_active type="tinyint"  label="Active">1</ind_active></row>
<row><id_prov type="smallint" >752</id_prov><id_comunidad type="smallint" >277</id_comunidad><prov_name type="varchar"  label="County">Gordon</prov_name><ind_active type="tinyint"  label="Active">1</ind_active></row>
<row><id_prov type="smallint" >753</id_prov><id_comunidad type="smallint" >277</id_comunidad><prov_name type="varchar"  label="County">Dooly</prov_name><ind_active type="tinyint"  label="Active">1</ind_active></row>
<row><id_prov type="smallint" >754</id_prov><id_comunidad type="smallint" >277</id_comunidad><prov_name type="varchar"  label="County">Chattooga</prov_name><ind_active type="tinyint"  label="Active">1</ind_active></row>
<row><id_prov type="smallint" >755</id_prov><id_comunidad type="smallint" >277</id_comunidad><prov_name type="varchar"  label="County">Franklin</prov_name><ind_active type="tinyint"  label="Active">1</ind_active></row>
<row><id_prov type="smallint" >756</id_prov><id_comunidad type="smallint" >277</id_comunidad><prov_name type="varchar"  label="County">Montgomery</prov_name><ind_active type="tinyint"  label="Active">1</ind_active></row>
<row><id_prov type="smallint" >757</id_prov><id_comunidad type="smallint" >277</id_comunidad><prov_name type="varchar"  label="County">Bleckley</prov_name><ind_active type="tinyint"  label="Active">1</ind_active></row>
<row><id_prov type="smallint" >758</id_prov><id_comunidad type="smallint" >277</id_comunidad><prov_name type="varchar"  label="County">Carroll</prov_name><ind_active type="tinyint"  label="Active">1</ind_active></row>
<row><id_prov type="smallint" >759</id_prov><id_comunidad type="smallint" >277</id_comunidad><prov_name type="varchar"  label="County">Peach</prov_name><ind_active type="tinyint"  label="Active">1</ind_active></row>
<row><id_prov type="smallint" >760</id_prov><id_comunidad type="smallint" >277</id_comunidad><prov_name type="varchar"  label="County">Paulding</prov_name><ind_active type="tinyint"  label="Active">1</ind_active></row>
<row><id_prov type="smallint" >761</id_prov><id_comunidad type="smallint" >277</id_comunidad><prov_name type="varchar"  label="County">Meriwether</prov_name><ind_active type="tinyint"  label="Active">1</ind_active></row>
<row><id_prov type="smallint" >762</id_prov><id_comunidad type="smallint" >277</id_comunidad><prov_name type="varchar"  label="County">Dodge</prov_name><ind_active type="tinyint"  label="Active">1</ind_active></row>
<row><id_prov type="smallint" >763</id_prov><id_comunidad type="smallint" >277</id_comunidad><prov_name type="varchar"  label="County">Pike</prov_name><ind_active type="tinyint"  label="Active">1</ind_active></row>
<row><id_prov type="smallint" >764</id_prov><id_comunidad type="smallint" >277</id_comunidad><prov_name type="varchar"  label="County">Schley</prov_name><ind_active type="tinyint"  label="Active">1</ind_active></row>
<row><id_prov type="smallint" >765</id_prov><id_comunidad type="smallint" >277</id_comunidad><prov_name type="varchar"  label="County">Echols</prov_name><ind_active type="tinyint"  label="Active">1</ind_active></row>
<row><id_prov type="smallint" >766</id_prov><id_comunidad type="smallint" >277</id_comunidad><prov_name type="varchar"  label="County">Bartow</prov_name><ind_active type="tinyint"  label="Active">1</ind_active></row>
<row><id_prov type="smallint" >767</id_prov><id_comunidad type="smallint" >277</id_comunidad><prov_name type="varchar"  label="County">Baldwin</prov_name><ind_active type="tinyint"  label="Active">1</ind_active></row>
<row><id_prov type="smallint" >768</id_prov><id_comunidad type="smallint" >277</id_comunidad><prov_name type="varchar"  label="County">Pickens</prov_name><ind_active type="tinyint"  label="Active">1</ind_active></row>
<row><id_prov type="smallint" >769</id_prov><id_comunidad type="smallint" >277</id_comunidad><prov_name type="varchar"  label="County">Forsyth</prov_name><ind_active type="tinyint"  label="Active">1</ind_active></row>
<row><id_prov type="smallint" >770</id_prov><id_comunidad type="smallint" >277</id_comunidad><prov_name type="varchar"  label="County">Pierce</prov_name><ind_active type="tinyint"  label="Active">1</ind_active></row>
<row><id_prov type="smallint" >771</id_prov><id_comunidad type="smallint" >277</id_comunidad><prov_name type="varchar"  label="County">Spalding</prov_name><ind_active type="tinyint"  label="Active">1</ind_active></row>
<row><id_prov type="smallint" >772</id_prov><id_comunidad type="smallint" >277</id_comunidad><prov_name type="varchar"  label="County">Berrien</prov_name><ind_active type="tinyint"  label="Active">1</ind_active></row>
<row><id_prov type="smallint" >773</id_prov><id_comunidad type="smallint" >277</id_comunidad><prov_name type="varchar"  label="County">Early</prov_name><ind_active type="tinyint"  label="Active">1</ind_active></row>
<row><id_prov type="smallint" >774</id_prov><id_comunidad type="smallint" >277</id_comunidad><prov_name type="varchar"  label="County">Barrow</prov_name><ind_active type="tinyint"  label="Active">1</ind_active></row>
<row><id_prov type="smallint" >775</id_prov><id_comunidad type="smallint" >277</id_comunidad><prov_name type="varchar"  label="County">Evans</prov_name><ind_active type="tinyint"  label="Active">1</ind_active></row>
<row><id_prov type="smallint" >776</id_prov><id_comunidad type="smallint" >277</id_comunidad><prov_name type="varchar"  label="County">Richmond</prov_name><ind_active type="tinyint"  label="Active">1</ind_active></row>
<row><id_prov type="smallint" >777</id_prov><id_comunidad type="smallint" >277</id_comunidad><prov_name type="varchar"  label="County">Newton</prov_name><ind_active type="tinyint"  label="Active">1</ind_active></row>
<row><id_prov type="smallint" >778</id_prov><id_comunidad type="smallint" >277</id_comunidad><prov_name type="varchar"  label="County">Ben Hill</prov_name><ind_active type="tinyint"  label="Active">1</ind_active></row>
<row><id_prov type="smallint" >779</id_prov><id_comunidad type="smallint" >277</id_comunidad><prov_name type="varchar"  label="County">Douglas</prov_name><ind_active type="tinyint"  label="Active">1</ind_active></row>
<row><id_prov type="smallint" >780</id_prov><id_comunidad type="smallint" >277</id_comunidad><prov_name type="varchar"  label="County">Brantley</prov_name><ind_active type="tinyint"  label="Active">1</ind_active></row>
<row><id_prov type="smallint" >781</id_prov><id_comunidad type="smallint" >277</id_comunidad><prov_name type="varchar"  label="County">Effingham</prov_name><ind_active type="tinyint"  label="Active">1</ind_active></row>
<row><id_prov type="smallint" >782</id_prov><id_comunidad type="smallint" >277</id_comunidad><prov_name type="varchar"  label="County">Pulaski</prov_name><ind_active type="tinyint"  label="Active">1</ind_active></row>
<row><id_prov type="smallint" >783</id_prov><id_comunidad type="smallint" >277</id_comunidad><prov_name type="varchar"  label="County">Elbert</prov_name><ind_active type="tinyint"  label="Active">1</ind_active></row>
<row><id_prov type="smallint" >784</id_prov><id_comunidad type="smallint" >277</id_comunidad><prov_name type="varchar"  label="County">Glascock</prov_name><ind_active type="tinyint"  label="Active">1</ind_active></row>
<row><id_prov type="smallint" >785</id_prov><id_comunidad type="smallint" >277</id_comunidad><prov_name type="varchar"  label="County">Murray</prov_name><ind_active type="tinyint"  label="Active">1</ind_active></row>
<row><id_prov type="smallint" >786</id_prov><id_comunidad type="smallint" >277</id_comunidad><prov_name type="varchar"  label="County">Emanuel</prov_name><ind_active type="tinyint"  label="Active">1</ind_active></row>
<row><id_prov type="smallint" >787</id_prov><id_comunidad type="smallint" >277</id_comunidad><prov_name type="varchar"  label="County">Rockdale</prov_name><ind_active type="tinyint"  label="Active">1</ind_active></row>
<row><id_prov type="smallint" >788</id_prov><id_comunidad type="smallint" >277</id_comunidad><prov_name type="varchar"  label="County">Muscogee</prov_name><ind_active type="tinyint"  label="Active">1</ind_active></row>
<row><id_prov type="smallint" >789</id_prov><id_comunidad type="smallint" >277</id_comunidad><prov_name type="varchar"  label="County">Candler</prov_name><ind_active type="tinyint"  label="Active">1</ind_active></row>
<row><id_prov type="smallint" >790</id_prov><id_comunidad type="smallint" >277</id_comunidad><prov_name type="varchar"  label="County">Lanier</prov_name><ind_active type="tinyint"  label="Active">1</ind_active></row>
<row><id_prov type="smallint" >791</id_prov><id_comunidad type="smallint" >277</id_comunidad><prov_name type="varchar"  label="County">Houston</prov_name><ind_active type="tinyint"  label="Active">1</ind_active></row>
<row><id_prov type="smallint" >792</id_prov><id_comunidad type="smallint" >277</id_comunidad><prov_name type="varchar"  label="County">Gilmer</prov_name><ind_active type="tinyint"  label="Active">1</ind_active></row>
<row><id_prov type="smallint" >793</id_prov><id_comunidad type="smallint" >277</id_comunidad><prov_name type="varchar"  label="County">Mitchell</prov_name><ind_active type="tinyint"  label="Active">1</ind_active></row>
<row><id_prov type="smallint" >794</id_prov><id_comunidad type="smallint" >277</id_comunidad><prov_name type="varchar"  label="County">Glynn</prov_name><ind_active type="tinyint"  label="Active">1</ind_active></row>
<row><id_prov type="smallint" >795</id_prov><id_comunidad type="smallint" >277</id_comunidad><prov_name type="varchar"  label="County">Dougherty</prov_name><ind_active type="tinyint"  label="Active">1</ind_active></row>
<row><id_prov type="smallint" >796</id_prov><id_comunidad type="smallint" >277</id_comunidad><prov_name type="varchar"  label="County">Morgan</prov_name><ind_active type="tinyint"  label="Active">1</ind_active></row>
<row><id_prov type="smallint" >797</id_prov><id_comunidad type="smallint" >277</id_comunidad><prov_name type="varchar"  label="County">Cherokee</prov_name><ind_active type="tinyint"  label="Active">1</ind_active></row>
<row><id_prov type="smallint" >798</id_prov><id_comunidad type="smallint" >277</id_comunidad><prov_name type="varchar"  label="County">Putnam</prov_name><ind_active type="tinyint"  label="Active">1</ind_active></row>
<row><id_prov type="smallint" >799</id_prov><id_comunidad type="smallint" >277</id_comunidad><prov_name type="varchar"  label="County">Miller</prov_name><ind_active type="tinyint"  label="Active">1</ind_active></row>
<row><id_prov type="smallint" >800</id_prov><id_comunidad type="smallint" >277</id_comunidad><prov_name type="varchar"  label="County">Calhoun</prov_name><ind_active type="tinyint"  label="Active">1</ind_active></row>
<row><id_prov type="smallint" >801</id_prov><id_comunidad type="smallint" >277</id_comunidad><prov_name type="varchar"  label="County">Fayette</prov_name><ind_active type="tinyint"  label="Active">1</ind_active></row>
<row><id_prov type="smallint" >802</id_prov><id_comunidad type="smallint" >277</id_comunidad><prov_name type="varchar"  label="County">Brooks</prov_name><ind_active type="tinyint"  label="Active">1</ind_active></row>
<row><id_prov type="smallint" >803</id_prov><id_comunidad type="smallint" >277</id_comunidad><prov_name type="varchar"  label="County">Johnson</prov_name><ind_active type="tinyint"  label="Active">1</ind_active></row>
<row><id_prov type="smallint" >804</id_prov><id_comunidad type="smallint" >277</id_comunidad><prov_name type="varchar"  label="County">Rabun</prov_name><ind_active type="tinyint"  label="Active">1</ind_active></row>
<row><id_prov type="smallint" >805</id_prov><id_comunidad type="smallint" >277</id_comunidad><prov_name type="varchar"  label="County">Jones</prov_name><ind_active type="tinyint"  label="Active">1</ind_active></row>
<row><id_prov type="smallint" >806</id_prov><id_comunidad type="smallint" >277</id_comunidad><prov_name type="varchar"  label="County">Lamar</prov_name><ind_active type="tinyint"  label="Active">1</ind_active></row>
<row><id_prov type="smallint" >807</id_prov><id_comunidad type="smallint" >277</id_comunidad><prov_name type="varchar"  label="County">Oglethorpe</prov_name><ind_active type="tinyint"  label="Active">1</ind_active></row>
<row><id_prov type="smallint" >808</id_prov><id_comunidad type="smallint" >277</id_comunidad><prov_name type="varchar"  label="County">Randolph</prov_name><ind_active type="tinyint"  label="Active">1</ind_active></row>
<row><id_prov type="smallint" >809</id_prov><id_comunidad type="smallint" >277</id_comunidad><prov_name type="varchar"  label="County">Oconee</prov_name><ind_active type="tinyint"  label="Active">1</ind_active></row>
<row><id_prov type="smallint" >810</id_prov><id_comunidad type="smallint" >277</id_comunidad><prov_name type="varchar"  label="County">Fannin</prov_name><ind_active type="tinyint"  label="Active">1</ind_active></row>
<row><id_prov type="smallint" >811</id_prov><id_comunidad type="smallint" >277</id_comunidad><prov_name type="varchar"  label="County">Jenkins</prov_name><ind_active type="tinyint"  label="Active">1</ind_active></row>
<row><id_prov type="smallint" >812</id_prov><id_comunidad type="smallint" >277</id_comunidad><prov_name type="varchar"  label="County">Seminole</prov_name><ind_active type="tinyint"  label="Active">1</ind_active></row>
<row><id_prov type="smallint" >813</id_prov><id_comunidad type="smallint" >277</id_comunidad><prov_name type="varchar"  label="County">Banks</prov_name><ind_active type="tinyint"  label="Active">1</ind_active></row>
<row><id_prov type="smallint" >814</id_prov><id_comunidad type="smallint" >277</id_comunidad><prov_name type="varchar"  label="County">Quitman</prov_name><ind_active type="tinyint"  label="Active">1</ind_active></row>
<row><id_prov type="smallint" >815</id_prov><id_comunidad type="smallint" >277</id_comunidad><prov_name type="varchar"  label="County">White</prov_name><ind_active type="tinyint"  label="Active">1</ind_active></row>
<row><id_prov type="smallint" >816</id_prov><id_comunidad type="smallint" >277</id_comunidad><prov_name type="varchar"  label="County">Tattnall</prov_name><ind_active type="tinyint"  label="Active">1</ind_active></row>
<row><id_prov type="smallint" >817</id_prov><id_comunidad type="smallint" >277</id_comunidad><prov_name type="varchar"  label="County">Toombs</prov_name><ind_active type="tinyint"  label="Active">1</ind_active></row>
<row><id_prov type="smallint" >818</id_prov><id_comunidad type="smallint" >277</id_comunidad><prov_name type="varchar"  label="County">Macon</prov_name><ind_active type="tinyint"  label="Active">1</ind_active></row>
<row><id_prov type="smallint" >819</id_prov><id_comunidad type="smallint" >277</id_comunidad><prov_name type="varchar"  label="County">Wayne</prov_name><ind_active type="tinyint"  label="Active">1</ind_active></row>
<row><id_prov type="smallint" >820</id_prov><id_comunidad type="smallint" >277</id_comunidad><prov_name type="varchar"  label="County">Decatur</prov_name><ind_active type="tinyint"  label="Active">1</ind_active></row>
<row><id_prov type="smallint" >821</id_prov><id_comunidad type="smallint" >277</id_comunidad><prov_name type="varchar"  label="County">Lee</prov_name><ind_active type="tinyint"  label="Active">1</ind_active></row>
<row><id_prov type="smallint" >822</id_prov><id_comunidad type="smallint" >277</id_comunidad><prov_name type="varchar"  label="County">Haralson</prov_name><ind_active type="tinyint"  label="Active">1</ind_active></row>
<row><id_prov type="smallint" >823</id_prov><id_comunidad type="smallint" >277</id_comunidad><prov_name type="varchar"  label="County">Lumpkin</prov_name><ind_active type="tinyint"  label="Active">1</ind_active></row>
<row><id_prov type="smallint" >824</id_prov><id_comunidad type="smallint" >277</id_comunidad><prov_name type="varchar"  label="County">Lowndes</prov_name><ind_active type="tinyint"  label="Active">1</ind_active></row>
<row><id_prov type="smallint" >825</id_prov><id_comunidad type="smallint" >277</id_comunidad><prov_name type="varchar"  label="County">Webster</prov_name><ind_active type="tinyint"  label="Active">1</ind_active></row>
<row><id_prov type="smallint" >826</id_prov><id_comunidad type="smallint" >277</id_comunidad><prov_name type="varchar"  label="County">Cook</prov_name><ind_active type="tinyint"  label="Active">1</ind_active></row>
<row><id_prov type="smallint" >827</id_prov><id_comunidad type="smallint" >277</id_comunidad><prov_name type="varchar"  label="County">DeKalb</prov_name><ind_active type="tinyint"  label="Active">1</ind_active></row>
<row><id_prov type="smallint" >828</id_prov><id_comunidad type="smallint" >277</id_comunidad><prov_name type="varchar"  label="County">Wheeler</prov_name><ind_active type="tinyint"  label="Active">1</ind_active></row>
<row><id_prov type="smallint" >829</id_prov><id_comunidad type="smallint" >277</id_comunidad><prov_name type="varchar"  label="County">Towns</prov_name><ind_active type="tinyint"  label="Active">1</ind_active></row>
<row><id_prov type="smallint" >830</id_prov><id_comunidad type="smallint" >277</id_comunidad><prov_name type="varchar"  label="County">Wilcox</prov_name><ind_active type="tinyint"  label="Active">1</ind_active></row>
<row><id_prov type="smallint" >831</id_prov><id_comunidad type="smallint" >277</id_comunidad><prov_name type="varchar"  label="County">Wilkinson</prov_name><ind_active type="tinyint"  label="Active">1</ind_active></row>
<row><id_prov type="smallint" >832</id_prov><id_comunidad type="smallint" >277</id_comunidad><prov_name type="varchar"  label="County">Taylor</prov_name><ind_active type="tinyint"  label="Active">1</ind_active></row>
<row><id_prov type="smallint" >833</id_prov><id_comunidad type="smallint" >277</id_comunidad><prov_name type="varchar"  label="County">McIntosh</prov_name><ind_active type="tinyint"  label="Active">1</ind_active></row>
<row><id_prov type="smallint" >834</id_prov><id_comunidad type="smallint" >277</id_comunidad><prov_name type="varchar"  label="County">Jefferson</prov_name><ind_active type="tinyint"  label="Active">1</ind_active></row>
<row><id_prov type="smallint" >835</id_prov><id_comunidad type="smallint" >277</id_comunidad><prov_name type="varchar"  label="County">Clinch</prov_name><ind_active type="tinyint"  label="Active">1</ind_active></row>
<row><id_prov type="smallint" >836</id_prov><id_comunidad type="smallint" >277</id_comunidad><prov_name type="varchar"  label="County">Irwin</prov_name><ind_active type="tinyint"  label="Active">1</ind_active></row>
<row><id_prov type="smallint" >837</id_prov><id_comunidad type="smallint" >277</id_comunidad><prov_name type="varchar"  label="County">Atkinson</prov_name><ind_active type="tinyint"  label="Active">1</ind_active></row>
<row><id_prov type="smallint" >838</id_prov><id_comunidad type="smallint" >277</id_comunidad><prov_name type="varchar"  label="County">Jeff Davis</prov_name><ind_active type="tinyint"  label="Active">1</ind_active></row>
<row><id_prov type="smallint" >839</id_prov><id_comunidad type="smallint" >277</id_comunidad><prov_name type="varchar"  label="County">Telfair</prov_name><ind_active type="tinyint"  label="Active">1</ind_active></row>
<row><id_prov type="smallint" >840</id_prov><id_comunidad type="smallint" >277</id_comunidad><prov_name type="varchar"  label="County">McDuffie</prov_name><ind_active type="tinyint"  label="Active">1</ind_active></row>
<row><id_prov type="smallint" >841</id_prov><id_comunidad type="smallint" >277</id_comunidad><prov_name type="varchar"  label="County">Terrell</prov_name><ind_active type="tinyint"  label="Active">1</ind_active></row>
<row><id_prov type="smallint" >842</id_prov><id_comunidad type="smallint" >277</id_comunidad><prov_name type="varchar"  label="County">Whitfield</prov_name><ind_active type="tinyint"  label="Active">1</ind_active></row>
<row><id_prov type="smallint" >843</id_prov><id_comunidad type="smallint" >277</id_comunidad><prov_name type="varchar"  label="County">Thomas</prov_name><ind_active type="tinyint"  label="Active">1</ind_active></row>
<row><id_prov type="smallint" >844</id_prov><id_comunidad type="smallint" >277</id_comunidad><prov_name type="varchar"  label="County">Crawford</prov_name><ind_active type="tinyint"  label="Active">1</ind_active></row>
<row><id_prov type="smallint" >845</id_prov><id_comunidad type="smallint" >277</id_comunidad><prov_name type="varchar"  label="County">Wilkes</prov_name><ind_active type="tinyint"  label="Active">1</ind_active></row>
<row><id_prov type="smallint" >846</id_prov><id_comunidad type="smallint" >277</id_comunidad><prov_name type="varchar"  label="County">Twiggs</prov_name><ind_active type="tinyint"  label="Active">1</ind_active></row>
<row><id_prov type="smallint" >847</id_prov><id_comunidad type="smallint" >277</id_comunidad><prov_name type="varchar"  label="County">Appling</prov_name><ind_active type="tinyint"  label="Active">1</ind_active></row>
<row><id_prov type="smallint" >848</id_prov><id_comunidad type="smallint" >277</id_comunidad><prov_name type="varchar"  label="County">Upson</prov_name><ind_active type="tinyint"  label="Active">1</ind_active></row>
<row><id_prov type="smallint" >849</id_prov><id_comunidad type="smallint" >277</id_comunidad><prov_name type="varchar"  label="County">Bulloch</prov_name><ind_active type="tinyint"  label="Active">1</ind_active></row>
<row><id_prov type="smallint" >850</id_prov><id_comunidad type="smallint" >277</id_comunidad><prov_name type="varchar"  label="County">Dade</prov_name><ind_active type="tinyint"  label="Active">1</ind_active></row>
<row><id_prov type="smallint" >851</id_prov><id_comunidad type="smallint" >277</id_comunidad><prov_name type="varchar"  label="County">Marion</prov_name><ind_active type="tinyint"  label="Active">1</ind_active></row>
<row><id_prov type="smallint" >852</id_prov><id_comunidad type="smallint" >277</id_comunidad><prov_name type="varchar"  label="County">Hall</prov_name><ind_active type="tinyint"  label="Active">1</ind_active></row>
<row><id_prov type="smallint" >853</id_prov><id_comunidad type="smallint" >277</id_comunidad><prov_name type="varchar"  label="County">Henry</prov_name><ind_active type="tinyint"  label="Active">1</ind_active></row>
<row><id_prov type="smallint" >854</id_prov><id_comunidad type="smallint" >277</id_comunidad><prov_name type="varchar"  label="County">Burke</prov_name><ind_active type="tinyint"  label="Active">1</ind_active></row>
<row><id_prov type="smallint" >855</id_prov><id_comunidad type="smallint" >277</id_comunidad><prov_name type="varchar"  label="County">Walker</prov_name><ind_active type="tinyint"  label="Active">1</ind_active></row>
<row><id_prov type="smallint" >856</id_prov><id_comunidad type="smallint" >277</id_comunidad><prov_name type="varchar"  label="County">Union</prov_name><ind_active type="tinyint"  label="Active">1</ind_active></row>
<row><id_prov type="smallint" >857</id_prov><id_comunidad type="smallint" >277</id_comunidad><prov_name type="varchar"  label="County">Clayton</prov_name><ind_active type="tinyint"  label="Active">1</ind_active></row>
<row><id_prov type="smallint" >858</id_prov><id_comunidad type="smallint" >277</id_comunidad><prov_name type="varchar"  label="County">Walton</prov_name><ind_active type="tinyint"  label="Active">1</ind_active></row>
<row><id_prov type="smallint" >859</id_prov><id_comunidad type="smallint" >277</id_comunidad><prov_name type="varchar"  label="County">Baker</prov_name><ind_active type="tinyint"  label="Active">1</ind_active></row>
<row><id_prov type="smallint" >860</id_prov><id_comunidad type="smallint" >277</id_comunidad><prov_name type="varchar"  label="County">Coweta</prov_name><ind_active type="tinyint"  label="Active">1</ind_active></row>
<row><id_prov type="smallint" >861</id_prov><id_comunidad type="smallint" >277</id_comunidad><prov_name type="varchar"  label="County">Turner</prov_name><ind_active type="tinyint"  label="Active">1</ind_active></row>
<row><id_prov type="smallint" >862</id_prov><id_comunidad type="smallint" >277</id_comunidad><prov_name type="varchar"  label="County">Bryan</prov_name><ind_active type="tinyint"  label="Active">1</ind_active></row>
<row><id_prov type="smallint" >863</id_prov><id_comunidad type="smallint" >277</id_comunidad><prov_name type="varchar"  label="County">Madison</prov_name><ind_active type="tinyint"  label="Active">1</ind_active></row>
<row><id_prov type="smallint" >864</id_prov><id_comunidad type="smallint" >277</id_comunidad><prov_name type="varchar"  label="County">Jasper</prov_name><ind_active type="tinyint"  label="Active">1</ind_active></row>
<row><id_prov type="smallint" >865</id_prov><id_comunidad type="smallint" >277</id_comunidad><prov_name type="varchar"  label="County">Treutlen</prov_name><ind_active type="tinyint"  label="Active">1</ind_active></row>
<row><id_prov type="smallint" >866</id_prov><id_comunidad type="smallint" >277</id_comunidad><prov_name type="varchar"  label="County">Dawson</prov_name><ind_active type="tinyint"  label="Active">1</ind_active></row>
<row><id_prov type="smallint" >867</id_prov><id_comunidad type="smallint" >277</id_comunidad><prov_name type="varchar"  label="County">Ware</prov_name><ind_active type="tinyint"  label="Active">1</ind_active></row>
<row><id_prov type="smallint" >868</id_prov><id_comunidad type="smallint" >277</id_comunidad><prov_name type="varchar"  label="County">Washington</prov_name><ind_active type="tinyint"  label="Active">1</ind_active></row>
<row><id_prov type="smallint" >869</id_prov><id_comunidad type="smallint" >277</id_comunidad><prov_name type="varchar"  label="County">Habersham</prov_name><ind_active type="tinyint"  label="Active">1</ind_active></row>
<row><id_prov type="smallint" >870</id_prov><id_comunidad type="smallint" >277</id_comunidad><prov_name type="varchar"  label="County">Hancock</prov_name><ind_active type="tinyint"  label="Active">1</ind_active></row>
<row><id_prov type="smallint" >871</id_prov><id_comunidad type="smallint" >277</id_comunidad><prov_name type="varchar"  label="County">Crisp</prov_name><ind_active type="tinyint"  label="Active">1</ind_active></row>
<row><id_prov type="smallint" >872</id_prov><id_comunidad type="smallint" >277</id_comunidad><prov_name type="varchar"  label="County">Gwinnett</prov_name><ind_active type="tinyint"  label="Active">1</ind_active></row>
<row><id_prov type="smallint" >873</id_prov><id_comunidad type="smallint" >277</id_comunidad><prov_name type="varchar"  label="County">Jackson</prov_name><ind_active type="tinyint"  label="Active">1</ind_active></row>
<row><id_prov type="smallint" >874</id_prov><id_comunidad type="smallint" >277</id_comunidad><prov_name type="varchar"  label="County">Warren</prov_name><ind_active type="tinyint"  label="Active">1</ind_active></row>
<row><id_prov type="smallint" >875</id_prov><id_comunidad type="smallint" >277</id_comunidad><prov_name type="varchar"  label="County">Tift</prov_name><ind_active type="tinyint"  label="Active">1</ind_active></row>
<row><id_prov type="smallint" >876</id_prov><id_comunidad type="smallint" >277</id_comunidad><prov_name type="varchar"  label="County">Troup</prov_name><ind_active type="tinyint"  label="Active">1</ind_active></row>
<row><id_prov type="smallint" >877</id_prov><id_comunidad type="smallint" >277</id_comunidad><prov_name type="varchar"  label="County">Catoosa</prov_name><ind_active type="tinyint"  label="Active">1</ind_active></row>
<row><id_prov type="smallint" >878</id_prov><id_comunidad type="smallint" >277</id_comunidad><prov_name type="varchar"  label="County">Charlton</prov_name><ind_active type="tinyint"  label="Active">1</ind_active></row>
<row><id_prov type="smallint" >879</id_prov><id_comunidad type="smallint" >277</id_comunidad><prov_name type="varchar"  label="County">Coffee</prov_name><ind_active type="tinyint"  label="Active">1</ind_active></row>
<row><id_prov type="smallint" >880</id_prov><id_comunidad type="smallint" >277</id_comunidad><prov_name type="varchar"  label="County">Stephens</prov_name><ind_active type="tinyint"  label="Active">1</ind_active></row>
<row><id_prov type="smallint" >881</id_prov><id_comunidad type="smallint" >277</id_comunidad><prov_name type="varchar"  label="County">Long</prov_name><ind_active type="tinyint"  label="Active">1</ind_active></row>
<row><id_prov type="smallint" >882</id_prov><id_comunidad type="smallint" >277</id_comunidad><prov_name type="varchar"  label="County">Harris</prov_name><ind_active type="tinyint"  label="Active">1</ind_active></row>
<row><id_prov type="smallint" >883</id_prov><id_comunidad type="smallint" >277</id_comunidad><prov_name type="varchar"  label="County">Taliaferro</prov_name><ind_active type="tinyint"  label="Active">1</ind_active></row>
<row><id_prov type="smallint" >884</id_prov><id_comunidad type="smallint" >277</id_comunidad><prov_name type="varchar"  label="County">Sumter</prov_name><ind_active type="tinyint"  label="Active">1</ind_active></row>
<row><id_prov type="smallint" >885</id_prov><id_comunidad type="smallint" >277</id_comunidad><prov_name type="varchar"  label="County">Hart</prov_name><ind_active type="tinyint"  label="Active">1</ind_active></row>
<row><id_prov type="smallint" >886</id_prov><id_comunidad type="smallint" >277</id_comunidad><prov_name type="varchar"  label="County">Greene</prov_name><ind_active type="tinyint"  label="Active">1</ind_active></row>
<row><id_prov type="smallint" >887</id_prov><id_comunidad type="smallint" >277</id_comunidad><prov_name type="varchar"  label="County">Stewart</prov_name><ind_active type="tinyint"  label="Active">1</ind_active></row>
<row><id_prov type="smallint" >888</id_prov><id_comunidad type="smallint" >277</id_comunidad><prov_name type="varchar"  label="County">Chatham</prov_name><ind_active type="tinyint"  label="Active">1</ind_active></row>
<row><id_prov type="smallint" >889</id_prov><id_comunidad type="smallint" >277</id_comunidad><prov_name type="varchar"  label="County">Bacon</prov_name><ind_active type="tinyint"  label="Active">1</ind_active></row>
<row><id_prov type="smallint" >890</id_prov><id_comunidad type="smallint" >277</id_comunidad><prov_name type="varchar"  label="County">Cobb</prov_name><ind_active type="tinyint"  label="Active">1</ind_active></row>
<row><id_prov type="smallint" >891</id_prov><id_comunidad type="smallint" >277</id_comunidad><prov_name type="varchar"  label="County">Butts</prov_name><ind_active type="tinyint"  label="Active">1</ind_active></row>
<row><id_prov type="smallint" >892</id_prov><id_comunidad type="smallint" >277</id_comunidad><prov_name type="varchar"  label="County">Talbot</prov_name><ind_active type="tinyint"  label="Active">1</ind_active></row>
<row><id_prov type="smallint" >893</id_prov><id_comunidad type="smallint" >277</id_comunidad><prov_name type="varchar"  label="County">Columbia</prov_name><ind_active type="tinyint"  label="Active">1</ind_active></row>
<row><id_prov type="smallint" >894</id_prov><id_comunidad type="smallint" >277</id_comunidad><prov_name type="varchar"  label="County">Liberty</prov_name><ind_active type="tinyint"  label="Active">1</ind_active></row>
<row><id_prov type="smallint" >895</id_prov><id_comunidad type="smallint" >277</id_comunidad><prov_name type="varchar"  label="County">Lincoln</prov_name><ind_active type="tinyint"  label="Active">1</ind_active></row>
<row><id_prov type="smallint" >896</id_prov><id_comunidad type="smallint" >277</id_comunidad><prov_name type="varchar"  label="County">Worth</prov_name><ind_active type="tinyint"  label="Active">1</ind_active></row>
<row><id_prov type="smallint" >897</id_prov><id_comunidad type="smallint" >277</id_comunidad><prov_name type="varchar"  label="County">Laurens</prov_name><ind_active type="tinyint"  label="Active">1</ind_active></row>
<row><id_prov type="smallint" >898</id_prov><id_comunidad type="smallint" >277</id_comunidad><prov_name type="varchar"  label="County">Clay</prov_name><ind_active type="tinyint"  label="Active">1</ind_active></row>
<row><id_prov type="smallint" >899</id_prov><id_comunidad type="smallint" >277</id_comunidad><prov_name type="varchar"  label="County">Heard</prov_name><ind_active type="tinyint"  label="Active">1</ind_active></row>
<row><id_prov type="smallint" >900</id_prov><id_comunidad type="smallint" >277</id_comunidad><prov_name type="varchar"  label="County">Colquitt</prov_name><ind_active type="tinyint"  label="Active">1</ind_active></row>
</provincia>
</root>