<?xml version="1.0" encoding="UTF-8"?>
<root>
<provincia>
<row><id_prov type="smallint" >950</id_prov><id_comunidad type="smallint" >281</id_comunidad><prov_name type="varchar"  label="County">Hamilton</prov_name><ind_active type="tinyint"  label="Active">1</ind_active></row>
<row><id_prov type="smallint" >951</id_prov><id_comunidad type="smallint" >281</id_comunidad><prov_name type="varchar"  label="County">Cumberland</prov_name><ind_active type="tinyint"  label="Active">1</ind_active></row>
<row><id_prov type="smallint" >952</id_prov><id_comunidad type="smallint" >281</id_comunidad><prov_name type="varchar"  label="County">Kane</prov_name><ind_active type="tinyint"  label="Active">1</ind_active></row>
<row><id_prov type="smallint" >953</id_prov><id_comunidad type="smallint" >281</id_comunidad><prov_name type="varchar"  label="County">Moultrie</prov_name><ind_active type="tinyint"  label="Active">1</ind_active></row>
<row><id_prov type="smallint" >954</id_prov><id_comunidad type="smallint" >281</id_comunidad><prov_name type="varchar"  label="County">Vermilion</prov_name><ind_active type="tinyint"  label="Active">1</ind_active></row>
<row><id_prov type="smallint" >955</id_prov><id_comunidad type="smallint" >281</id_comunidad><prov_name type="varchar"  label="County">Bureau</prov_name><ind_active type="tinyint"  label="Active">1</ind_active></row>
<row><id_prov type="smallint" >956</id_prov><id_comunidad type="smallint" >281</id_comunidad><prov_name type="varchar"  label="County">Wabash</prov_name><ind_active type="tinyint"  label="Active">1</ind_active></row>
<row><id_prov type="smallint" >957</id_prov><id_comunidad type="smallint" >281</id_comunidad><prov_name type="varchar"  label="County">Warren</prov_name><ind_active type="tinyint"  label="Active">1</ind_active></row>
<row><id_prov type="smallint" >958</id_prov><id_comunidad type="smallint" >281</id_comunidad><prov_name type="varchar"  label="County">Jackson</prov_name><ind_active type="tinyint"  label="Active">1</ind_active></row>
<row><id_prov type="smallint" >959</id_prov><id_comunidad type="smallint" >281</id_comunidad><prov_name type="varchar"  label="County">Franklin</prov_name><ind_active type="tinyint"  label="Active">1</ind_active></row>
<row><id_prov type="smallint" >960</id_prov><id_comunidad type="smallint" >281</id_comunidad><prov_name type="varchar"  label="County">Stark</prov_name><ind_active type="tinyint"  label="Active">1</ind_active></row>
<row><id_prov type="smallint" >961</id_prov><id_comunidad type="smallint" >281</id_comunidad><prov_name type="varchar"  label="County">Kankakee</prov_name><ind_active type="tinyint"  label="Active">1</ind_active></row>
<row><id_prov type="smallint" >962</id_prov><id_comunidad type="smallint" >281</id_comunidad><prov_name type="varchar"  label="County">Knox</prov_name><ind_active type="tinyint"  label="Active">1</ind_active></row>
<row><id_prov type="smallint" >963</id_prov><id_comunidad type="smallint" >281</id_comunidad><prov_name type="varchar"  label="County">Rock Island</prov_name><ind_active type="tinyint"  label="Active">1</ind_active></row>
<row><id_prov type="smallint" >964</id_prov><id_comunidad type="smallint" >281</id_comunidad><prov_name type="varchar"  label="County">Perry</prov_name><ind_active type="tinyint"  label="Active">1</ind_active></row>
<row><id_prov type="smallint" >965</id_prov><id_comunidad type="smallint" >281</id_comunidad><prov_name type="varchar"  label="County">Marion</prov_name><ind_active type="tinyint"  label="Active">1</ind_active></row>
<row><id_prov type="smallint" >966</id_prov><id_comunidad type="smallint" >281</id_comunidad><prov_name type="varchar"  label="County">Effingham</prov_name><ind_active type="tinyint"  label="Active">1</ind_active></row>
<row><id_prov type="smallint" >967</id_prov><id_comunidad type="smallint" >281</id_comunidad><prov_name type="varchar"  label="County">Peoria</prov_name><ind_active type="tinyint"  label="Active">1</ind_active></row>
<row><id_prov type="smallint" >968</id_prov><id_comunidad type="smallint" >281</id_comunidad><prov_name type="varchar"  label="County">Whiteside</prov_name><ind_active type="tinyint"  label="Active">1</ind_active></row>
<row><id_prov type="smallint" >969</id_prov><id_comunidad type="smallint" >281</id_comunidad><prov_name type="varchar"  label="County">Cook</prov_name><ind_active type="tinyint"  label="Active">1</ind_active></row>
<row><id_prov type="smallint" >970</id_prov><id_comunidad type="smallint" >281</id_comunidad><prov_name type="varchar"  label="County">Hardin</prov_name><ind_active type="tinyint"  label="Active">1</ind_active></row>
<row><id_prov type="smallint" >971</id_prov><id_comunidad type="smallint" >281</id_comunidad><prov_name type="varchar"  label="County">Pulaski</prov_name><ind_active type="tinyint"  label="Active">1</ind_active></row>
<row><id_prov type="smallint" >972</id_prov><id_comunidad type="smallint" >281</id_comunidad><prov_name type="varchar"  label="County">Lee</prov_name><ind_active type="tinyint"  label="Active">1</ind_active></row>
<row><id_prov type="smallint" >973</id_prov><id_comunidad type="smallint" >281</id_comunidad><prov_name type="varchar"  label="County">Alexander</prov_name><ind_active type="tinyint"  label="Active">1</ind_active></row>
<row><id_prov type="smallint" >974</id_prov><id_comunidad type="smallint" >281</id_comunidad><prov_name type="varchar"  label="County">Christian</prov_name><ind_active type="tinyint"  label="Active">1</ind_active></row>
<row><id_prov type="smallint" >975</id_prov><id_comunidad type="smallint" >281</id_comunidad><prov_name type="varchar"  label="County">Fulton</prov_name><ind_active type="tinyint"  label="Active">1</ind_active></row>
<row><id_prov type="smallint" >976</id_prov><id_comunidad type="smallint" >281</id_comunidad><prov_name type="varchar"  label="County">White</prov_name><ind_active type="tinyint"  label="Active">1</ind_active></row>
<row><id_prov type="smallint" >977</id_prov><id_comunidad type="smallint" >281</id_comunidad><prov_name type="varchar"  label="County">Woodford</prov_name><ind_active type="tinyint"  label="Active">1</ind_active></row>
<row><id_prov type="smallint" >978</id_prov><id_comunidad type="smallint" >281</id_comunidad><prov_name type="varchar"  label="County">Iroquois</prov_name><ind_active type="tinyint"  label="Active">1</ind_active></row>
<row><id_prov type="smallint" >979</id_prov><id_comunidad type="smallint" >281</id_comunidad><prov_name type="varchar"  label="County">Gallatin</prov_name><ind_active type="tinyint"  label="Active">1</ind_active></row>
<row><id_prov type="smallint" >980</id_prov><id_comunidad type="smallint" >281</id_comunidad><prov_name type="varchar"  label="County">Winnebago</prov_name><ind_active type="tinyint"  label="Active">1</ind_active></row>
<row><id_prov type="smallint" >981</id_prov><id_comunidad type="smallint" >281</id_comunidad><prov_name type="varchar"  label="County">Logan</prov_name><ind_active type="tinyint"  label="Active">1</ind_active></row>
<row><id_prov type="smallint" >982</id_prov><id_comunidad type="smallint" >281</id_comunidad><prov_name type="varchar"  label="County">Henderson</prov_name><ind_active type="tinyint"  label="Active">1</ind_active></row>
<row><id_prov type="smallint" >983</id_prov><id_comunidad type="smallint" >281</id_comunidad><prov_name type="varchar"  label="County">Pope</prov_name><ind_active type="tinyint"  label="Active">1</ind_active></row>
<row><id_prov type="smallint" >984</id_prov><id_comunidad type="smallint" >281</id_comunidad><prov_name type="varchar"  label="County">Williamson</prov_name><ind_active type="tinyint"  label="Active">1</ind_active></row>
<row><id_prov type="smallint" >985</id_prov><id_comunidad type="smallint" >281</id_comunidad><prov_name type="varchar"  label="County">Livingston</prov_name><ind_active type="tinyint"  label="Active">1</ind_active></row>
<row><id_prov type="smallint" >986</id_prov><id_comunidad type="smallint" >281</id_comunidad><prov_name type="varchar"  label="County">Clinton</prov_name><ind_active type="tinyint"  label="Active">1</ind_active></row>
<row><id_prov type="smallint" >987</id_prov><id_comunidad type="smallint" >281</id_comunidad><prov_name type="varchar"  label="County">Will</prov_name><ind_active type="tinyint"  label="Active">1</ind_active></row>
<row><id_prov type="smallint" >988</id_prov><id_comunidad type="smallint" >281</id_comunidad><prov_name type="varchar"  label="County">Boone</prov_name><ind_active type="tinyint"  label="Active">1</ind_active></row>
<row><id_prov type="smallint" >989</id_prov><id_comunidad type="smallint" >281</id_comunidad><prov_name type="varchar"  label="County">Bond</prov_name><ind_active type="tinyint"  label="Active">1</ind_active></row>
<row><id_prov type="smallint" >990</id_prov><id_comunidad type="smallint" >281</id_comunidad><prov_name type="varchar"  label="County">McLean</prov_name><ind_active type="tinyint"  label="Active">1</ind_active></row>
<row><id_prov type="smallint" >991</id_prov><id_comunidad type="smallint" >281</id_comunidad><prov_name type="varchar"  label="County">Hancock</prov_name><ind_active type="tinyint"  label="Active">1</ind_active></row>
<row><id_prov type="smallint" >992</id_prov><id_comunidad type="smallint" >281</id_comunidad><prov_name type="varchar"  label="County">Washington</prov_name><ind_active type="tinyint"  label="Active">1</ind_active></row>
<row><id_prov type="smallint" >993</id_prov><id_comunidad type="smallint" >281</id_comunidad><prov_name type="varchar"  label="County">Madison</prov_name><ind_active type="tinyint"  label="Active">1</ind_active></row>
<row><id_prov type="smallint" >994</id_prov><id_comunidad type="smallint" >281</id_comunidad><prov_name type="varchar"  label="County">Richland</prov_name><ind_active type="tinyint"  label="Active">1</ind_active></row>
<row><id_prov type="smallint" >995</id_prov><id_comunidad type="smallint" >281</id_comunidad><prov_name type="varchar"  label="County">Kendall</prov_name><ind_active type="tinyint"  label="Active">1</ind_active></row>
<row><id_prov type="smallint" >996</id_prov><id_comunidad type="smallint" >281</id_comunidad><prov_name type="varchar"  label="County">Piatt</prov_name><ind_active type="tinyint"  label="Active">1</ind_active></row>
<row><id_prov type="smallint" >997</id_prov><id_comunidad type="smallint" >281</id_comunidad><prov_name type="varchar"  label="County">Crawford</prov_name><ind_active type="tinyint"  label="Active">1</ind_active></row>
<row><id_prov type="smallint" >998</id_prov><id_comunidad type="smallint" >281</id_comunidad><prov_name type="varchar"  label="County">Putnam</prov_name><ind_active type="tinyint"  label="Active">1</ind_active></row>
<row><id_prov type="smallint" >999</id_prov><id_comunidad type="smallint" >281</id_comunidad><prov_name type="varchar"  label="County">Macoupin</prov_name><ind_active type="tinyint"  label="Active">1</ind_active></row>
<row><id_prov type="smallint" >1000</id_prov><id_comunidad type="smallint" >281</id_comunidad><prov_name type="varchar"  label="County">Fayette</prov_name><ind_active type="tinyint"  label="Active">1</ind_active></row>
<row><id_prov type="smallint" >1001</id_prov><id_comunidad type="smallint" >281</id_comunidad><prov_name type="varchar"  label="County">Macon</prov_name><ind_active type="tinyint"  label="Active">1</ind_active></row>
<row><id_prov type="smallint" >1002</id_prov><id_comunidad type="smallint" >281</id_comunidad><prov_name type="varchar"  label="County">Adams</prov_name><ind_active type="tinyint"  label="Active">1</ind_active></row>
<row><id_prov type="smallint" >1003</id_prov><id_comunidad type="smallint" >281</id_comunidad><prov_name type="varchar"  label="County">Wayne</prov_name><ind_active type="tinyint"  label="Active">1</ind_active></row>
<row><id_prov type="smallint" >1004</id_prov><id_comunidad type="smallint" >281</id_comunidad><prov_name type="varchar"  label="County">Randolph</prov_name><ind_active type="tinyint"  label="Active">1</ind_active></row>
<row><id_prov type="smallint" >1005</id_prov><id_comunidad type="smallint" >281</id_comunidad><prov_name type="varchar"  label="County">Pike</prov_name><ind_active type="tinyint"  label="Active">1</ind_active></row>
<row><id_prov type="smallint" >1006</id_prov><id_comunidad type="smallint" >281</id_comunidad><prov_name type="varchar"  label="County">Cass</prov_name><ind_active type="tinyint"  label="Active">1</ind_active></row>
<row><id_prov type="smallint" >1007</id_prov><id_comunidad type="smallint" >281</id_comunidad><prov_name type="varchar"  label="County">Ogle</prov_name><ind_active type="tinyint"  label="Active">1</ind_active></row>
<row><id_prov type="smallint" >1008</id_prov><id_comunidad type="smallint" >281</id_comunidad><prov_name type="varchar"  label="County">Ford</prov_name><ind_active type="tinyint"  label="Active">1</ind_active></row>
<row><id_prov type="smallint" >1009</id_prov><id_comunidad type="smallint" >281</id_comunidad><prov_name type="varchar"  label="County">Coles</prov_name><ind_active type="tinyint"  label="Active">1</ind_active></row>
<row><id_prov type="smallint" >1010</id_prov><id_comunidad type="smallint" >281</id_comunidad><prov_name type="varchar"  label="County">Lake</prov_name><ind_active type="tinyint"  label="Active">1</ind_active></row>
<row><id_prov type="smallint" >1011</id_prov><id_comunidad type="smallint" >281</id_comunidad><prov_name type="varchar"  label="County">Mason</prov_name><ind_active type="tinyint"  label="Active">1</ind_active></row>
<row><id_prov type="smallint" >1012</id_prov><id_comunidad type="smallint" >281</id_comunidad><prov_name type="varchar"  label="County">Greene</prov_name><ind_active type="tinyint"  label="Active">1</ind_active></row>
<row><id_prov type="smallint" >1013</id_prov><id_comunidad type="smallint" >281</id_comunidad><prov_name type="varchar"  label="County">Saline</prov_name><ind_active type="tinyint"  label="Active">1</ind_active></row>
<row><id_prov type="smallint" >1014</id_prov><id_comunidad type="smallint" >281</id_comunidad><prov_name type="varchar"  label="County">Edwards</prov_name><ind_active type="tinyint"  label="Active">1</ind_active></row>
<row><id_prov type="smallint" >1015</id_prov><id_comunidad type="smallint" >281</id_comunidad><prov_name type="varchar"  label="County">Douglas</prov_name><ind_active type="tinyint"  label="Active">1</ind_active></row>
<row><id_prov type="smallint" >1016</id_prov><id_comunidad type="smallint" >281</id_comunidad><prov_name type="varchar"  label="County">Edgar</prov_name><ind_active type="tinyint"  label="Active">1</ind_active></row>
<row><id_prov type="smallint" >1017</id_prov><id_comunidad type="smallint" >281</id_comunidad><prov_name type="varchar"  label="County">Jersey</prov_name><ind_active type="tinyint"  label="Active">1</ind_active></row>
<row><id_prov type="smallint" >1018</id_prov><id_comunidad type="smallint" >281</id_comunidad><prov_name type="varchar"  label="County">Tazewell</prov_name><ind_active type="tinyint"  label="Active">1</ind_active></row>
<row><id_prov type="smallint" >1019</id_prov><id_comunidad type="smallint" >281</id_comunidad><prov_name type="varchar"  label="County">Jo Daviess</prov_name><ind_active type="tinyint"  label="Active">1</ind_active></row>
<row><id_prov type="smallint" >1020</id_prov><id_comunidad type="smallint" >281</id_comunidad><prov_name type="varchar"  label="County">Clark</prov_name><ind_active type="tinyint"  label="Active">1</ind_active></row>
<row><id_prov type="smallint" >1021</id_prov><id_comunidad type="smallint" >281</id_comunidad><prov_name type="varchar"  label="County">McDonough</prov_name><ind_active type="tinyint"  label="Active">1</ind_active></row>
<row><id_prov type="smallint" >1022</id_prov><id_comunidad type="smallint" >281</id_comunidad><prov_name type="varchar"  label="County">Sangamon</prov_name><ind_active type="tinyint"  label="Active">1</ind_active></row>
<row><id_prov type="smallint" >1023</id_prov><id_comunidad type="smallint" >281</id_comunidad><prov_name type="varchar"  label="County">Union</prov_name><ind_active type="tinyint"  label="Active">1</ind_active></row>
<row><id_prov type="smallint" >1024</id_prov><id_comunidad type="smallint" >281</id_comunidad><prov_name type="varchar"  label="County">DeKalb</prov_name><ind_active type="tinyint"  label="Active">1</ind_active></row>
<row><id_prov type="smallint" >1025</id_prov><id_comunidad type="smallint" >281</id_comunidad><prov_name type="varchar"  label="County">Shelby</prov_name><ind_active type="tinyint"  label="Active">1</ind_active></row>
<row><id_prov type="smallint" >1026</id_prov><id_comunidad type="smallint" >281</id_comunidad><prov_name type="varchar"  label="County">Carroll</prov_name><ind_active type="tinyint"  label="Active">1</ind_active></row>
<row><id_prov type="smallint" >1027</id_prov><id_comunidad type="smallint" >281</id_comunidad><prov_name type="varchar"  label="County">Johnson</prov_name><ind_active type="tinyint"  label="Active">1</ind_active></row>
<row><id_prov type="smallint" >1028</id_prov><id_comunidad type="smallint" >281</id_comunidad><prov_name type="varchar"  label="County">Monroe</prov_name><ind_active type="tinyint"  label="Active">1</ind_active></row>
<row><id_prov type="smallint" >1029</id_prov><id_comunidad type="smallint" >281</id_comunidad><prov_name type="varchar"  label="County">Scott</prov_name><ind_active type="tinyint"  label="Active">1</ind_active></row>
<row><id_prov type="smallint" >1030</id_prov><id_comunidad type="smallint" >281</id_comunidad><prov_name type="varchar"  label="County">Massac</prov_name><ind_active type="tinyint"  label="Active">1</ind_active></row>
<row><id_prov type="smallint" >1031</id_prov><id_comunidad type="smallint" >281</id_comunidad><prov_name type="varchar"  label="County">Montgomery</prov_name><ind_active type="tinyint"  label="Active">1</ind_active></row>
<row><id_prov type="smallint" >1032</id_prov><id_comunidad type="smallint" >281</id_comunidad><prov_name type="varchar"  label="County">DuPage</prov_name><ind_active type="tinyint"  label="Active">1</ind_active></row>
<row><id_prov type="smallint" >1033</id_prov><id_comunidad type="smallint" >281</id_comunidad><prov_name type="varchar"  label="County">Jasper</prov_name><ind_active type="tinyint"  label="Active">1</ind_active></row>
<row><id_prov type="smallint" >1034</id_prov><id_comunidad type="smallint" >281</id_comunidad><prov_name type="varchar"  label="County">Grundy</prov_name><ind_active type="tinyint"  label="Active">1</ind_active></row>
<row><id_prov type="smallint" >1035</id_prov><id_comunidad type="smallint" >281</id_comunidad><prov_name type="varchar"  label="County">Schuyler</prov_name><ind_active type="tinyint"  label="Active">1</ind_active></row>
<row><id_prov type="smallint" >1036</id_prov><id_comunidad type="smallint" >281</id_comunidad><prov_name type="varchar"  label="County">Lawrence</prov_name><ind_active type="tinyint"  label="Active">1</ind_active></row>
<row><id_prov type="smallint" >1037</id_prov><id_comunidad type="smallint" >281</id_comunidad><prov_name type="varchar"  label="County">Champaign</prov_name><ind_active type="tinyint"  label="Active">1</ind_active></row>
<row><id_prov type="smallint" >1038</id_prov><id_comunidad type="smallint" >281</id_comunidad><prov_name type="varchar"  label="County">Henry</prov_name><ind_active type="tinyint"  label="Active">1</ind_active></row>
<row><id_prov type="smallint" >1039</id_prov><id_comunidad type="smallint" >281</id_comunidad><prov_name type="varchar"  label="County">Marshall</prov_name><ind_active type="tinyint"  label="Active">1</ind_active></row>
<row><id_prov type="smallint" >1040</id_prov><id_comunidad type="smallint" >281</id_comunidad><prov_name type="varchar"  label="County">Morgan</prov_name><ind_active type="tinyint"  label="Active">1</ind_active></row>
<row><id_prov type="smallint" >1041</id_prov><id_comunidad type="smallint" >281</id_comunidad><prov_name type="varchar"  label="County">Mercer</prov_name><ind_active type="tinyint"  label="Active">1</ind_active></row>
<row><id_prov type="smallint" >1042</id_prov><id_comunidad type="smallint" >281</id_comunidad><prov_name type="varchar"  label="County">Calhoun</prov_name><ind_active type="tinyint"  label="Active">1</ind_active></row>
<row><id_prov type="smallint" >1043</id_prov><id_comunidad type="smallint" >281</id_comunidad><prov_name type="varchar"  label="County">Clay</prov_name><ind_active type="tinyint"  label="Active">1</ind_active></row>
<row><id_prov type="smallint" >1044</id_prov><id_comunidad type="smallint" >281</id_comunidad><prov_name type="varchar"  label="County">De Witt</prov_name><ind_active type="tinyint"  label="Active">1</ind_active></row>
<row><id_prov type="smallint" >1045</id_prov><id_comunidad type="smallint" >281</id_comunidad><prov_name type="varchar"  label="County">La Salle</prov_name><ind_active type="tinyint"  label="Active">1</ind_active></row>
<row><id_prov type="smallint" >1046</id_prov><id_comunidad type="smallint" >281</id_comunidad><prov_name type="varchar"  label="County">Saint Clair</prov_name><ind_active type="tinyint"  label="Active">1</ind_active></row>
<row><id_prov type="smallint" >1047</id_prov><id_comunidad type="smallint" >281</id_comunidad><prov_name type="varchar"  label="County">Jefferson</prov_name><ind_active type="tinyint"  label="Active">1</ind_active></row>
<row><id_prov type="smallint" >1048</id_prov><id_comunidad type="smallint" >281</id_comunidad><prov_name type="varchar"  label="County">Stephenson</prov_name><ind_active type="tinyint"  label="Active">1</ind_active></row>
<row><id_prov type="smallint" >1049</id_prov><id_comunidad type="smallint" >281</id_comunidad><prov_name type="varchar"  label="County">Brown</prov_name><ind_active type="tinyint"  label="Active">1</ind_active></row>
<row><id_prov type="smallint" >1050</id_prov><id_comunidad type="smallint" >281</id_comunidad><prov_name type="varchar"  label="County">McHenry</prov_name><ind_active type="tinyint"  label="Active">1</ind_active></row>
<row><id_prov type="smallint" >1051</id_prov><id_comunidad type="smallint" >281</id_comunidad><prov_name type="varchar"  label="County">Menard</prov_name><ind_active type="tinyint"  label="Active">1</ind_active></row>
</provincia>
</root>