<?xml version="1.0" encoding="UTF-8"?>
<root>
<provincia>
<row><id_prov type="smallint" >1052</id_prov><id_comunidad type="smallint" >282</id_comunidad><prov_name type="varchar"  label="County">Spencer</prov_name><ind_active type="tinyint"  label="Active">1</ind_active></row>
<row><id_prov type="smallint" >1053</id_prov><id_comunidad type="smallint" >282</id_comunidad><prov_name type="varchar"  label="County">Perry</prov_name><ind_active type="tinyint"  label="Active">1</ind_active></row>
<row><id_prov type="smallint" >1054</id_prov><id_comunidad type="smallint" >282</id_comunidad><prov_name type="varchar"  label="County">Jay</prov_name><ind_active type="tinyint"  label="Active">1</ind_active></row>
<row><id_prov type="smallint" >1055</id_prov><id_comunidad type="smallint" >282</id_comunidad><prov_name type="varchar"  label="County">Scott</prov_name><ind_active type="tinyint"  label="Active">1</ind_active></row>
<row><id_prov type="smallint" >1056</id_prov><id_comunidad type="smallint" >282</id_comunidad><prov_name type="varchar"  label="County">Pulaski</prov_name><ind_active type="tinyint"  label="Active">1</ind_active></row>
<row><id_prov type="smallint" >1057</id_prov><id_comunidad type="smallint" >282</id_comunidad><prov_name type="varchar"  label="County">Fulton</prov_name><ind_active type="tinyint"  label="Active">1</ind_active></row>
<row><id_prov type="smallint" >1058</id_prov><id_comunidad type="smallint" >282</id_comunidad><prov_name type="varchar"  label="County">Monroe</prov_name><ind_active type="tinyint"  label="Active">1</ind_active></row>
<row><id_prov type="smallint" >1059</id_prov><id_comunidad type="smallint" >282</id_comunidad><prov_name type="varchar"  label="County">Wells</prov_name><ind_active type="tinyint"  label="Active">1</ind_active></row>
<row><id_prov type="smallint" >1060</id_prov><id_comunidad type="smallint" >282</id_comunidad><prov_name type="varchar"  label="County">Johnson</prov_name><ind_active type="tinyint"  label="Active">1</ind_active></row>
<row><id_prov type="smallint" >1061</id_prov><id_comunidad type="smallint" >282</id_comunidad><prov_name type="varchar"  label="County">Ohio</prov_name><ind_active type="tinyint"  label="Active">1</ind_active></row>
<row><id_prov type="smallint" >1062</id_prov><id_comunidad type="smallint" >282</id_comunidad><prov_name type="varchar"  label="County">Starke</prov_name><ind_active type="tinyint"  label="Active">1</ind_active></row>
<row><id_prov type="smallint" >1063</id_prov><id_comunidad type="smallint" >282</id_comunidad><prov_name type="varchar"  label="County">Lagrange</prov_name><ind_active type="tinyint"  label="Active">1</ind_active></row>
<row><id_prov type="smallint" >1064</id_prov><id_comunidad type="smallint" >282</id_comunidad><prov_name type="varchar"  label="County">Wayne</prov_name><ind_active type="tinyint"  label="Active">1</ind_active></row>
<row><id_prov type="smallint" >1065</id_prov><id_comunidad type="smallint" >282</id_comunidad><prov_name type="varchar"  label="County">Randolph</prov_name><ind_active type="tinyint"  label="Active">1</ind_active></row>
<row><id_prov type="smallint" >1066</id_prov><id_comunidad type="smallint" >282</id_comunidad><prov_name type="varchar"  label="County">Knox</prov_name><ind_active type="tinyint"  label="Active">1</ind_active></row>
<row><id_prov type="smallint" >1067</id_prov><id_comunidad type="smallint" >282</id_comunidad><prov_name type="varchar"  label="County">Fayette</prov_name><ind_active type="tinyint"  label="Active">1</ind_active></row>
<row><id_prov type="smallint" >1068</id_prov><id_comunidad type="smallint" >282</id_comunidad><prov_name type="varchar"  label="County">Decatur</prov_name><ind_active type="tinyint"  label="Active">1</ind_active></row>
<row><id_prov type="smallint" >1069</id_prov><id_comunidad type="smallint" >282</id_comunidad><prov_name type="varchar"  label="County">Putnam</prov_name><ind_active type="tinyint"  label="Active">1</ind_active></row>
<row><id_prov type="smallint" >1070</id_prov><id_comunidad type="smallint" >282</id_comunidad><prov_name type="varchar"  label="County">Steuben</prov_name><ind_active type="tinyint"  label="Active">1</ind_active></row>
<row><id_prov type="smallint" >1071</id_prov><id_comunidad type="smallint" >282</id_comunidad><prov_name type="varchar"  label="County">Allen</prov_name><ind_active type="tinyint"  label="Active">1</ind_active></row>
<row><id_prov type="smallint" >1072</id_prov><id_comunidad type="smallint" >282</id_comunidad><prov_name type="varchar"  label="County">Tipton</prov_name><ind_active type="tinyint"  label="Active">1</ind_active></row>
<row><id_prov type="smallint" >1073</id_prov><id_comunidad type="smallint" >282</id_comunidad><prov_name type="varchar"  label="County">Boone</prov_name><ind_active type="tinyint"  label="Active">1</ind_active></row>
<row><id_prov type="smallint" >1074</id_prov><id_comunidad type="smallint" >282</id_comunidad><prov_name type="varchar"  label="County">Miami</prov_name><ind_active type="tinyint"  label="Active">1</ind_active></row>
<row><id_prov type="smallint" >1075</id_prov><id_comunidad type="smallint" >282</id_comunidad><prov_name type="varchar"  label="County">Brown</prov_name><ind_active type="tinyint"  label="Active">1</ind_active></row>
<row><id_prov type="smallint" >1076</id_prov><id_comunidad type="smallint" >282</id_comunidad><prov_name type="varchar"  label="County">Franklin</prov_name><ind_active type="tinyint"  label="Active">1</ind_active></row>
<row><id_prov type="smallint" >1077</id_prov><id_comunidad type="smallint" >282</id_comunidad><prov_name type="varchar"  label="County">Floyd</prov_name><ind_active type="tinyint"  label="Active">1</ind_active></row>
<row><id_prov type="smallint" >1078</id_prov><id_comunidad type="smallint" >282</id_comunidad><prov_name type="varchar"  label="County">Harrison</prov_name><ind_active type="tinyint"  label="Active">1</ind_active></row>
<row><id_prov type="smallint" >1079</id_prov><id_comunidad type="smallint" >282</id_comunidad><prov_name type="varchar"  label="County">Switzerland</prov_name><ind_active type="tinyint"  label="Active">1</ind_active></row>
<row><id_prov type="smallint" >1080</id_prov><id_comunidad type="smallint" >282</id_comunidad><prov_name type="varchar"  label="County">Jennings</prov_name><ind_active type="tinyint"  label="Active">1</ind_active></row>
<row><id_prov type="smallint" >1081</id_prov><id_comunidad type="smallint" >282</id_comunidad><prov_name type="varchar"  label="County">Jefferson</prov_name><ind_active type="tinyint"  label="Active">1</ind_active></row>
<row><id_prov type="smallint" >1082</id_prov><id_comunidad type="smallint" >282</id_comunidad><prov_name type="varchar"  label="County">La Porte</prov_name><ind_active type="tinyint"  label="Active">1</ind_active></row>
<row><id_prov type="smallint" >1083</id_prov><id_comunidad type="smallint" >282</id_comunidad><prov_name type="varchar"  label="County">Pike</prov_name><ind_active type="tinyint"  label="Active">1</ind_active></row>
<row><id_prov type="smallint" >1084</id_prov><id_comunidad type="smallint" >282</id_comunidad><prov_name type="varchar"  label="County">Owen</prov_name><ind_active type="tinyint"  label="Active">1</ind_active></row>
<row><id_prov type="smallint" >1085</id_prov><id_comunidad type="smallint" >282</id_comunidad><prov_name type="varchar"  label="County">Greene</prov_name><ind_active type="tinyint"  label="Active">1</ind_active></row>
<row><id_prov type="smallint" >1086</id_prov><id_comunidad type="smallint" >282</id_comunidad><prov_name type="varchar"  label="County">Clinton</prov_name><ind_active type="tinyint"  label="Active">1</ind_active></row>
<row><id_prov type="smallint" >1087</id_prov><id_comunidad type="smallint" >282</id_comunidad><prov_name type="varchar"  label="County">Blackford</prov_name><ind_active type="tinyint"  label="Active">1</ind_active></row>
<row><id_prov type="smallint" >1088</id_prov><id_comunidad type="smallint" >282</id_comunidad><prov_name type="varchar"  label="County">Delaware</prov_name><ind_active type="tinyint"  label="Active">1</ind_active></row>
<row><id_prov type="smallint" >1089</id_prov><id_comunidad type="smallint" >282</id_comunidad><prov_name type="varchar"  label="County">Adams</prov_name><ind_active type="tinyint"  label="Active">1</ind_active></row>
<row><id_prov type="smallint" >1090</id_prov><id_comunidad type="smallint" >282</id_comunidad><prov_name type="varchar"  label="County">Orange</prov_name><ind_active type="tinyint"  label="Active">1</ind_active></row>
<row><id_prov type="smallint" >1091</id_prov><id_comunidad type="smallint" >282</id_comunidad><prov_name type="varchar"  label="County">Kosciusko</prov_name><ind_active type="tinyint"  label="Active">1</ind_active></row>
<row><id_prov type="smallint" >1092</id_prov><id_comunidad type="smallint" >282</id_comunidad><prov_name type="varchar"  label="County">Parke</prov_name><ind_active type="tinyint"  label="Active">1</ind_active></row>
<row><id_prov type="smallint" >1093</id_prov><id_comunidad type="smallint" >282</id_comunidad><prov_name type="varchar"  label="County">Shelby</prov_name><ind_active type="tinyint"  label="Active">1</ind_active></row>
<row><id_prov type="smallint" >1094</id_prov><id_comunidad type="smallint" >282</id_comunidad><prov_name type="varchar"  label="County">Tippecanoe</prov_name><ind_active type="tinyint"  label="Active">1</ind_active></row>
<row><id_prov type="smallint" >1095</id_prov><id_comunidad type="smallint" >282</id_comunidad><prov_name type="varchar"  label="County">Dearborn</prov_name><ind_active type="tinyint"  label="Active">1</ind_active></row>
<row><id_prov type="smallint" >1096</id_prov><id_comunidad type="smallint" >282</id_comunidad><prov_name type="varchar"  label="County">Porter</prov_name><ind_active type="tinyint"  label="Active">1</ind_active></row>
<row><id_prov type="smallint" >1097</id_prov><id_comunidad type="smallint" >282</id_comunidad><prov_name type="varchar"  label="County">Posey</prov_name><ind_active type="tinyint"  label="Active">1</ind_active></row>
<row><id_prov type="smallint" >1098</id_prov><id_comunidad type="smallint" >282</id_comunidad><prov_name type="varchar"  label="County">Fountain</prov_name><ind_active type="tinyint"  label="Active">1</ind_active></row>
<row><id_prov type="smallint" >1099</id_prov><id_comunidad type="smallint" >282</id_comunidad><prov_name type="varchar"  label="County">Whitley</prov_name><ind_active type="tinyint"  label="Active">1</ind_active></row>
<row><id_prov type="smallint" >1100</id_prov><id_comunidad type="smallint" >282</id_comunidad><prov_name type="varchar"  label="County">Grant</prov_name><ind_active type="tinyint"  label="Active">1</ind_active></row>
<row><id_prov type="smallint" >1101</id_prov><id_comunidad type="smallint" >282</id_comunidad><prov_name type="varchar"  label="County">Sullivan</prov_name><ind_active type="tinyint"  label="Active">1</ind_active></row>
<row><id_prov type="smallint" >1102</id_prov><id_comunidad type="smallint" >282</id_comunidad><prov_name type="varchar"  label="County">De Kalb</prov_name><ind_active type="tinyint"  label="Active">1</ind_active></row>
<row><id_prov type="smallint" >1103</id_prov><id_comunidad type="smallint" >282</id_comunidad><prov_name type="varchar"  label="County">Dubois</prov_name><ind_active type="tinyint"  label="Active">1</ind_active></row>
<row><id_prov type="smallint" >1104</id_prov><id_comunidad type="smallint" >282</id_comunidad><prov_name type="varchar"  label="County">Cass</prov_name><ind_active type="tinyint"  label="Active">1</ind_active></row>
<row><id_prov type="smallint" >1105</id_prov><id_comunidad type="smallint" >282</id_comunidad><prov_name type="varchar"  label="County">White</prov_name><ind_active type="tinyint"  label="Active">1</ind_active></row>
<row><id_prov type="smallint" >1106</id_prov><id_comunidad type="smallint" >282</id_comunidad><prov_name type="varchar"  label="County">Henry</prov_name><ind_active type="tinyint"  label="Active">1</ind_active></row>
<row><id_prov type="smallint" >1107</id_prov><id_comunidad type="smallint" >282</id_comunidad><prov_name type="varchar"  label="County">Clark</prov_name><ind_active type="tinyint"  label="Active">1</ind_active></row>
<row><id_prov type="smallint" >1108</id_prov><id_comunidad type="smallint" >282</id_comunidad><prov_name type="varchar"  label="County">Vigo</prov_name><ind_active type="tinyint"  label="Active">1</ind_active></row>
<row><id_prov type="smallint" >1109</id_prov><id_comunidad type="smallint" >282</id_comunidad><prov_name type="varchar"  label="County">Rush</prov_name><ind_active type="tinyint"  label="Active">1</ind_active></row>
<row><id_prov type="smallint" >1110</id_prov><id_comunidad type="smallint" >282</id_comunidad><prov_name type="varchar"  label="County">Montgomery</prov_name><ind_active type="tinyint"  label="Active">1</ind_active></row>
<row><id_prov type="smallint" >1111</id_prov><id_comunidad type="smallint" >282</id_comunidad><prov_name type="varchar"  label="County">Elkhart</prov_name><ind_active type="tinyint"  label="Active">1</ind_active></row>
<row><id_prov type="smallint" >1112</id_prov><id_comunidad type="smallint" >282</id_comunidad><prov_name type="varchar"  label="County">Carroll</prov_name><ind_active type="tinyint"  label="Active">1</ind_active></row>
<row><id_prov type="smallint" >1113</id_prov><id_comunidad type="smallint" >282</id_comunidad><prov_name type="varchar"  label="County">Wabash</prov_name><ind_active type="tinyint"  label="Active">1</ind_active></row>
<row><id_prov type="smallint" >1114</id_prov><id_comunidad type="smallint" >282</id_comunidad><prov_name type="varchar"  label="County">Marshall</prov_name><ind_active type="tinyint"  label="Active">1</ind_active></row>
<row><id_prov type="smallint" >1115</id_prov><id_comunidad type="smallint" >282</id_comunidad><prov_name type="varchar"  label="County">Lawrence</prov_name><ind_active type="tinyint"  label="Active">1</ind_active></row>
<row><id_prov type="smallint" >1116</id_prov><id_comunidad type="smallint" >282</id_comunidad><prov_name type="varchar"  label="County">Howard</prov_name><ind_active type="tinyint"  label="Active">1</ind_active></row>
<row><id_prov type="smallint" >1117</id_prov><id_comunidad type="smallint" >282</id_comunidad><prov_name type="varchar"  label="County">Newton</prov_name><ind_active type="tinyint"  label="Active">1</ind_active></row>
<row><id_prov type="smallint" >1118</id_prov><id_comunidad type="smallint" >282</id_comunidad><prov_name type="varchar"  label="County">Morgan</prov_name><ind_active type="tinyint"  label="Active">1</ind_active></row>
<row><id_prov type="smallint" >1119</id_prov><id_comunidad type="smallint" >282</id_comunidad><prov_name type="varchar"  label="County">Union</prov_name><ind_active type="tinyint"  label="Active">1</ind_active></row>
<row><id_prov type="smallint" >1120</id_prov><id_comunidad type="smallint" >282</id_comunidad><prov_name type="varchar"  label="County">Madison</prov_name><ind_active type="tinyint"  label="Active">1</ind_active></row>
<row><id_prov type="smallint" >1121</id_prov><id_comunidad type="smallint" >282</id_comunidad><prov_name type="varchar"  label="County">Hendricks</prov_name><ind_active type="tinyint"  label="Active">1</ind_active></row>
<row><id_prov type="smallint" >1122</id_prov><id_comunidad type="smallint" >282</id_comunidad><prov_name type="varchar"  label="County">Hamilton</prov_name><ind_active type="tinyint"  label="Active">1</ind_active></row>
<row><id_prov type="smallint" >1123</id_prov><id_comunidad type="smallint" >282</id_comunidad><prov_name type="varchar"  label="County">Hancock</prov_name><ind_active type="tinyint"  label="Active">1</ind_active></row>
<row><id_prov type="smallint" >1124</id_prov><id_comunidad type="smallint" >282</id_comunidad><prov_name type="varchar"  label="County">Crawford</prov_name><ind_active type="tinyint"  label="Active">1</ind_active></row>
<row><id_prov type="smallint" >1125</id_prov><id_comunidad type="smallint" >282</id_comunidad><prov_name type="varchar"  label="County">Warrick</prov_name><ind_active type="tinyint"  label="Active">1</ind_active></row>
<row><id_prov type="smallint" >1126</id_prov><id_comunidad type="smallint" >282</id_comunidad><prov_name type="varchar"  label="County">Ripley</prov_name><ind_active type="tinyint"  label="Active">1</ind_active></row>
<row><id_prov type="smallint" >1127</id_prov><id_comunidad type="smallint" >282</id_comunidad><prov_name type="varchar"  label="County">Daviess</prov_name><ind_active type="tinyint"  label="Active">1</ind_active></row>
<row><id_prov type="smallint" >1128</id_prov><id_comunidad type="smallint" >282</id_comunidad><prov_name type="varchar"  label="County">Gibson</prov_name><ind_active type="tinyint"  label="Active">1</ind_active></row>
<row><id_prov type="smallint" >1129</id_prov><id_comunidad type="smallint" >282</id_comunidad><prov_name type="varchar"  label="County">Huntington</prov_name><ind_active type="tinyint"  label="Active">1</ind_active></row>
<row><id_prov type="smallint" >1130</id_prov><id_comunidad type="smallint" >282</id_comunidad><prov_name type="varchar"  label="County">Martin</prov_name><ind_active type="tinyint"  label="Active">1</ind_active></row>
<row><id_prov type="smallint" >1131</id_prov><id_comunidad type="smallint" >282</id_comunidad><prov_name type="varchar"  label="County">Warren</prov_name><ind_active type="tinyint"  label="Active">1</ind_active></row>
<row><id_prov type="smallint" >1132</id_prov><id_comunidad type="smallint" >282</id_comunidad><prov_name type="varchar"  label="County">Benton</prov_name><ind_active type="tinyint"  label="Active">1</ind_active></row>
<row><id_prov type="smallint" >1133</id_prov><id_comunidad type="smallint" >282</id_comunidad><prov_name type="varchar"  label="County">Jasper</prov_name><ind_active type="tinyint"  label="Active">1</ind_active></row>
<row><id_prov type="smallint" >1134</id_prov><id_comunidad type="smallint" >282</id_comunidad><prov_name type="varchar"  label="County">Washington</prov_name><ind_active type="tinyint"  label="Active">1</ind_active></row>
<row><id_prov type="smallint" >1135</id_prov><id_comunidad type="smallint" >282</id_comunidad><prov_name type="varchar"  label="County">Jackson</prov_name><ind_active type="tinyint"  label="Active">1</ind_active></row>
<row><id_prov type="smallint" >1136</id_prov><id_comunidad type="smallint" >282</id_comunidad><prov_name type="varchar"  label="County">Clay</prov_name><ind_active type="tinyint"  label="Active">1</ind_active></row>
<row><id_prov type="smallint" >1137</id_prov><id_comunidad type="smallint" >282</id_comunidad><prov_name type="varchar"  label="County">Vanderburgh</prov_name><ind_active type="tinyint"  label="Active">1</ind_active></row>
<row><id_prov type="smallint" >1138</id_prov><id_comunidad type="smallint" >282</id_comunidad><prov_name type="varchar"  label="County">Bartholomew</prov_name><ind_active type="tinyint"  label="Active">1</ind_active></row>
<row><id_prov type="smallint" >1139</id_prov><id_comunidad type="smallint" >282</id_comunidad><prov_name type="varchar"  label="County">Marion</prov_name><ind_active type="tinyint"  label="Active">1</ind_active></row>
<row><id_prov type="smallint" >1140</id_prov><id_comunidad type="smallint" >282</id_comunidad><prov_name type="varchar"  label="County">Saint Joseph</prov_name><ind_active type="tinyint"  label="Active">1</ind_active></row>
<row><id_prov type="smallint" >1141</id_prov><id_comunidad type="smallint" >282</id_comunidad><prov_name type="varchar"  label="County">Lake</prov_name><ind_active type="tinyint"  label="Active">1</ind_active></row>
<row><id_prov type="smallint" >1142</id_prov><id_comunidad type="smallint" >282</id_comunidad><prov_name type="varchar"  label="County">Vermillion</prov_name><ind_active type="tinyint"  label="Active">1</ind_active></row>
<row><id_prov type="smallint" >1143</id_prov><id_comunidad type="smallint" >282</id_comunidad><prov_name type="varchar"  label="County">Noble</prov_name><ind_active type="tinyint"  label="Active">1</ind_active></row>
</provincia>
</root>