<?xml version="1.0" encoding="UTF-8"?>
<root>
<provincia>
<row><id_prov type="smallint" >1144</id_prov><id_comunidad type="smallint" >283</id_comunidad><prov_name type="varchar"  label="County">Plymouth</prov_name><ind_active type="tinyint"  label="Active">1</ind_active></row>
<row><id_prov type="smallint" >1145</id_prov><id_comunidad type="smallint" >283</id_comunidad><prov_name type="varchar"  label="County">Winnebago</prov_name><ind_active type="tinyint"  label="Active">1</ind_active></row>
<row><id_prov type="smallint" >1146</id_prov><id_comunidad type="smallint" >283</id_comunidad><prov_name type="varchar"  label="County">Sac</prov_name><ind_active type="tinyint"  label="Active">1</ind_active></row>
<row><id_prov type="smallint" >1147</id_prov><id_comunidad type="smallint" >283</id_comunidad><prov_name type="varchar"  label="County">Floyd</prov_name><ind_active type="tinyint"  label="Active">1</ind_active></row>
<row><id_prov type="smallint" >1148</id_prov><id_comunidad type="smallint" >283</id_comunidad><prov_name type="varchar"  label="County">Louisa</prov_name><ind_active type="tinyint"  label="Active">1</ind_active></row>
<row><id_prov type="smallint" >1149</id_prov><id_comunidad type="smallint" >283</id_comunidad><prov_name type="varchar"  label="County">Linn</prov_name><ind_active type="tinyint"  label="Active">1</ind_active></row>
<row><id_prov type="smallint" >1150</id_prov><id_comunidad type="smallint" >283</id_comunidad><prov_name type="varchar"  label="County">Tama</prov_name><ind_active type="tinyint"  label="Active">1</ind_active></row>
<row><id_prov type="smallint" >1151</id_prov><id_comunidad type="smallint" >283</id_comunidad><prov_name type="varchar"  label="County">Jefferson</prov_name><ind_active type="tinyint"  label="Active">1</ind_active></row>
<row><id_prov type="smallint" >1152</id_prov><id_comunidad type="smallint" >283</id_comunidad><prov_name type="varchar"  label="County">Warren</prov_name><ind_active type="tinyint"  label="Active">1</ind_active></row>
<row><id_prov type="smallint" >1153</id_prov><id_comunidad type="smallint" >283</id_comunidad><prov_name type="varchar"  label="County">Taylor</prov_name><ind_active type="tinyint"  label="Active">1</ind_active></row>
<row><id_prov type="smallint" >1154</id_prov><id_comunidad type="smallint" >283</id_comunidad><prov_name type="varchar"  label="County">Appanoose</prov_name><ind_active type="tinyint"  label="Active">1</ind_active></row>
<row><id_prov type="smallint" >1155</id_prov><id_comunidad type="smallint" >283</id_comunidad><prov_name type="varchar"  label="County">Harrison</prov_name><ind_active type="tinyint"  label="Active">1</ind_active></row>
<row><id_prov type="smallint" >1156</id_prov><id_comunidad type="smallint" >283</id_comunidad><prov_name type="varchar"  label="County">Mitchell</prov_name><ind_active type="tinyint"  label="Active">1</ind_active></row>
<row><id_prov type="smallint" >1157</id_prov><id_comunidad type="smallint" >283</id_comunidad><prov_name type="varchar"  label="County">Dallas</prov_name><ind_active type="tinyint"  label="Active">1</ind_active></row>
<row><id_prov type="smallint" >1158</id_prov><id_comunidad type="smallint" >283</id_comunidad><prov_name type="varchar"  label="County">Pocahontas</prov_name><ind_active type="tinyint"  label="Active">1</ind_active></row>
<row><id_prov type="smallint" >1159</id_prov><id_comunidad type="smallint" >283</id_comunidad><prov_name type="varchar"  label="County">Emmet</prov_name><ind_active type="tinyint"  label="Active">1</ind_active></row>
<row><id_prov type="smallint" >1160</id_prov><id_comunidad type="smallint" >283</id_comunidad><prov_name type="varchar"  label="County">Polk</prov_name><ind_active type="tinyint"  label="Active">1</ind_active></row>
<row><id_prov type="smallint" >1161</id_prov><id_comunidad type="smallint" >283</id_comunidad><prov_name type="varchar"  label="County">Marion</prov_name><ind_active type="tinyint"  label="Active">1</ind_active></row>
<row><id_prov type="smallint" >1162</id_prov><id_comunidad type="smallint" >283</id_comunidad><prov_name type="varchar"  label="County">Adair</prov_name><ind_active type="tinyint"  label="Active">1</ind_active></row>
<row><id_prov type="smallint" >1163</id_prov><id_comunidad type="smallint" >283</id_comunidad><prov_name type="varchar"  label="County">Wapello</prov_name><ind_active type="tinyint"  label="Active">1</ind_active></row>
<row><id_prov type="smallint" >1164</id_prov><id_comunidad type="smallint" >283</id_comunidad><prov_name type="varchar"  label="County">Clinton</prov_name><ind_active type="tinyint"  label="Active">1</ind_active></row>
<row><id_prov type="smallint" >1165</id_prov><id_comunidad type="smallint" >283</id_comunidad><prov_name type="varchar"  label="County">Howard</prov_name><ind_active type="tinyint"  label="Active">1</ind_active></row>
<row><id_prov type="smallint" >1166</id_prov><id_comunidad type="smallint" >283</id_comunidad><prov_name type="varchar"  label="County">Van Buren</prov_name><ind_active type="tinyint"  label="Active">1</ind_active></row>
<row><id_prov type="smallint" >1167</id_prov><id_comunidad type="smallint" >283</id_comunidad><prov_name type="varchar"  label="County">Black Hawk</prov_name><ind_active type="tinyint"  label="Active">1</ind_active></row>
<row><id_prov type="smallint" >1168</id_prov><id_comunidad type="smallint" >283</id_comunidad><prov_name type="varchar"  label="County">Clarke</prov_name><ind_active type="tinyint"  label="Active">1</ind_active></row>
<row><id_prov type="smallint" >1169</id_prov><id_comunidad type="smallint" >283</id_comunidad><prov_name type="varchar"  label="County">Worth</prov_name><ind_active type="tinyint"  label="Active">1</ind_active></row>
<row><id_prov type="smallint" >1170</id_prov><id_comunidad type="smallint" >283</id_comunidad><prov_name type="varchar"  label="County">Muscatine</prov_name><ind_active type="tinyint"  label="Active">1</ind_active></row>
<row><id_prov type="smallint" >1171</id_prov><id_comunidad type="smallint" >283</id_comunidad><prov_name type="varchar"  label="County">Marshall</prov_name><ind_active type="tinyint"  label="Active">1</ind_active></row>
<row><id_prov type="smallint" >1172</id_prov><id_comunidad type="smallint" >283</id_comunidad><prov_name type="varchar"  label="County">Woodbury</prov_name><ind_active type="tinyint"  label="Active">1</ind_active></row>
<row><id_prov type="smallint" >1173</id_prov><id_comunidad type="smallint" >283</id_comunidad><prov_name type="varchar"  label="County">Chickasaw</prov_name><ind_active type="tinyint"  label="Active">1</ind_active></row>
<row><id_prov type="smallint" >1174</id_prov><id_comunidad type="smallint" >283</id_comunidad><prov_name type="varchar"  label="County">Wright</prov_name><ind_active type="tinyint"  label="Active">1</ind_active></row>
<row><id_prov type="smallint" >1175</id_prov><id_comunidad type="smallint" >283</id_comunidad><prov_name type="varchar"  label="County">Des Moines</prov_name><ind_active type="tinyint"  label="Active">1</ind_active></row>
<row><id_prov type="smallint" >1176</id_prov><id_comunidad type="smallint" >283</id_comunidad><prov_name type="varchar"  label="County">Clay</prov_name><ind_active type="tinyint"  label="Active">1</ind_active></row>
<row><id_prov type="smallint" >1177</id_prov><id_comunidad type="smallint" >283</id_comunidad><prov_name type="varchar"  label="County">Mills</prov_name><ind_active type="tinyint"  label="Active">1</ind_active></row>
<row><id_prov type="smallint" >1178</id_prov><id_comunidad type="smallint" >283</id_comunidad><prov_name type="varchar"  label="County">Iowa</prov_name><ind_active type="tinyint"  label="Active">1</ind_active></row>
<row><id_prov type="smallint" >1179</id_prov><id_comunidad type="smallint" >283</id_comunidad><prov_name type="varchar"  label="County">Story</prov_name><ind_active type="tinyint"  label="Active">1</ind_active></row>
<row><id_prov type="smallint" >1180</id_prov><id_comunidad type="smallint" >283</id_comunidad><prov_name type="varchar"  label="County">Dickinson</prov_name><ind_active type="tinyint"  label="Active">1</ind_active></row>
<row><id_prov type="smallint" >1181</id_prov><id_comunidad type="smallint" >283</id_comunidad><prov_name type="varchar"  label="County">Palo Alto</prov_name><ind_active type="tinyint"  label="Active">1</ind_active></row>
<row><id_prov type="smallint" >1182</id_prov><id_comunidad type="smallint" >283</id_comunidad><prov_name type="varchar"  label="County">Bremer</prov_name><ind_active type="tinyint"  label="Active">1</ind_active></row>
<row><id_prov type="smallint" >1183</id_prov><id_comunidad type="smallint" >283</id_comunidad><prov_name type="varchar"  label="County">Audubon</prov_name><ind_active type="tinyint"  label="Active">1</ind_active></row>
<row><id_prov type="smallint" >1184</id_prov><id_comunidad type="smallint" >283</id_comunidad><prov_name type="varchar"  label="County">Calhoun</prov_name><ind_active type="tinyint"  label="Active">1</ind_active></row>
<row><id_prov type="smallint" >1185</id_prov><id_comunidad type="smallint" >283</id_comunidad><prov_name type="varchar"  label="County">Page</prov_name><ind_active type="tinyint"  label="Active">1</ind_active></row>
<row><id_prov type="smallint" >1186</id_prov><id_comunidad type="smallint" >283</id_comunidad><prov_name type="varchar"  label="County">Union</prov_name><ind_active type="tinyint"  label="Active">1</ind_active></row>
<row><id_prov type="smallint" >1187</id_prov><id_comunidad type="smallint" >283</id_comunidad><prov_name type="varchar"  label="County">Franklin</prov_name><ind_active type="tinyint"  label="Active">1</ind_active></row>
<row><id_prov type="smallint" >1188</id_prov><id_comunidad type="smallint" >283</id_comunidad><prov_name type="varchar"  label="County">Greene</prov_name><ind_active type="tinyint"  label="Active">1</ind_active></row>
<row><id_prov type="smallint" >1189</id_prov><id_comunidad type="smallint" >283</id_comunidad><prov_name type="varchar"  label="County">Sioux</prov_name><ind_active type="tinyint"  label="Active">1</ind_active></row>
<row><id_prov type="smallint" >1190</id_prov><id_comunidad type="smallint" >283</id_comunidad><prov_name type="varchar"  label="County">Winneshiek</prov_name><ind_active type="tinyint"  label="Active">1</ind_active></row>
<row><id_prov type="smallint" >1191</id_prov><id_comunidad type="smallint" >283</id_comunidad><prov_name type="varchar"  label="County">Humboldt</prov_name><ind_active type="tinyint"  label="Active">1</ind_active></row>
<row><id_prov type="smallint" >1192</id_prov><id_comunidad type="smallint" >283</id_comunidad><prov_name type="varchar"  label="County">Cherokee</prov_name><ind_active type="tinyint"  label="Active">1</ind_active></row>
<row><id_prov type="smallint" >1193</id_prov><id_comunidad type="smallint" >283</id_comunidad><prov_name type="varchar"  label="County">Jackson</prov_name><ind_active type="tinyint"  label="Active">1</ind_active></row>
<row><id_prov type="smallint" >1194</id_prov><id_comunidad type="smallint" >283</id_comunidad><prov_name type="varchar"  label="County">Adams</prov_name><ind_active type="tinyint"  label="Active">1</ind_active></row>
<row><id_prov type="smallint" >1195</id_prov><id_comunidad type="smallint" >283</id_comunidad><prov_name type="varchar"  label="County">Decatur</prov_name><ind_active type="tinyint"  label="Active">1</ind_active></row>
<row><id_prov type="smallint" >1196</id_prov><id_comunidad type="smallint" >283</id_comunidad><prov_name type="varchar"  label="County">Ringgold</prov_name><ind_active type="tinyint"  label="Active">1</ind_active></row>
<row><id_prov type="smallint" >1197</id_prov><id_comunidad type="smallint" >283</id_comunidad><prov_name type="varchar"  label="County">Lucas</prov_name><ind_active type="tinyint"  label="Active">1</ind_active></row>
<row><id_prov type="smallint" >1198</id_prov><id_comunidad type="smallint" >283</id_comunidad><prov_name type="varchar"  label="County">Guthrie</prov_name><ind_active type="tinyint"  label="Active">1</ind_active></row>
<row><id_prov type="smallint" >1199</id_prov><id_comunidad type="smallint" >283</id_comunidad><prov_name type="varchar"  label="County">Washington</prov_name><ind_active type="tinyint"  label="Active">1</ind_active></row>
<row><id_prov type="smallint" >1200</id_prov><id_comunidad type="smallint" >283</id_comunidad><prov_name type="varchar"  label="County">Henry</prov_name><ind_active type="tinyint"  label="Active">1</ind_active></row>
<row><id_prov type="smallint" >1201</id_prov><id_comunidad type="smallint" >283</id_comunidad><prov_name type="varchar"  label="County">Davis</prov_name><ind_active type="tinyint"  label="Active">1</ind_active></row>
<row><id_prov type="smallint" >1202</id_prov><id_comunidad type="smallint" >283</id_comunidad><prov_name type="varchar"  label="County">Grundy</prov_name><ind_active type="tinyint"  label="Active">1</ind_active></row>
<row><id_prov type="smallint" >1203</id_prov><id_comunidad type="smallint" >283</id_comunidad><prov_name type="varchar"  label="County">Allamakee</prov_name><ind_active type="tinyint"  label="Active">1</ind_active></row>
<row><id_prov type="smallint" >1204</id_prov><id_comunidad type="smallint" >283</id_comunidad><prov_name type="varchar"  label="County">Monroe</prov_name><ind_active type="tinyint"  label="Active">1</ind_active></row>
<row><id_prov type="smallint" >1205</id_prov><id_comunidad type="smallint" >283</id_comunidad><prov_name type="varchar"  label="County">Jones</prov_name><ind_active type="tinyint"  label="Active">1</ind_active></row>
<row><id_prov type="smallint" >1206</id_prov><id_comunidad type="smallint" >283</id_comunidad><prov_name type="varchar"  label="County">Clayton</prov_name><ind_active type="tinyint"  label="Active">1</ind_active></row>
<row><id_prov type="smallint" >1207</id_prov><id_comunidad type="smallint" >283</id_comunidad><prov_name type="varchar"  label="County">Hamilton</prov_name><ind_active type="tinyint"  label="Active">1</ind_active></row>
<row><id_prov type="smallint" >1208</id_prov><id_comunidad type="smallint" >283</id_comunidad><prov_name type="varchar"  label="County">Buchanan</prov_name><ind_active type="tinyint"  label="Active">1</ind_active></row>
<row><id_prov type="smallint" >1209</id_prov><id_comunidad type="smallint" >283</id_comunidad><prov_name type="varchar"  label="County">Fremont</prov_name><ind_active type="tinyint"  label="Active">1</ind_active></row>
<row><id_prov type="smallint" >1210</id_prov><id_comunidad type="smallint" >283</id_comunidad><prov_name type="varchar"  label="County">Johnson</prov_name><ind_active type="tinyint"  label="Active">1</ind_active></row>
<row><id_prov type="smallint" >1211</id_prov><id_comunidad type="smallint" >283</id_comunidad><prov_name type="varchar"  label="County">Cedar</prov_name><ind_active type="tinyint"  label="Active">1</ind_active></row>
<row><id_prov type="smallint" >1212</id_prov><id_comunidad type="smallint" >283</id_comunidad><prov_name type="varchar"  label="County">Lee</prov_name><ind_active type="tinyint"  label="Active">1</ind_active></row>
<row><id_prov type="smallint" >1213</id_prov><id_comunidad type="smallint" >283</id_comunidad><prov_name type="varchar"  label="County">Madison</prov_name><ind_active type="tinyint"  label="Active">1</ind_active></row>
<row><id_prov type="smallint" >1214</id_prov><id_comunidad type="smallint" >283</id_comunidad><prov_name type="varchar"  label="County">Fayette</prov_name><ind_active type="tinyint"  label="Active">1</ind_active></row>
<row><id_prov type="smallint" >1215</id_prov><id_comunidad type="smallint" >283</id_comunidad><prov_name type="varchar"  label="County">Crawford</prov_name><ind_active type="tinyint"  label="Active">1</ind_active></row>
<row><id_prov type="smallint" >1216</id_prov><id_comunidad type="smallint" >283</id_comunidad><prov_name type="varchar"  label="County">Hardin</prov_name><ind_active type="tinyint"  label="Active">1</ind_active></row>
<row><id_prov type="smallint" >1217</id_prov><id_comunidad type="smallint" >283</id_comunidad><prov_name type="varchar"  label="County">Ida</prov_name><ind_active type="tinyint"  label="Active">1</ind_active></row>
<row><id_prov type="smallint" >1218</id_prov><id_comunidad type="smallint" >283</id_comunidad><prov_name type="varchar"  label="County">Keokuk</prov_name><ind_active type="tinyint"  label="Active">1</ind_active></row>
<row><id_prov type="smallint" >1219</id_prov><id_comunidad type="smallint" >283</id_comunidad><prov_name type="varchar"  label="County">Butler</prov_name><ind_active type="tinyint"  label="Active">1</ind_active></row>
<row><id_prov type="smallint" >1220</id_prov><id_comunidad type="smallint" >283</id_comunidad><prov_name type="varchar"  label="County">Webster</prov_name><ind_active type="tinyint"  label="Active">1</ind_active></row>
<row><id_prov type="smallint" >1221</id_prov><id_comunidad type="smallint" >283</id_comunidad><prov_name type="varchar"  label="County">Scott</prov_name><ind_active type="tinyint"  label="Active">1</ind_active></row>
<row><id_prov type="smallint" >1222</id_prov><id_comunidad type="smallint" >283</id_comunidad><prov_name type="varchar"  label="County">Cass</prov_name><ind_active type="tinyint"  label="Active">1</ind_active></row>
<row><id_prov type="smallint" >1223</id_prov><id_comunidad type="smallint" >283</id_comunidad><prov_name type="varchar"  label="County">Jasper</prov_name><ind_active type="tinyint"  label="Active">1</ind_active></row>
<row><id_prov type="smallint" >1224</id_prov><id_comunidad type="smallint" >283</id_comunidad><prov_name type="varchar"  label="County">Montgomery</prov_name><ind_active type="tinyint"  label="Active">1</ind_active></row>
<row><id_prov type="smallint" >1225</id_prov><id_comunidad type="smallint" >283</id_comunidad><prov_name type="varchar"  label="County">Benton</prov_name><ind_active type="tinyint"  label="Active">1</ind_active></row>
<row><id_prov type="smallint" >1226</id_prov><id_comunidad type="smallint" >283</id_comunidad><prov_name type="varchar"  label="County">Shelby</prov_name><ind_active type="tinyint"  label="Active">1</ind_active></row>
<row><id_prov type="smallint" >1227</id_prov><id_comunidad type="smallint" >283</id_comunidad><prov_name type="varchar"  label="County">Delaware</prov_name><ind_active type="tinyint"  label="Active">1</ind_active></row>
<row><id_prov type="smallint" >1228</id_prov><id_comunidad type="smallint" >283</id_comunidad><prov_name type="varchar"  label="County">Osceola</prov_name><ind_active type="tinyint"  label="Active">1</ind_active></row>
<row><id_prov type="smallint" >1229</id_prov><id_comunidad type="smallint" >283</id_comunidad><prov_name type="varchar"  label="County">Cerro Gordo</prov_name><ind_active type="tinyint"  label="Active">1</ind_active></row>
<row><id_prov type="smallint" >1230</id_prov><id_comunidad type="smallint" >283</id_comunidad><prov_name type="varchar"  label="County">Kossuth</prov_name><ind_active type="tinyint"  label="Active">1</ind_active></row>
<row><id_prov type="smallint" >1231</id_prov><id_comunidad type="smallint" >283</id_comunidad><prov_name type="varchar"  label="County">Lyon</prov_name><ind_active type="tinyint"  label="Active">1</ind_active></row>
<row><id_prov type="smallint" >1232</id_prov><id_comunidad type="smallint" >283</id_comunidad><prov_name type="varchar"  label="County">Carroll</prov_name><ind_active type="tinyint"  label="Active">1</ind_active></row>
<row><id_prov type="smallint" >1233</id_prov><id_comunidad type="smallint" >283</id_comunidad><prov_name type="varchar"  label="County">Pottawattamie</prov_name><ind_active type="tinyint"  label="Active">1</ind_active></row>
<row><id_prov type="smallint" >1234</id_prov><id_comunidad type="smallint" >283</id_comunidad><prov_name type="varchar"  label="County">Monona</prov_name><ind_active type="tinyint"  label="Active">1</ind_active></row>
<row><id_prov type="smallint" >1235</id_prov><id_comunidad type="smallint" >283</id_comunidad><prov_name type="varchar"  label="County">Boone</prov_name><ind_active type="tinyint"  label="Active">1</ind_active></row>
<row><id_prov type="smallint" >1236</id_prov><id_comunidad type="smallint" >283</id_comunidad><prov_name type="varchar"  label="County">Mahaska</prov_name><ind_active type="tinyint"  label="Active">1</ind_active></row>
<row><id_prov type="smallint" >1237</id_prov><id_comunidad type="smallint" >283</id_comunidad><prov_name type="varchar"  label="County">Wayne</prov_name><ind_active type="tinyint"  label="Active">1</ind_active></row>
<row><id_prov type="smallint" >1238</id_prov><id_comunidad type="smallint" >283</id_comunidad><prov_name type="varchar"  label="County">Poweshiek</prov_name><ind_active type="tinyint"  label="Active">1</ind_active></row>
<row><id_prov type="smallint" >1239</id_prov><id_comunidad type="smallint" >283</id_comunidad><prov_name type="varchar"  label="County">Hancock</prov_name><ind_active type="tinyint"  label="Active">1</ind_active></row>
<row><id_prov type="smallint" >1240</id_prov><id_comunidad type="smallint" >283</id_comunidad><prov_name type="varchar"  label="County">Buena Vista</prov_name><ind_active type="tinyint"  label="Active">1</ind_active></row>
<row><id_prov type="smallint" >1241</id_prov><id_comunidad type="smallint" >283</id_comunidad><prov_name type="varchar"  label="County">Dubuque</prov_name><ind_active type="tinyint"  label="Active">1</ind_active></row>
<row><id_prov type="smallint" >1242</id_prov><id_comunidad type="smallint" >283</id_comunidad><prov_name type="varchar"  label="County">O'Brien</prov_name><ind_active type="tinyint"  label="Active">1</ind_active></row>
</provincia>
</root>