<?xml version="1.0" encoding="UTF-8"?>
<root>
<provincia>
<row><id_prov type="smallint" >1243</id_prov><id_comunidad type="smallint" >284</id_comunidad><prov_name type="varchar"  label="County">Pawnee</prov_name><ind_active type="tinyint"  label="Active">1</ind_active></row>
<row><id_prov type="smallint" >1244</id_prov><id_comunidad type="smallint" >284</id_comunidad><prov_name type="varchar"  label="County">Harvey</prov_name><ind_active type="tinyint"  label="Active">1</ind_active></row>
<row><id_prov type="smallint" >1245</id_prov><id_comunidad type="smallint" >284</id_comunidad><prov_name type="varchar"  label="County">Haskell</prov_name><ind_active type="tinyint"  label="Active">1</ind_active></row>
<row><id_prov type="smallint" >1246</id_prov><id_comunidad type="smallint" >284</id_comunidad><prov_name type="varchar"  label="County">Brown</prov_name><ind_active type="tinyint"  label="Active">1</ind_active></row>
<row><id_prov type="smallint" >1247</id_prov><id_comunidad type="smallint" >284</id_comunidad><prov_name type="varchar"  label="County">Gray</prov_name><ind_active type="tinyint"  label="Active">1</ind_active></row>
<row><id_prov type="smallint" >1248</id_prov><id_comunidad type="smallint" >284</id_comunidad><prov_name type="varchar"  label="County">Lyon</prov_name><ind_active type="tinyint"  label="Active">1</ind_active></row>
<row><id_prov type="smallint" >1249</id_prov><id_comunidad type="smallint" >284</id_comunidad><prov_name type="varchar"  label="County">Morton</prov_name><ind_active type="tinyint"  label="Active">1</ind_active></row>
<row><id_prov type="smallint" >1250</id_prov><id_comunidad type="smallint" >284</id_comunidad><prov_name type="varchar"  label="County">Geary</prov_name><ind_active type="tinyint"  label="Active">1</ind_active></row>
<row><id_prov type="smallint" >1251</id_prov><id_comunidad type="smallint" >284</id_comunidad><prov_name type="varchar"  label="County">Graham</prov_name><ind_active type="tinyint"  label="Active">1</ind_active></row>
<row><id_prov type="smallint" >1252</id_prov><id_comunidad type="smallint" >284</id_comunidad><prov_name type="varchar"  label="County">Marion</prov_name><ind_active type="tinyint"  label="Active">1</ind_active></row>
<row><id_prov type="smallint" >1253</id_prov><id_comunidad type="smallint" >284</id_comunidad><prov_name type="varchar"  label="County">Leavenworth</prov_name><ind_active type="tinyint"  label="Active">1</ind_active></row>
<row><id_prov type="smallint" >1254</id_prov><id_comunidad type="smallint" >284</id_comunidad><prov_name type="varchar"  label="County">Bourbon</prov_name><ind_active type="tinyint"  label="Active">1</ind_active></row>
<row><id_prov type="smallint" >1255</id_prov><id_comunidad type="smallint" >284</id_comunidad><prov_name type="varchar"  label="County">Miami</prov_name><ind_active type="tinyint"  label="Active">1</ind_active></row>
<row><id_prov type="smallint" >1256</id_prov><id_comunidad type="smallint" >284</id_comunidad><prov_name type="varchar"  label="County">Morris</prov_name><ind_active type="tinyint"  label="Active">1</ind_active></row>
<row><id_prov type="smallint" >1257</id_prov><id_comunidad type="smallint" >284</id_comunidad><prov_name type="varchar"  label="County">Norton</prov_name><ind_active type="tinyint"  label="Active">1</ind_active></row>
<row><id_prov type="smallint" >1258</id_prov><id_comunidad type="smallint" >284</id_comunidad><prov_name type="varchar"  label="County">Cheyenne</prov_name><ind_active type="tinyint"  label="Active">1</ind_active></row>
<row><id_prov type="smallint" >1259</id_prov><id_comunidad type="smallint" >284</id_comunidad><prov_name type="varchar"  label="County">Neosho</prov_name><ind_active type="tinyint"  label="Active">1</ind_active></row>
<row><id_prov type="smallint" >1260</id_prov><id_comunidad type="smallint" >284</id_comunidad><prov_name type="varchar"  label="County">Grant</prov_name><ind_active type="tinyint"  label="Active">1</ind_active></row>
<row><id_prov type="smallint" >1261</id_prov><id_comunidad type="smallint" >284</id_comunidad><prov_name type="varchar"  label="County">Harper</prov_name><ind_active type="tinyint"  label="Active">1</ind_active></row>
<row><id_prov type="smallint" >1262</id_prov><id_comunidad type="smallint" >284</id_comunidad><prov_name type="varchar"  label="County">Mitchell</prov_name><ind_active type="tinyint"  label="Active">1</ind_active></row>
<row><id_prov type="smallint" >1263</id_prov><id_comunidad type="smallint" >284</id_comunidad><prov_name type="varchar"  label="County">Ottawa</prov_name><ind_active type="tinyint"  label="Active">1</ind_active></row>
<row><id_prov type="smallint" >1264</id_prov><id_comunidad type="smallint" >284</id_comunidad><prov_name type="varchar"  label="County">Osborne</prov_name><ind_active type="tinyint"  label="Active">1</ind_active></row>
<row><id_prov type="smallint" >1265</id_prov><id_comunidad type="smallint" >284</id_comunidad><prov_name type="varchar"  label="County">Ness</prov_name><ind_active type="tinyint"  label="Active">1</ind_active></row>
<row><id_prov type="smallint" >1266</id_prov><id_comunidad type="smallint" >284</id_comunidad><prov_name type="varchar"  label="County">Osage</prov_name><ind_active type="tinyint"  label="Active">1</ind_active></row>
<row><id_prov type="smallint" >1267</id_prov><id_comunidad type="smallint" >284</id_comunidad><prov_name type="varchar"  label="County">Gove</prov_name><ind_active type="tinyint"  label="Active">1</ind_active></row>
<row><id_prov type="smallint" >1268</id_prov><id_comunidad type="smallint" >284</id_comunidad><prov_name type="varchar"  label="County">Greenwood</prov_name><ind_active type="tinyint"  label="Active">1</ind_active></row>
<row><id_prov type="smallint" >1269</id_prov><id_comunidad type="smallint" >284</id_comunidad><prov_name type="varchar"  label="County">Labette</prov_name><ind_active type="tinyint"  label="Active">1</ind_active></row>
<row><id_prov type="smallint" >1270</id_prov><id_comunidad type="smallint" >284</id_comunidad><prov_name type="varchar"  label="County">Butler</prov_name><ind_active type="tinyint"  label="Active">1</ind_active></row>
<row><id_prov type="smallint" >1271</id_prov><id_comunidad type="smallint" >284</id_comunidad><prov_name type="varchar"  label="County">Logan</prov_name><ind_active type="tinyint"  label="Active">1</ind_active></row>
<row><id_prov type="smallint" >1272</id_prov><id_comunidad type="smallint" >284</id_comunidad><prov_name type="varchar"  label="County">Chautauqua</prov_name><ind_active type="tinyint"  label="Active">1</ind_active></row>
<row><id_prov type="smallint" >1273</id_prov><id_comunidad type="smallint" >284</id_comunidad><prov_name type="varchar"  label="County">Hamilton</prov_name><ind_active type="tinyint"  label="Active">1</ind_active></row>
<row><id_prov type="smallint" >1274</id_prov><id_comunidad type="smallint" >284</id_comunidad><prov_name type="varchar"  label="County">Cherokee</prov_name><ind_active type="tinyint"  label="Active">1</ind_active></row>
<row><id_prov type="smallint" >1275</id_prov><id_comunidad type="smallint" >284</id_comunidad><prov_name type="varchar"  label="County">Marshall</prov_name><ind_active type="tinyint"  label="Active">1</ind_active></row>
<row><id_prov type="smallint" >1276</id_prov><id_comunidad type="smallint" >284</id_comunidad><prov_name type="varchar"  label="County">Lane</prov_name><ind_active type="tinyint"  label="Active">1</ind_active></row>
<row><id_prov type="smallint" >1277</id_prov><id_comunidad type="smallint" >284</id_comunidad><prov_name type="varchar"  label="County">Montgomery</prov_name><ind_active type="tinyint"  label="Active">1</ind_active></row>
<row><id_prov type="smallint" >1278</id_prov><id_comunidad type="smallint" >284</id_comunidad><prov_name type="varchar"  label="County">Nemaha</prov_name><ind_active type="tinyint"  label="Active">1</ind_active></row>
<row><id_prov type="smallint" >1279</id_prov><id_comunidad type="smallint" >284</id_comunidad><prov_name type="varchar"  label="County">McPherson</prov_name><ind_active type="tinyint"  label="Active">1</ind_active></row>
<row><id_prov type="smallint" >1280</id_prov><id_comunidad type="smallint" >284</id_comunidad><prov_name type="varchar"  label="County">Meade</prov_name><ind_active type="tinyint"  label="Active">1</ind_active></row>
<row><id_prov type="smallint" >1281</id_prov><id_comunidad type="smallint" >284</id_comunidad><prov_name type="varchar"  label="County">Greeley</prov_name><ind_active type="tinyint"  label="Active">1</ind_active></row>
<row><id_prov type="smallint" >1282</id_prov><id_comunidad type="smallint" >284</id_comunidad><prov_name type="varchar"  label="County">Lincoln</prov_name><ind_active type="tinyint"  label="Active">1</ind_active></row>
<row><id_prov type="smallint" >1283</id_prov><id_comunidad type="smallint" >284</id_comunidad><prov_name type="varchar"  label="County">Chase</prov_name><ind_active type="tinyint"  label="Active">1</ind_active></row>
<row><id_prov type="smallint" >1284</id_prov><id_comunidad type="smallint" >284</id_comunidad><prov_name type="varchar"  label="County">Linn</prov_name><ind_active type="tinyint"  label="Active">1</ind_active></row>
<row><id_prov type="smallint" >1285</id_prov><id_comunidad type="smallint" >284</id_comunidad><prov_name type="varchar"  label="County">Doniphan</prov_name><ind_active type="tinyint"  label="Active">1</ind_active></row>
<row><id_prov type="smallint" >1286</id_prov><id_comunidad type="smallint" >284</id_comunidad><prov_name type="varchar"  label="County">Rooks</prov_name><ind_active type="tinyint"  label="Active">1</ind_active></row>
<row><id_prov type="smallint" >1287</id_prov><id_comunidad type="smallint" >284</id_comunidad><prov_name type="varchar"  label="County">Washington</prov_name><ind_active type="tinyint"  label="Active">1</ind_active></row>
<row><id_prov type="smallint" >1288</id_prov><id_comunidad type="smallint" >284</id_comunidad><prov_name type="varchar"  label="County">Barton</prov_name><ind_active type="tinyint"  label="Active">1</ind_active></row>
<row><id_prov type="smallint" >1289</id_prov><id_comunidad type="smallint" >284</id_comunidad><prov_name type="varchar"  label="County">Hodgeman</prov_name><ind_active type="tinyint"  label="Active">1</ind_active></row>
<row><id_prov type="smallint" >1290</id_prov><id_comunidad type="smallint" >284</id_comunidad><prov_name type="varchar"  label="County">Douglas</prov_name><ind_active type="tinyint"  label="Active">1</ind_active></row>
<row><id_prov type="smallint" >1291</id_prov><id_comunidad type="smallint" >284</id_comunidad><prov_name type="varchar"  label="County">Thomas</prov_name><ind_active type="tinyint"  label="Active">1</ind_active></row>
<row><id_prov type="smallint" >1292</id_prov><id_comunidad type="smallint" >284</id_comunidad><prov_name type="varchar"  label="County">Wichita</prov_name><ind_active type="tinyint"  label="Active">1</ind_active></row>
<row><id_prov type="smallint" >1293</id_prov><id_comunidad type="smallint" >284</id_comunidad><prov_name type="varchar"  label="County">Wyandotte</prov_name><ind_active type="tinyint"  label="Active">1</ind_active></row>
<row><id_prov type="smallint" >1294</id_prov><id_comunidad type="smallint" >284</id_comunidad><prov_name type="varchar"  label="County">Sheridan</prov_name><ind_active type="tinyint"  label="Active">1</ind_active></row>
<row><id_prov type="smallint" >1295</id_prov><id_comunidad type="smallint" >284</id_comunidad><prov_name type="varchar"  label="County">Cowley</prov_name><ind_active type="tinyint"  label="Active">1</ind_active></row>
<row><id_prov type="smallint" >1296</id_prov><id_comunidad type="smallint" >284</id_comunidad><prov_name type="varchar"  label="County">Rice</prov_name><ind_active type="tinyint"  label="Active">1</ind_active></row>
<row><id_prov type="smallint" >1297</id_prov><id_comunidad type="smallint" >284</id_comunidad><prov_name type="varchar"  label="County">Jewell</prov_name><ind_active type="tinyint"  label="Active">1</ind_active></row>
<row><id_prov type="smallint" >1298</id_prov><id_comunidad type="smallint" >284</id_comunidad><prov_name type="varchar"  label="County">Republic</prov_name><ind_active type="tinyint"  label="Active">1</ind_active></row>
<row><id_prov type="smallint" >1299</id_prov><id_comunidad type="smallint" >284</id_comunidad><prov_name type="varchar"  label="County">Barber</prov_name><ind_active type="tinyint"  label="Active">1</ind_active></row>
<row><id_prov type="smallint" >1300</id_prov><id_comunidad type="smallint" >284</id_comunidad><prov_name type="varchar"  label="County">Ellsworth</prov_name><ind_active type="tinyint"  label="Active">1</ind_active></row>
<row><id_prov type="smallint" >1301</id_prov><id_comunidad type="smallint" >284</id_comunidad><prov_name type="varchar"  label="County">Saline</prov_name><ind_active type="tinyint"  label="Active">1</ind_active></row>
<row><id_prov type="smallint" >1302</id_prov><id_comunidad type="smallint" >284</id_comunidad><prov_name type="varchar"  label="County">Smith</prov_name><ind_active type="tinyint"  label="Active">1</ind_active></row>
<row><id_prov type="smallint" >1303</id_prov><id_comunidad type="smallint" >284</id_comunidad><prov_name type="varchar"  label="County">Riley</prov_name><ind_active type="tinyint"  label="Active">1</ind_active></row>
<row><id_prov type="smallint" >1304</id_prov><id_comunidad type="smallint" >284</id_comunidad><prov_name type="varchar"  label="County">Sherman</prov_name><ind_active type="tinyint"  label="Active">1</ind_active></row>
<row><id_prov type="smallint" >1305</id_prov><id_comunidad type="smallint" >284</id_comunidad><prov_name type="varchar"  label="County">Jefferson</prov_name><ind_active type="tinyint"  label="Active">1</ind_active></row>
<row><id_prov type="smallint" >1306</id_prov><id_comunidad type="smallint" >284</id_comunidad><prov_name type="varchar"  label="County">Crawford</prov_name><ind_active type="tinyint"  label="Active">1</ind_active></row>
<row><id_prov type="smallint" >1307</id_prov><id_comunidad type="smallint" >284</id_comunidad><prov_name type="varchar"  label="County">Decatur</prov_name><ind_active type="tinyint"  label="Active">1</ind_active></row>
<row><id_prov type="smallint" >1308</id_prov><id_comunidad type="smallint" >284</id_comunidad><prov_name type="varchar"  label="County">Anderson</prov_name><ind_active type="tinyint"  label="Active">1</ind_active></row>
<row><id_prov type="smallint" >1309</id_prov><id_comunidad type="smallint" >284</id_comunidad><prov_name type="varchar"  label="County">Cloud</prov_name><ind_active type="tinyint"  label="Active">1</ind_active></row>
<row><id_prov type="smallint" >1310</id_prov><id_comunidad type="smallint" >284</id_comunidad><prov_name type="varchar"  label="County">Seward</prov_name><ind_active type="tinyint"  label="Active">1</ind_active></row>
<row><id_prov type="smallint" >1311</id_prov><id_comunidad type="smallint" >284</id_comunidad><prov_name type="varchar"  label="County">Pratt</prov_name><ind_active type="tinyint"  label="Active">1</ind_active></row>
<row><id_prov type="smallint" >1312</id_prov><id_comunidad type="smallint" >284</id_comunidad><prov_name type="varchar"  label="County">Ellis</prov_name><ind_active type="tinyint"  label="Active">1</ind_active></row>
<row><id_prov type="smallint" >1313</id_prov><id_comunidad type="smallint" >284</id_comunidad><prov_name type="varchar"  label="County">Clark</prov_name><ind_active type="tinyint"  label="Active">1</ind_active></row>
<row><id_prov type="smallint" >1314</id_prov><id_comunidad type="smallint" >284</id_comunidad><prov_name type="varchar"  label="County">Sumner</prov_name><ind_active type="tinyint"  label="Active">1</ind_active></row>
<row><id_prov type="smallint" >1315</id_prov><id_comunidad type="smallint" >284</id_comunidad><prov_name type="varchar"  label="County">Coffey</prov_name><ind_active type="tinyint"  label="Active">1</ind_active></row>
<row><id_prov type="smallint" >1316</id_prov><id_comunidad type="smallint" >284</id_comunidad><prov_name type="varchar"  label="County">Kearny</prov_name><ind_active type="tinyint"  label="Active">1</ind_active></row>
<row><id_prov type="smallint" >1317</id_prov><id_comunidad type="smallint" >284</id_comunidad><prov_name type="varchar"  label="County">Kingman</prov_name><ind_active type="tinyint"  label="Active">1</ind_active></row>
<row><id_prov type="smallint" >1318</id_prov><id_comunidad type="smallint" >284</id_comunidad><prov_name type="varchar"  label="County">Pottawatomie</prov_name><ind_active type="tinyint"  label="Active">1</ind_active></row>
<row><id_prov type="smallint" >1319</id_prov><id_comunidad type="smallint" >284</id_comunidad><prov_name type="varchar"  label="County">Woodson</prov_name><ind_active type="tinyint"  label="Active">1</ind_active></row>
<row><id_prov type="smallint" >1320</id_prov><id_comunidad type="smallint" >284</id_comunidad><prov_name type="varchar"  label="County">Finney</prov_name><ind_active type="tinyint"  label="Active">1</ind_active></row>
<row><id_prov type="smallint" >1321</id_prov><id_comunidad type="smallint" >284</id_comunidad><prov_name type="varchar"  label="County">Wilson</prov_name><ind_active type="tinyint"  label="Active">1</ind_active></row>
<row><id_prov type="smallint" >1322</id_prov><id_comunidad type="smallint" >284</id_comunidad><prov_name type="varchar"  label="County">Dickinson</prov_name><ind_active type="tinyint"  label="Active">1</ind_active></row>
<row><id_prov type="smallint" >1323</id_prov><id_comunidad type="smallint" >284</id_comunidad><prov_name type="varchar"  label="County">Franklin</prov_name><ind_active type="tinyint"  label="Active">1</ind_active></row>
<row><id_prov type="smallint" >1324</id_prov><id_comunidad type="smallint" >284</id_comunidad><prov_name type="varchar"  label="County">Clay</prov_name><ind_active type="tinyint"  label="Active">1</ind_active></row>
<row><id_prov type="smallint" >1325</id_prov><id_comunidad type="smallint" >284</id_comunidad><prov_name type="varchar"  label="County">Scott</prov_name><ind_active type="tinyint"  label="Active">1</ind_active></row>
<row><id_prov type="smallint" >1326</id_prov><id_comunidad type="smallint" >284</id_comunidad><prov_name type="varchar"  label="County">Wabaunsee</prov_name><ind_active type="tinyint"  label="Active">1</ind_active></row>
<row><id_prov type="smallint" >1327</id_prov><id_comunidad type="smallint" >284</id_comunidad><prov_name type="varchar"  label="County">Trego</prov_name><ind_active type="tinyint"  label="Active">1</ind_active></row>
<row><id_prov type="smallint" >1328</id_prov><id_comunidad type="smallint" >284</id_comunidad><prov_name type="varchar"  label="County">Stevens</prov_name><ind_active type="tinyint"  label="Active">1</ind_active></row>
<row><id_prov type="smallint" >1329</id_prov><id_comunidad type="smallint" >284</id_comunidad><prov_name type="varchar"  label="County">Jackson</prov_name><ind_active type="tinyint"  label="Active">1</ind_active></row>
<row><id_prov type="smallint" >1330</id_prov><id_comunidad type="smallint" >284</id_comunidad><prov_name type="varchar"  label="County">Kiowa</prov_name><ind_active type="tinyint"  label="Active">1</ind_active></row>
<row><id_prov type="smallint" >1331</id_prov><id_comunidad type="smallint" >284</id_comunidad><prov_name type="varchar"  label="County">Wallace</prov_name><ind_active type="tinyint"  label="Active">1</ind_active></row>
<row><id_prov type="smallint" >1332</id_prov><id_comunidad type="smallint" >284</id_comunidad><prov_name type="varchar"  label="County">Russell</prov_name><ind_active type="tinyint"  label="Active">1</ind_active></row>
<row><id_prov type="smallint" >1333</id_prov><id_comunidad type="smallint" >284</id_comunidad><prov_name type="varchar"  label="County">Allen</prov_name><ind_active type="tinyint"  label="Active">1</ind_active></row>
<row><id_prov type="smallint" >1334</id_prov><id_comunidad type="smallint" >284</id_comunidad><prov_name type="varchar"  label="County">Sedgwick</prov_name><ind_active type="tinyint"  label="Active">1</ind_active></row>
<row><id_prov type="smallint" >1335</id_prov><id_comunidad type="smallint" >284</id_comunidad><prov_name type="varchar"  label="County">Phillips</prov_name><ind_active type="tinyint"  label="Active">1</ind_active></row>
<row><id_prov type="smallint" >1336</id_prov><id_comunidad type="smallint" >284</id_comunidad><prov_name type="varchar"  label="County">Shawnee</prov_name><ind_active type="tinyint"  label="Active">1</ind_active></row>
<row><id_prov type="smallint" >1337</id_prov><id_comunidad type="smallint" >284</id_comunidad><prov_name type="varchar"  label="County">Stanton</prov_name><ind_active type="tinyint"  label="Active">1</ind_active></row>
<row><id_prov type="smallint" >1338</id_prov><id_comunidad type="smallint" >284</id_comunidad><prov_name type="varchar"  label="County">Elk</prov_name><ind_active type="tinyint"  label="Active">1</ind_active></row>
<row><id_prov type="smallint" >1339</id_prov><id_comunidad type="smallint" >284</id_comunidad><prov_name type="varchar"  label="County">Reno</prov_name><ind_active type="tinyint"  label="Active">1</ind_active></row>
<row><id_prov type="smallint" >1340</id_prov><id_comunidad type="smallint" >284</id_comunidad><prov_name type="varchar"  label="County">Johnson</prov_name><ind_active type="tinyint"  label="Active">1</ind_active></row>
<row><id_prov type="smallint" >1341</id_prov><id_comunidad type="smallint" >284</id_comunidad><prov_name type="varchar"  label="County">Ford</prov_name><ind_active type="tinyint"  label="Active">1</ind_active></row>
<row><id_prov type="smallint" >1342</id_prov><id_comunidad type="smallint" >284</id_comunidad><prov_name type="varchar"  label="County">Atchison</prov_name><ind_active type="tinyint"  label="Active">1</ind_active></row>
<row><id_prov type="smallint" >1343</id_prov><id_comunidad type="smallint" >284</id_comunidad><prov_name type="varchar"  label="County">Rush</prov_name><ind_active type="tinyint"  label="Active">1</ind_active></row>
<row><id_prov type="smallint" >1344</id_prov><id_comunidad type="smallint" >284</id_comunidad><prov_name type="varchar"  label="County">Rawlins</prov_name><ind_active type="tinyint"  label="Active">1</ind_active></row>
<row><id_prov type="smallint" >1345</id_prov><id_comunidad type="smallint" >284</id_comunidad><prov_name type="varchar"  label="County">Stafford</prov_name><ind_active type="tinyint"  label="Active">1</ind_active></row>
<row><id_prov type="smallint" >1346</id_prov><id_comunidad type="smallint" >284</id_comunidad><prov_name type="varchar"  label="County">Comanche</prov_name><ind_active type="tinyint"  label="Active">1</ind_active></row>
<row><id_prov type="smallint" >1347</id_prov><id_comunidad type="smallint" >284</id_comunidad><prov_name type="varchar"  label="County">Edwards</prov_name><ind_active type="tinyint"  label="Active">1</ind_active></row>
</provincia>
</root>