<?xml version="1.0" encoding="UTF-8"?>
<root>
<provincia>
<row><id_prov type="smallint" >1348</id_prov><id_comunidad type="smallint" >285</id_comunidad><prov_name type="varchar"  label="County">Whitley</prov_name><ind_active type="tinyint"  label="Active">1</ind_active></row>
<row><id_prov type="smallint" >1349</id_prov><id_comunidad type="smallint" >285</id_comunidad><prov_name type="varchar"  label="County">Bourbon</prov_name><ind_active type="tinyint"  label="Active">1</ind_active></row>
<row><id_prov type="smallint" >1350</id_prov><id_comunidad type="smallint" >285</id_comunidad><prov_name type="varchar"  label="County">Taylor</prov_name><ind_active type="tinyint"  label="Active">1</ind_active></row>
<row><id_prov type="smallint" >1351</id_prov><id_comunidad type="smallint" >285</id_comunidad><prov_name type="varchar"  label="County">Harrison</prov_name><ind_active type="tinyint"  label="Active">1</ind_active></row>
<row><id_prov type="smallint" >1352</id_prov><id_comunidad type="smallint" >285</id_comunidad><prov_name type="varchar"  label="County">Estill</prov_name><ind_active type="tinyint"  label="Active">1</ind_active></row>
<row><id_prov type="smallint" >1353</id_prov><id_comunidad type="smallint" >285</id_comunidad><prov_name type="varchar"  label="County">Scott</prov_name><ind_active type="tinyint"  label="Active">1</ind_active></row>
<row><id_prov type="smallint" >1354</id_prov><id_comunidad type="smallint" >285</id_comunidad><prov_name type="varchar"  label="County">Butler</prov_name><ind_active type="tinyint"  label="Active">1</ind_active></row>
<row><id_prov type="smallint" >1355</id_prov><id_comunidad type="smallint" >285</id_comunidad><prov_name type="varchar"  label="County">Garrard</prov_name><ind_active type="tinyint"  label="Active">1</ind_active></row>
<row><id_prov type="smallint" >1356</id_prov><id_comunidad type="smallint" >285</id_comunidad><prov_name type="varchar"  label="County">Boyle</prov_name><ind_active type="tinyint"  label="Active">1</ind_active></row>
<row><id_prov type="smallint" >1357</id_prov><id_comunidad type="smallint" >285</id_comunidad><prov_name type="varchar"  label="County">Nicholas</prov_name><ind_active type="tinyint"  label="Active">1</ind_active></row>
<row><id_prov type="smallint" >1358</id_prov><id_comunidad type="smallint" >285</id_comunidad><prov_name type="varchar"  label="County">Boyd</prov_name><ind_active type="tinyint"  label="Active">1</ind_active></row>
<row><id_prov type="smallint" >1359</id_prov><id_comunidad type="smallint" >285</id_comunidad><prov_name type="varchar"  label="County">Marion</prov_name><ind_active type="tinyint"  label="Active">1</ind_active></row>
<row><id_prov type="smallint" >1360</id_prov><id_comunidad type="smallint" >285</id_comunidad><prov_name type="varchar"  label="County">Campbell</prov_name><ind_active type="tinyint"  label="Active">1</ind_active></row>
<row><id_prov type="smallint" >1361</id_prov><id_comunidad type="smallint" >285</id_comunidad><prov_name type="varchar"  label="County">Greenup</prov_name><ind_active type="tinyint"  label="Active">1</ind_active></row>
<row><id_prov type="smallint" >1362</id_prov><id_comunidad type="smallint" >285</id_comunidad><prov_name type="varchar"  label="County">Hardin</prov_name><ind_active type="tinyint"  label="Active">1</ind_active></row>
<row><id_prov type="smallint" >1363</id_prov><id_comunidad type="smallint" >285</id_comunidad><prov_name type="varchar"  label="County">Jackson</prov_name><ind_active type="tinyint"  label="Active">1</ind_active></row>
<row><id_prov type="smallint" >1364</id_prov><id_comunidad type="smallint" >285</id_comunidad><prov_name type="varchar"  label="County">Harlan</prov_name><ind_active type="tinyint"  label="Active">1</ind_active></row>
<row><id_prov type="smallint" >1365</id_prov><id_comunidad type="smallint" >285</id_comunidad><prov_name type="varchar"  label="County">McCracken</prov_name><ind_active type="tinyint"  label="Active">1</ind_active></row>
<row><id_prov type="smallint" >1366</id_prov><id_comunidad type="smallint" >285</id_comunidad><prov_name type="varchar"  label="County">Martin</prov_name><ind_active type="tinyint"  label="Active">1</ind_active></row>
<row><id_prov type="smallint" >1367</id_prov><id_comunidad type="smallint" >285</id_comunidad><prov_name type="varchar"  label="County">Russell</prov_name><ind_active type="tinyint"  label="Active">1</ind_active></row>
<row><id_prov type="smallint" >1368</id_prov><id_comunidad type="smallint" >285</id_comunidad><prov_name type="varchar"  label="County">Lawrence</prov_name><ind_active type="tinyint"  label="Active">1</ind_active></row>
<row><id_prov type="smallint" >1369</id_prov><id_comunidad type="smallint" >285</id_comunidad><prov_name type="varchar"  label="County">Breckinridge</prov_name><ind_active type="tinyint"  label="Active">1</ind_active></row>
<row><id_prov type="smallint" >1370</id_prov><id_comunidad type="smallint" >285</id_comunidad><prov_name type="varchar"  label="County">Muhlenberg</prov_name><ind_active type="tinyint"  label="Active">1</ind_active></row>
<row><id_prov type="smallint" >1371</id_prov><id_comunidad type="smallint" >285</id_comunidad><prov_name type="varchar"  label="County">Todd</prov_name><ind_active type="tinyint"  label="Active">1</ind_active></row>
<row><id_prov type="smallint" >1372</id_prov><id_comunidad type="smallint" >285</id_comunidad><prov_name type="varchar"  label="County">Mason</prov_name><ind_active type="tinyint"  label="Active">1</ind_active></row>
<row><id_prov type="smallint" >1373</id_prov><id_comunidad type="smallint" >285</id_comunidad><prov_name type="varchar"  label="County">Lee</prov_name><ind_active type="tinyint"  label="Active">1</ind_active></row>
<row><id_prov type="smallint" >1374</id_prov><id_comunidad type="smallint" >285</id_comunidad><prov_name type="varchar"  label="County">Carroll</prov_name><ind_active type="tinyint"  label="Active">1</ind_active></row>
<row><id_prov type="smallint" >1375</id_prov><id_comunidad type="smallint" >285</id_comunidad><prov_name type="varchar"  label="County">Clay</prov_name><ind_active type="tinyint"  label="Active">1</ind_active></row>
<row><id_prov type="smallint" >1376</id_prov><id_comunidad type="smallint" >285</id_comunidad><prov_name type="varchar"  label="County">Trimble</prov_name><ind_active type="tinyint"  label="Active">1</ind_active></row>
<row><id_prov type="smallint" >1377</id_prov><id_comunidad type="smallint" >285</id_comunidad><prov_name type="varchar"  label="County">Woodford</prov_name><ind_active type="tinyint"  label="Active">1</ind_active></row>
<row><id_prov type="smallint" >1378</id_prov><id_comunidad type="smallint" >285</id_comunidad><prov_name type="varchar"  label="County">Trigg</prov_name><ind_active type="tinyint"  label="Active">1</ind_active></row>
<row><id_prov type="smallint" >1379</id_prov><id_comunidad type="smallint" >285</id_comunidad><prov_name type="varchar"  label="County">Morgan</prov_name><ind_active type="tinyint"  label="Active">1</ind_active></row>
<row><id_prov type="smallint" >1380</id_prov><id_comunidad type="smallint" >285</id_comunidad><prov_name type="varchar"  label="County">Breathitt</prov_name><ind_active type="tinyint"  label="Active">1</ind_active></row>
<row><id_prov type="smallint" >1381</id_prov><id_comunidad type="smallint" >285</id_comunidad><prov_name type="varchar"  label="County">Daviess</prov_name><ind_active type="tinyint"  label="Active">1</ind_active></row>
<row><id_prov type="smallint" >1382</id_prov><id_comunidad type="smallint" >285</id_comunidad><prov_name type="varchar"  label="County">Edmonson</prov_name><ind_active type="tinyint"  label="Active">1</ind_active></row>
<row><id_prov type="smallint" >1383</id_prov><id_comunidad type="smallint" >285</id_comunidad><prov_name type="varchar"  label="County">Montgomery</prov_name><ind_active type="tinyint"  label="Active">1</ind_active></row>
<row><id_prov type="smallint" >1384</id_prov><id_comunidad type="smallint" >285</id_comunidad><prov_name type="varchar"  label="County">McCreary</prov_name><ind_active type="tinyint"  label="Active">1</ind_active></row>
<row><id_prov type="smallint" >1385</id_prov><id_comunidad type="smallint" >285</id_comunidad><prov_name type="varchar"  label="County">Bath</prov_name><ind_active type="tinyint"  label="Active">1</ind_active></row>
<row><id_prov type="smallint" >1386</id_prov><id_comunidad type="smallint" >285</id_comunidad><prov_name type="varchar"  label="County">Bullitt</prov_name><ind_active type="tinyint"  label="Active">1</ind_active></row>
<row><id_prov type="smallint" >1387</id_prov><id_comunidad type="smallint" >285</id_comunidad><prov_name type="varchar"  label="County">Bell</prov_name><ind_active type="tinyint"  label="Active">1</ind_active></row>
<row><id_prov type="smallint" >1388</id_prov><id_comunidad type="smallint" >285</id_comunidad><prov_name type="varchar"  label="County">Robertson</prov_name><ind_active type="tinyint"  label="Active">1</ind_active></row>
<row><id_prov type="smallint" >1389</id_prov><id_comunidad type="smallint" >285</id_comunidad><prov_name type="varchar"  label="County">Rowan</prov_name><ind_active type="tinyint"  label="Active">1</ind_active></row>
<row><id_prov type="smallint" >1390</id_prov><id_comunidad type="smallint" >285</id_comunidad><prov_name type="varchar"  label="County">Clark</prov_name><ind_active type="tinyint"  label="Active">1</ind_active></row>
<row><id_prov type="smallint" >1391</id_prov><id_comunidad type="smallint" >285</id_comunidad><prov_name type="varchar"  label="County">Bracken</prov_name><ind_active type="tinyint"  label="Active">1</ind_active></row>
<row><id_prov type="smallint" >1392</id_prov><id_comunidad type="smallint" >285</id_comunidad><prov_name type="varchar"  label="County">Hickman</prov_name><ind_active type="tinyint"  label="Active">1</ind_active></row>
<row><id_prov type="smallint" >1393</id_prov><id_comunidad type="smallint" >285</id_comunidad><prov_name type="varchar"  label="County">Wolfe</prov_name><ind_active type="tinyint"  label="Active">1</ind_active></row>
<row><id_prov type="smallint" >1394</id_prov><id_comunidad type="smallint" >285</id_comunidad><prov_name type="varchar"  label="County">Rockcastle</prov_name><ind_active type="tinyint"  label="Active">1</ind_active></row>
<row><id_prov type="smallint" >1395</id_prov><id_comunidad type="smallint" >285</id_comunidad><prov_name type="varchar"  label="County">Nelson</prov_name><ind_active type="tinyint"  label="Active">1</ind_active></row>
<row><id_prov type="smallint" >1396</id_prov><id_comunidad type="smallint" >285</id_comunidad><prov_name type="varchar"  label="County">Union</prov_name><ind_active type="tinyint"  label="Active">1</ind_active></row>
<row><id_prov type="smallint" >1397</id_prov><id_comunidad type="smallint" >285</id_comunidad><prov_name type="varchar"  label="County">Elliott</prov_name><ind_active type="tinyint"  label="Active">1</ind_active></row>
<row><id_prov type="smallint" >1398</id_prov><id_comunidad type="smallint" >285</id_comunidad><prov_name type="varchar"  label="County">Henderson</prov_name><ind_active type="tinyint"  label="Active">1</ind_active></row>
<row><id_prov type="smallint" >1399</id_prov><id_comunidad type="smallint" >285</id_comunidad><prov_name type="varchar"  label="County">Logan</prov_name><ind_active type="tinyint"  label="Active">1</ind_active></row>
<row><id_prov type="smallint" >1400</id_prov><id_comunidad type="smallint" >285</id_comunidad><prov_name type="varchar"  label="County">Larue</prov_name><ind_active type="tinyint"  label="Active">1</ind_active></row>
<row><id_prov type="smallint" >1401</id_prov><id_comunidad type="smallint" >285</id_comunidad><prov_name type="varchar"  label="County">Metcalfe</prov_name><ind_active type="tinyint"  label="Active">1</ind_active></row>
<row><id_prov type="smallint" >1402</id_prov><id_comunidad type="smallint" >285</id_comunidad><prov_name type="varchar"  label="County">Ballard</prov_name><ind_active type="tinyint"  label="Active">1</ind_active></row>
<row><id_prov type="smallint" >1403</id_prov><id_comunidad type="smallint" >285</id_comunidad><prov_name type="varchar"  label="County">Jefferson</prov_name><ind_active type="tinyint"  label="Active">1</ind_active></row>
<row><id_prov type="smallint" >1404</id_prov><id_comunidad type="smallint" >285</id_comunidad><prov_name type="varchar"  label="County">Spencer</prov_name><ind_active type="tinyint"  label="Active">1</ind_active></row>
<row><id_prov type="smallint" >1405</id_prov><id_comunidad type="smallint" >285</id_comunidad><prov_name type="varchar"  label="County">Owsley</prov_name><ind_active type="tinyint"  label="Active">1</ind_active></row>
<row><id_prov type="smallint" >1406</id_prov><id_comunidad type="smallint" >285</id_comunidad><prov_name type="varchar"  label="County">Owen</prov_name><ind_active type="tinyint"  label="Active">1</ind_active></row>
<row><id_prov type="smallint" >1407</id_prov><id_comunidad type="smallint" >285</id_comunidad><prov_name type="varchar"  label="County">Hancock</prov_name><ind_active type="tinyint"  label="Active">1</ind_active></row>
<row><id_prov type="smallint" >1408</id_prov><id_comunidad type="smallint" >285</id_comunidad><prov_name type="varchar"  label="County">Fleming</prov_name><ind_active type="tinyint"  label="Active">1</ind_active></row>
<row><id_prov type="smallint" >1409</id_prov><id_comunidad type="smallint" >285</id_comunidad><prov_name type="varchar"  label="County">Clinton</prov_name><ind_active type="tinyint"  label="Active">1</ind_active></row>
<row><id_prov type="smallint" >1410</id_prov><id_comunidad type="smallint" >285</id_comunidad><prov_name type="varchar"  label="County">Calloway</prov_name><ind_active type="tinyint"  label="Active">1</ind_active></row>
<row><id_prov type="smallint" >1411</id_prov><id_comunidad type="smallint" >285</id_comunidad><prov_name type="varchar"  label="County">Casey</prov_name><ind_active type="tinyint"  label="Active">1</ind_active></row>
<row><id_prov type="smallint" >1412</id_prov><id_comunidad type="smallint" >285</id_comunidad><prov_name type="varchar"  label="County">Washington</prov_name><ind_active type="tinyint"  label="Active">1</ind_active></row>
<row><id_prov type="smallint" >1413</id_prov><id_comunidad type="smallint" >285</id_comunidad><prov_name type="varchar"  label="County">Monroe</prov_name><ind_active type="tinyint"  label="Active">1</ind_active></row>
<row><id_prov type="smallint" >1414</id_prov><id_comunidad type="smallint" >285</id_comunidad><prov_name type="varchar"  label="County">Madison</prov_name><ind_active type="tinyint"  label="Active">1</ind_active></row>
<row><id_prov type="smallint" >1415</id_prov><id_comunidad type="smallint" >285</id_comunidad><prov_name type="varchar"  label="County">Pendleton</prov_name><ind_active type="tinyint"  label="Active">1</ind_active></row>
<row><id_prov type="smallint" >1416</id_prov><id_comunidad type="smallint" >285</id_comunidad><prov_name type="varchar"  label="County">Simpson</prov_name><ind_active type="tinyint"  label="Active">1</ind_active></row>
<row><id_prov type="smallint" >1417</id_prov><id_comunidad type="smallint" >285</id_comunidad><prov_name type="varchar"  label="County">Webster</prov_name><ind_active type="tinyint"  label="Active">1</ind_active></row>
<row><id_prov type="smallint" >1418</id_prov><id_comunidad type="smallint" >285</id_comunidad><prov_name type="varchar"  label="County">Meade</prov_name><ind_active type="tinyint"  label="Active">1</ind_active></row>
<row><id_prov type="smallint" >1419</id_prov><id_comunidad type="smallint" >285</id_comunidad><prov_name type="varchar"  label="County">Knott</prov_name><ind_active type="tinyint"  label="Active">1</ind_active></row>
<row><id_prov type="smallint" >1420</id_prov><id_comunidad type="smallint" >285</id_comunidad><prov_name type="varchar"  label="County">Menifee</prov_name><ind_active type="tinyint"  label="Active">1</ind_active></row>
<row><id_prov type="smallint" >1421</id_prov><id_comunidad type="smallint" >285</id_comunidad><prov_name type="varchar"  label="County">Henry</prov_name><ind_active type="tinyint"  label="Active">1</ind_active></row>
<row><id_prov type="smallint" >1422</id_prov><id_comunidad type="smallint" >285</id_comunidad><prov_name type="varchar"  label="County">Grayson</prov_name><ind_active type="tinyint"  label="Active">1</ind_active></row>
<row><id_prov type="smallint" >1423</id_prov><id_comunidad type="smallint" >285</id_comunidad><prov_name type="varchar"  label="County">Letcher</prov_name><ind_active type="tinyint"  label="Active">1</ind_active></row>
<row><id_prov type="smallint" >1424</id_prov><id_comunidad type="smallint" >285</id_comunidad><prov_name type="varchar"  label="County">Franklin</prov_name><ind_active type="tinyint"  label="Active">1</ind_active></row>
<row><id_prov type="smallint" >1425</id_prov><id_comunidad type="smallint" >285</id_comunidad><prov_name type="varchar"  label="County">Knox</prov_name><ind_active type="tinyint"  label="Active">1</ind_active></row>
<row><id_prov type="smallint" >1426</id_prov><id_comunidad type="smallint" >285</id_comunidad><prov_name type="varchar"  label="County">Mercer</prov_name><ind_active type="tinyint"  label="Active">1</ind_active></row>
<row><id_prov type="smallint" >1427</id_prov><id_comunidad type="smallint" >285</id_comunidad><prov_name type="varchar"  label="County">Lyon</prov_name><ind_active type="tinyint"  label="Active">1</ind_active></row>
<row><id_prov type="smallint" >1428</id_prov><id_comunidad type="smallint" >285</id_comunidad><prov_name type="varchar"  label="County">Perry</prov_name><ind_active type="tinyint"  label="Active">1</ind_active></row>
<row><id_prov type="smallint" >1429</id_prov><id_comunidad type="smallint" >285</id_comunidad><prov_name type="varchar"  label="County">Pike</prov_name><ind_active type="tinyint"  label="Active">1</ind_active></row>
<row><id_prov type="smallint" >1430</id_prov><id_comunidad type="smallint" >285</id_comunidad><prov_name type="varchar"  label="County">Livingston</prov_name><ind_active type="tinyint"  label="Active">1</ind_active></row>
<row><id_prov type="smallint" >1431</id_prov><id_comunidad type="smallint" >285</id_comunidad><prov_name type="varchar"  label="County">Lewis</prov_name><ind_active type="tinyint"  label="Active">1</ind_active></row>
<row><id_prov type="smallint" >1432</id_prov><id_comunidad type="smallint" >285</id_comunidad><prov_name type="varchar"  label="County">Leslie</prov_name><ind_active type="tinyint"  label="Active">1</ind_active></row>
<row><id_prov type="smallint" >1433</id_prov><id_comunidad type="smallint" >285</id_comunidad><prov_name type="varchar"  label="County">Graves</prov_name><ind_active type="tinyint"  label="Active">1</ind_active></row>
<row><id_prov type="smallint" >1434</id_prov><id_comunidad type="smallint" >285</id_comunidad><prov_name type="varchar"  label="County">Caldwell</prov_name><ind_active type="tinyint"  label="Active">1</ind_active></row>
<row><id_prov type="smallint" >1435</id_prov><id_comunidad type="smallint" >285</id_comunidad><prov_name type="varchar"  label="County">Wayne</prov_name><ind_active type="tinyint"  label="Active">1</ind_active></row>
<row><id_prov type="smallint" >1436</id_prov><id_comunidad type="smallint" >285</id_comunidad><prov_name type="varchar"  label="County">Allen</prov_name><ind_active type="tinyint"  label="Active">1</ind_active></row>
<row><id_prov type="smallint" >1437</id_prov><id_comunidad type="smallint" >285</id_comunidad><prov_name type="varchar"  label="County">Floyd</prov_name><ind_active type="tinyint"  label="Active">1</ind_active></row>
<row><id_prov type="smallint" >1438</id_prov><id_comunidad type="smallint" >285</id_comunidad><prov_name type="varchar"  label="County">Adair</prov_name><ind_active type="tinyint"  label="Active">1</ind_active></row>
<row><id_prov type="smallint" >1439</id_prov><id_comunidad type="smallint" >285</id_comunidad><prov_name type="varchar"  label="County">Carlisle</prov_name><ind_active type="tinyint"  label="Active">1</ind_active></row>
<row><id_prov type="smallint" >1440</id_prov><id_comunidad type="smallint" >285</id_comunidad><prov_name type="varchar"  label="County">Laurel</prov_name><ind_active type="tinyint"  label="Active">1</ind_active></row>
<row><id_prov type="smallint" >1441</id_prov><id_comunidad type="smallint" >285</id_comunidad><prov_name type="varchar"  label="County">Fayette</prov_name><ind_active type="tinyint"  label="Active">1</ind_active></row>
<row><id_prov type="smallint" >1442</id_prov><id_comunidad type="smallint" >285</id_comunidad><prov_name type="varchar"  label="County">Green</prov_name><ind_active type="tinyint"  label="Active">1</ind_active></row>
<row><id_prov type="smallint" >1443</id_prov><id_comunidad type="smallint" >285</id_comunidad><prov_name type="varchar"  label="County">Jessamine</prov_name><ind_active type="tinyint"  label="Active">1</ind_active></row>
<row><id_prov type="smallint" >1444</id_prov><id_comunidad type="smallint" >285</id_comunidad><prov_name type="varchar"  label="County">Crittenden</prov_name><ind_active type="tinyint"  label="Active">1</ind_active></row>
<row><id_prov type="smallint" >1445</id_prov><id_comunidad type="smallint" >285</id_comunidad><prov_name type="varchar"  label="County">Gallatin</prov_name><ind_active type="tinyint"  label="Active">1</ind_active></row>
<row><id_prov type="smallint" >1446</id_prov><id_comunidad type="smallint" >285</id_comunidad><prov_name type="varchar"  label="County">Ohio</prov_name><ind_active type="tinyint"  label="Active">1</ind_active></row>
<row><id_prov type="smallint" >1447</id_prov><id_comunidad type="smallint" >285</id_comunidad><prov_name type="varchar"  label="County">Oldham</prov_name><ind_active type="tinyint"  label="Active">1</ind_active></row>
<row><id_prov type="smallint" >1448</id_prov><id_comunidad type="smallint" >285</id_comunidad><prov_name type="varchar"  label="County">Kenton</prov_name><ind_active type="tinyint"  label="Active">1</ind_active></row>
<row><id_prov type="smallint" >1449</id_prov><id_comunidad type="smallint" >285</id_comunidad><prov_name type="varchar"  label="County">Christian</prov_name><ind_active type="tinyint"  label="Active">1</ind_active></row>
<row><id_prov type="smallint" >1450</id_prov><id_comunidad type="smallint" >285</id_comunidad><prov_name type="varchar"  label="County">Barren</prov_name><ind_active type="tinyint"  label="Active">1</ind_active></row>
<row><id_prov type="smallint" >1451</id_prov><id_comunidad type="smallint" >285</id_comunidad><prov_name type="varchar"  label="County">Marshall</prov_name><ind_active type="tinyint"  label="Active">1</ind_active></row>
<row><id_prov type="smallint" >1452</id_prov><id_comunidad type="smallint" >285</id_comunidad><prov_name type="varchar"  label="County">Carter</prov_name><ind_active type="tinyint"  label="Active">1</ind_active></row>
<row><id_prov type="smallint" >1453</id_prov><id_comunidad type="smallint" >285</id_comunidad><prov_name type="varchar"  label="County">Cumberland</prov_name><ind_active type="tinyint"  label="Active">1</ind_active></row>
<row><id_prov type="smallint" >1454</id_prov><id_comunidad type="smallint" >285</id_comunidad><prov_name type="varchar"  label="County">Lincoln</prov_name><ind_active type="tinyint"  label="Active">1</ind_active></row>
<row><id_prov type="smallint" >1455</id_prov><id_comunidad type="smallint" >285</id_comunidad><prov_name type="varchar"  label="County">Hopkins</prov_name><ind_active type="tinyint"  label="Active">1</ind_active></row>
<row><id_prov type="smallint" >1456</id_prov><id_comunidad type="smallint" >285</id_comunidad><prov_name type="varchar"  label="County">Johnson</prov_name><ind_active type="tinyint"  label="Active">1</ind_active></row>
<row><id_prov type="smallint" >1457</id_prov><id_comunidad type="smallint" >285</id_comunidad><prov_name type="varchar"  label="County">Shelby</prov_name><ind_active type="tinyint"  label="Active">1</ind_active></row>
<row><id_prov type="smallint" >1458</id_prov><id_comunidad type="smallint" >285</id_comunidad><prov_name type="varchar"  label="County">McLean</prov_name><ind_active type="tinyint"  label="Active">1</ind_active></row>
<row><id_prov type="smallint" >1459</id_prov><id_comunidad type="smallint" >285</id_comunidad><prov_name type="varchar"  label="County">Anderson</prov_name><ind_active type="tinyint"  label="Active">1</ind_active></row>
<row><id_prov type="smallint" >1460</id_prov><id_comunidad type="smallint" >285</id_comunidad><prov_name type="varchar"  label="County">Hart</prov_name><ind_active type="tinyint"  label="Active">1</ind_active></row>
<row><id_prov type="smallint" >1461</id_prov><id_comunidad type="smallint" >285</id_comunidad><prov_name type="varchar"  label="County">Fulton</prov_name><ind_active type="tinyint"  label="Active">1</ind_active></row>
<row><id_prov type="smallint" >1462</id_prov><id_comunidad type="smallint" >285</id_comunidad><prov_name type="varchar"  label="County">Magoffin</prov_name><ind_active type="tinyint"  label="Active">1</ind_active></row>
<row><id_prov type="smallint" >1463</id_prov><id_comunidad type="smallint" >285</id_comunidad><prov_name type="varchar"  label="County">Boone</prov_name><ind_active type="tinyint"  label="Active">1</ind_active></row>
<row><id_prov type="smallint" >1464</id_prov><id_comunidad type="smallint" >285</id_comunidad><prov_name type="varchar"  label="County">Pulaski</prov_name><ind_active type="tinyint"  label="Active">1</ind_active></row>
<row><id_prov type="smallint" >1465</id_prov><id_comunidad type="smallint" >285</id_comunidad><prov_name type="varchar"  label="County">Grant</prov_name><ind_active type="tinyint"  label="Active">1</ind_active></row>
<row><id_prov type="smallint" >1466</id_prov><id_comunidad type="smallint" >285</id_comunidad><prov_name type="varchar"  label="County">Powell</prov_name><ind_active type="tinyint"  label="Active">1</ind_active></row>
<row><id_prov type="smallint" >1467</id_prov><id_comunidad type="smallint" >285</id_comunidad><prov_name type="varchar"  label="County">Warren</prov_name><ind_active type="tinyint"  label="Active">1</ind_active></row>
</provincia>
</root>