<?xml version="1.0" encoding="UTF-8"?>
<root>
<provincia>
<row><id_prov type="smallint" >1468</id_prov><id_comunidad type="smallint" >286</id_comunidad><prov_name type="varchar"  label="County">Ascension</prov_name><ind_active type="tinyint"  label="Active">1</ind_active></row>
<row><id_prov type="smallint" >1469</id_prov><id_comunidad type="smallint" >286</id_comunidad><prov_name type="varchar"  label="County">Tangipahoa</prov_name><ind_active type="tinyint"  label="Active">1</ind_active></row>
<row><id_prov type="smallint" >1470</id_prov><id_comunidad type="smallint" >286</id_comunidad><prov_name type="varchar"  label="County">Concordia</prov_name><ind_active type="tinyint"  label="Active">1</ind_active></row>
<row><id_prov type="smallint" >1471</id_prov><id_comunidad type="smallint" >286</id_comunidad><prov_name type="varchar"  label="County">Terrebonne</prov_name><ind_active type="tinyint"  label="Active">1</ind_active></row>
<row><id_prov type="smallint" >1472</id_prov><id_comunidad type="smallint" >286</id_comunidad><prov_name type="varchar"  label="County">Saint Landry</prov_name><ind_active type="tinyint"  label="Active">1</ind_active></row>
<row><id_prov type="smallint" >1473</id_prov><id_comunidad type="smallint" >286</id_comunidad><prov_name type="varchar"  label="County">Winn</prov_name><ind_active type="tinyint"  label="Active">1</ind_active></row>
<row><id_prov type="smallint" >1474</id_prov><id_comunidad type="smallint" >286</id_comunidad><prov_name type="varchar"  label="County">Grant</prov_name><ind_active type="tinyint"  label="Active">1</ind_active></row>
<row><id_prov type="smallint" >1475</id_prov><id_comunidad type="smallint" >286</id_comunidad><prov_name type="varchar"  label="County">Saint Martin</prov_name><ind_active type="tinyint"  label="Active">1</ind_active></row>
<row><id_prov type="smallint" >1476</id_prov><id_comunidad type="smallint" >286</id_comunidad><prov_name type="varchar"  label="County">Tensas</prov_name><ind_active type="tinyint"  label="Active">1</ind_active></row>
<row><id_prov type="smallint" >1477</id_prov><id_comunidad type="smallint" >286</id_comunidad><prov_name type="varchar"  label="County">Saint Mary</prov_name><ind_active type="tinyint"  label="Active">1</ind_active></row>
<row><id_prov type="smallint" >1478</id_prov><id_comunidad type="smallint" >286</id_comunidad><prov_name type="varchar"  label="County">Jefferson</prov_name><ind_active type="tinyint"  label="Active">1</ind_active></row>
<row><id_prov type="smallint" >1479</id_prov><id_comunidad type="smallint" >286</id_comunidad><prov_name type="varchar"  label="County">De Soto</prov_name><ind_active type="tinyint"  label="Active">1</ind_active></row>
<row><id_prov type="smallint" >1480</id_prov><id_comunidad type="smallint" >286</id_comunidad><prov_name type="varchar"  label="County">East Feliciana</prov_name><ind_active type="tinyint"  label="Active">1</ind_active></row>
<row><id_prov type="smallint" >1481</id_prov><id_comunidad type="smallint" >286</id_comunidad><prov_name type="varchar"  label="County">Jefferson Davis</prov_name><ind_active type="tinyint"  label="Active">1</ind_active></row>
<row><id_prov type="smallint" >1482</id_prov><id_comunidad type="smallint" >286</id_comunidad><prov_name type="varchar"  label="County">Livingston</prov_name><ind_active type="tinyint"  label="Active">1</ind_active></row>
<row><id_prov type="smallint" >1483</id_prov><id_comunidad type="smallint" >286</id_comunidad><prov_name type="varchar"  label="County">La Salle</prov_name><ind_active type="tinyint"  label="Active">1</ind_active></row>
<row><id_prov type="smallint" >1484</id_prov><id_comunidad type="smallint" >286</id_comunidad><prov_name type="varchar"  label="County">East Carroll</prov_name><ind_active type="tinyint"  label="Active">1</ind_active></row>
<row><id_prov type="smallint" >1485</id_prov><id_comunidad type="smallint" >286</id_comunidad><prov_name type="varchar"  label="County">East Baton Rouge</prov_name><ind_active type="tinyint"  label="Active">1</ind_active></row>
<row><id_prov type="smallint" >1486</id_prov><id_comunidad type="smallint" >286</id_comunidad><prov_name type="varchar"  label="County">Saint Tammany</prov_name><ind_active type="tinyint"  label="Active">1</ind_active></row>
<row><id_prov type="smallint" >1487</id_prov><id_comunidad type="smallint" >286</id_comunidad><prov_name type="varchar"  label="County">Caldwell</prov_name><ind_active type="tinyint"  label="Active">1</ind_active></row>
<row><id_prov type="smallint" >1488</id_prov><id_comunidad type="smallint" >286</id_comunidad><prov_name type="varchar"  label="County">Catahoula</prov_name><ind_active type="tinyint"  label="Active">1</ind_active></row>
<row><id_prov type="smallint" >1489</id_prov><id_comunidad type="smallint" >286</id_comunidad><prov_name type="varchar"  label="County">Assumption</prov_name><ind_active type="tinyint"  label="Active">1</ind_active></row>
<row><id_prov type="smallint" >1490</id_prov><id_comunidad type="smallint" >286</id_comunidad><prov_name type="varchar"  label="County">Morehouse</prov_name><ind_active type="tinyint"  label="Active">1</ind_active></row>
<row><id_prov type="smallint" >1491</id_prov><id_comunidad type="smallint" >286</id_comunidad><prov_name type="varchar"  label="County">Orleans</prov_name><ind_active type="tinyint"  label="Active">1</ind_active></row>
<row><id_prov type="smallint" >1492</id_prov><id_comunidad type="smallint" >286</id_comunidad><prov_name type="varchar"  label="County">Lafourche</prov_name><ind_active type="tinyint"  label="Active">1</ind_active></row>
<row><id_prov type="smallint" >1493</id_prov><id_comunidad type="smallint" >286</id_comunidad><prov_name type="varchar"  label="County">Claiborne</prov_name><ind_active type="tinyint"  label="Active">1</ind_active></row>
<row><id_prov type="smallint" >1494</id_prov><id_comunidad type="smallint" >286</id_comunidad><prov_name type="varchar"  label="County">West Carroll</prov_name><ind_active type="tinyint"  label="Active">1</ind_active></row>
<row><id_prov type="smallint" >1495</id_prov><id_comunidad type="smallint" >286</id_comunidad><prov_name type="varchar"  label="County">Evangeline</prov_name><ind_active type="tinyint"  label="Active">1</ind_active></row>
<row><id_prov type="smallint" >1496</id_prov><id_comunidad type="smallint" >286</id_comunidad><prov_name type="varchar"  label="County">Richland</prov_name><ind_active type="tinyint"  label="Active">1</ind_active></row>
<row><id_prov type="smallint" >1497</id_prov><id_comunidad type="smallint" >286</id_comunidad><prov_name type="varchar"  label="County">Washington</prov_name><ind_active type="tinyint"  label="Active">1</ind_active></row>
<row><id_prov type="smallint" >1498</id_prov><id_comunidad type="smallint" >286</id_comunidad><prov_name type="varchar"  label="County">Madison</prov_name><ind_active type="tinyint"  label="Active">1</ind_active></row>
<row><id_prov type="smallint" >1499</id_prov><id_comunidad type="smallint" >286</id_comunidad><prov_name type="varchar"  label="County">West Baton Rouge</prov_name><ind_active type="tinyint"  label="Active">1</ind_active></row>
<row><id_prov type="smallint" >1500</id_prov><id_comunidad type="smallint" >286</id_comunidad><prov_name type="varchar"  label="County">Bienville</prov_name><ind_active type="tinyint"  label="Active">1</ind_active></row>
<row><id_prov type="smallint" >1501</id_prov><id_comunidad type="smallint" >286</id_comunidad><prov_name type="varchar"  label="County">Pointe Coupee</prov_name><ind_active type="tinyint"  label="Active">1</ind_active></row>
<row><id_prov type="smallint" >1502</id_prov><id_comunidad type="smallint" >286</id_comunidad><prov_name type="varchar"  label="County">Jackson</prov_name><ind_active type="tinyint"  label="Active">1</ind_active></row>
<row><id_prov type="smallint" >1503</id_prov><id_comunidad type="smallint" >286</id_comunidad><prov_name type="varchar"  label="County">Iberville</prov_name><ind_active type="tinyint"  label="Active">1</ind_active></row>
<row><id_prov type="smallint" >1504</id_prov><id_comunidad type="smallint" >286</id_comunidad><prov_name type="varchar"  label="County">Caddo</prov_name><ind_active type="tinyint"  label="Active">1</ind_active></row>
<row><id_prov type="smallint" >1505</id_prov><id_comunidad type="smallint" >286</id_comunidad><prov_name type="varchar"  label="County">Cameron</prov_name><ind_active type="tinyint"  label="Active">1</ind_active></row>
<row><id_prov type="smallint" >1506</id_prov><id_comunidad type="smallint" >286</id_comunidad><prov_name type="varchar"  label="County">Lafayette</prov_name><ind_active type="tinyint"  label="Active">1</ind_active></row>
<row><id_prov type="smallint" >1507</id_prov><id_comunidad type="smallint" >286</id_comunidad><prov_name type="varchar"  label="County">Red River</prov_name><ind_active type="tinyint"  label="Active">1</ind_active></row>
<row><id_prov type="smallint" >1508</id_prov><id_comunidad type="smallint" >286</id_comunidad><prov_name type="varchar"  label="County">Vermilion</prov_name><ind_active type="tinyint"  label="Active">1</ind_active></row>
<row><id_prov type="smallint" >1509</id_prov><id_comunidad type="smallint" >286</id_comunidad><prov_name type="varchar"  label="County">Saint John the Baptist</prov_name><ind_active type="tinyint"  label="Active">1</ind_active></row>
<row><id_prov type="smallint" >1510</id_prov><id_comunidad type="smallint" >286</id_comunidad><prov_name type="varchar"  label="County">Vernon</prov_name><ind_active type="tinyint"  label="Active">1</ind_active></row>
<row><id_prov type="smallint" >1511</id_prov><id_comunidad type="smallint" >286</id_comunidad><prov_name type="varchar"  label="County">Bossier</prov_name><ind_active type="tinyint"  label="Active">1</ind_active></row>
<row><id_prov type="smallint" >1512</id_prov><id_comunidad type="smallint" >286</id_comunidad><prov_name type="varchar"  label="County">Lincoln</prov_name><ind_active type="tinyint"  label="Active">1</ind_active></row>
<row><id_prov type="smallint" >1513</id_prov><id_comunidad type="smallint" >286</id_comunidad><prov_name type="varchar"  label="County">Rapides</prov_name><ind_active type="tinyint"  label="Active">1</ind_active></row>
<row><id_prov type="smallint" >1514</id_prov><id_comunidad type="smallint" >286</id_comunidad><prov_name type="varchar"  label="County">Webster</prov_name><ind_active type="tinyint"  label="Active">1</ind_active></row>
<row><id_prov type="smallint" >1515</id_prov><id_comunidad type="smallint" >286</id_comunidad><prov_name type="varchar"  label="County">Natchitoches</prov_name><ind_active type="tinyint"  label="Active">1</ind_active></row>
<row><id_prov type="smallint" >1516</id_prov><id_comunidad type="smallint" >286</id_comunidad><prov_name type="varchar"  label="County">Acadia</prov_name><ind_active type="tinyint"  label="Active">1</ind_active></row>
<row><id_prov type="smallint" >1517</id_prov><id_comunidad type="smallint" >286</id_comunidad><prov_name type="varchar"  label="County">Sabine</prov_name><ind_active type="tinyint"  label="Active">1</ind_active></row>
<row><id_prov type="smallint" >1518</id_prov><id_comunidad type="smallint" >286</id_comunidad><prov_name type="varchar"  label="County">Beauregard</prov_name><ind_active type="tinyint"  label="Active">1</ind_active></row>
<row><id_prov type="smallint" >1519</id_prov><id_comunidad type="smallint" >286</id_comunidad><prov_name type="varchar"  label="County">West Feliciana</prov_name><ind_active type="tinyint"  label="Active">1</ind_active></row>
<row><id_prov type="smallint" >1520</id_prov><id_comunidad type="smallint" >286</id_comunidad><prov_name type="varchar"  label="County">Iberia</prov_name><ind_active type="tinyint"  label="Active">1</ind_active></row>
<row><id_prov type="smallint" >1521</id_prov><id_comunidad type="smallint" >286</id_comunidad><prov_name type="varchar"  label="County">Allen</prov_name><ind_active type="tinyint"  label="Active">1</ind_active></row>
<row><id_prov type="smallint" >1522</id_prov><id_comunidad type="smallint" >286</id_comunidad><prov_name type="varchar"  label="County">Saint Bernard</prov_name><ind_active type="tinyint"  label="Active">1</ind_active></row>
<row><id_prov type="smallint" >1523</id_prov><id_comunidad type="smallint" >286</id_comunidad><prov_name type="varchar"  label="County">Saint Charles</prov_name><ind_active type="tinyint"  label="Active">1</ind_active></row>
<row><id_prov type="smallint" >1524</id_prov><id_comunidad type="smallint" >286</id_comunidad><prov_name type="varchar"  label="County">Calcasieu</prov_name><ind_active type="tinyint"  label="Active">1</ind_active></row>
<row><id_prov type="smallint" >1525</id_prov><id_comunidad type="smallint" >286</id_comunidad><prov_name type="varchar"  label="County">Saint Helena</prov_name><ind_active type="tinyint"  label="Active">1</ind_active></row>
<row><id_prov type="smallint" >1526</id_prov><id_comunidad type="smallint" >286</id_comunidad><prov_name type="varchar"  label="County">Avoyelles</prov_name><ind_active type="tinyint"  label="Active">1</ind_active></row>
<row><id_prov type="smallint" >1527</id_prov><id_comunidad type="smallint" >286</id_comunidad><prov_name type="varchar"  label="County">Union</prov_name><ind_active type="tinyint"  label="Active">1</ind_active></row>
<row><id_prov type="smallint" >1528</id_prov><id_comunidad type="smallint" >286</id_comunidad><prov_name type="varchar"  label="County">Plaquemines</prov_name><ind_active type="tinyint"  label="Active">1</ind_active></row>
<row><id_prov type="smallint" >1529</id_prov><id_comunidad type="smallint" >286</id_comunidad><prov_name type="varchar"  label="County">Saint James</prov_name><ind_active type="tinyint"  label="Active">1</ind_active></row>
<row><id_prov type="smallint" >1530</id_prov><id_comunidad type="smallint" >286</id_comunidad><prov_name type="varchar"  label="County">Ouachita</prov_name><ind_active type="tinyint"  label="Active">1</ind_active></row>
<row><id_prov type="smallint" >1531</id_prov><id_comunidad type="smallint" >286</id_comunidad><prov_name type="varchar"  label="County">Franklin</prov_name><ind_active type="tinyint"  label="Active">1</ind_active></row>
</provincia>
</root>