<?xml version="1.0" encoding="UTF-8"?>
<root>
<provincia>
<row><id_prov type="smallint" >1586</id_prov><id_comunidad type="smallint" >291</id_comunidad><prov_name type="varchar"  label="County">Mackinac</prov_name><ind_active type="tinyint"  label="Active">1</ind_active></row>
<row><id_prov type="smallint" >1587</id_prov><id_comunidad type="smallint" >291</id_comunidad><prov_name type="varchar"  label="County">Arenac</prov_name><ind_active type="tinyint"  label="Active">1</ind_active></row>
<row><id_prov type="smallint" >1588</id_prov><id_comunidad type="smallint" >291</id_comunidad><prov_name type="varchar"  label="County">Mecosta</prov_name><ind_active type="tinyint"  label="Active">1</ind_active></row>
<row><id_prov type="smallint" >1589</id_prov><id_comunidad type="smallint" >291</id_comunidad><prov_name type="varchar"  label="County">Mason</prov_name><ind_active type="tinyint"  label="Active">1</ind_active></row>
<row><id_prov type="smallint" >1590</id_prov><id_comunidad type="smallint" >291</id_comunidad><prov_name type="varchar"  label="County">Luce</prov_name><ind_active type="tinyint"  label="Active">1</ind_active></row>
<row><id_prov type="smallint" >1591</id_prov><id_comunidad type="smallint" >291</id_comunidad><prov_name type="varchar"  label="County">Macomb</prov_name><ind_active type="tinyint"  label="Active">1</ind_active></row>
<row><id_prov type="smallint" >1592</id_prov><id_comunidad type="smallint" >291</id_comunidad><prov_name type="varchar"  label="County">Tuscola</prov_name><ind_active type="tinyint"  label="Active">1</ind_active></row>
<row><id_prov type="smallint" >1593</id_prov><id_comunidad type="smallint" >291</id_comunidad><prov_name type="varchar"  label="County">Wayne</prov_name><ind_active type="tinyint"  label="Active">1</ind_active></row>
<row><id_prov type="smallint" >1594</id_prov><id_comunidad type="smallint" >291</id_comunidad><prov_name type="varchar"  label="County">Livingston</prov_name><ind_active type="tinyint"  label="Active">1</ind_active></row>
<row><id_prov type="smallint" >1595</id_prov><id_comunidad type="smallint" >291</id_comunidad><prov_name type="varchar"  label="County">Alcona</prov_name><ind_active type="tinyint"  label="Active">1</ind_active></row>
<row><id_prov type="smallint" >1596</id_prov><id_comunidad type="smallint" >291</id_comunidad><prov_name type="varchar"  label="County">Van Buren</prov_name><ind_active type="tinyint"  label="Active">1</ind_active></row>
<row><id_prov type="smallint" >1597</id_prov><id_comunidad type="smallint" >291</id_comunidad><prov_name type="varchar"  label="County">Allegan</prov_name><ind_active type="tinyint"  label="Active">1</ind_active></row>
<row><id_prov type="smallint" >1598</id_prov><id_comunidad type="smallint" >291</id_comunidad><prov_name type="varchar"  label="County">Antrim</prov_name><ind_active type="tinyint"  label="Active">1</ind_active></row>
<row><id_prov type="smallint" >1599</id_prov><id_comunidad type="smallint" >291</id_comunidad><prov_name type="varchar"  label="County">Delta</prov_name><ind_active type="tinyint"  label="Active">1</ind_active></row>
<row><id_prov type="smallint" >1600</id_prov><id_comunidad type="smallint" >291</id_comunidad><prov_name type="varchar"  label="County">Crawford</prov_name><ind_active type="tinyint"  label="Active">1</ind_active></row>
<row><id_prov type="smallint" >1601</id_prov><id_comunidad type="smallint" >291</id_comunidad><prov_name type="varchar"  label="County">Manistee</prov_name><ind_active type="tinyint"  label="Active">1</ind_active></row>
<row><id_prov type="smallint" >1602</id_prov><id_comunidad type="smallint" >291</id_comunidad><prov_name type="varchar"  label="County">Marquette</prov_name><ind_active type="tinyint"  label="Active">1</ind_active></row>
<row><id_prov type="smallint" >1603</id_prov><id_comunidad type="smallint" >291</id_comunidad><prov_name type="varchar"  label="County">Washtenaw</prov_name><ind_active type="tinyint"  label="Active">1</ind_active></row>
<row><id_prov type="smallint" >1604</id_prov><id_comunidad type="smallint" >291</id_comunidad><prov_name type="varchar"  label="County">Charlevoix</prov_name><ind_active type="tinyint"  label="Active">1</ind_active></row>
<row><id_prov type="smallint" >1605</id_prov><id_comunidad type="smallint" >291</id_comunidad><prov_name type="varchar"  label="County">Huron</prov_name><ind_active type="tinyint"  label="Active">1</ind_active></row>
<row><id_prov type="smallint" >1606</id_prov><id_comunidad type="smallint" >291</id_comunidad><prov_name type="varchar"  label="County">Alpena</prov_name><ind_active type="tinyint"  label="Active">1</ind_active></row>
<row><id_prov type="smallint" >1607</id_prov><id_comunidad type="smallint" >291</id_comunidad><prov_name type="varchar"  label="County">Wexford</prov_name><ind_active type="tinyint"  label="Active">1</ind_active></row>
<row><id_prov type="smallint" >1608</id_prov><id_comunidad type="smallint" >291</id_comunidad><prov_name type="varchar"  label="County">Isabella</prov_name><ind_active type="tinyint"  label="Active">1</ind_active></row>
<row><id_prov type="smallint" >1609</id_prov><id_comunidad type="smallint" >291</id_comunidad><prov_name type="varchar"  label="County">Alger</prov_name><ind_active type="tinyint"  label="Active">1</ind_active></row>
<row><id_prov type="smallint" >1610</id_prov><id_comunidad type="smallint" >291</id_comunidad><prov_name type="varchar"  label="County">Jackson</prov_name><ind_active type="tinyint"  label="Active">1</ind_active></row>
<row><id_prov type="smallint" >1611</id_prov><id_comunidad type="smallint" >291</id_comunidad><prov_name type="varchar"  label="County">Benzie</prov_name><ind_active type="tinyint"  label="Active">1</ind_active></row>
<row><id_prov type="smallint" >1612</id_prov><id_comunidad type="smallint" >291</id_comunidad><prov_name type="varchar"  label="County">Houghton</prov_name><ind_active type="tinyint"  label="Active">1</ind_active></row>
<row><id_prov type="smallint" >1613</id_prov><id_comunidad type="smallint" >291</id_comunidad><prov_name type="varchar"  label="County">Branch</prov_name><ind_active type="tinyint"  label="Active">1</ind_active></row>
<row><id_prov type="smallint" >1614</id_prov><id_comunidad type="smallint" >291</id_comunidad><prov_name type="varchar"  label="County">Montcalm</prov_name><ind_active type="tinyint"  label="Active">1</ind_active></row>
<row><id_prov type="smallint" >1615</id_prov><id_comunidad type="smallint" >291</id_comunidad><prov_name type="varchar"  label="County">Clare</prov_name><ind_active type="tinyint"  label="Active">1</ind_active></row>
<row><id_prov type="smallint" >1616</id_prov><id_comunidad type="smallint" >291</id_comunidad><prov_name type="varchar"  label="County">Schoolcraft</prov_name><ind_active type="tinyint"  label="Active">1</ind_active></row>
<row><id_prov type="smallint" >1617</id_prov><id_comunidad type="smallint" >291</id_comunidad><prov_name type="varchar"  label="County">Otsego</prov_name><ind_active type="tinyint"  label="Active">1</ind_active></row>
<row><id_prov type="smallint" >1618</id_prov><id_comunidad type="smallint" >291</id_comunidad><prov_name type="varchar"  label="County">Eaton</prov_name><ind_active type="tinyint"  label="Active">1</ind_active></row>
<row><id_prov type="smallint" >1619</id_prov><id_comunidad type="smallint" >291</id_comunidad><prov_name type="varchar"  label="County">Oscoda</prov_name><ind_active type="tinyint"  label="Active">1</ind_active></row>
<row><id_prov type="smallint" >1620</id_prov><id_comunidad type="smallint" >291</id_comunidad><prov_name type="varchar"  label="County">Sanilac</prov_name><ind_active type="tinyint"  label="Active">1</ind_active></row>
<row><id_prov type="smallint" >1621</id_prov><id_comunidad type="smallint" >291</id_comunidad><prov_name type="varchar"  label="County">Bay</prov_name><ind_active type="tinyint"  label="Active">1</ind_active></row>
<row><id_prov type="smallint" >1622</id_prov><id_comunidad type="smallint" >291</id_comunidad><prov_name type="varchar"  label="County">Montmorency</prov_name><ind_active type="tinyint"  label="Active">1</ind_active></row>
<row><id_prov type="smallint" >1623</id_prov><id_comunidad type="smallint" >291</id_comunidad><prov_name type="varchar"  label="County">Osceola</prov_name><ind_active type="tinyint"  label="Active">1</ind_active></row>
<row><id_prov type="smallint" >1624</id_prov><id_comunidad type="smallint" >291</id_comunidad><prov_name type="varchar"  label="County">Newaygo</prov_name><ind_active type="tinyint"  label="Active">1</ind_active></row>
<row><id_prov type="smallint" >1625</id_prov><id_comunidad type="smallint" >291</id_comunidad><prov_name type="varchar"  label="County">Cheboygan</prov_name><ind_active type="tinyint"  label="Active">1</ind_active></row>
<row><id_prov type="smallint" >1626</id_prov><id_comunidad type="smallint" >291</id_comunidad><prov_name type="varchar"  label="County">Saint Clair</prov_name><ind_active type="tinyint"  label="Active">1</ind_active></row>
<row><id_prov type="smallint" >1627</id_prov><id_comunidad type="smallint" >291</id_comunidad><prov_name type="varchar"  label="County">Muskegon</prov_name><ind_active type="tinyint"  label="Active">1</ind_active></row>
<row><id_prov type="smallint" >1628</id_prov><id_comunidad type="smallint" >291</id_comunidad><prov_name type="varchar"  label="County">Roscommon</prov_name><ind_active type="tinyint"  label="Active">1</ind_active></row>
<row><id_prov type="smallint" >1629</id_prov><id_comunidad type="smallint" >291</id_comunidad><prov_name type="varchar"  label="County">Iosco</prov_name><ind_active type="tinyint"  label="Active">1</ind_active></row>
<row><id_prov type="smallint" >1630</id_prov><id_comunidad type="smallint" >291</id_comunidad><prov_name type="varchar"  label="County">Keweenaw</prov_name><ind_active type="tinyint"  label="Active">1</ind_active></row>
<row><id_prov type="smallint" >1631</id_prov><id_comunidad type="smallint" >291</id_comunidad><prov_name type="varchar"  label="County">Gladwin</prov_name><ind_active type="tinyint"  label="Active">1</ind_active></row>
<row><id_prov type="smallint" >1632</id_prov><id_comunidad type="smallint" >291</id_comunidad><prov_name type="varchar"  label="County">Emmet</prov_name><ind_active type="tinyint"  label="Active">1</ind_active></row>
<row><id_prov type="smallint" >1633</id_prov><id_comunidad type="smallint" >291</id_comunidad><prov_name type="varchar"  label="County">Ontonagon</prov_name><ind_active type="tinyint"  label="Active">1</ind_active></row>
<row><id_prov type="smallint" >1634</id_prov><id_comunidad type="smallint" >291</id_comunidad><prov_name type="varchar"  label="County">Presque Isle</prov_name><ind_active type="tinyint"  label="Active">1</ind_active></row>
<row><id_prov type="smallint" >1635</id_prov><id_comunidad type="smallint" >291</id_comunidad><prov_name type="varchar"  label="County">Berrien</prov_name><ind_active type="tinyint"  label="Active">1</ind_active></row>
<row><id_prov type="smallint" >1636</id_prov><id_comunidad type="smallint" >291</id_comunidad><prov_name type="varchar"  label="County">Kalkaska</prov_name><ind_active type="tinyint"  label="Active">1</ind_active></row>
<row><id_prov type="smallint" >1637</id_prov><id_comunidad type="smallint" >291</id_comunidad><prov_name type="varchar"  label="County">Kalamazoo</prov_name><ind_active type="tinyint"  label="Active">1</ind_active></row>
<row><id_prov type="smallint" >1638</id_prov><id_comunidad type="smallint" >291</id_comunidad><prov_name type="varchar"  label="County">Gogebic</prov_name><ind_active type="tinyint"  label="Active">1</ind_active></row>
<row><id_prov type="smallint" >1639</id_prov><id_comunidad type="smallint" >291</id_comunidad><prov_name type="varchar"  label="County">Saint Joseph</prov_name><ind_active type="tinyint"  label="Active">1</ind_active></row>
<row><id_prov type="smallint" >1640</id_prov><id_comunidad type="smallint" >291</id_comunidad><prov_name type="varchar"  label="County">Grand Traverse</prov_name><ind_active type="tinyint"  label="Active">1</ind_active></row>
<row><id_prov type="smallint" >1641</id_prov><id_comunidad type="smallint" >291</id_comunidad><prov_name type="varchar"  label="County">Saginaw</prov_name><ind_active type="tinyint"  label="Active">1</ind_active></row>
<row><id_prov type="smallint" >1642</id_prov><id_comunidad type="smallint" >291</id_comunidad><prov_name type="varchar"  label="County">Chippewa</prov_name><ind_active type="tinyint"  label="Active">1</ind_active></row>
<row><id_prov type="smallint" >1643</id_prov><id_comunidad type="smallint" >291</id_comunidad><prov_name type="varchar"  label="County">Menominee</prov_name><ind_active type="tinyint"  label="Active">1</ind_active></row>
<row><id_prov type="smallint" >1644</id_prov><id_comunidad type="smallint" >291</id_comunidad><prov_name type="varchar"  label="County">Hillsdale</prov_name><ind_active type="tinyint"  label="Active">1</ind_active></row>
<row><id_prov type="smallint" >1645</id_prov><id_comunidad type="smallint" >291</id_comunidad><prov_name type="varchar"  label="County">Dickinson</prov_name><ind_active type="tinyint"  label="Active">1</ind_active></row>
<row><id_prov type="smallint" >1646</id_prov><id_comunidad type="smallint" >291</id_comunidad><prov_name type="varchar"  label="County">Lake</prov_name><ind_active type="tinyint"  label="Active">1</ind_active></row>
<row><id_prov type="smallint" >1647</id_prov><id_comunidad type="smallint" >291</id_comunidad><prov_name type="varchar"  label="County">Ingham</prov_name><ind_active type="tinyint"  label="Active">1</ind_active></row>
<row><id_prov type="smallint" >1648</id_prov><id_comunidad type="smallint" >291</id_comunidad><prov_name type="varchar"  label="County">Ionia</prov_name><ind_active type="tinyint"  label="Active">1</ind_active></row>
<row><id_prov type="smallint" >1649</id_prov><id_comunidad type="smallint" >291</id_comunidad><prov_name type="varchar"  label="County">Gratiot</prov_name><ind_active type="tinyint"  label="Active">1</ind_active></row>
<row><id_prov type="smallint" >1650</id_prov><id_comunidad type="smallint" >291</id_comunidad><prov_name type="varchar"  label="County">Midland</prov_name><ind_active type="tinyint"  label="Active">1</ind_active></row>
<row><id_prov type="smallint" >1651</id_prov><id_comunidad type="smallint" >291</id_comunidad><prov_name type="varchar"  label="County">Genesee</prov_name><ind_active type="tinyint"  label="Active">1</ind_active></row>
<row><id_prov type="smallint" >1652</id_prov><id_comunidad type="smallint" >291</id_comunidad><prov_name type="varchar"  label="County">Kent</prov_name><ind_active type="tinyint"  label="Active">1</ind_active></row>
<row><id_prov type="smallint" >1653</id_prov><id_comunidad type="smallint" >291</id_comunidad><prov_name type="varchar"  label="County">Oakland</prov_name><ind_active type="tinyint"  label="Active">1</ind_active></row>
<row><id_prov type="smallint" >1654</id_prov><id_comunidad type="smallint" >291</id_comunidad><prov_name type="varchar"  label="County">Iron</prov_name><ind_active type="tinyint"  label="Active">1</ind_active></row>
<row><id_prov type="smallint" >1655</id_prov><id_comunidad type="smallint" >291</id_comunidad><prov_name type="varchar"  label="County">Leelanau</prov_name><ind_active type="tinyint"  label="Active">1</ind_active></row>
<row><id_prov type="smallint" >1656</id_prov><id_comunidad type="smallint" >291</id_comunidad><prov_name type="varchar"  label="County">Clinton</prov_name><ind_active type="tinyint"  label="Active">1</ind_active></row>
<row><id_prov type="smallint" >1657</id_prov><id_comunidad type="smallint" >291</id_comunidad><prov_name type="varchar"  label="County">Ogemaw</prov_name><ind_active type="tinyint"  label="Active">1</ind_active></row>
<row><id_prov type="smallint" >1658</id_prov><id_comunidad type="smallint" >291</id_comunidad><prov_name type="varchar"  label="County">Monroe</prov_name><ind_active type="tinyint"  label="Active">1</ind_active></row>
<row><id_prov type="smallint" >1659</id_prov><id_comunidad type="smallint" >291</id_comunidad><prov_name type="varchar"  label="County">Ottawa</prov_name><ind_active type="tinyint"  label="Active">1</ind_active></row>
<row><id_prov type="smallint" >1660</id_prov><id_comunidad type="smallint" >291</id_comunidad><prov_name type="varchar"  label="County">Barry</prov_name><ind_active type="tinyint"  label="Active">1</ind_active></row>
<row><id_prov type="smallint" >1661</id_prov><id_comunidad type="smallint" >291</id_comunidad><prov_name type="varchar"  label="County">Shiawassee</prov_name><ind_active type="tinyint"  label="Active">1</ind_active></row>
<row><id_prov type="smallint" >1662</id_prov><id_comunidad type="smallint" >291</id_comunidad><prov_name type="varchar"  label="County">Oceana</prov_name><ind_active type="tinyint"  label="Active">1</ind_active></row>
<row><id_prov type="smallint" >1663</id_prov><id_comunidad type="smallint" >291</id_comunidad><prov_name type="varchar"  label="County">Cass</prov_name><ind_active type="tinyint"  label="Active">1</ind_active></row>
<row><id_prov type="smallint" >1664</id_prov><id_comunidad type="smallint" >291</id_comunidad><prov_name type="varchar"  label="County">Lapeer</prov_name><ind_active type="tinyint"  label="Active">1</ind_active></row>
<row><id_prov type="smallint" >1665</id_prov><id_comunidad type="smallint" >291</id_comunidad><prov_name type="varchar"  label="County">Lenawee</prov_name><ind_active type="tinyint"  label="Active">1</ind_active></row>
<row><id_prov type="smallint" >1666</id_prov><id_comunidad type="smallint" >291</id_comunidad><prov_name type="varchar"  label="County">Calhoun</prov_name><ind_active type="tinyint"  label="Active">1</ind_active></row>
<row><id_prov type="smallint" >1667</id_prov><id_comunidad type="smallint" >291</id_comunidad><prov_name type="varchar"  label="County">Missaukee</prov_name><ind_active type="tinyint"  label="Active">1</ind_active></row>
<row><id_prov type="smallint" >1668</id_prov><id_comunidad type="smallint" >291</id_comunidad><prov_name type="varchar"  label="County">Baraga</prov_name><ind_active type="tinyint"  label="Active">1</ind_active></row>
</provincia>
</root>