<?xml version="1.0" encoding="UTF-8"?>
<root>
<provincia>
<row><id_prov type="smallint" >1669</id_prov><id_comunidad type="smallint" >292</id_comunidad><prov_name type="varchar"  label="County">Wabasha</prov_name><ind_active type="tinyint"  label="Active">1</ind_active></row>
<row><id_prov type="smallint" >1670</id_prov><id_comunidad type="smallint" >292</id_comunidad><prov_name type="varchar"  label="County">Crow Wing</prov_name><ind_active type="tinyint"  label="Active">1</ind_active></row>
<row><id_prov type="smallint" >1671</id_prov><id_comunidad type="smallint" >292</id_comunidad><prov_name type="varchar"  label="County">Anoka</prov_name><ind_active type="tinyint"  label="Active">1</ind_active></row>
<row><id_prov type="smallint" >1672</id_prov><id_comunidad type="smallint" >292</id_comunidad><prov_name type="varchar"  label="County">Le Sueur</prov_name><ind_active type="tinyint"  label="Active">1</ind_active></row>
<row><id_prov type="smallint" >1673</id_prov><id_comunidad type="smallint" >292</id_comunidad><prov_name type="varchar"  label="County">Isanti</prov_name><ind_active type="tinyint"  label="Active">1</ind_active></row>
<row><id_prov type="smallint" >1674</id_prov><id_comunidad type="smallint" >292</id_comunidad><prov_name type="varchar"  label="County">Ramsey</prov_name><ind_active type="tinyint"  label="Active">1</ind_active></row>
<row><id_prov type="smallint" >1675</id_prov><id_comunidad type="smallint" >292</id_comunidad><prov_name type="varchar"  label="County">Faribault</prov_name><ind_active type="tinyint"  label="Active">1</ind_active></row>
<row><id_prov type="smallint" >1676</id_prov><id_comunidad type="smallint" >292</id_comunidad><prov_name type="varchar"  label="County">Red Lake</prov_name><ind_active type="tinyint"  label="Active">1</ind_active></row>
<row><id_prov type="smallint" >1677</id_prov><id_comunidad type="smallint" >292</id_comunidad><prov_name type="varchar"  label="County">Wright</prov_name><ind_active type="tinyint"  label="Active">1</ind_active></row>
<row><id_prov type="smallint" >1678</id_prov><id_comunidad type="smallint" >292</id_comunidad><prov_name type="varchar"  label="County">Wadena</prov_name><ind_active type="tinyint"  label="Active">1</ind_active></row>
<row><id_prov type="smallint" >1679</id_prov><id_comunidad type="smallint" >292</id_comunidad><prov_name type="varchar"  label="County">Otter Tail</prov_name><ind_active type="tinyint"  label="Active">1</ind_active></row>
<row><id_prov type="smallint" >1680</id_prov><id_comunidad type="smallint" >292</id_comunidad><prov_name type="varchar"  label="County">Pennington</prov_name><ind_active type="tinyint"  label="Active">1</ind_active></row>
<row><id_prov type="smallint" >1681</id_prov><id_comunidad type="smallint" >292</id_comunidad><prov_name type="varchar"  label="County">Blue Earth</prov_name><ind_active type="tinyint"  label="Active">1</ind_active></row>
<row><id_prov type="smallint" >1682</id_prov><id_comunidad type="smallint" >292</id_comunidad><prov_name type="varchar"  label="County">Itasca</prov_name><ind_active type="tinyint"  label="Active">1</ind_active></row>
<row><id_prov type="smallint" >1683</id_prov><id_comunidad type="smallint" >292</id_comunidad><prov_name type="varchar"  label="County">Kittson</prov_name><ind_active type="tinyint"  label="Active">1</ind_active></row>
<row><id_prov type="smallint" >1684</id_prov><id_comunidad type="smallint" >292</id_comunidad><prov_name type="varchar"  label="County">Yellow Medicine</prov_name><ind_active type="tinyint"  label="Active">1</ind_active></row>
<row><id_prov type="smallint" >1685</id_prov><id_comunidad type="smallint" >292</id_comunidad><prov_name type="varchar"  label="County">Lyon</prov_name><ind_active type="tinyint"  label="Active">1</ind_active></row>
<row><id_prov type="smallint" >1686</id_prov><id_comunidad type="smallint" >292</id_comunidad><prov_name type="varchar"  label="County">Koochiching</prov_name><ind_active type="tinyint"  label="Active">1</ind_active></row>
<row><id_prov type="smallint" >1687</id_prov><id_comunidad type="smallint" >292</id_comunidad><prov_name type="varchar"  label="County">Pine</prov_name><ind_active type="tinyint"  label="Active">1</ind_active></row>
<row><id_prov type="smallint" >1688</id_prov><id_comunidad type="smallint" >292</id_comunidad><prov_name type="varchar"  label="County">Watonwan</prov_name><ind_active type="tinyint"  label="Active">1</ind_active></row>
<row><id_prov type="smallint" >1689</id_prov><id_comunidad type="smallint" >292</id_comunidad><prov_name type="varchar"  label="County">Pipestone</prov_name><ind_active type="tinyint"  label="Active">1</ind_active></row>
<row><id_prov type="smallint" >1690</id_prov><id_comunidad type="smallint" >292</id_comunidad><prov_name type="varchar"  label="County">Cook</prov_name><ind_active type="tinyint"  label="Active">1</ind_active></row>
<row><id_prov type="smallint" >1691</id_prov><id_comunidad type="smallint" >292</id_comunidad><prov_name type="varchar"  label="County">Big Stone</prov_name><ind_active type="tinyint"  label="Active">1</ind_active></row>
<row><id_prov type="smallint" >1692</id_prov><id_comunidad type="smallint" >292</id_comunidad><prov_name type="varchar"  label="County">Chisago</prov_name><ind_active type="tinyint"  label="Active">1</ind_active></row>
<row><id_prov type="smallint" >1693</id_prov><id_comunidad type="smallint" >292</id_comunidad><prov_name type="varchar"  label="County">Olmsted</prov_name><ind_active type="tinyint"  label="Active">1</ind_active></row>
<row><id_prov type="smallint" >1694</id_prov><id_comunidad type="smallint" >292</id_comunidad><prov_name type="varchar"  label="County">Clearwater</prov_name><ind_active type="tinyint"  label="Active">1</ind_active></row>
<row><id_prov type="smallint" >1695</id_prov><id_comunidad type="smallint" >292</id_comunidad><prov_name type="varchar"  label="County">Washington</prov_name><ind_active type="tinyint"  label="Active">1</ind_active></row>
<row><id_prov type="smallint" >1696</id_prov><id_comunidad type="smallint" >292</id_comunidad><prov_name type="varchar"  label="County">Polk</prov_name><ind_active type="tinyint"  label="Active">1</ind_active></row>
<row><id_prov type="smallint" >1697</id_prov><id_comunidad type="smallint" >292</id_comunidad><prov_name type="varchar"  label="County">Freeborn</prov_name><ind_active type="tinyint"  label="Active">1</ind_active></row>
<row><id_prov type="smallint" >1698</id_prov><id_comunidad type="smallint" >292</id_comunidad><prov_name type="varchar"  label="County">Pope</prov_name><ind_active type="tinyint"  label="Active">1</ind_active></row>
<row><id_prov type="smallint" >1699</id_prov><id_comunidad type="smallint" >292</id_comunidad><prov_name type="varchar"  label="County">Norman</prov_name><ind_active type="tinyint"  label="Active">1</ind_active></row>
<row><id_prov type="smallint" >1700</id_prov><id_comunidad type="smallint" >292</id_comunidad><prov_name type="varchar"  label="County">Waseca</prov_name><ind_active type="tinyint"  label="Active">1</ind_active></row>
<row><id_prov type="smallint" >1701</id_prov><id_comunidad type="smallint" >292</id_comunidad><prov_name type="varchar"  label="County">Fillmore</prov_name><ind_active type="tinyint"  label="Active">1</ind_active></row>
<row><id_prov type="smallint" >1702</id_prov><id_comunidad type="smallint" >292</id_comunidad><prov_name type="varchar"  label="County">Hennepin</prov_name><ind_active type="tinyint"  label="Active">1</ind_active></row>
<row><id_prov type="smallint" >1703</id_prov><id_comunidad type="smallint" >292</id_comunidad><prov_name type="varchar"  label="County">Mahnomen</prov_name><ind_active type="tinyint"  label="Active">1</ind_active></row>
<row><id_prov type="smallint" >1704</id_prov><id_comunidad type="smallint" >292</id_comunidad><prov_name type="varchar"  label="County">Lac qui Parle</prov_name><ind_active type="tinyint"  label="Active">1</ind_active></row>
<row><id_prov type="smallint" >1705</id_prov><id_comunidad type="smallint" >292</id_comunidad><prov_name type="varchar"  label="County">Chippewa</prov_name><ind_active type="tinyint"  label="Active">1</ind_active></row>
<row><id_prov type="smallint" >1706</id_prov><id_comunidad type="smallint" >292</id_comunidad><prov_name type="varchar"  label="County">McLeod</prov_name><ind_active type="tinyint"  label="Active">1</ind_active></row>
<row><id_prov type="smallint" >1707</id_prov><id_comunidad type="smallint" >292</id_comunidad><prov_name type="varchar"  label="County">Saint Louis</prov_name><ind_active type="tinyint"  label="Active">1</ind_active></row>
<row><id_prov type="smallint" >1708</id_prov><id_comunidad type="smallint" >292</id_comunidad><prov_name type="varchar"  label="County">Houston</prov_name><ind_active type="tinyint"  label="Active">1</ind_active></row>
<row><id_prov type="smallint" >1709</id_prov><id_comunidad type="smallint" >292</id_comunidad><prov_name type="varchar"  label="County">Redwood</prov_name><ind_active type="tinyint"  label="Active">1</ind_active></row>
<row><id_prov type="smallint" >1710</id_prov><id_comunidad type="smallint" >292</id_comunidad><prov_name type="varchar"  label="County">Goodhue</prov_name><ind_active type="tinyint"  label="Active">1</ind_active></row>
<row><id_prov type="smallint" >1711</id_prov><id_comunidad type="smallint" >292</id_comunidad><prov_name type="varchar"  label="County">Carver</prov_name><ind_active type="tinyint"  label="Active">1</ind_active></row>
<row><id_prov type="smallint" >1712</id_prov><id_comunidad type="smallint" >292</id_comunidad><prov_name type="varchar"  label="County">Grant</prov_name><ind_active type="tinyint"  label="Active">1</ind_active></row>
<row><id_prov type="smallint" >1713</id_prov><id_comunidad type="smallint" >292</id_comunidad><prov_name type="varchar"  label="County">Cottonwood</prov_name><ind_active type="tinyint"  label="Active">1</ind_active></row>
<row><id_prov type="smallint" >1714</id_prov><id_comunidad type="smallint" >292</id_comunidad><prov_name type="varchar"  label="County">Winona</prov_name><ind_active type="tinyint"  label="Active">1</ind_active></row>
<row><id_prov type="smallint" >1715</id_prov><id_comunidad type="smallint" >292</id_comunidad><prov_name type="varchar"  label="County">Scott</prov_name><ind_active type="tinyint"  label="Active">1</ind_active></row>
<row><id_prov type="smallint" >1716</id_prov><id_comunidad type="smallint" >292</id_comunidad><prov_name type="varchar"  label="County">Aitkin</prov_name><ind_active type="tinyint"  label="Active">1</ind_active></row>
<row><id_prov type="smallint" >1717</id_prov><id_comunidad type="smallint" >292</id_comunidad><prov_name type="varchar"  label="County">Douglas</prov_name><ind_active type="tinyint"  label="Active">1</ind_active></row>
<row><id_prov type="smallint" >1718</id_prov><id_comunidad type="smallint" >292</id_comunidad><prov_name type="varchar"  label="County">Traverse</prov_name><ind_active type="tinyint"  label="Active">1</ind_active></row>
<row><id_prov type="smallint" >1719</id_prov><id_comunidad type="smallint" >292</id_comunidad><prov_name type="varchar"  label="County">Swift</prov_name><ind_active type="tinyint"  label="Active">1</ind_active></row>
<row><id_prov type="smallint" >1720</id_prov><id_comunidad type="smallint" >292</id_comunidad><prov_name type="varchar"  label="County">Todd</prov_name><ind_active type="tinyint"  label="Active">1</ind_active></row>
<row><id_prov type="smallint" >1721</id_prov><id_comunidad type="smallint" >292</id_comunidad><prov_name type="varchar"  label="County">Hubbard</prov_name><ind_active type="tinyint"  label="Active">1</ind_active></row>
<row><id_prov type="smallint" >1722</id_prov><id_comunidad type="smallint" >292</id_comunidad><prov_name type="varchar"  label="County">Sibley</prov_name><ind_active type="tinyint"  label="Active">1</ind_active></row>
<row><id_prov type="smallint" >1723</id_prov><id_comunidad type="smallint" >292</id_comunidad><prov_name type="varchar"  label="County">Benton</prov_name><ind_active type="tinyint"  label="Active">1</ind_active></row>
<row><id_prov type="smallint" >1724</id_prov><id_comunidad type="smallint" >292</id_comunidad><prov_name type="varchar"  label="County">Mille Lacs</prov_name><ind_active type="tinyint"  label="Active">1</ind_active></row>
<row><id_prov type="smallint" >1725</id_prov><id_comunidad type="smallint" >292</id_comunidad><prov_name type="varchar"  label="County">Carlton</prov_name><ind_active type="tinyint"  label="Active">1</ind_active></row>
<row><id_prov type="smallint" >1726</id_prov><id_comunidad type="smallint" >292</id_comunidad><prov_name type="varchar"  label="County">Dodge</prov_name><ind_active type="tinyint"  label="Active">1</ind_active></row>
<row><id_prov type="smallint" >1727</id_prov><id_comunidad type="smallint" >292</id_comunidad><prov_name type="varchar"  label="County">Stearns</prov_name><ind_active type="tinyint"  label="Active">1</ind_active></row>
<row><id_prov type="smallint" >1728</id_prov><id_comunidad type="smallint" >292</id_comunidad><prov_name type="varchar"  label="County">Steele</prov_name><ind_active type="tinyint"  label="Active">1</ind_active></row>
<row><id_prov type="smallint" >1729</id_prov><id_comunidad type="smallint" >292</id_comunidad><prov_name type="varchar"  label="County">Brown</prov_name><ind_active type="tinyint"  label="Active">1</ind_active></row>
<row><id_prov type="smallint" >1730</id_prov><id_comunidad type="smallint" >292</id_comunidad><prov_name type="varchar"  label="County">Meeker</prov_name><ind_active type="tinyint"  label="Active">1</ind_active></row>
<row><id_prov type="smallint" >1731</id_prov><id_comunidad type="smallint" >292</id_comunidad><prov_name type="varchar"  label="County">Stevens</prov_name><ind_active type="tinyint"  label="Active">1</ind_active></row>
<row><id_prov type="smallint" >1732</id_prov><id_comunidad type="smallint" >292</id_comunidad><prov_name type="varchar"  label="County">Sherburne</prov_name><ind_active type="tinyint"  label="Active">1</ind_active></row>
<row><id_prov type="smallint" >1733</id_prov><id_comunidad type="smallint" >292</id_comunidad><prov_name type="varchar"  label="County">Becker</prov_name><ind_active type="tinyint"  label="Active">1</ind_active></row>
<row><id_prov type="smallint" >1734</id_prov><id_comunidad type="smallint" >292</id_comunidad><prov_name type="varchar"  label="County">Renville</prov_name><ind_active type="tinyint"  label="Active">1</ind_active></row>
<row><id_prov type="smallint" >1735</id_prov><id_comunidad type="smallint" >292</id_comunidad><prov_name type="varchar"  label="County">Nobles</prov_name><ind_active type="tinyint"  label="Active">1</ind_active></row>
<row><id_prov type="smallint" >1736</id_prov><id_comunidad type="smallint" >292</id_comunidad><prov_name type="varchar"  label="County">Rice</prov_name><ind_active type="tinyint"  label="Active">1</ind_active></row>
<row><id_prov type="smallint" >1737</id_prov><id_comunidad type="smallint" >292</id_comunidad><prov_name type="varchar"  label="County">Nicollet</prov_name><ind_active type="tinyint"  label="Active">1</ind_active></row>
<row><id_prov type="smallint" >1738</id_prov><id_comunidad type="smallint" >292</id_comunidad><prov_name type="varchar"  label="County">Lincoln</prov_name><ind_active type="tinyint"  label="Active">1</ind_active></row>
<row><id_prov type="smallint" >1739</id_prov><id_comunidad type="smallint" >292</id_comunidad><prov_name type="varchar"  label="County">Jackson</prov_name><ind_active type="tinyint"  label="Active">1</ind_active></row>
<row><id_prov type="smallint" >1740</id_prov><id_comunidad type="smallint" >292</id_comunidad><prov_name type="varchar"  label="County">Lake</prov_name><ind_active type="tinyint"  label="Active">1</ind_active></row>
<row><id_prov type="smallint" >1741</id_prov><id_comunidad type="smallint" >292</id_comunidad><prov_name type="varchar"  label="County">Beltrami</prov_name><ind_active type="tinyint"  label="Active">1</ind_active></row>
<row><id_prov type="smallint" >1742</id_prov><id_comunidad type="smallint" >292</id_comunidad><prov_name type="varchar"  label="County">Dakota</prov_name><ind_active type="tinyint"  label="Active">1</ind_active></row>
<row><id_prov type="smallint" >1743</id_prov><id_comunidad type="smallint" >292</id_comunidad><prov_name type="varchar"  label="County">Wilkin</prov_name><ind_active type="tinyint"  label="Active">1</ind_active></row>
<row><id_prov type="smallint" >1744</id_prov><id_comunidad type="smallint" >292</id_comunidad><prov_name type="varchar"  label="County">Cass</prov_name><ind_active type="tinyint"  label="Active">1</ind_active></row>
<row><id_prov type="smallint" >1745</id_prov><id_comunidad type="smallint" >292</id_comunidad><prov_name type="varchar"  label="County">Rock</prov_name><ind_active type="tinyint"  label="Active">1</ind_active></row>
<row><id_prov type="smallint" >1746</id_prov><id_comunidad type="smallint" >292</id_comunidad><prov_name type="varchar"  label="County">Morrison</prov_name><ind_active type="tinyint"  label="Active">1</ind_active></row>
<row><id_prov type="smallint" >1747</id_prov><id_comunidad type="smallint" >292</id_comunidad><prov_name type="varchar"  label="County">Roseau</prov_name><ind_active type="tinyint"  label="Active">1</ind_active></row>
<row><id_prov type="smallint" >1748</id_prov><id_comunidad type="smallint" >292</id_comunidad><prov_name type="varchar"  label="County">Kanabec</prov_name><ind_active type="tinyint"  label="Active">1</ind_active></row>
<row><id_prov type="smallint" >1749</id_prov><id_comunidad type="smallint" >292</id_comunidad><prov_name type="varchar"  label="County">Lake of the Woods</prov_name><ind_active type="tinyint"  label="Active">1</ind_active></row>
<row><id_prov type="smallint" >1750</id_prov><id_comunidad type="smallint" >292</id_comunidad><prov_name type="varchar"  label="County">Mower</prov_name><ind_active type="tinyint"  label="Active">1</ind_active></row>
<row><id_prov type="smallint" >1751</id_prov><id_comunidad type="smallint" >292</id_comunidad><prov_name type="varchar"  label="County">Martin</prov_name><ind_active type="tinyint"  label="Active">1</ind_active></row>
<row><id_prov type="smallint" >1752</id_prov><id_comunidad type="smallint" >292</id_comunidad><prov_name type="varchar"  label="County">Murray</prov_name><ind_active type="tinyint"  label="Active">1</ind_active></row>
<row><id_prov type="smallint" >1753</id_prov><id_comunidad type="smallint" >292</id_comunidad><prov_name type="varchar"  label="County">Clay</prov_name><ind_active type="tinyint"  label="Active">1</ind_active></row>
<row><id_prov type="smallint" >1754</id_prov><id_comunidad type="smallint" >292</id_comunidad><prov_name type="varchar"  label="County">Kandiyohi</prov_name><ind_active type="tinyint"  label="Active">1</ind_active></row>
<row><id_prov type="smallint" >1755</id_prov><id_comunidad type="smallint" >292</id_comunidad><prov_name type="varchar"  label="County">Marshall</prov_name><ind_active type="tinyint"  label="Active">1</ind_active></row>
</provincia>
</root>