<?xml version="1.0" encoding="UTF-8"?>
<root>
<provincia>
<row><id_prov type="smallint" >1838</id_prov><id_comunidad type="smallint" >294</id_comunidad><prov_name type="varchar"  label="County">Camden</prov_name><ind_active type="tinyint"  label="Active">1</ind_active></row>
<row><id_prov type="smallint" >1839</id_prov><id_comunidad type="smallint" >294</id_comunidad><prov_name type="varchar"  label="County">Henry</prov_name><ind_active type="tinyint"  label="Active">1</ind_active></row>
<row><id_prov type="smallint" >1840</id_prov><id_comunidad type="smallint" >294</id_comunidad><prov_name type="varchar"  label="County">Iron</prov_name><ind_active type="tinyint"  label="Active">1</ind_active></row>
<row><id_prov type="smallint" >1841</id_prov><id_comunidad type="smallint" >294</id_comunidad><prov_name type="varchar"  label="County">Callaway</prov_name><ind_active type="tinyint"  label="Active">1</ind_active></row>
<row><id_prov type="smallint" >1842</id_prov><id_comunidad type="smallint" >294</id_comunidad><prov_name type="varchar"  label="County">Knox</prov_name><ind_active type="tinyint"  label="Active">1</ind_active></row>
<row><id_prov type="smallint" >1843</id_prov><id_comunidad type="smallint" >294</id_comunidad><prov_name type="varchar"  label="County">Jefferson</prov_name><ind_active type="tinyint"  label="Active">1</ind_active></row>
<row><id_prov type="smallint" >1844</id_prov><id_comunidad type="smallint" >294</id_comunidad><prov_name type="varchar"  label="County">Johnson</prov_name><ind_active type="tinyint"  label="Active">1</ind_active></row>
<row><id_prov type="smallint" >1845</id_prov><id_comunidad type="smallint" >294</id_comunidad><prov_name type="varchar"  label="County">Caldwell</prov_name><ind_active type="tinyint"  label="Active">1</ind_active></row>
<row><id_prov type="smallint" >1846</id_prov><id_comunidad type="smallint" >294</id_comunidad><prov_name type="varchar"  label="County">Carroll</prov_name><ind_active type="tinyint"  label="Active">1</ind_active></row>
<row><id_prov type="smallint" >1847</id_prov><id_comunidad type="smallint" >294</id_comunidad><prov_name type="varchar"  label="County">Holt</prov_name><ind_active type="tinyint"  label="Active">1</ind_active></row>
<row><id_prov type="smallint" >1848</id_prov><id_comunidad type="smallint" >294</id_comunidad><prov_name type="varchar"  label="County">Lawrence</prov_name><ind_active type="tinyint"  label="Active">1</ind_active></row>
<row><id_prov type="smallint" >1849</id_prov><id_comunidad type="smallint" >294</id_comunidad><prov_name type="varchar"  label="County">Laclede</prov_name><ind_active type="tinyint"  label="Active">1</ind_active></row>
<row><id_prov type="smallint" >1850</id_prov><id_comunidad type="smallint" >294</id_comunidad><prov_name type="varchar"  label="County">Jackson</prov_name><ind_active type="tinyint"  label="Active">1</ind_active></row>
<row><id_prov type="smallint" >1851</id_prov><id_comunidad type="smallint" >294</id_comunidad><prov_name type="varchar"  label="County">Howard</prov_name><ind_active type="tinyint"  label="Active">1</ind_active></row>
<row><id_prov type="smallint" >1852</id_prov><id_comunidad type="smallint" >294</id_comunidad><prov_name type="varchar"  label="County">Carter</prov_name><ind_active type="tinyint"  label="Active">1</ind_active></row>
<row><id_prov type="smallint" >1853</id_prov><id_comunidad type="smallint" >294</id_comunidad><prov_name type="varchar"  label="County">Lafayette</prov_name><ind_active type="tinyint"  label="Active">1</ind_active></row>
<row><id_prov type="smallint" >1854</id_prov><id_comunidad type="smallint" >294</id_comunidad><prov_name type="varchar"  label="County">Cass</prov_name><ind_active type="tinyint"  label="Active">1</ind_active></row>
<row><id_prov type="smallint" >1855</id_prov><id_comunidad type="smallint" >294</id_comunidad><prov_name type="varchar"  label="County">Cape Girardeau</prov_name><ind_active type="tinyint"  label="Active">1</ind_active></row>
<row><id_prov type="smallint" >1856</id_prov><id_comunidad type="smallint" >294</id_comunidad><prov_name type="varchar"  label="County">Phelps</prov_name><ind_active type="tinyint"  label="Active">1</ind_active></row>
<row><id_prov type="smallint" >1857</id_prov><id_comunidad type="smallint" >294</id_comunidad><prov_name type="varchar"  label="County">Hickory</prov_name><ind_active type="tinyint"  label="Active">1</ind_active></row>
<row><id_prov type="smallint" >1858</id_prov><id_comunidad type="smallint" >294</id_comunidad><prov_name type="varchar"  label="County">Jasper</prov_name><ind_active type="tinyint"  label="Active">1</ind_active></row>
<row><id_prov type="smallint" >1859</id_prov><id_comunidad type="smallint" >294</id_comunidad><prov_name type="varchar"  label="County">Howell</prov_name><ind_active type="tinyint"  label="Active">1</ind_active></row>
<row><id_prov type="smallint" >1860</id_prov><id_comunidad type="smallint" >294</id_comunidad><prov_name type="varchar"  label="County">Saint Clair</prov_name><ind_active type="tinyint"  label="Active">1</ind_active></row>
<row><id_prov type="smallint" >1861</id_prov><id_comunidad type="smallint" >294</id_comunidad><prov_name type="varchar"  label="County">Christian</prov_name><ind_active type="tinyint"  label="Active">1</ind_active></row>
<row><id_prov type="smallint" >1862</id_prov><id_comunidad type="smallint" >294</id_comunidad><prov_name type="varchar"  label="County">Ralls</prov_name><ind_active type="tinyint"  label="Active">1</ind_active></row>
<row><id_prov type="smallint" >1863</id_prov><id_comunidad type="smallint" >294</id_comunidad><prov_name type="varchar"  label="County">Lewis</prov_name><ind_active type="tinyint"  label="Active">1</ind_active></row>
<row><id_prov type="smallint" >1864</id_prov><id_comunidad type="smallint" >294</id_comunidad><prov_name type="varchar"  label="County">Benton</prov_name><ind_active type="tinyint"  label="Active">1</ind_active></row>
<row><id_prov type="smallint" >1865</id_prov><id_comunidad type="smallint" >294</id_comunidad><prov_name type="varchar"  label="County">Ray</prov_name><ind_active type="tinyint"  label="Active">1</ind_active></row>
<row><id_prov type="smallint" >1866</id_prov><id_comunidad type="smallint" >294</id_comunidad><prov_name type="varchar"  label="County">Reynolds</prov_name><ind_active type="tinyint"  label="Active">1</ind_active></row>
<row><id_prov type="smallint" >1867</id_prov><id_comunidad type="smallint" >294</id_comunidad><prov_name type="varchar"  label="County">New Madrid</prov_name><ind_active type="tinyint"  label="Active">1</ind_active></row>
<row><id_prov type="smallint" >1868</id_prov><id_comunidad type="smallint" >294</id_comunidad><prov_name type="varchar"  label="County">Saint Charles</prov_name><ind_active type="tinyint"  label="Active">1</ind_active></row>
<row><id_prov type="smallint" >1869</id_prov><id_comunidad type="smallint" >294</id_comunidad><prov_name type="varchar"  label="County">Polk</prov_name><ind_active type="tinyint"  label="Active">1</ind_active></row>
<row><id_prov type="smallint" >1870</id_prov><id_comunidad type="smallint" >294</id_comunidad><prov_name type="varchar"  label="County">Sainte Genevieve</prov_name><ind_active type="tinyint"  label="Active">1</ind_active></row>
<row><id_prov type="smallint" >1871</id_prov><id_comunidad type="smallint" >294</id_comunidad><prov_name type="varchar"  label="County">Saint Francois</prov_name><ind_active type="tinyint"  label="Active">1</ind_active></row>
<row><id_prov type="smallint" >1872</id_prov><id_comunidad type="smallint" >294</id_comunidad><prov_name type="varchar"  label="County">Saint Louis</prov_name><ind_active type="tinyint"  label="Active">1</ind_active></row>
<row><id_prov type="smallint" >1873</id_prov><id_comunidad type="smallint" >294</id_comunidad><prov_name type="varchar"  label="County">Saint Louis</prov_name><ind_active type="tinyint"  label="Active">1</ind_active></row>
<row><id_prov type="smallint" >1874</id_prov><id_comunidad type="smallint" >294</id_comunidad><prov_name type="varchar"  label="County">Saline</prov_name><ind_active type="tinyint"  label="Active">1</ind_active></row>
<row><id_prov type="smallint" >1875</id_prov><id_comunidad type="smallint" >294</id_comunidad><prov_name type="varchar"  label="County">Bates</prov_name><ind_active type="tinyint"  label="Active">1</ind_active></row>
<row><id_prov type="smallint" >1876</id_prov><id_comunidad type="smallint" >294</id_comunidad><prov_name type="varchar"  label="County">Ripley</prov_name><ind_active type="tinyint"  label="Active">1</ind_active></row>
<row><id_prov type="smallint" >1877</id_prov><id_comunidad type="smallint" >294</id_comunidad><prov_name type="varchar"  label="County">Bollinger</prov_name><ind_active type="tinyint"  label="Active">1</ind_active></row>
<row><id_prov type="smallint" >1878</id_prov><id_comunidad type="smallint" >294</id_comunidad><prov_name type="varchar"  label="County">Gentry</prov_name><ind_active type="tinyint"  label="Active">1</ind_active></row>
<row><id_prov type="smallint" >1879</id_prov><id_comunidad type="smallint" >294</id_comunidad><prov_name type="varchar"  label="County">Newton</prov_name><ind_active type="tinyint"  label="Active">1</ind_active></row>
<row><id_prov type="smallint" >1880</id_prov><id_comunidad type="smallint" >294</id_comunidad><prov_name type="varchar"  label="County">Nodaway</prov_name><ind_active type="tinyint"  label="Active">1</ind_active></row>
<row><id_prov type="smallint" >1881</id_prov><id_comunidad type="smallint" >294</id_comunidad><prov_name type="varchar"  label="County">Gasconade</prov_name><ind_active type="tinyint"  label="Active">1</ind_active></row>
<row><id_prov type="smallint" >1882</id_prov><id_comunidad type="smallint" >294</id_comunidad><prov_name type="varchar"  label="County">Boone</prov_name><ind_active type="tinyint"  label="Active">1</ind_active></row>
<row><id_prov type="smallint" >1883</id_prov><id_comunidad type="smallint" >294</id_comunidad><prov_name type="varchar"  label="County">Oregon</prov_name><ind_active type="tinyint"  label="Active">1</ind_active></row>
<row><id_prov type="smallint" >1884</id_prov><id_comunidad type="smallint" >294</id_comunidad><prov_name type="varchar"  label="County">Putnam</prov_name><ind_active type="tinyint"  label="Active">1</ind_active></row>
<row><id_prov type="smallint" >1885</id_prov><id_comunidad type="smallint" >294</id_comunidad><prov_name type="varchar"  label="County">Ozark</prov_name><ind_active type="tinyint"  label="Active">1</ind_active></row>
<row><id_prov type="smallint" >1886</id_prov><id_comunidad type="smallint" >294</id_comunidad><prov_name type="varchar"  label="County">Pulaski</prov_name><ind_active type="tinyint"  label="Active">1</ind_active></row>
<row><id_prov type="smallint" >1887</id_prov><id_comunidad type="smallint" >294</id_comunidad><prov_name type="varchar"  label="County">Franklin</prov_name><ind_active type="tinyint"  label="Active">1</ind_active></row>
<row><id_prov type="smallint" >1888</id_prov><id_comunidad type="smallint" >294</id_comunidad><prov_name type="varchar"  label="County">Pemiscot</prov_name><ind_active type="tinyint"  label="Active">1</ind_active></row>
<row><id_prov type="smallint" >1889</id_prov><id_comunidad type="smallint" >294</id_comunidad><prov_name type="varchar"  label="County">Perry</prov_name><ind_active type="tinyint"  label="Active">1</ind_active></row>
<row><id_prov type="smallint" >1890</id_prov><id_comunidad type="smallint" >294</id_comunidad><prov_name type="varchar"  label="County">Pettis</prov_name><ind_active type="tinyint"  label="Active">1</ind_active></row>
<row><id_prov type="smallint" >1891</id_prov><id_comunidad type="smallint" >294</id_comunidad><prov_name type="varchar"  label="County">Pike</prov_name><ind_active type="tinyint"  label="Active">1</ind_active></row>
<row><id_prov type="smallint" >1892</id_prov><id_comunidad type="smallint" >294</id_comunidad><prov_name type="varchar"  label="County">Platte</prov_name><ind_active type="tinyint"  label="Active">1</ind_active></row>
<row><id_prov type="smallint" >1893</id_prov><id_comunidad type="smallint" >294</id_comunidad><prov_name type="varchar"  label="County">Scotland</prov_name><ind_active type="tinyint"  label="Active">1</ind_active></row>
<row><id_prov type="smallint" >1894</id_prov><id_comunidad type="smallint" >294</id_comunidad><prov_name type="varchar"  label="County">Osage</prov_name><ind_active type="tinyint"  label="Active">1</ind_active></row>
<row><id_prov type="smallint" >1895</id_prov><id_comunidad type="smallint" >294</id_comunidad><prov_name type="varchar"  label="County">Wayne</prov_name><ind_active type="tinyint"  label="Active">1</ind_active></row>
<row><id_prov type="smallint" >1896</id_prov><id_comunidad type="smallint" >294</id_comunidad><prov_name type="varchar"  label="County">Barton</prov_name><ind_active type="tinyint"  label="Active">1</ind_active></row>
<row><id_prov type="smallint" >1897</id_prov><id_comunidad type="smallint" >294</id_comunidad><prov_name type="varchar"  label="County">Dallas</prov_name><ind_active type="tinyint"  label="Active">1</ind_active></row>
<row><id_prov type="smallint" >1898</id_prov><id_comunidad type="smallint" >294</id_comunidad><prov_name type="varchar"  label="County">Dade</prov_name><ind_active type="tinyint"  label="Active">1</ind_active></row>
<row><id_prov type="smallint" >1899</id_prov><id_comunidad type="smallint" >294</id_comunidad><prov_name type="varchar"  label="County">Vernon</prov_name><ind_active type="tinyint"  label="Active">1</ind_active></row>
<row><id_prov type="smallint" >1900</id_prov><id_comunidad type="smallint" >294</id_comunidad><prov_name type="varchar"  label="County">Andrew</prov_name><ind_active type="tinyint"  label="Active">1</ind_active></row>
<row><id_prov type="smallint" >1901</id_prov><id_comunidad type="smallint" >294</id_comunidad><prov_name type="varchar"  label="County">Warren</prov_name><ind_active type="tinyint"  label="Active">1</ind_active></row>
<row><id_prov type="smallint" >1902</id_prov><id_comunidad type="smallint" >294</id_comunidad><prov_name type="varchar"  label="County">Daviess</prov_name><ind_active type="tinyint"  label="Active">1</ind_active></row>
<row><id_prov type="smallint" >1903</id_prov><id_comunidad type="smallint" >294</id_comunidad><prov_name type="varchar"  label="County">Washington</prov_name><ind_active type="tinyint"  label="Active">1</ind_active></row>
<row><id_prov type="smallint" >1904</id_prov><id_comunidad type="smallint" >294</id_comunidad><prov_name type="varchar"  label="County">Texas</prov_name><ind_active type="tinyint"  label="Active">1</ind_active></row>
<row><id_prov type="smallint" >1905</id_prov><id_comunidad type="smallint" >294</id_comunidad><prov_name type="varchar"  label="County">Cooper</prov_name><ind_active type="tinyint"  label="Active">1</ind_active></row>
<row><id_prov type="smallint" >1906</id_prov><id_comunidad type="smallint" >294</id_comunidad><prov_name type="varchar"  label="County">Webster</prov_name><ind_active type="tinyint"  label="Active">1</ind_active></row>
<row><id_prov type="smallint" >1907</id_prov><id_comunidad type="smallint" >294</id_comunidad><prov_name type="varchar"  label="County">Clinton</prov_name><ind_active type="tinyint"  label="Active">1</ind_active></row>
<row><id_prov type="smallint" >1908</id_prov><id_comunidad type="smallint" >294</id_comunidad><prov_name type="varchar"  label="County">Worth</prov_name><ind_active type="tinyint"  label="Active">1</ind_active></row>
<row><id_prov type="smallint" >1909</id_prov><id_comunidad type="smallint" >294</id_comunidad><prov_name type="varchar"  label="County">Wright</prov_name><ind_active type="tinyint"  label="Active">1</ind_active></row>
<row><id_prov type="smallint" >1910</id_prov><id_comunidad type="smallint" >294</id_comunidad><prov_name type="varchar"  label="County">Cole</prov_name><ind_active type="tinyint"  label="Active">1</ind_active></row>
<row><id_prov type="smallint" >1911</id_prov><id_comunidad type="smallint" >294</id_comunidad><prov_name type="varchar"  label="County">Adair</prov_name><ind_active type="tinyint"  label="Active">1</ind_active></row>
<row><id_prov type="smallint" >1912</id_prov><id_comunidad type="smallint" >294</id_comunidad><prov_name type="varchar"  label="County">Crawford</prov_name><ind_active type="tinyint"  label="Active">1</ind_active></row>
<row><id_prov type="smallint" >1913</id_prov><id_comunidad type="smallint" >294</id_comunidad><prov_name type="varchar"  label="County">Stoddard</prov_name><ind_active type="tinyint"  label="Active">1</ind_active></row>
<row><id_prov type="smallint" >1914</id_prov><id_comunidad type="smallint" >294</id_comunidad><prov_name type="varchar"  label="County">Randolph</prov_name><ind_active type="tinyint"  label="Active">1</ind_active></row>
<row><id_prov type="smallint" >1915</id_prov><id_comunidad type="smallint" >294</id_comunidad><prov_name type="varchar"  label="County">Clark</prov_name><ind_active type="tinyint"  label="Active">1</ind_active></row>
<row><id_prov type="smallint" >1916</id_prov><id_comunidad type="smallint" >294</id_comunidad><prov_name type="varchar"  label="County">Scott</prov_name><ind_active type="tinyint"  label="Active">1</ind_active></row>
<row><id_prov type="smallint" >1917</id_prov><id_comunidad type="smallint" >294</id_comunidad><prov_name type="varchar"  label="County">Dunklin</prov_name><ind_active type="tinyint"  label="Active">1</ind_active></row>
<row><id_prov type="smallint" >1918</id_prov><id_comunidad type="smallint" >294</id_comunidad><prov_name type="varchar"  label="County">Barry</prov_name><ind_active type="tinyint"  label="Active">1</ind_active></row>
<row><id_prov type="smallint" >1919</id_prov><id_comunidad type="smallint" >294</id_comunidad><prov_name type="varchar"  label="County">Shannon</prov_name><ind_active type="tinyint"  label="Active">1</ind_active></row>
<row><id_prov type="smallint" >1920</id_prov><id_comunidad type="smallint" >294</id_comunidad><prov_name type="varchar"  label="County">Clay</prov_name><ind_active type="tinyint"  label="Active">1</ind_active></row>
<row><id_prov type="smallint" >1921</id_prov><id_comunidad type="smallint" >294</id_comunidad><prov_name type="varchar"  label="County">Douglas</prov_name><ind_active type="tinyint"  label="Active">1</ind_active></row>
<row><id_prov type="smallint" >1922</id_prov><id_comunidad type="smallint" >294</id_comunidad><prov_name type="varchar"  label="County">Schuyler</prov_name><ind_active type="tinyint"  label="Active">1</ind_active></row>
<row><id_prov type="smallint" >1923</id_prov><id_comunidad type="smallint" >294</id_comunidad><prov_name type="varchar"  label="County">Stone</prov_name><ind_active type="tinyint"  label="Active">1</ind_active></row>
<row><id_prov type="smallint" >1924</id_prov><id_comunidad type="smallint" >294</id_comunidad><prov_name type="varchar"  label="County">Sullivan</prov_name><ind_active type="tinyint"  label="Active">1</ind_active></row>
<row><id_prov type="smallint" >1925</id_prov><id_comunidad type="smallint" >294</id_comunidad><prov_name type="varchar"  label="County">Dent</prov_name><ind_active type="tinyint"  label="Active">1</ind_active></row>
<row><id_prov type="smallint" >1926</id_prov><id_comunidad type="smallint" >294</id_comunidad><prov_name type="varchar"  label="County">Audrain</prov_name><ind_active type="tinyint"  label="Active">1</ind_active></row>
<row><id_prov type="smallint" >1927</id_prov><id_comunidad type="smallint" >294</id_comunidad><prov_name type="varchar"  label="County">Taney</prov_name><ind_active type="tinyint"  label="Active">1</ind_active></row>
<row><id_prov type="smallint" >1928</id_prov><id_comunidad type="smallint" >294</id_comunidad><prov_name type="varchar"  label="County">Atchison</prov_name><ind_active type="tinyint"  label="Active">1</ind_active></row>
<row><id_prov type="smallint" >1929</id_prov><id_comunidad type="smallint" >294</id_comunidad><prov_name type="varchar"  label="County">DeKalb</prov_name><ind_active type="tinyint"  label="Active">1</ind_active></row>
<row><id_prov type="smallint" >1930</id_prov><id_comunidad type="smallint" >294</id_comunidad><prov_name type="varchar"  label="County">Shelby</prov_name><ind_active type="tinyint"  label="Active">1</ind_active></row>
<row><id_prov type="smallint" >1931</id_prov><id_comunidad type="smallint" >294</id_comunidad><prov_name type="varchar"  label="County">McDonald</prov_name><ind_active type="tinyint"  label="Active">1</ind_active></row>
<row><id_prov type="smallint" >1932</id_prov><id_comunidad type="smallint" >294</id_comunidad><prov_name type="varchar"  label="County">Macon</prov_name><ind_active type="tinyint"  label="Active">1</ind_active></row>
<row><id_prov type="smallint" >1933</id_prov><id_comunidad type="smallint" >294</id_comunidad><prov_name type="varchar"  label="County">Madison</prov_name><ind_active type="tinyint"  label="Active">1</ind_active></row>
<row><id_prov type="smallint" >1934</id_prov><id_comunidad type="smallint" >294</id_comunidad><prov_name type="varchar"  label="County">Chariton</prov_name><ind_active type="tinyint"  label="Active">1</ind_active></row>
<row><id_prov type="smallint" >1935</id_prov><id_comunidad type="smallint" >294</id_comunidad><prov_name type="varchar"  label="County">Maries</prov_name><ind_active type="tinyint"  label="Active">1</ind_active></row>
<row><id_prov type="smallint" >1936</id_prov><id_comunidad type="smallint" >294</id_comunidad><prov_name type="varchar"  label="County">Marion</prov_name><ind_active type="tinyint"  label="Active">1</ind_active></row>
<row><id_prov type="smallint" >1937</id_prov><id_comunidad type="smallint" >294</id_comunidad><prov_name type="varchar"  label="County">Cedar</prov_name><ind_active type="tinyint"  label="Active">1</ind_active></row>
<row><id_prov type="smallint" >1938</id_prov><id_comunidad type="smallint" >294</id_comunidad><prov_name type="varchar"  label="County">Grundy</prov_name><ind_active type="tinyint"  label="Active">1</ind_active></row>
<row><id_prov type="smallint" >1939</id_prov><id_comunidad type="smallint" >294</id_comunidad><prov_name type="varchar"  label="County">Montgomery</prov_name><ind_active type="tinyint"  label="Active">1</ind_active></row>
<row><id_prov type="smallint" >1940</id_prov><id_comunidad type="smallint" >294</id_comunidad><prov_name type="varchar"  label="County">Greene</prov_name><ind_active type="tinyint"  label="Active">1</ind_active></row>
<row><id_prov type="smallint" >1941</id_prov><id_comunidad type="smallint" >294</id_comunidad><prov_name type="varchar"  label="County">Monroe</prov_name><ind_active type="tinyint"  label="Active">1</ind_active></row>
<row><id_prov type="smallint" >1942</id_prov><id_comunidad type="smallint" >294</id_comunidad><prov_name type="varchar"  label="County">Moniteau</prov_name><ind_active type="tinyint"  label="Active">1</ind_active></row>
<row><id_prov type="smallint" >1943</id_prov><id_comunidad type="smallint" >294</id_comunidad><prov_name type="varchar"  label="County">Mercer</prov_name><ind_active type="tinyint"  label="Active">1</ind_active></row>
<row><id_prov type="smallint" >1944</id_prov><id_comunidad type="smallint" >294</id_comunidad><prov_name type="varchar"  label="County">Mississippi</prov_name><ind_active type="tinyint"  label="Active">1</ind_active></row>
<row><id_prov type="smallint" >1945</id_prov><id_comunidad type="smallint" >294</id_comunidad><prov_name type="varchar"  label="County">Miller</prov_name><ind_active type="tinyint"  label="Active">1</ind_active></row>
<row><id_prov type="smallint" >1946</id_prov><id_comunidad type="smallint" >294</id_comunidad><prov_name type="varchar"  label="County">Buchanan</prov_name><ind_active type="tinyint"  label="Active">1</ind_active></row>
<row><id_prov type="smallint" >1947</id_prov><id_comunidad type="smallint" >294</id_comunidad><prov_name type="varchar"  label="County">Lincoln</prov_name><ind_active type="tinyint"  label="Active">1</ind_active></row>
<row><id_prov type="smallint" >1948</id_prov><id_comunidad type="smallint" >294</id_comunidad><prov_name type="varchar"  label="County">Harrison</prov_name><ind_active type="tinyint"  label="Active">1</ind_active></row>
<row><id_prov type="smallint" >1949</id_prov><id_comunidad type="smallint" >294</id_comunidad><prov_name type="varchar"  label="County">Linn</prov_name><ind_active type="tinyint"  label="Active">1</ind_active></row>
<row><id_prov type="smallint" >1950</id_prov><id_comunidad type="smallint" >294</id_comunidad><prov_name type="varchar"  label="County">Livingston</prov_name><ind_active type="tinyint"  label="Active">1</ind_active></row>
<row><id_prov type="smallint" >1951</id_prov><id_comunidad type="smallint" >294</id_comunidad><prov_name type="varchar"  label="County">Butler</prov_name><ind_active type="tinyint"  label="Active">1</ind_active></row>
<row><id_prov type="smallint" >1952</id_prov><id_comunidad type="smallint" >294</id_comunidad><prov_name type="varchar"  label="County">Morgan</prov_name><ind_active type="tinyint"  label="Active">1</ind_active></row>
</provincia>
</root>