<?xml version="1.0" encoding="UTF-8"?>
<root>
<provincia>
<row><id_prov type="smallint" >1756</id_prov><id_comunidad type="smallint" >293</id_comunidad><prov_name type="varchar"  label="County">Leflore</prov_name><ind_active type="tinyint"  label="Active">1</ind_active></row>
<row><id_prov type="smallint" >1757</id_prov><id_comunidad type="smallint" >293</id_comunidad><prov_name type="varchar"  label="County">Copiah</prov_name><ind_active type="tinyint"  label="Active">1</ind_active></row>
<row><id_prov type="smallint" >1758</id_prov><id_comunidad type="smallint" >293</id_comunidad><prov_name type="varchar"  label="County">Wilkinson</prov_name><ind_active type="tinyint"  label="Active">1</ind_active></row>
<row><id_prov type="smallint" >1759</id_prov><id_comunidad type="smallint" >293</id_comunidad><prov_name type="varchar"  label="County">Yalobusha</prov_name><ind_active type="tinyint"  label="Active">1</ind_active></row>
<row><id_prov type="smallint" >1760</id_prov><id_comunidad type="smallint" >293</id_comunidad><prov_name type="varchar"  label="County">Webster</prov_name><ind_active type="tinyint"  label="Active">1</ind_active></row>
<row><id_prov type="smallint" >1761</id_prov><id_comunidad type="smallint" >293</id_comunidad><prov_name type="varchar"  label="County">Adams</prov_name><ind_active type="tinyint"  label="Active">1</ind_active></row>
<row><id_prov type="smallint" >1762</id_prov><id_comunidad type="smallint" >293</id_comunidad><prov_name type="varchar"  label="County">Coahoma</prov_name><ind_active type="tinyint"  label="Active">1</ind_active></row>
<row><id_prov type="smallint" >1763</id_prov><id_comunidad type="smallint" >293</id_comunidad><prov_name type="varchar"  label="County">Yazoo</prov_name><ind_active type="tinyint"  label="Active">1</ind_active></row>
<row><id_prov type="smallint" >1764</id_prov><id_comunidad type="smallint" >293</id_comunidad><prov_name type="varchar"  label="County">Harrison</prov_name><ind_active type="tinyint"  label="Active">1</ind_active></row>
<row><id_prov type="smallint" >1765</id_prov><id_comunidad type="smallint" >293</id_comunidad><prov_name type="varchar"  label="County">Issaquena</prov_name><ind_active type="tinyint"  label="Active">1</ind_active></row>
<row><id_prov type="smallint" >1766</id_prov><id_comunidad type="smallint" >293</id_comunidad><prov_name type="varchar"  label="County">Lee</prov_name><ind_active type="tinyint"  label="Active">1</ind_active></row>
<row><id_prov type="smallint" >1767</id_prov><id_comunidad type="smallint" >293</id_comunidad><prov_name type="varchar"  label="County">Winston</prov_name><ind_active type="tinyint"  label="Active">1</ind_active></row>
<row><id_prov type="smallint" >1768</id_prov><id_comunidad type="smallint" >293</id_comunidad><prov_name type="varchar"  label="County">Alcorn</prov_name><ind_active type="tinyint"  label="Active">1</ind_active></row>
<row><id_prov type="smallint" >1769</id_prov><id_comunidad type="smallint" >293</id_comunidad><prov_name type="varchar"  label="County">Lowndes</prov_name><ind_active type="tinyint"  label="Active">1</ind_active></row>
<row><id_prov type="smallint" >1770</id_prov><id_comunidad type="smallint" >293</id_comunidad><prov_name type="varchar"  label="County">Lincoln</prov_name><ind_active type="tinyint"  label="Active">1</ind_active></row>
<row><id_prov type="smallint" >1771</id_prov><id_comunidad type="smallint" >293</id_comunidad><prov_name type="varchar"  label="County">Jones</prov_name><ind_active type="tinyint"  label="Active">1</ind_active></row>
<row><id_prov type="smallint" >1772</id_prov><id_comunidad type="smallint" >293</id_comunidad><prov_name type="varchar"  label="County">Noxubee</prov_name><ind_active type="tinyint"  label="Active">1</ind_active></row>
<row><id_prov type="smallint" >1773</id_prov><id_comunidad type="smallint" >293</id_comunidad><prov_name type="varchar"  label="County">Newton</prov_name><ind_active type="tinyint"  label="Active">1</ind_active></row>
<row><id_prov type="smallint" >1774</id_prov><id_comunidad type="smallint" >293</id_comunidad><prov_name type="varchar"  label="County">Kemper</prov_name><ind_active type="tinyint"  label="Active">1</ind_active></row>
<row><id_prov type="smallint" >1775</id_prov><id_comunidad type="smallint" >293</id_comunidad><prov_name type="varchar"  label="County">Claiborne</prov_name><ind_active type="tinyint"  label="Active">1</ind_active></row>
<row><id_prov type="smallint" >1776</id_prov><id_comunidad type="smallint" >293</id_comunidad><prov_name type="varchar"  label="County">George</prov_name><ind_active type="tinyint"  label="Active">1</ind_active></row>
<row><id_prov type="smallint" >1777</id_prov><id_comunidad type="smallint" >293</id_comunidad><prov_name type="varchar"  label="County">Neshoba</prov_name><ind_active type="tinyint"  label="Active">1</ind_active></row>
<row><id_prov type="smallint" >1778</id_prov><id_comunidad type="smallint" >293</id_comunidad><prov_name type="varchar"  label="County">Stone</prov_name><ind_active type="tinyint"  label="Active">1</ind_active></row>
<row><id_prov type="smallint" >1779</id_prov><id_comunidad type="smallint" >293</id_comunidad><prov_name type="varchar"  label="County">Montgomery</prov_name><ind_active type="tinyint"  label="Active">1</ind_active></row>
<row><id_prov type="smallint" >1780</id_prov><id_comunidad type="smallint" >293</id_comunidad><prov_name type="varchar"  label="County">Lafayette</prov_name><ind_active type="tinyint"  label="Active">1</ind_active></row>
<row><id_prov type="smallint" >1781</id_prov><id_comunidad type="smallint" >293</id_comunidad><prov_name type="varchar"  label="County">Monroe</prov_name><ind_active type="tinyint"  label="Active">1</ind_active></row>
<row><id_prov type="smallint" >1782</id_prov><id_comunidad type="smallint" >293</id_comunidad><prov_name type="varchar"  label="County">Jefferson Davis</prov_name><ind_active type="tinyint"  label="Active">1</ind_active></row>
<row><id_prov type="smallint" >1783</id_prov><id_comunidad type="smallint" >293</id_comunidad><prov_name type="varchar"  label="County">Scott</prov_name><ind_active type="tinyint"  label="Active">1</ind_active></row>
<row><id_prov type="smallint" >1784</id_prov><id_comunidad type="smallint" >293</id_comunidad><prov_name type="varchar"  label="County">Itawamba</prov_name><ind_active type="tinyint"  label="Active">1</ind_active></row>
<row><id_prov type="smallint" >1785</id_prov><id_comunidad type="smallint" >293</id_comunidad><prov_name type="varchar"  label="County">Simpson</prov_name><ind_active type="tinyint"  label="Active">1</ind_active></row>
<row><id_prov type="smallint" >1786</id_prov><id_comunidad type="smallint" >293</id_comunidad><prov_name type="varchar"  label="County">Smith</prov_name><ind_active type="tinyint"  label="Active">1</ind_active></row>
<row><id_prov type="smallint" >1787</id_prov><id_comunidad type="smallint" >293</id_comunidad><prov_name type="varchar"  label="County">Clarke</prov_name><ind_active type="tinyint"  label="Active">1</ind_active></row>
<row><id_prov type="smallint" >1788</id_prov><id_comunidad type="smallint" >293</id_comunidad><prov_name type="varchar"  label="County">Lamar</prov_name><ind_active type="tinyint"  label="Active">1</ind_active></row>
<row><id_prov type="smallint" >1789</id_prov><id_comunidad type="smallint" >293</id_comunidad><prov_name type="varchar"  label="County">Choctaw</prov_name><ind_active type="tinyint"  label="Active">1</ind_active></row>
<row><id_prov type="smallint" >1790</id_prov><id_comunidad type="smallint" >293</id_comunidad><prov_name type="varchar"  label="County">Pearl River</prov_name><ind_active type="tinyint"  label="Active">1</ind_active></row>
<row><id_prov type="smallint" >1791</id_prov><id_comunidad type="smallint" >293</id_comunidad><prov_name type="varchar"  label="County">Franklin</prov_name><ind_active type="tinyint"  label="Active">1</ind_active></row>
<row><id_prov type="smallint" >1792</id_prov><id_comunidad type="smallint" >293</id_comunidad><prov_name type="varchar"  label="County">Chickasaw</prov_name><ind_active type="tinyint"  label="Active">1</ind_active></row>
<row><id_prov type="smallint" >1793</id_prov><id_comunidad type="smallint" >293</id_comunidad><prov_name type="varchar"  label="County">Perry</prov_name><ind_active type="tinyint"  label="Active">1</ind_active></row>
<row><id_prov type="smallint" >1794</id_prov><id_comunidad type="smallint" >293</id_comunidad><prov_name type="varchar"  label="County">Hinds</prov_name><ind_active type="tinyint"  label="Active">1</ind_active></row>
<row><id_prov type="smallint" >1795</id_prov><id_comunidad type="smallint" >293</id_comunidad><prov_name type="varchar"  label="County">Bolivar</prov_name><ind_active type="tinyint"  label="Active">1</ind_active></row>
<row><id_prov type="smallint" >1796</id_prov><id_comunidad type="smallint" >293</id_comunidad><prov_name type="varchar"  label="County">Forrest</prov_name><ind_active type="tinyint"  label="Active">1</ind_active></row>
<row><id_prov type="smallint" >1797</id_prov><id_comunidad type="smallint" >293</id_comunidad><prov_name type="varchar"  label="County">Rankin</prov_name><ind_active type="tinyint"  label="Active">1</ind_active></row>
<row><id_prov type="smallint" >1798</id_prov><id_comunidad type="smallint" >293</id_comunidad><prov_name type="varchar"  label="County">Pike</prov_name><ind_active type="tinyint"  label="Active">1</ind_active></row>
<row><id_prov type="smallint" >1799</id_prov><id_comunidad type="smallint" >293</id_comunidad><prov_name type="varchar"  label="County">Benton</prov_name><ind_active type="tinyint"  label="Active">1</ind_active></row>
<row><id_prov type="smallint" >1800</id_prov><id_comunidad type="smallint" >293</id_comunidad><prov_name type="varchar"  label="County">Pontotoc</prov_name><ind_active type="tinyint"  label="Active">1</ind_active></row>
<row><id_prov type="smallint" >1801</id_prov><id_comunidad type="smallint" >293</id_comunidad><prov_name type="varchar"  label="County">Holmes</prov_name><ind_active type="tinyint"  label="Active">1</ind_active></row>
<row><id_prov type="smallint" >1802</id_prov><id_comunidad type="smallint" >293</id_comunidad><prov_name type="varchar"  label="County">Prentiss</prov_name><ind_active type="tinyint"  label="Active">1</ind_active></row>
<row><id_prov type="smallint" >1803</id_prov><id_comunidad type="smallint" >293</id_comunidad><prov_name type="varchar"  label="County">Calhoun</prov_name><ind_active type="tinyint"  label="Active">1</ind_active></row>
<row><id_prov type="smallint" >1804</id_prov><id_comunidad type="smallint" >293</id_comunidad><prov_name type="varchar"  label="County">Oktibbeha</prov_name><ind_active type="tinyint"  label="Active">1</ind_active></row>
<row><id_prov type="smallint" >1805</id_prov><id_comunidad type="smallint" >293</id_comunidad><prov_name type="varchar"  label="County">Quitman</prov_name><ind_active type="tinyint"  label="Active">1</ind_active></row>
<row><id_prov type="smallint" >1806</id_prov><id_comunidad type="smallint" >293</id_comunidad><prov_name type="varchar"  label="County">Sharkey</prov_name><ind_active type="tinyint"  label="Active">1</ind_active></row>
<row><id_prov type="smallint" >1807</id_prov><id_comunidad type="smallint" >293</id_comunidad><prov_name type="varchar"  label="County">Panola</prov_name><ind_active type="tinyint"  label="Active">1</ind_active></row>
<row><id_prov type="smallint" >1808</id_prov><id_comunidad type="smallint" >293</id_comunidad><prov_name type="varchar"  label="County">Warren</prov_name><ind_active type="tinyint"  label="Active">1</ind_active></row>
<row><id_prov type="smallint" >1809</id_prov><id_comunidad type="smallint" >293</id_comunidad><prov_name type="varchar"  label="County">Jasper</prov_name><ind_active type="tinyint"  label="Active">1</ind_active></row>
<row><id_prov type="smallint" >1810</id_prov><id_comunidad type="smallint" >293</id_comunidad><prov_name type="varchar"  label="County">Tunica</prov_name><ind_active type="tinyint"  label="Active">1</ind_active></row>
<row><id_prov type="smallint" >1811</id_prov><id_comunidad type="smallint" >293</id_comunidad><prov_name type="varchar"  label="County">Humphreys</prov_name><ind_active type="tinyint"  label="Active">1</ind_active></row>
<row><id_prov type="smallint" >1812</id_prov><id_comunidad type="smallint" >293</id_comunidad><prov_name type="varchar"  label="County">Marshall</prov_name><ind_active type="tinyint"  label="Active">1</ind_active></row>
<row><id_prov type="smallint" >1813</id_prov><id_comunidad type="smallint" >293</id_comunidad><prov_name type="varchar"  label="County">Union</prov_name><ind_active type="tinyint"  label="Active">1</ind_active></row>
<row><id_prov type="smallint" >1814</id_prov><id_comunidad type="smallint" >293</id_comunidad><prov_name type="varchar"  label="County">Jackson</prov_name><ind_active type="tinyint"  label="Active">1</ind_active></row>
<row><id_prov type="smallint" >1815</id_prov><id_comunidad type="smallint" >293</id_comunidad><prov_name type="varchar"  label="County">Marion</prov_name><ind_active type="tinyint"  label="Active">1</ind_active></row>
<row><id_prov type="smallint" >1816</id_prov><id_comunidad type="smallint" >293</id_comunidad><prov_name type="varchar"  label="County">Tishomingo</prov_name><ind_active type="tinyint"  label="Active">1</ind_active></row>
<row><id_prov type="smallint" >1817</id_prov><id_comunidad type="smallint" >293</id_comunidad><prov_name type="varchar"  label="County">Walthall</prov_name><ind_active type="tinyint"  label="Active">1</ind_active></row>
<row><id_prov type="smallint" >1818</id_prov><id_comunidad type="smallint" >293</id_comunidad><prov_name type="varchar"  label="County">Clay</prov_name><ind_active type="tinyint"  label="Active">1</ind_active></row>
<row><id_prov type="smallint" >1819</id_prov><id_comunidad type="smallint" >293</id_comunidad><prov_name type="varchar"  label="County">Amite</prov_name><ind_active type="tinyint"  label="Active">1</ind_active></row>
<row><id_prov type="smallint" >1820</id_prov><id_comunidad type="smallint" >293</id_comunidad><prov_name type="varchar"  label="County">Madison</prov_name><ind_active type="tinyint"  label="Active">1</ind_active></row>
<row><id_prov type="smallint" >1821</id_prov><id_comunidad type="smallint" >293</id_comunidad><prov_name type="varchar"  label="County">Leake</prov_name><ind_active type="tinyint"  label="Active">1</ind_active></row>
<row><id_prov type="smallint" >1822</id_prov><id_comunidad type="smallint" >293</id_comunidad><prov_name type="varchar"  label="County">Washington</prov_name><ind_active type="tinyint"  label="Active">1</ind_active></row>
<row><id_prov type="smallint" >1823</id_prov><id_comunidad type="smallint" >293</id_comunidad><prov_name type="varchar"  label="County">Carroll</prov_name><ind_active type="tinyint"  label="Active">1</ind_active></row>
<row><id_prov type="smallint" >1824</id_prov><id_comunidad type="smallint" >293</id_comunidad><prov_name type="varchar"  label="County">Covington</prov_name><ind_active type="tinyint"  label="Active">1</ind_active></row>
<row><id_prov type="smallint" >1825</id_prov><id_comunidad type="smallint" >293</id_comunidad><prov_name type="varchar"  label="County">Hancock</prov_name><ind_active type="tinyint"  label="Active">1</ind_active></row>
<row><id_prov type="smallint" >1826</id_prov><id_comunidad type="smallint" >293</id_comunidad><prov_name type="varchar"  label="County">Wayne</prov_name><ind_active type="tinyint"  label="Active">1</ind_active></row>
<row><id_prov type="smallint" >1827</id_prov><id_comunidad type="smallint" >293</id_comunidad><prov_name type="varchar"  label="County">Lawrence</prov_name><ind_active type="tinyint"  label="Active">1</ind_active></row>
<row><id_prov type="smallint" >1828</id_prov><id_comunidad type="smallint" >293</id_comunidad><prov_name type="varchar"  label="County">Greene</prov_name><ind_active type="tinyint"  label="Active">1</ind_active></row>
<row><id_prov type="smallint" >1829</id_prov><id_comunidad type="smallint" >293</id_comunidad><prov_name type="varchar"  label="County">Tippah</prov_name><ind_active type="tinyint"  label="Active">1</ind_active></row>
<row><id_prov type="smallint" >1830</id_prov><id_comunidad type="smallint" >293</id_comunidad><prov_name type="varchar"  label="County">Tallahatchie</prov_name><ind_active type="tinyint"  label="Active">1</ind_active></row>
<row><id_prov type="smallint" >1831</id_prov><id_comunidad type="smallint" >293</id_comunidad><prov_name type="varchar"  label="County">Attala</prov_name><ind_active type="tinyint"  label="Active">1</ind_active></row>
<row><id_prov type="smallint" >1832</id_prov><id_comunidad type="smallint" >293</id_comunidad><prov_name type="varchar"  label="County">Sunflower</prov_name><ind_active type="tinyint"  label="Active">1</ind_active></row>
<row><id_prov type="smallint" >1833</id_prov><id_comunidad type="smallint" >293</id_comunidad><prov_name type="varchar"  label="County">DeSoto</prov_name><ind_active type="tinyint"  label="Active">1</ind_active></row>
<row><id_prov type="smallint" >1834</id_prov><id_comunidad type="smallint" >293</id_comunidad><prov_name type="varchar"  label="County">Lauderdale</prov_name><ind_active type="tinyint"  label="Active">1</ind_active></row>
<row><id_prov type="smallint" >1835</id_prov><id_comunidad type="smallint" >293</id_comunidad><prov_name type="varchar"  label="County">Tate</prov_name><ind_active type="tinyint"  label="Active">1</ind_active></row>
<row><id_prov type="smallint" >1836</id_prov><id_comunidad type="smallint" >293</id_comunidad><prov_name type="varchar"  label="County">Jefferson</prov_name><ind_active type="tinyint"  label="Active">1</ind_active></row>
<row><id_prov type="smallint" >1837</id_prov><id_comunidad type="smallint" >293</id_comunidad><prov_name type="varchar"  label="County">Grenada</prov_name><ind_active type="tinyint"  label="Active">1</ind_active></row>
</provincia>
</root>