<?xml version="1.0" encoding="UTF-8"?>
<root>
<provincia>
<row><id_prov type="smallint" >1953</id_prov><id_comunidad type="smallint" >295</id_comunidad><prov_name type="varchar"  label="County">Cascade</prov_name><ind_active type="tinyint"  label="Active">1</ind_active></row>
<row><id_prov type="smallint" >1954</id_prov><id_comunidad type="smallint" >295</id_comunidad><prov_name type="varchar"  label="County">Meagher</prov_name><ind_active type="tinyint"  label="Active">1</ind_active></row>
<row><id_prov type="smallint" >1955</id_prov><id_comunidad type="smallint" >295</id_comunidad><prov_name type="varchar"  label="County">Beaverhead</prov_name><ind_active type="tinyint"  label="Active">1</ind_active></row>
<row><id_prov type="smallint" >1956</id_prov><id_comunidad type="smallint" >295</id_comunidad><prov_name type="varchar"  label="County">Rosebud</prov_name><ind_active type="tinyint"  label="Active">1</ind_active></row>
<row><id_prov type="smallint" >1957</id_prov><id_comunidad type="smallint" >295</id_comunidad><prov_name type="varchar"  label="County">Roosevelt</prov_name><ind_active type="tinyint"  label="Active">1</ind_active></row>
<row><id_prov type="smallint" >1958</id_prov><id_comunidad type="smallint" >295</id_comunidad><prov_name type="varchar"  label="County">Liberty</prov_name><ind_active type="tinyint"  label="Active">1</ind_active></row>
<row><id_prov type="smallint" >1959</id_prov><id_comunidad type="smallint" >295</id_comunidad><prov_name type="varchar"  label="County">Lincoln</prov_name><ind_active type="tinyint"  label="Active">1</ind_active></row>
<row><id_prov type="smallint" >1960</id_prov><id_comunidad type="smallint" >295</id_comunidad><prov_name type="varchar"  label="County">Fallon</prov_name><ind_active type="tinyint"  label="Active">1</ind_active></row>
<row><id_prov type="smallint" >1961</id_prov><id_comunidad type="smallint" >295</id_comunidad><prov_name type="varchar"  label="County">Sanders</prov_name><ind_active type="tinyint"  label="Active">1</ind_active></row>
<row><id_prov type="smallint" >1962</id_prov><id_comunidad type="smallint" >295</id_comunidad><prov_name type="varchar"  label="County">Ravalli</prov_name><ind_active type="tinyint"  label="Active">1</ind_active></row>
<row><id_prov type="smallint" >1963</id_prov><id_comunidad type="smallint" >295</id_comunidad><prov_name type="varchar"  label="County">Lewis and Clark</prov_name><ind_active type="tinyint"  label="Active">1</ind_active></row>
<row><id_prov type="smallint" >1964</id_prov><id_comunidad type="smallint" >295</id_comunidad><prov_name type="varchar"  label="County">Petroleum</prov_name><ind_active type="tinyint"  label="Active">1</ind_active></row>
<row><id_prov type="smallint" >1965</id_prov><id_comunidad type="smallint" >295</id_comunidad><prov_name type="varchar"  label="County">Yellowstone</prov_name><ind_active type="tinyint"  label="Active">1</ind_active></row>
<row><id_prov type="smallint" >1966</id_prov><id_comunidad type="smallint" >295</id_comunidad><prov_name type="varchar"  label="County">Mineral</prov_name><ind_active type="tinyint"  label="Active">1</ind_active></row>
<row><id_prov type="smallint" >1967</id_prov><id_comunidad type="smallint" >295</id_comunidad><prov_name type="varchar"  label="County">Fergus</prov_name><ind_active type="tinyint"  label="Active">1</ind_active></row>
<row><id_prov type="smallint" >1968</id_prov><id_comunidad type="smallint" >295</id_comunidad><prov_name type="varchar"  label="County">Prairie</prov_name><ind_active type="tinyint"  label="Active">1</ind_active></row>
<row><id_prov type="smallint" >1969</id_prov><id_comunidad type="smallint" >295</id_comunidad><prov_name type="varchar"  label="County">Powell</prov_name><ind_active type="tinyint"  label="Active">1</ind_active></row>
<row><id_prov type="smallint" >1970</id_prov><id_comunidad type="smallint" >295</id_comunidad><prov_name type="varchar"  label="County">Powder River</prov_name><ind_active type="tinyint"  label="Active">1</ind_active></row>
<row><id_prov type="smallint" >1971</id_prov><id_comunidad type="smallint" >295</id_comunidad><prov_name type="varchar"  label="County">Richland</prov_name><ind_active type="tinyint"  label="Active">1</ind_active></row>
<row><id_prov type="smallint" >1972</id_prov><id_comunidad type="smallint" >295</id_comunidad><prov_name type="varchar"  label="County">Stillwater</prov_name><ind_active type="tinyint"  label="Active">1</ind_active></row>
<row><id_prov type="smallint" >1973</id_prov><id_comunidad type="smallint" >295</id_comunidad><prov_name type="varchar"  label="County">Dawson</prov_name><ind_active type="tinyint"  label="Active">1</ind_active></row>
<row><id_prov type="smallint" >1974</id_prov><id_comunidad type="smallint" >295</id_comunidad><prov_name type="varchar"  label="County">Toole</prov_name><ind_active type="tinyint"  label="Active">1</ind_active></row>
<row><id_prov type="smallint" >1975</id_prov><id_comunidad type="smallint" >295</id_comunidad><prov_name type="varchar"  label="County">Carter</prov_name><ind_active type="tinyint"  label="Active">1</ind_active></row>
<row><id_prov type="smallint" >1976</id_prov><id_comunidad type="smallint" >295</id_comunidad><prov_name type="varchar"  label="County">Deer Lodge</prov_name><ind_active type="tinyint"  label="Active">1</ind_active></row>
<row><id_prov type="smallint" >1977</id_prov><id_comunidad type="smallint" >295</id_comunidad><prov_name type="varchar"  label="County">Teton</prov_name><ind_active type="tinyint"  label="Active">1</ind_active></row>
<row><id_prov type="smallint" >1978</id_prov><id_comunidad type="smallint" >295</id_comunidad><prov_name type="varchar"  label="County">Daniels</prov_name><ind_active type="tinyint"  label="Active">1</ind_active></row>
<row><id_prov type="smallint" >1979</id_prov><id_comunidad type="smallint" >295</id_comunidad><prov_name type="varchar"  label="County">Sweet Grass</prov_name><ind_active type="tinyint"  label="Active">1</ind_active></row>
<row><id_prov type="smallint" >1980</id_prov><id_comunidad type="smallint" >295</id_comunidad><prov_name type="varchar"  label="County">Custer</prov_name><ind_active type="tinyint"  label="Active">1</ind_active></row>
<row><id_prov type="smallint" >1981</id_prov><id_comunidad type="smallint" >295</id_comunidad><prov_name type="varchar"  label="County">Judith Basin</prov_name><ind_active type="tinyint"  label="Active">1</ind_active></row>
<row><id_prov type="smallint" >1982</id_prov><id_comunidad type="smallint" >295</id_comunidad><prov_name type="varchar"  label="County">Madison</prov_name><ind_active type="tinyint"  label="Active">1</ind_active></row>
<row><id_prov type="smallint" >1983</id_prov><id_comunidad type="smallint" >295</id_comunidad><prov_name type="varchar"  label="County">Wibaux</prov_name><ind_active type="tinyint"  label="Active">1</ind_active></row>
<row><id_prov type="smallint" >1984</id_prov><id_comunidad type="smallint" >295</id_comunidad><prov_name type="varchar"  label="County">Silver Bow</prov_name><ind_active type="tinyint"  label="Active">1</ind_active></row>
<row><id_prov type="smallint" >1985</id_prov><id_comunidad type="smallint" >295</id_comunidad><prov_name type="varchar"  label="County">Valley</prov_name><ind_active type="tinyint"  label="Active">1</ind_active></row>
<row><id_prov type="smallint" >1986</id_prov><id_comunidad type="smallint" >295</id_comunidad><prov_name type="varchar"  label="County">Chouteau</prov_name><ind_active type="tinyint"  label="Active">1</ind_active></row>
<row><id_prov type="smallint" >1987</id_prov><id_comunidad type="smallint" >295</id_comunidad><prov_name type="varchar"  label="County">Carbon</prov_name><ind_active type="tinyint"  label="Active">1</ind_active></row>
<row><id_prov type="smallint" >1988</id_prov><id_comunidad type="smallint" >295</id_comunidad><prov_name type="varchar"  label="County">McCone</prov_name><ind_active type="tinyint"  label="Active">1</ind_active></row>
<row><id_prov type="smallint" >1989</id_prov><id_comunidad type="smallint" >295</id_comunidad><prov_name type="varchar"  label="County">Treasure</prov_name><ind_active type="tinyint"  label="Active">1</ind_active></row>
<row><id_prov type="smallint" >1990</id_prov><id_comunidad type="smallint" >295</id_comunidad><prov_name type="varchar"  label="County">Wheatland</prov_name><ind_active type="tinyint"  label="Active">1</ind_active></row>
<row><id_prov type="smallint" >1991</id_prov><id_comunidad type="smallint" >295</id_comunidad><prov_name type="varchar"  label="County">Sheridan</prov_name><ind_active type="tinyint"  label="Active">1</ind_active></row>
<row><id_prov type="smallint" >1992</id_prov><id_comunidad type="smallint" >295</id_comunidad><prov_name type="varchar"  label="County">Jefferson</prov_name><ind_active type="tinyint"  label="Active">1</ind_active></row>
<row><id_prov type="smallint" >1993</id_prov><id_comunidad type="smallint" >295</id_comunidad><prov_name type="varchar"  label="County">Blaine</prov_name><ind_active type="tinyint"  label="Active">1</ind_active></row>
<row><id_prov type="smallint" >1994</id_prov><id_comunidad type="smallint" >295</id_comunidad><prov_name type="varchar"  label="County">Garfield</prov_name><ind_active type="tinyint"  label="Active">1</ind_active></row>
<row><id_prov type="smallint" >1995</id_prov><id_comunidad type="smallint" >295</id_comunidad><prov_name type="varchar"  label="County">Missoula</prov_name><ind_active type="tinyint"  label="Active">1</ind_active></row>
<row><id_prov type="smallint" >1996</id_prov><id_comunidad type="smallint" >295</id_comunidad><prov_name type="varchar"  label="County">Gallatin</prov_name><ind_active type="tinyint"  label="Active">1</ind_active></row>
<row><id_prov type="smallint" >1997</id_prov><id_comunidad type="smallint" >295</id_comunidad><prov_name type="varchar"  label="County">Phillips</prov_name><ind_active type="tinyint"  label="Active">1</ind_active></row>
<row><id_prov type="smallint" >1998</id_prov><id_comunidad type="smallint" >295</id_comunidad><prov_name type="varchar"  label="County">Lake</prov_name><ind_active type="tinyint"  label="Active">1</ind_active></row>
<row><id_prov type="smallint" >1999</id_prov><id_comunidad type="smallint" >295</id_comunidad><prov_name type="varchar"  label="County">Hill</prov_name><ind_active type="tinyint"  label="Active">1</ind_active></row>
<row><id_prov type="smallint" >2000</id_prov><id_comunidad type="smallint" >295</id_comunidad><prov_name type="varchar"  label="County">Granite</prov_name><ind_active type="tinyint"  label="Active">1</ind_active></row>
<row><id_prov type="smallint" >2001</id_prov><id_comunidad type="smallint" >295</id_comunidad><prov_name type="varchar"  label="County">Flathead</prov_name><ind_active type="tinyint"  label="Active">1</ind_active></row>
<row><id_prov type="smallint" >2002</id_prov><id_comunidad type="smallint" >295</id_comunidad><prov_name type="varchar"  label="County">Golden Valley</prov_name><ind_active type="tinyint"  label="Active">1</ind_active></row>
<row><id_prov type="smallint" >2003</id_prov><id_comunidad type="smallint" >295</id_comunidad><prov_name type="varchar"  label="County">Broadwater</prov_name><ind_active type="tinyint"  label="Active">1</ind_active></row>
<row><id_prov type="smallint" >2004</id_prov><id_comunidad type="smallint" >295</id_comunidad><prov_name type="varchar"  label="County">Musselshell</prov_name><ind_active type="tinyint"  label="Active">1</ind_active></row>
<row><id_prov type="smallint" >2005</id_prov><id_comunidad type="smallint" >295</id_comunidad><prov_name type="varchar"  label="County">Park</prov_name><ind_active type="tinyint"  label="Active">1</ind_active></row>
<row><id_prov type="smallint" >2006</id_prov><id_comunidad type="smallint" >295</id_comunidad><prov_name type="varchar"  label="County">Glacier</prov_name><ind_active type="tinyint"  label="Active">1</ind_active></row>
<row><id_prov type="smallint" >2007</id_prov><id_comunidad type="smallint" >295</id_comunidad><prov_name type="varchar"  label="County">Pondera</prov_name><ind_active type="tinyint"  label="Active">1</ind_active></row>
<row><id_prov type="smallint" >2008</id_prov><id_comunidad type="smallint" >295</id_comunidad><prov_name type="varchar"  label="County">Big Horn</prov_name><ind_active type="tinyint"  label="Active">1</ind_active></row>
</provincia>
</root>