<?xml version="1.0" encoding="UTF-8"?>
<root>
<provincia>
<row><id_prov type="smallint" >2009</id_prov><id_comunidad type="smallint" >297</id_comunidad><prov_name type="varchar"  label="County">Thayer</prov_name><ind_active type="tinyint"  label="Active">1</ind_active></row>
<row><id_prov type="smallint" >2010</id_prov><id_comunidad type="smallint" >297</id_comunidad><prov_name type="varchar"  label="County">Burt</prov_name><ind_active type="tinyint"  label="Active">1</ind_active></row>
<row><id_prov type="smallint" >2011</id_prov><id_comunidad type="smallint" >297</id_comunidad><prov_name type="varchar"  label="County">Garden</prov_name><ind_active type="tinyint"  label="Active">1</ind_active></row>
<row><id_prov type="smallint" >2012</id_prov><id_comunidad type="smallint" >297</id_comunidad><prov_name type="varchar"  label="County">Madison</prov_name><ind_active type="tinyint"  label="Active">1</ind_active></row>
<row><id_prov type="smallint" >2013</id_prov><id_comunidad type="smallint" >297</id_comunidad><prov_name type="varchar"  label="County">Thomas</prov_name><ind_active type="tinyint"  label="Active">1</ind_active></row>
<row><id_prov type="smallint" >2014</id_prov><id_comunidad type="smallint" >297</id_comunidad><prov_name type="varchar"  label="County">Cass</prov_name><ind_active type="tinyint"  label="Active">1</ind_active></row>
<row><id_prov type="smallint" >2015</id_prov><id_comunidad type="smallint" >297</id_comunidad><prov_name type="varchar"  label="County">Cherry</prov_name><ind_active type="tinyint"  label="Active">1</ind_active></row>
<row><id_prov type="smallint" >2016</id_prov><id_comunidad type="smallint" >297</id_comunidad><prov_name type="varchar"  label="County">Deuel</prov_name><ind_active type="tinyint"  label="Active">1</ind_active></row>
<row><id_prov type="smallint" >2017</id_prov><id_comunidad type="smallint" >297</id_comunidad><prov_name type="varchar"  label="County">Gage</prov_name><ind_active type="tinyint"  label="Active">1</ind_active></row>
<row><id_prov type="smallint" >2018</id_prov><id_comunidad type="smallint" >297</id_comunidad><prov_name type="varchar"  label="County">Boone</prov_name><ind_active type="tinyint"  label="Active">1</ind_active></row>
<row><id_prov type="smallint" >2019</id_prov><id_comunidad type="smallint" >297</id_comunidad><prov_name type="varchar"  label="County">Douglas</prov_name><ind_active type="tinyint"  label="Active">1</ind_active></row>
<row><id_prov type="smallint" >2020</id_prov><id_comunidad type="smallint" >297</id_comunidad><prov_name type="varchar"  label="County">Furnas</prov_name><ind_active type="tinyint"  label="Active">1</ind_active></row>
<row><id_prov type="smallint" >2021</id_prov><id_comunidad type="smallint" >297</id_comunidad><prov_name type="varchar"  label="County">Sioux</prov_name><ind_active type="tinyint"  label="Active">1</ind_active></row>
<row><id_prov type="smallint" >2022</id_prov><id_comunidad type="smallint" >297</id_comunidad><prov_name type="varchar"  label="County">Hamilton</prov_name><ind_active type="tinyint"  label="Active">1</ind_active></row>
<row><id_prov type="smallint" >2023</id_prov><id_comunidad type="smallint" >297</id_comunidad><prov_name type="varchar"  label="County">Gosper</prov_name><ind_active type="tinyint"  label="Active">1</ind_active></row>
<row><id_prov type="smallint" >2024</id_prov><id_comunidad type="smallint" >297</id_comunidad><prov_name type="varchar"  label="County">Dixon</prov_name><ind_active type="tinyint"  label="Active">1</ind_active></row>
<row><id_prov type="smallint" >2025</id_prov><id_comunidad type="smallint" >297</id_comunidad><prov_name type="varchar"  label="County">Thurston</prov_name><ind_active type="tinyint"  label="Active">1</ind_active></row>
<row><id_prov type="smallint" >2026</id_prov><id_comunidad type="smallint" >297</id_comunidad><prov_name type="varchar"  label="County">Loup</prov_name><ind_active type="tinyint"  label="Active">1</ind_active></row>
<row><id_prov type="smallint" >2027</id_prov><id_comunidad type="smallint" >297</id_comunidad><prov_name type="varchar"  label="County">Cedar</prov_name><ind_active type="tinyint"  label="Active">1</ind_active></row>
<row><id_prov type="smallint" >2028</id_prov><id_comunidad type="smallint" >297</id_comunidad><prov_name type="varchar"  label="County">Stanton</prov_name><ind_active type="tinyint"  label="Active">1</ind_active></row>
<row><id_prov type="smallint" >2029</id_prov><id_comunidad type="smallint" >297</id_comunidad><prov_name type="varchar"  label="County">Sheridan</prov_name><ind_active type="tinyint"  label="Active">1</ind_active></row>
<row><id_prov type="smallint" >2030</id_prov><id_comunidad type="smallint" >297</id_comunidad><prov_name type="varchar"  label="County">Banner</prov_name><ind_active type="tinyint"  label="Active">1</ind_active></row>
<row><id_prov type="smallint" >2031</id_prov><id_comunidad type="smallint" >297</id_comunidad><prov_name type="varchar"  label="County">Sherman</prov_name><ind_active type="tinyint"  label="Active">1</ind_active></row>
<row><id_prov type="smallint" >2032</id_prov><id_comunidad type="smallint" >297</id_comunidad><prov_name type="varchar"  label="County">Frontier</prov_name><ind_active type="tinyint"  label="Active">1</ind_active></row>
<row><id_prov type="smallint" >2033</id_prov><id_comunidad type="smallint" >297</id_comunidad><prov_name type="varchar"  label="County">Jefferson</prov_name><ind_active type="tinyint"  label="Active">1</ind_active></row>
<row><id_prov type="smallint" >2034</id_prov><id_comunidad type="smallint" >297</id_comunidad><prov_name type="varchar"  label="County">Antelope</prov_name><ind_active type="tinyint"  label="Active">1</ind_active></row>
<row><id_prov type="smallint" >2035</id_prov><id_comunidad type="smallint" >297</id_comunidad><prov_name type="varchar"  label="County">York</prov_name><ind_active type="tinyint"  label="Active">1</ind_active></row>
<row><id_prov type="smallint" >2036</id_prov><id_comunidad type="smallint" >297</id_comunidad><prov_name type="varchar"  label="County">Hayes</prov_name><ind_active type="tinyint"  label="Active">1</ind_active></row>
<row><id_prov type="smallint" >2037</id_prov><id_comunidad type="smallint" >297</id_comunidad><prov_name type="varchar"  label="County">Colfax</prov_name><ind_active type="tinyint"  label="Active">1</ind_active></row>
<row><id_prov type="smallint" >2038</id_prov><id_comunidad type="smallint" >297</id_comunidad><prov_name type="varchar"  label="County">Nance</prov_name><ind_active type="tinyint"  label="Active">1</ind_active></row>
<row><id_prov type="smallint" >2039</id_prov><id_comunidad type="smallint" >297</id_comunidad><prov_name type="varchar"  label="County">Adams</prov_name><ind_active type="tinyint"  label="Active">1</ind_active></row>
<row><id_prov type="smallint" >2040</id_prov><id_comunidad type="smallint" >297</id_comunidad><prov_name type="varchar"  label="County">Nemaha</prov_name><ind_active type="tinyint"  label="Active">1</ind_active></row>
<row><id_prov type="smallint" >2041</id_prov><id_comunidad type="smallint" >297</id_comunidad><prov_name type="varchar"  label="County">Wheeler</prov_name><ind_active type="tinyint"  label="Active">1</ind_active></row>
<row><id_prov type="smallint" >2042</id_prov><id_comunidad type="smallint" >297</id_comunidad><prov_name type="varchar"  label="County">Webster</prov_name><ind_active type="tinyint"  label="Active">1</ind_active></row>
<row><id_prov type="smallint" >2043</id_prov><id_comunidad type="smallint" >297</id_comunidad><prov_name type="varchar"  label="County">Lincoln</prov_name><ind_active type="tinyint"  label="Active">1</ind_active></row>
<row><id_prov type="smallint" >2044</id_prov><id_comunidad type="smallint" >297</id_comunidad><prov_name type="varchar"  label="County">Wayne</prov_name><ind_active type="tinyint"  label="Active">1</ind_active></row>
<row><id_prov type="smallint" >2045</id_prov><id_comunidad type="smallint" >297</id_comunidad><prov_name type="varchar"  label="County">Washington</prov_name><ind_active type="tinyint"  label="Active">1</ind_active></row>
<row><id_prov type="smallint" >2046</id_prov><id_comunidad type="smallint" >297</id_comunidad><prov_name type="varchar"  label="County">Butler</prov_name><ind_active type="tinyint"  label="Active">1</ind_active></row>
<row><id_prov type="smallint" >2047</id_prov><id_comunidad type="smallint" >297</id_comunidad><prov_name type="varchar"  label="County">Garfield</prov_name><ind_active type="tinyint"  label="Active">1</ind_active></row>
<row><id_prov type="smallint" >2048</id_prov><id_comunidad type="smallint" >297</id_comunidad><prov_name type="varchar"  label="County">Cuming</prov_name><ind_active type="tinyint"  label="Active">1</ind_active></row>
<row><id_prov type="smallint" >2049</id_prov><id_comunidad type="smallint" >297</id_comunidad><prov_name type="varchar"  label="County">Nuckolls</prov_name><ind_active type="tinyint"  label="Active">1</ind_active></row>
<row><id_prov type="smallint" >2050</id_prov><id_comunidad type="smallint" >297</id_comunidad><prov_name type="varchar"  label="County">Valley</prov_name><ind_active type="tinyint"  label="Active">1</ind_active></row>
<row><id_prov type="smallint" >2051</id_prov><id_comunidad type="smallint" >297</id_comunidad><prov_name type="varchar"  label="County">Boyd</prov_name><ind_active type="tinyint"  label="Active">1</ind_active></row>
<row><id_prov type="smallint" >2052</id_prov><id_comunidad type="smallint" >297</id_comunidad><prov_name type="varchar"  label="County">Custer</prov_name><ind_active type="tinyint"  label="Active">1</ind_active></row>
<row><id_prov type="smallint" >2053</id_prov><id_comunidad type="smallint" >297</id_comunidad><prov_name type="varchar"  label="County">Logan</prov_name><ind_active type="tinyint"  label="Active">1</ind_active></row>
<row><id_prov type="smallint" >2054</id_prov><id_comunidad type="smallint" >297</id_comunidad><prov_name type="varchar"  label="County">Clay</prov_name><ind_active type="tinyint"  label="Active">1</ind_active></row>
<row><id_prov type="smallint" >2055</id_prov><id_comunidad type="smallint" >297</id_comunidad><prov_name type="varchar"  label="County">Dakota</prov_name><ind_active type="tinyint"  label="Active">1</ind_active></row>
<row><id_prov type="smallint" >2056</id_prov><id_comunidad type="smallint" >297</id_comunidad><prov_name type="varchar"  label="County">Box Butte</prov_name><ind_active type="tinyint"  label="Active">1</ind_active></row>
<row><id_prov type="smallint" >2057</id_prov><id_comunidad type="smallint" >297</id_comunidad><prov_name type="varchar"  label="County">Lancaster</prov_name><ind_active type="tinyint"  label="Active">1</ind_active></row>
<row><id_prov type="smallint" >2058</id_prov><id_comunidad type="smallint" >297</id_comunidad><prov_name type="varchar"  label="County">Dodge</prov_name><ind_active type="tinyint"  label="Active">1</ind_active></row>
<row><id_prov type="smallint" >2059</id_prov><id_comunidad type="smallint" >297</id_comunidad><prov_name type="varchar"  label="County">Dawes</prov_name><ind_active type="tinyint"  label="Active">1</ind_active></row>
<row><id_prov type="smallint" >2060</id_prov><id_comunidad type="smallint" >297</id_comunidad><prov_name type="varchar"  label="County">Otoe</prov_name><ind_active type="tinyint"  label="Active">1</ind_active></row>
<row><id_prov type="smallint" >2061</id_prov><id_comunidad type="smallint" >297</id_comunidad><prov_name type="varchar"  label="County">Arthur</prov_name><ind_active type="tinyint"  label="Active">1</ind_active></row>
<row><id_prov type="smallint" >2062</id_prov><id_comunidad type="smallint" >297</id_comunidad><prov_name type="varchar"  label="County">Dawson</prov_name><ind_active type="tinyint"  label="Active">1</ind_active></row>
<row><id_prov type="smallint" >2063</id_prov><id_comunidad type="smallint" >297</id_comunidad><prov_name type="varchar"  label="County">Harlan</prov_name><ind_active type="tinyint"  label="Active">1</ind_active></row>
<row><id_prov type="smallint" >2064</id_prov><id_comunidad type="smallint" >297</id_comunidad><prov_name type="varchar"  label="County">Hitchcock</prov_name><ind_active type="tinyint"  label="Active">1</ind_active></row>
<row><id_prov type="smallint" >2065</id_prov><id_comunidad type="smallint" >297</id_comunidad><prov_name type="varchar"  label="County">Platte</prov_name><ind_active type="tinyint"  label="Active">1</ind_active></row>
<row><id_prov type="smallint" >2066</id_prov><id_comunidad type="smallint" >297</id_comunidad><prov_name type="varchar"  label="County">Blaine</prov_name><ind_active type="tinyint"  label="Active">1</ind_active></row>
<row><id_prov type="smallint" >2067</id_prov><id_comunidad type="smallint" >297</id_comunidad><prov_name type="varchar"  label="County">Morrill</prov_name><ind_active type="tinyint"  label="Active">1</ind_active></row>
<row><id_prov type="smallint" >2068</id_prov><id_comunidad type="smallint" >297</id_comunidad><prov_name type="varchar"  label="County">Pierce</prov_name><ind_active type="tinyint"  label="Active">1</ind_active></row>
<row><id_prov type="smallint" >2069</id_prov><id_comunidad type="smallint" >297</id_comunidad><prov_name type="varchar"  label="County">Grant</prov_name><ind_active type="tinyint"  label="Active">1</ind_active></row>
<row><id_prov type="smallint" >2070</id_prov><id_comunidad type="smallint" >297</id_comunidad><prov_name type="varchar"  label="County">Hooker</prov_name><ind_active type="tinyint"  label="Active">1</ind_active></row>
<row><id_prov type="smallint" >2071</id_prov><id_comunidad type="smallint" >297</id_comunidad><prov_name type="varchar"  label="County">Saline</prov_name><ind_active type="tinyint"  label="Active">1</ind_active></row>
<row><id_prov type="smallint" >2072</id_prov><id_comunidad type="smallint" >297</id_comunidad><prov_name type="varchar"  label="County">Knox</prov_name><ind_active type="tinyint"  label="Active">1</ind_active></row>
<row><id_prov type="smallint" >2073</id_prov><id_comunidad type="smallint" >297</id_comunidad><prov_name type="varchar"  label="County">Seward</prov_name><ind_active type="tinyint"  label="Active">1</ind_active></row>
<row><id_prov type="smallint" >2074</id_prov><id_comunidad type="smallint" >297</id_comunidad><prov_name type="varchar"  label="County">Red Willow</prov_name><ind_active type="tinyint"  label="Active">1</ind_active></row>
<row><id_prov type="smallint" >2075</id_prov><id_comunidad type="smallint" >297</id_comunidad><prov_name type="varchar"  label="County">Franklin</prov_name><ind_active type="tinyint"  label="Active">1</ind_active></row>
<row><id_prov type="smallint" >2076</id_prov><id_comunidad type="smallint" >297</id_comunidad><prov_name type="varchar"  label="County">Perkins</prov_name><ind_active type="tinyint"  label="Active">1</ind_active></row>
<row><id_prov type="smallint" >2077</id_prov><id_comunidad type="smallint" >297</id_comunidad><prov_name type="varchar"  label="County">Chase</prov_name><ind_active type="tinyint"  label="Active">1</ind_active></row>
<row><id_prov type="smallint" >2078</id_prov><id_comunidad type="smallint" >297</id_comunidad><prov_name type="varchar"  label="County">Pawnee</prov_name><ind_active type="tinyint"  label="Active">1</ind_active></row>
<row><id_prov type="smallint" >2079</id_prov><id_comunidad type="smallint" >297</id_comunidad><prov_name type="varchar"  label="County">McPherson</prov_name><ind_active type="tinyint"  label="Active">1</ind_active></row>
<row><id_prov type="smallint" >2080</id_prov><id_comunidad type="smallint" >297</id_comunidad><prov_name type="varchar"  label="County">Greeley</prov_name><ind_active type="tinyint"  label="Active">1</ind_active></row>
<row><id_prov type="smallint" >2081</id_prov><id_comunidad type="smallint" >297</id_comunidad><prov_name type="varchar"  label="County">Merrick</prov_name><ind_active type="tinyint"  label="Active">1</ind_active></row>
<row><id_prov type="smallint" >2082</id_prov><id_comunidad type="smallint" >297</id_comunidad><prov_name type="varchar"  label="County">Brown</prov_name><ind_active type="tinyint"  label="Active">1</ind_active></row>
<row><id_prov type="smallint" >2083</id_prov><id_comunidad type="smallint" >297</id_comunidad><prov_name type="varchar"  label="County">Rock</prov_name><ind_active type="tinyint"  label="Active">1</ind_active></row>
<row><id_prov type="smallint" >2084</id_prov><id_comunidad type="smallint" >297</id_comunidad><prov_name type="varchar"  label="County">Cheyenne</prov_name><ind_active type="tinyint"  label="Active">1</ind_active></row>
<row><id_prov type="smallint" >2085</id_prov><id_comunidad type="smallint" >297</id_comunidad><prov_name type="varchar"  label="County">Kearney</prov_name><ind_active type="tinyint"  label="Active">1</ind_active></row>
<row><id_prov type="smallint" >2086</id_prov><id_comunidad type="smallint" >297</id_comunidad><prov_name type="varchar"  label="County">Keith</prov_name><ind_active type="tinyint"  label="Active">1</ind_active></row>
<row><id_prov type="smallint" >2087</id_prov><id_comunidad type="smallint" >297</id_comunidad><prov_name type="varchar"  label="County">Dundy</prov_name><ind_active type="tinyint"  label="Active">1</ind_active></row>
<row><id_prov type="smallint" >2088</id_prov><id_comunidad type="smallint" >297</id_comunidad><prov_name type="varchar"  label="County">Scotts Bluff</prov_name><ind_active type="tinyint"  label="Active">1</ind_active></row>
<row><id_prov type="smallint" >2089</id_prov><id_comunidad type="smallint" >297</id_comunidad><prov_name type="varchar"  label="County">Polk</prov_name><ind_active type="tinyint"  label="Active">1</ind_active></row>
<row><id_prov type="smallint" >2090</id_prov><id_comunidad type="smallint" >297</id_comunidad><prov_name type="varchar"  label="County">Hall</prov_name><ind_active type="tinyint"  label="Active">1</ind_active></row>
<row><id_prov type="smallint" >2091</id_prov><id_comunidad type="smallint" >297</id_comunidad><prov_name type="varchar"  label="County">Buffalo</prov_name><ind_active type="tinyint"  label="Active">1</ind_active></row>
<row><id_prov type="smallint" >2092</id_prov><id_comunidad type="smallint" >297</id_comunidad><prov_name type="varchar"  label="County">Richardson</prov_name><ind_active type="tinyint"  label="Active">1</ind_active></row>
<row><id_prov type="smallint" >2093</id_prov><id_comunidad type="smallint" >297</id_comunidad><prov_name type="varchar"  label="County">Johnson</prov_name><ind_active type="tinyint"  label="Active">1</ind_active></row>
<row><id_prov type="smallint" >2094</id_prov><id_comunidad type="smallint" >297</id_comunidad><prov_name type="varchar"  label="County">Holt</prov_name><ind_active type="tinyint"  label="Active">1</ind_active></row>
<row><id_prov type="smallint" >2095</id_prov><id_comunidad type="smallint" >297</id_comunidad><prov_name type="varchar"  label="County">Kimball</prov_name><ind_active type="tinyint"  label="Active">1</ind_active></row>
<row><id_prov type="smallint" >2096</id_prov><id_comunidad type="smallint" >297</id_comunidad><prov_name type="varchar"  label="County">Howard</prov_name><ind_active type="tinyint"  label="Active">1</ind_active></row>
<row><id_prov type="smallint" >2097</id_prov><id_comunidad type="smallint" >297</id_comunidad><prov_name type="varchar"  label="County">Fillmore</prov_name><ind_active type="tinyint"  label="Active">1</ind_active></row>
<row><id_prov type="smallint" >2098</id_prov><id_comunidad type="smallint" >297</id_comunidad><prov_name type="varchar"  label="County">Saunders</prov_name><ind_active type="tinyint"  label="Active">1</ind_active></row>
<row><id_prov type="smallint" >2099</id_prov><id_comunidad type="smallint" >297</id_comunidad><prov_name type="varchar"  label="County">Phelps</prov_name><ind_active type="tinyint"  label="Active">1</ind_active></row>
<row><id_prov type="smallint" >2100</id_prov><id_comunidad type="smallint" >297</id_comunidad><prov_name type="varchar"  label="County">Keya Paha</prov_name><ind_active type="tinyint"  label="Active">1</ind_active></row>
<row><id_prov type="smallint" >2101</id_prov><id_comunidad type="smallint" >297</id_comunidad><prov_name type="varchar"  label="County">Sarpy</prov_name><ind_active type="tinyint"  label="Active">1</ind_active></row>
</provincia>
</root>