<?xml version="1.0" encoding="UTF-8"?>
<root>
<provincia>
<row><id_prov type="smallint" >2183</id_prov><id_comunidad type="smallint" >302</id_comunidad><prov_name type="varchar"  label="County">Livingston</prov_name><ind_active type="tinyint"  label="Active">1</ind_active></row>
<row><id_prov type="smallint" >2184</id_prov><id_comunidad type="smallint" >302</id_comunidad><prov_name type="varchar"  label="County">Madison</prov_name><ind_active type="tinyint"  label="Active">1</ind_active></row>
<row><id_prov type="smallint" >2185</id_prov><id_comunidad type="smallint" >302</id_comunidad><prov_name type="varchar"  label="County">Schenectady</prov_name><ind_active type="tinyint"  label="Active">1</ind_active></row>
<row><id_prov type="smallint" >2186</id_prov><id_comunidad type="smallint" >302</id_comunidad><prov_name type="varchar"  label="County">Saratoga</prov_name><ind_active type="tinyint"  label="Active">1</ind_active></row>
<row><id_prov type="smallint" >2187</id_prov><id_comunidad type="smallint" >302</id_comunidad><prov_name type="varchar"  label="County">Schoharie</prov_name><ind_active type="tinyint"  label="Active">1</ind_active></row>
<row><id_prov type="smallint" >2188</id_prov><id_comunidad type="smallint" >302</id_comunidad><prov_name type="varchar"  label="County">Schuyler</prov_name><ind_active type="tinyint"  label="Active">1</ind_active></row>
<row><id_prov type="smallint" >2189</id_prov><id_comunidad type="smallint" >302</id_comunidad><prov_name type="varchar"  label="County">Seneca</prov_name><ind_active type="tinyint"  label="Active">1</ind_active></row>
<row><id_prov type="smallint" >2190</id_prov><id_comunidad type="smallint" >302</id_comunidad><prov_name type="varchar"  label="County">Erie</prov_name><ind_active type="tinyint"  label="Active">1</ind_active></row>
<row><id_prov type="smallint" >2191</id_prov><id_comunidad type="smallint" >302</id_comunidad><prov_name type="varchar"  label="County">Steuben</prov_name><ind_active type="tinyint"  label="Active">1</ind_active></row>
<row><id_prov type="smallint" >2192</id_prov><id_comunidad type="smallint" >302</id_comunidad><prov_name type="varchar"  label="County">Suffolk</prov_name><ind_active type="tinyint"  label="Active">1</ind_active></row>
<row><id_prov type="smallint" >2193</id_prov><id_comunidad type="smallint" >302</id_comunidad><prov_name type="varchar"  label="County">Lewis</prov_name><ind_active type="tinyint"  label="Active">1</ind_active></row>
<row><id_prov type="smallint" >2194</id_prov><id_comunidad type="smallint" >302</id_comunidad><prov_name type="varchar"  label="County">Sullivan</prov_name><ind_active type="tinyint"  label="Active">1</ind_active></row>
<row><id_prov type="smallint" >2195</id_prov><id_comunidad type="smallint" >302</id_comunidad><prov_name type="varchar"  label="County">Delaware</prov_name><ind_active type="tinyint"  label="Active">1</ind_active></row>
<row><id_prov type="smallint" >2196</id_prov><id_comunidad type="smallint" >302</id_comunidad><prov_name type="varchar"  label="County">Tioga</prov_name><ind_active type="tinyint"  label="Active">1</ind_active></row>
<row><id_prov type="smallint" >2197</id_prov><id_comunidad type="smallint" >302</id_comunidad><prov_name type="varchar"  label="County">Tompkins</prov_name><ind_active type="tinyint"  label="Active">1</ind_active></row>
<row><id_prov type="smallint" >2198</id_prov><id_comunidad type="smallint" >302</id_comunidad><prov_name type="varchar"  label="County">Cattaraugus</prov_name><ind_active type="tinyint"  label="Active">1</ind_active></row>
<row><id_prov type="smallint" >2199</id_prov><id_comunidad type="smallint" >302</id_comunidad><prov_name type="varchar"  label="County">Orleans</prov_name><ind_active type="tinyint"  label="Active">1</ind_active></row>
<row><id_prov type="smallint" >2200</id_prov><id_comunidad type="smallint" >302</id_comunidad><prov_name type="varchar"  label="County">Chenango</prov_name><ind_active type="tinyint"  label="Active">1</ind_active></row>
<row><id_prov type="smallint" >2201</id_prov><id_comunidad type="smallint" >302</id_comunidad><prov_name type="varchar"  label="County">Nassau</prov_name><ind_active type="tinyint"  label="Active">1</ind_active></row>
<row><id_prov type="smallint" >2202</id_prov><id_comunidad type="smallint" >302</id_comunidad><prov_name type="varchar"  label="County">Chemung</prov_name><ind_active type="tinyint"  label="Active">1</ind_active></row>
<row><id_prov type="smallint" >2203</id_prov><id_comunidad type="smallint" >302</id_comunidad><prov_name type="varchar"  label="County">New York</prov_name><ind_active type="tinyint"  label="Active">1</ind_active></row>
<row><id_prov type="smallint" >2204</id_prov><id_comunidad type="smallint" >302</id_comunidad><prov_name type="varchar"  label="County">Genesee</prov_name><ind_active type="tinyint"  label="Active">1</ind_active></row>
<row><id_prov type="smallint" >2205</id_prov><id_comunidad type="smallint" >302</id_comunidad><prov_name type="varchar"  label="County">Niagara</prov_name><ind_active type="tinyint"  label="Active">1</ind_active></row>
<row><id_prov type="smallint" >2206</id_prov><id_comunidad type="smallint" >302</id_comunidad><prov_name type="varchar"  label="County">Montgomery</prov_name><ind_active type="tinyint"  label="Active">1</ind_active></row>
<row><id_prov type="smallint" >2207</id_prov><id_comunidad type="smallint" >302</id_comunidad><prov_name type="varchar"  label="County">Chautauqua</prov_name><ind_active type="tinyint"  label="Active">1</ind_active></row>
<row><id_prov type="smallint" >2208</id_prov><id_comunidad type="smallint" >302</id_comunidad><prov_name type="varchar"  label="County">Oneida</prov_name><ind_active type="tinyint"  label="Active">1</ind_active></row>
<row><id_prov type="smallint" >2209</id_prov><id_comunidad type="smallint" >302</id_comunidad><prov_name type="varchar"  label="County">Monroe</prov_name><ind_active type="tinyint"  label="Active">1</ind_active></row>
<row><id_prov type="smallint" >2210</id_prov><id_comunidad type="smallint" >302</id_comunidad><prov_name type="varchar"  label="County">Fulton</prov_name><ind_active type="tinyint"  label="Active">1</ind_active></row>
<row><id_prov type="smallint" >2211</id_prov><id_comunidad type="smallint" >302</id_comunidad><prov_name type="varchar"  label="County">Bronx</prov_name><ind_active type="tinyint"  label="Active">1</ind_active></row>
<row><id_prov type="smallint" >2212</id_prov><id_comunidad type="smallint" >302</id_comunidad><prov_name type="varchar"  label="County">Onondaga</prov_name><ind_active type="tinyint"  label="Active">1</ind_active></row>
<row><id_prov type="smallint" >2213</id_prov><id_comunidad type="smallint" >302</id_comunidad><prov_name type="varchar"  label="County">Rockland</prov_name><ind_active type="tinyint"  label="Active">1</ind_active></row>
<row><id_prov type="smallint" >2214</id_prov><id_comunidad type="smallint" >302</id_comunidad><prov_name type="varchar"  label="County">Putnam</prov_name><ind_active type="tinyint"  label="Active">1</ind_active></row>
<row><id_prov type="smallint" >2215</id_prov><id_comunidad type="smallint" >302</id_comunidad><prov_name type="varchar"  label="County">Herkimer</prov_name><ind_active type="tinyint"  label="Active">1</ind_active></row>
<row><id_prov type="smallint" >2216</id_prov><id_comunidad type="smallint" >302</id_comunidad><prov_name type="varchar"  label="County">Hamilton</prov_name><ind_active type="tinyint"  label="Active">1</ind_active></row>
<row><id_prov type="smallint" >2217</id_prov><id_comunidad type="smallint" >302</id_comunidad><prov_name type="varchar"  label="County">Dutchess</prov_name><ind_active type="tinyint"  label="Active">1</ind_active></row>
<row><id_prov type="smallint" >2218</id_prov><id_comunidad type="smallint" >302</id_comunidad><prov_name type="varchar"  label="County">Essex</prov_name><ind_active type="tinyint"  label="Active">1</ind_active></row>
<row><id_prov type="smallint" >2219</id_prov><id_comunidad type="smallint" >302</id_comunidad><prov_name type="varchar"  label="County">Richmond</prov_name><ind_active type="tinyint"  label="Active">1</ind_active></row>
<row><id_prov type="smallint" >2220</id_prov><id_comunidad type="smallint" >302</id_comunidad><prov_name type="varchar"  label="County">Ontario</prov_name><ind_active type="tinyint"  label="Active">1</ind_active></row>
<row><id_prov type="smallint" >2221</id_prov><id_comunidad type="smallint" >302</id_comunidad><prov_name type="varchar"  label="County">Queens</prov_name><ind_active type="tinyint"  label="Active">1</ind_active></row>
<row><id_prov type="smallint" >2222</id_prov><id_comunidad type="smallint" >302</id_comunidad><prov_name type="varchar"  label="County">Orange</prov_name><ind_active type="tinyint"  label="Active">1</ind_active></row>
<row><id_prov type="smallint" >2223</id_prov><id_comunidad type="smallint" >302</id_comunidad><prov_name type="varchar"  label="County">Greene</prov_name><ind_active type="tinyint"  label="Active">1</ind_active></row>
<row><id_prov type="smallint" >2224</id_prov><id_comunidad type="smallint" >302</id_comunidad><prov_name type="varchar"  label="County">Franklin</prov_name><ind_active type="tinyint"  label="Active">1</ind_active></row>
<row><id_prov type="smallint" >2225</id_prov><id_comunidad type="smallint" >302</id_comunidad><prov_name type="varchar"  label="County">Otsego</prov_name><ind_active type="tinyint"  label="Active">1</ind_active></row>
<row><id_prov type="smallint" >2226</id_prov><id_comunidad type="smallint" >302</id_comunidad><prov_name type="varchar"  label="County">Oswego</prov_name><ind_active type="tinyint"  label="Active">1</ind_active></row>
<row><id_prov type="smallint" >2227</id_prov><id_comunidad type="smallint" >302</id_comunidad><prov_name type="varchar"  label="County">Broome</prov_name><ind_active type="tinyint"  label="Active">1</ind_active></row>
<row><id_prov type="smallint" >2228</id_prov><id_comunidad type="smallint" >302</id_comunidad><prov_name type="varchar"  label="County">Saint Lawrence</prov_name><ind_active type="tinyint"  label="Active">1</ind_active></row>
<row><id_prov type="smallint" >2229</id_prov><id_comunidad type="smallint" >302</id_comunidad><prov_name type="varchar"  label="County">Rensselaer</prov_name><ind_active type="tinyint"  label="Active">1</ind_active></row>
<row><id_prov type="smallint" >2230</id_prov><id_comunidad type="smallint" >302</id_comunidad><prov_name type="varchar"  label="County">Warren</prov_name><ind_active type="tinyint"  label="Active">1</ind_active></row>
<row><id_prov type="smallint" >2231</id_prov><id_comunidad type="smallint" >302</id_comunidad><prov_name type="varchar"  label="County">Washington</prov_name><ind_active type="tinyint"  label="Active">1</ind_active></row>
<row><id_prov type="smallint" >2232</id_prov><id_comunidad type="smallint" >302</id_comunidad><prov_name type="varchar"  label="County">Wyoming</prov_name><ind_active type="tinyint"  label="Active">1</ind_active></row>
<row><id_prov type="smallint" >2233</id_prov><id_comunidad type="smallint" >302</id_comunidad><prov_name type="varchar"  label="County">Cayuga</prov_name><ind_active type="tinyint"  label="Active">1</ind_active></row>
<row><id_prov type="smallint" >2234</id_prov><id_comunidad type="smallint" >302</id_comunidad><prov_name type="varchar"  label="County">Wayne</prov_name><ind_active type="tinyint"  label="Active">1</ind_active></row>
<row><id_prov type="smallint" >2235</id_prov><id_comunidad type="smallint" >302</id_comunidad><prov_name type="varchar"  label="County">Albany</prov_name><ind_active type="tinyint"  label="Active">1</ind_active></row>
<row><id_prov type="smallint" >2236</id_prov><id_comunidad type="smallint" >302</id_comunidad><prov_name type="varchar"  label="County">Ulster</prov_name><ind_active type="tinyint"  label="Active">1</ind_active></row>
<row><id_prov type="smallint" >2237</id_prov><id_comunidad type="smallint" >302</id_comunidad><prov_name type="varchar"  label="County">Clinton</prov_name><ind_active type="tinyint"  label="Active">1</ind_active></row>
<row><id_prov type="smallint" >2238</id_prov><id_comunidad type="smallint" >302</id_comunidad><prov_name type="varchar"  label="County">Cortland</prov_name><ind_active type="tinyint"  label="Active">1</ind_active></row>
<row><id_prov type="smallint" >2239</id_prov><id_comunidad type="smallint" >302</id_comunidad><prov_name type="varchar"  label="County">Yates</prov_name><ind_active type="tinyint"  label="Active">1</ind_active></row>
<row><id_prov type="smallint" >2240</id_prov><id_comunidad type="smallint" >302</id_comunidad><prov_name type="varchar"  label="County">Kings</prov_name><ind_active type="tinyint"  label="Active">1</ind_active></row>
<row><id_prov type="smallint" >2241</id_prov><id_comunidad type="smallint" >302</id_comunidad><prov_name type="varchar"  label="County">Westchester</prov_name><ind_active type="tinyint"  label="Active">1</ind_active></row>
<row><id_prov type="smallint" >2242</id_prov><id_comunidad type="smallint" >302</id_comunidad><prov_name type="varchar"  label="County">Jefferson</prov_name><ind_active type="tinyint"  label="Active">1</ind_active></row>
<row><id_prov type="smallint" >2243</id_prov><id_comunidad type="smallint" >302</id_comunidad><prov_name type="varchar"  label="County">Allegany</prov_name><ind_active type="tinyint"  label="Active">1</ind_active></row>
<row><id_prov type="smallint" >2244</id_prov><id_comunidad type="smallint" >302</id_comunidad><prov_name type="varchar"  label="County">Columbia</prov_name><ind_active type="tinyint"  label="Active">1</ind_active></row>
</provincia>
</root>