<?xml version="1.0" encoding="UTF-8"?>
<root>
<provincia>
<row><id_prov type="smallint" >2245</id_prov><id_comunidad type="smallint" >303</id_comunidad><prov_name type="varchar"  label="County">Sampson</prov_name><ind_active type="tinyint"  label="Active">1</ind_active></row>
<row><id_prov type="smallint" >2246</id_prov><id_comunidad type="smallint" >303</id_comunidad><prov_name type="varchar"  label="County">Madison</prov_name><ind_active type="tinyint"  label="Active">1</ind_active></row>
<row><id_prov type="smallint" >2247</id_prov><id_comunidad type="smallint" >303</id_comunidad><prov_name type="varchar"  label="County">Wayne</prov_name><ind_active type="tinyint"  label="Active">1</ind_active></row>
<row><id_prov type="smallint" >2248</id_prov><id_comunidad type="smallint" >303</id_comunidad><prov_name type="varchar"  label="County">Watauga</prov_name><ind_active type="tinyint"  label="Active">1</ind_active></row>
<row><id_prov type="smallint" >2249</id_prov><id_comunidad type="smallint" >303</id_comunidad><prov_name type="varchar"  label="County">Pender</prov_name><ind_active type="tinyint"  label="Active">1</ind_active></row>
<row><id_prov type="smallint" >2250</id_prov><id_comunidad type="smallint" >303</id_comunidad><prov_name type="varchar"  label="County">Craven</prov_name><ind_active type="tinyint"  label="Active">1</ind_active></row>
<row><id_prov type="smallint" >2251</id_prov><id_comunidad type="smallint" >303</id_comunidad><prov_name type="varchar"  label="County">Franklin</prov_name><ind_active type="tinyint"  label="Active">1</ind_active></row>
<row><id_prov type="smallint" >2252</id_prov><id_comunidad type="smallint" >303</id_comunidad><prov_name type="varchar"  label="County">Edgecombe</prov_name><ind_active type="tinyint"  label="Active">1</ind_active></row>
<row><id_prov type="smallint" >2253</id_prov><id_comunidad type="smallint" >303</id_comunidad><prov_name type="varchar"  label="County">Macon</prov_name><ind_active type="tinyint"  label="Active">1</ind_active></row>
<row><id_prov type="smallint" >2254</id_prov><id_comunidad type="smallint" >303</id_comunidad><prov_name type="varchar"  label="County">Washington</prov_name><ind_active type="tinyint"  label="Active">1</ind_active></row>
<row><id_prov type="smallint" >2255</id_prov><id_comunidad type="smallint" >303</id_comunidad><prov_name type="varchar"  label="County">Carteret</prov_name><ind_active type="tinyint"  label="Active">1</ind_active></row>
<row><id_prov type="smallint" >2256</id_prov><id_comunidad type="smallint" >303</id_comunidad><prov_name type="varchar"  label="County">Pasquotank</prov_name><ind_active type="tinyint"  label="Active">1</ind_active></row>
<row><id_prov type="smallint" >2257</id_prov><id_comunidad type="smallint" >303</id_comunidad><prov_name type="varchar"  label="County">Pamlico</prov_name><ind_active type="tinyint"  label="Active">1</ind_active></row>
<row><id_prov type="smallint" >2258</id_prov><id_comunidad type="smallint" >303</id_comunidad><prov_name type="varchar"  label="County">Perquimans</prov_name><ind_active type="tinyint"  label="Active">1</ind_active></row>
<row><id_prov type="smallint" >2259</id_prov><id_comunidad type="smallint" >303</id_comunidad><prov_name type="varchar"  label="County">Warren</prov_name><ind_active type="tinyint"  label="Active">1</ind_active></row>
<row><id_prov type="smallint" >2260</id_prov><id_comunidad type="smallint" >303</id_comunidad><prov_name type="varchar"  label="County">Durham</prov_name><ind_active type="tinyint"  label="Active">1</ind_active></row>
<row><id_prov type="smallint" >2261</id_prov><id_comunidad type="smallint" >303</id_comunidad><prov_name type="varchar"  label="County">Duplin</prov_name><ind_active type="tinyint"  label="Active">1</ind_active></row>
<row><id_prov type="smallint" >2262</id_prov><id_comunidad type="smallint" >303</id_comunidad><prov_name type="varchar"  label="County">Scotland</prov_name><ind_active type="tinyint"  label="Active">1</ind_active></row>
<row><id_prov type="smallint" >2263</id_prov><id_comunidad type="smallint" >303</id_comunidad><prov_name type="varchar"  label="County">Chatham</prov_name><ind_active type="tinyint"  label="Active">1</ind_active></row>
<row><id_prov type="smallint" >2264</id_prov><id_comunidad type="smallint" >303</id_comunidad><prov_name type="varchar"  label="County">Jones</prov_name><ind_active type="tinyint"  label="Active">1</ind_active></row>
<row><id_prov type="smallint" >2265</id_prov><id_comunidad type="smallint" >303</id_comunidad><prov_name type="varchar"  label="County">Mecklenburg</prov_name><ind_active type="tinyint"  label="Active">1</ind_active></row>
<row><id_prov type="smallint" >2266</id_prov><id_comunidad type="smallint" >303</id_comunidad><prov_name type="varchar"  label="County">Halifax</prov_name><ind_active type="tinyint"  label="Active">1</ind_active></row>
<row><id_prov type="smallint" >2267</id_prov><id_comunidad type="smallint" >303</id_comunidad><prov_name type="varchar"  label="County">Chowan</prov_name><ind_active type="tinyint"  label="Active">1</ind_active></row>
<row><id_prov type="smallint" >2268</id_prov><id_comunidad type="smallint" >303</id_comunidad><prov_name type="varchar"  label="County">Bertie</prov_name><ind_active type="tinyint"  label="Active">1</ind_active></row>
<row><id_prov type="smallint" >2269</id_prov><id_comunidad type="smallint" >303</id_comunidad><prov_name type="varchar"  label="County">Cleveland</prov_name><ind_active type="tinyint"  label="Active">1</ind_active></row>
<row><id_prov type="smallint" >2270</id_prov><id_comunidad type="smallint" >303</id_comunidad><prov_name type="varchar"  label="County">McDowell</prov_name><ind_active type="tinyint"  label="Active">1</ind_active></row>
<row><id_prov type="smallint" >2271</id_prov><id_comunidad type="smallint" >303</id_comunidad><prov_name type="varchar"  label="County">Brunswick</prov_name><ind_active type="tinyint"  label="Active">1</ind_active></row>
<row><id_prov type="smallint" >2272</id_prov><id_comunidad type="smallint" >303</id_comunidad><prov_name type="varchar"  label="County">Randolph</prov_name><ind_active type="tinyint"  label="Active">1</ind_active></row>
<row><id_prov type="smallint" >2273</id_prov><id_comunidad type="smallint" >303</id_comunidad><prov_name type="varchar"  label="County">Guilford</prov_name><ind_active type="tinyint"  label="Active">1</ind_active></row>
<row><id_prov type="smallint" >2274</id_prov><id_comunidad type="smallint" >303</id_comunidad><prov_name type="varchar"  label="County">Alleghany</prov_name><ind_active type="tinyint"  label="Active">1</ind_active></row>
<row><id_prov type="smallint" >2275</id_prov><id_comunidad type="smallint" >303</id_comunidad><prov_name type="varchar"  label="County">Polk</prov_name><ind_active type="tinyint"  label="Active">1</ind_active></row>
<row><id_prov type="smallint" >2276</id_prov><id_comunidad type="smallint" >303</id_comunidad><prov_name type="varchar"  label="County">Martin</prov_name><ind_active type="tinyint"  label="Active">1</ind_active></row>
<row><id_prov type="smallint" >2277</id_prov><id_comunidad type="smallint" >303</id_comunidad><prov_name type="varchar"  label="County">Bladen</prov_name><ind_active type="tinyint"  label="Active">1</ind_active></row>
<row><id_prov type="smallint" >2278</id_prov><id_comunidad type="smallint" >303</id_comunidad><prov_name type="varchar"  label="County">Rutherford</prov_name><ind_active type="tinyint"  label="Active">1</ind_active></row>
<row><id_prov type="smallint" >2279</id_prov><id_comunidad type="smallint" >303</id_comunidad><prov_name type="varchar"  label="County">Richmond</prov_name><ind_active type="tinyint"  label="Active">1</ind_active></row>
<row><id_prov type="smallint" >2280</id_prov><id_comunidad type="smallint" >303</id_comunidad><prov_name type="varchar"  label="County">Beaufort</prov_name><ind_active type="tinyint"  label="Active">1</ind_active></row>
<row><id_prov type="smallint" >2281</id_prov><id_comunidad type="smallint" >303</id_comunidad><prov_name type="varchar"  label="County">Johnston</prov_name><ind_active type="tinyint"  label="Active">1</ind_active></row>
<row><id_prov type="smallint" >2282</id_prov><id_comunidad type="smallint" >303</id_comunidad><prov_name type="varchar"  label="County">Forsyth</prov_name><ind_active type="tinyint"  label="Active">1</ind_active></row>
<row><id_prov type="smallint" >2283</id_prov><id_comunidad type="smallint" >303</id_comunidad><prov_name type="varchar"  label="County">Alexander</prov_name><ind_active type="tinyint"  label="Active">1</ind_active></row>
<row><id_prov type="smallint" >2284</id_prov><id_comunidad type="smallint" >303</id_comunidad><prov_name type="varchar"  label="County">Buncombe</prov_name><ind_active type="tinyint"  label="Active">1</ind_active></row>
<row><id_prov type="smallint" >2285</id_prov><id_comunidad type="smallint" >303</id_comunidad><prov_name type="varchar"  label="County">Burke</prov_name><ind_active type="tinyint"  label="Active">1</ind_active></row>
<row><id_prov type="smallint" >2286</id_prov><id_comunidad type="smallint" >303</id_comunidad><prov_name type="varchar"  label="County">Greene</prov_name><ind_active type="tinyint"  label="Active">1</ind_active></row>
<row><id_prov type="smallint" >2287</id_prov><id_comunidad type="smallint" >303</id_comunidad><prov_name type="varchar"  label="County">Robeson</prov_name><ind_active type="tinyint"  label="Active">1</ind_active></row>
<row><id_prov type="smallint" >2288</id_prov><id_comunidad type="smallint" >303</id_comunidad><prov_name type="varchar"  label="County">Rockingham</prov_name><ind_active type="tinyint"  label="Active">1</ind_active></row>
<row><id_prov type="smallint" >2289</id_prov><id_comunidad type="smallint" >303</id_comunidad><prov_name type="varchar"  label="County">Person</prov_name><ind_active type="tinyint"  label="Active">1</ind_active></row>
<row><id_prov type="smallint" >2290</id_prov><id_comunidad type="smallint" >303</id_comunidad><prov_name type="varchar"  label="County">Wilkes</prov_name><ind_active type="tinyint"  label="Active">1</ind_active></row>
<row><id_prov type="smallint" >2291</id_prov><id_comunidad type="smallint" >303</id_comunidad><prov_name type="varchar"  label="County">Columbus</prov_name><ind_active type="tinyint"  label="Active">1</ind_active></row>
<row><id_prov type="smallint" >2292</id_prov><id_comunidad type="smallint" >303</id_comunidad><prov_name type="varchar"  label="County">Rowan</prov_name><ind_active type="tinyint"  label="Active">1</ind_active></row>
<row><id_prov type="smallint" >2293</id_prov><id_comunidad type="smallint" >303</id_comunidad><prov_name type="varchar"  label="County">Pitt</prov_name><ind_active type="tinyint"  label="Active">1</ind_active></row>
<row><id_prov type="smallint" >2294</id_prov><id_comunidad type="smallint" >303</id_comunidad><prov_name type="varchar"  label="County">Currituck</prov_name><ind_active type="tinyint"  label="Active">1</ind_active></row>
<row><id_prov type="smallint" >2295</id_prov><id_comunidad type="smallint" >303</id_comunidad><prov_name type="varchar"  label="County">Lenoir</prov_name><ind_active type="tinyint"  label="Active">1</ind_active></row>
<row><id_prov type="smallint" >2296</id_prov><id_comunidad type="smallint" >303</id_comunidad><prov_name type="varchar"  label="County">New Hanover</prov_name><ind_active type="tinyint"  label="Active">1</ind_active></row>
<row><id_prov type="smallint" >2297</id_prov><id_comunidad type="smallint" >303</id_comunidad><prov_name type="varchar"  label="County">Avery</prov_name><ind_active type="tinyint"  label="Active">1</ind_active></row>
<row><id_prov type="smallint" >2298</id_prov><id_comunidad type="smallint" >303</id_comunidad><prov_name type="varchar"  label="County">Anson</prov_name><ind_active type="tinyint"  label="Active">1</ind_active></row>
<row><id_prov type="smallint" >2299</id_prov><id_comunidad type="smallint" >303</id_comunidad><prov_name type="varchar"  label="County">Montgomery</prov_name><ind_active type="tinyint"  label="Active">1</ind_active></row>
<row><id_prov type="smallint" >2300</id_prov><id_comunidad type="smallint" >303</id_comunidad><prov_name type="varchar"  label="County">Surry</prov_name><ind_active type="tinyint"  label="Active">1</ind_active></row>
<row><id_prov type="smallint" >2301</id_prov><id_comunidad type="smallint" >303</id_comunidad><prov_name type="varchar"  label="County">Wilson</prov_name><ind_active type="tinyint"  label="Active">1</ind_active></row>
<row><id_prov type="smallint" >2302</id_prov><id_comunidad type="smallint" >303</id_comunidad><prov_name type="varchar"  label="County">Hertford</prov_name><ind_active type="tinyint"  label="Active">1</ind_active></row>
<row><id_prov type="smallint" >2303</id_prov><id_comunidad type="smallint" >303</id_comunidad><prov_name type="varchar"  label="County">Granville</prov_name><ind_active type="tinyint"  label="Active">1</ind_active></row>
<row><id_prov type="smallint" >2304</id_prov><id_comunidad type="smallint" >303</id_comunidad><prov_name type="varchar"  label="County">Lee</prov_name><ind_active type="tinyint"  label="Active">1</ind_active></row>
<row><id_prov type="smallint" >2305</id_prov><id_comunidad type="smallint" >303</id_comunidad><prov_name type="varchar"  label="County">Hyde</prov_name><ind_active type="tinyint"  label="Active">1</ind_active></row>
<row><id_prov type="smallint" >2306</id_prov><id_comunidad type="smallint" >303</id_comunidad><prov_name type="varchar"  label="County">Swain</prov_name><ind_active type="tinyint"  label="Active">1</ind_active></row>
<row><id_prov type="smallint" >2307</id_prov><id_comunidad type="smallint" >303</id_comunidad><prov_name type="varchar"  label="County">Hoke</prov_name><ind_active type="tinyint"  label="Active">1</ind_active></row>
<row><id_prov type="smallint" >2308</id_prov><id_comunidad type="smallint" >303</id_comunidad><prov_name type="varchar"  label="County">Union</prov_name><ind_active type="tinyint"  label="Active">1</ind_active></row>
<row><id_prov type="smallint" >2309</id_prov><id_comunidad type="smallint" >303</id_comunidad><prov_name type="varchar"  label="County">Gaston</prov_name><ind_active type="tinyint"  label="Active">1</ind_active></row>
<row><id_prov type="smallint" >2310</id_prov><id_comunidad type="smallint" >303</id_comunidad><prov_name type="varchar"  label="County">Vance</prov_name><ind_active type="tinyint"  label="Active">1</ind_active></row>
<row><id_prov type="smallint" >2311</id_prov><id_comunidad type="smallint" >303</id_comunidad><prov_name type="varchar"  label="County">Gates</prov_name><ind_active type="tinyint"  label="Active">1</ind_active></row>
<row><id_prov type="smallint" >2312</id_prov><id_comunidad type="smallint" >303</id_comunidad><prov_name type="varchar"  label="County">Moore</prov_name><ind_active type="tinyint"  label="Active">1</ind_active></row>
<row><id_prov type="smallint" >2313</id_prov><id_comunidad type="smallint" >303</id_comunidad><prov_name type="varchar"  label="County">Caldwell</prov_name><ind_active type="tinyint"  label="Active">1</ind_active></row>
<row><id_prov type="smallint" >2314</id_prov><id_comunidad type="smallint" >303</id_comunidad><prov_name type="varchar"  label="County">Jackson</prov_name><ind_active type="tinyint"  label="Active">1</ind_active></row>
<row><id_prov type="smallint" >2315</id_prov><id_comunidad type="smallint" >303</id_comunidad><prov_name type="varchar"  label="County">Yadkin</prov_name><ind_active type="tinyint"  label="Active">1</ind_active></row>
<row><id_prov type="smallint" >2316</id_prov><id_comunidad type="smallint" >303</id_comunidad><prov_name type="varchar"  label="County">Yancey</prov_name><ind_active type="tinyint"  label="Active">1</ind_active></row>
<row><id_prov type="smallint" >2317</id_prov><id_comunidad type="smallint" >303</id_comunidad><prov_name type="varchar"  label="County">Ashe</prov_name><ind_active type="tinyint"  label="Active">1</ind_active></row>
<row><id_prov type="smallint" >2318</id_prov><id_comunidad type="smallint" >303</id_comunidad><prov_name type="varchar"  label="County">Clay</prov_name><ind_active type="tinyint"  label="Active">1</ind_active></row>
<row><id_prov type="smallint" >2319</id_prov><id_comunidad type="smallint" >303</id_comunidad><prov_name type="varchar"  label="County">Henderson</prov_name><ind_active type="tinyint"  label="Active">1</ind_active></row>
<row><id_prov type="smallint" >2320</id_prov><id_comunidad type="smallint" >303</id_comunidad><prov_name type="varchar"  label="County">Stanly</prov_name><ind_active type="tinyint"  label="Active">1</ind_active></row>
<row><id_prov type="smallint" >2321</id_prov><id_comunidad type="smallint" >303</id_comunidad><prov_name type="varchar"  label="County">Harnett</prov_name><ind_active type="tinyint"  label="Active">1</ind_active></row>
<row><id_prov type="smallint" >2322</id_prov><id_comunidad type="smallint" >303</id_comunidad><prov_name type="varchar"  label="County">Orange</prov_name><ind_active type="tinyint"  label="Active">1</ind_active></row>
<row><id_prov type="smallint" >2323</id_prov><id_comunidad type="smallint" >303</id_comunidad><prov_name type="varchar"  label="County">Onslow</prov_name><ind_active type="tinyint"  label="Active">1</ind_active></row>
<row><id_prov type="smallint" >2324</id_prov><id_comunidad type="smallint" >303</id_comunidad><prov_name type="varchar"  label="County">Tyrrell</prov_name><ind_active type="tinyint"  label="Active">1</ind_active></row>
<row><id_prov type="smallint" >2325</id_prov><id_comunidad type="smallint" >303</id_comunidad><prov_name type="varchar"  label="County">Alamance</prov_name><ind_active type="tinyint"  label="Active">1</ind_active></row>
<row><id_prov type="smallint" >2326</id_prov><id_comunidad type="smallint" >303</id_comunidad><prov_name type="varchar"  label="County">Dare</prov_name><ind_active type="tinyint"  label="Active">1</ind_active></row>
<row><id_prov type="smallint" >2327</id_prov><id_comunidad type="smallint" >303</id_comunidad><prov_name type="varchar"  label="County">Camden</prov_name><ind_active type="tinyint"  label="Active">1</ind_active></row>
<row><id_prov type="smallint" >2328</id_prov><id_comunidad type="smallint" >303</id_comunidad><prov_name type="varchar"  label="County">Nash</prov_name><ind_active type="tinyint"  label="Active">1</ind_active></row>
<row><id_prov type="smallint" >2329</id_prov><id_comunidad type="smallint" >303</id_comunidad><prov_name type="varchar"  label="County">Mitchell</prov_name><ind_active type="tinyint"  label="Active">1</ind_active></row>
<row><id_prov type="smallint" >2330</id_prov><id_comunidad type="smallint" >303</id_comunidad><prov_name type="varchar"  label="County">Haywood</prov_name><ind_active type="tinyint"  label="Active">1</ind_active></row>
<row><id_prov type="smallint" >2331</id_prov><id_comunidad type="smallint" >303</id_comunidad><prov_name type="varchar"  label="County">Wake</prov_name><ind_active type="tinyint"  label="Active">1</ind_active></row>
<row><id_prov type="smallint" >2332</id_prov><id_comunidad type="smallint" >303</id_comunidad><prov_name type="varchar"  label="County">Cherokee</prov_name><ind_active type="tinyint"  label="Active">1</ind_active></row>
<row><id_prov type="smallint" >2333</id_prov><id_comunidad type="smallint" >303</id_comunidad><prov_name type="varchar"  label="County">Northampton</prov_name><ind_active type="tinyint"  label="Active">1</ind_active></row>
<row><id_prov type="smallint" >2334</id_prov><id_comunidad type="smallint" >303</id_comunidad><prov_name type="varchar"  label="County">Stokes</prov_name><ind_active type="tinyint"  label="Active">1</ind_active></row>
<row><id_prov type="smallint" >2335</id_prov><id_comunidad type="smallint" >303</id_comunidad><prov_name type="varchar"  label="County">Graham</prov_name><ind_active type="tinyint"  label="Active">1</ind_active></row>
<row><id_prov type="smallint" >2336</id_prov><id_comunidad type="smallint" >303</id_comunidad><prov_name type="varchar"  label="County">Cumberland</prov_name><ind_active type="tinyint"  label="Active">1</ind_active></row>
<row><id_prov type="smallint" >2337</id_prov><id_comunidad type="smallint" >303</id_comunidad><prov_name type="varchar"  label="County">Transylvania</prov_name><ind_active type="tinyint"  label="Active">1</ind_active></row>
<row><id_prov type="smallint" >2338</id_prov><id_comunidad type="smallint" >303</id_comunidad><prov_name type="varchar"  label="County">Davidson</prov_name><ind_active type="tinyint"  label="Active">1</ind_active></row>
<row><id_prov type="smallint" >2339</id_prov><id_comunidad type="smallint" >303</id_comunidad><prov_name type="varchar"  label="County">Caswell</prov_name><ind_active type="tinyint"  label="Active">1</ind_active></row>
<row><id_prov type="smallint" >2340</id_prov><id_comunidad type="smallint" >303</id_comunidad><prov_name type="varchar"  label="County">Iredell</prov_name><ind_active type="tinyint"  label="Active">1</ind_active></row>
<row><id_prov type="smallint" >2341</id_prov><id_comunidad type="smallint" >303</id_comunidad><prov_name type="varchar"  label="County">Cabarrus</prov_name><ind_active type="tinyint"  label="Active">1</ind_active></row>
<row><id_prov type="smallint" >2342</id_prov><id_comunidad type="smallint" >303</id_comunidad><prov_name type="varchar"  label="County">Lincoln</prov_name><ind_active type="tinyint"  label="Active">1</ind_active></row>
<row><id_prov type="smallint" >2343</id_prov><id_comunidad type="smallint" >303</id_comunidad><prov_name type="varchar"  label="County">Davie</prov_name><ind_active type="tinyint"  label="Active">1</ind_active></row>
<row><id_prov type="smallint" >2344</id_prov><id_comunidad type="smallint" >303</id_comunidad><prov_name type="varchar"  label="County">Catawba</prov_name><ind_active type="tinyint"  label="Active">1</ind_active></row>
</provincia>
</root>