<?xml version="1.0" encoding="UTF-8"?>
<root>
<provincia>
<row><id_prov type="smallint" >2398</id_prov><id_comunidad type="smallint" >305</id_comunidad><prov_name type="varchar"  label="County">Wood</prov_name><ind_active type="tinyint"  label="Active">1</ind_active></row>
<row><id_prov type="smallint" >2399</id_prov><id_comunidad type="smallint" >305</id_comunidad><prov_name type="varchar"  label="County">Gallia</prov_name><ind_active type="tinyint"  label="Active">1</ind_active></row>
<row><id_prov type="smallint" >2400</id_prov><id_comunidad type="smallint" >305</id_comunidad><prov_name type="varchar"  label="County">Stark</prov_name><ind_active type="tinyint"  label="Active">1</ind_active></row>
<row><id_prov type="smallint" >2401</id_prov><id_comunidad type="smallint" >305</id_comunidad><prov_name type="varchar"  label="County">Clinton</prov_name><ind_active type="tinyint"  label="Active">1</ind_active></row>
<row><id_prov type="smallint" >2402</id_prov><id_comunidad type="smallint" >305</id_comunidad><prov_name type="varchar"  label="County">Vinton</prov_name><ind_active type="tinyint"  label="Active">1</ind_active></row>
<row><id_prov type="smallint" >2403</id_prov><id_comunidad type="smallint" >305</id_comunidad><prov_name type="varchar"  label="County">Ashtabula</prov_name><ind_active type="tinyint"  label="Active">1</ind_active></row>
<row><id_prov type="smallint" >2404</id_prov><id_comunidad type="smallint" >305</id_comunidad><prov_name type="varchar"  label="County">Tuscarawas</prov_name><ind_active type="tinyint"  label="Active">1</ind_active></row>
<row><id_prov type="smallint" >2405</id_prov><id_comunidad type="smallint" >305</id_comunidad><prov_name type="varchar"  label="County">Muskingum</prov_name><ind_active type="tinyint"  label="Active">1</ind_active></row>
<row><id_prov type="smallint" >2406</id_prov><id_comunidad type="smallint" >305</id_comunidad><prov_name type="varchar"  label="County">Darke</prov_name><ind_active type="tinyint"  label="Active">1</ind_active></row>
<row><id_prov type="smallint" >2407</id_prov><id_comunidad type="smallint" >305</id_comunidad><prov_name type="varchar"  label="County">Trumbull</prov_name><ind_active type="tinyint"  label="Active">1</ind_active></row>
<row><id_prov type="smallint" >2408</id_prov><id_comunidad type="smallint" >305</id_comunidad><prov_name type="varchar"  label="County">Union</prov_name><ind_active type="tinyint"  label="Active">1</ind_active></row>
<row><id_prov type="smallint" >2409</id_prov><id_comunidad type="smallint" >305</id_comunidad><prov_name type="varchar"  label="County">Ashland</prov_name><ind_active type="tinyint"  label="Active">1</ind_active></row>
<row><id_prov type="smallint" >2410</id_prov><id_comunidad type="smallint" >305</id_comunidad><prov_name type="varchar"  label="County">Geauga</prov_name><ind_active type="tinyint"  label="Active">1</ind_active></row>
<row><id_prov type="smallint" >2411</id_prov><id_comunidad type="smallint" >305</id_comunidad><prov_name type="varchar"  label="County">Defiance</prov_name><ind_active type="tinyint"  label="Active">1</ind_active></row>
<row><id_prov type="smallint" >2412</id_prov><id_comunidad type="smallint" >305</id_comunidad><prov_name type="varchar"  label="County">Summit</prov_name><ind_active type="tinyint"  label="Active">1</ind_active></row>
<row><id_prov type="smallint" >2413</id_prov><id_comunidad type="smallint" >305</id_comunidad><prov_name type="varchar"  label="County">Athens</prov_name><ind_active type="tinyint"  label="Active">1</ind_active></row>
<row><id_prov type="smallint" >2414</id_prov><id_comunidad type="smallint" >305</id_comunidad><prov_name type="varchar"  label="County">Wyandot</prov_name><ind_active type="tinyint"  label="Active">1</ind_active></row>
<row><id_prov type="smallint" >2415</id_prov><id_comunidad type="smallint" >305</id_comunidad><prov_name type="varchar"  label="County">Noble</prov_name><ind_active type="tinyint"  label="Active">1</ind_active></row>
<row><id_prov type="smallint" >2416</id_prov><id_comunidad type="smallint" >305</id_comunidad><prov_name type="varchar"  label="County">Delaware</prov_name><ind_active type="tinyint"  label="Active">1</ind_active></row>
<row><id_prov type="smallint" >2417</id_prov><id_comunidad type="smallint" >305</id_comunidad><prov_name type="varchar"  label="County">Van Wert</prov_name><ind_active type="tinyint"  label="Active">1</ind_active></row>
<row><id_prov type="smallint" >2418</id_prov><id_comunidad type="smallint" >305</id_comunidad><prov_name type="varchar"  label="County">Auglaize</prov_name><ind_active type="tinyint"  label="Active">1</ind_active></row>
<row><id_prov type="smallint" >2419</id_prov><id_comunidad type="smallint" >305</id_comunidad><prov_name type="varchar"  label="County">Cuyahoga</prov_name><ind_active type="tinyint"  label="Active">1</ind_active></row>
<row><id_prov type="smallint" >2420</id_prov><id_comunidad type="smallint" >305</id_comunidad><prov_name type="varchar"  label="County">Allen</prov_name><ind_active type="tinyint"  label="Active">1</ind_active></row>
<row><id_prov type="smallint" >2421</id_prov><id_comunidad type="smallint" >305</id_comunidad><prov_name type="varchar"  label="County">Fayette</prov_name><ind_active type="tinyint"  label="Active">1</ind_active></row>
<row><id_prov type="smallint" >2422</id_prov><id_comunidad type="smallint" >305</id_comunidad><prov_name type="varchar"  label="County">Putnam</prov_name><ind_active type="tinyint"  label="Active">1</ind_active></row>
<row><id_prov type="smallint" >2423</id_prov><id_comunidad type="smallint" >305</id_comunidad><prov_name type="varchar"  label="County">Preble</prov_name><ind_active type="tinyint"  label="Active">1</ind_active></row>
<row><id_prov type="smallint" >2424</id_prov><id_comunidad type="smallint" >305</id_comunidad><prov_name type="varchar"  label="County">Portage</prov_name><ind_active type="tinyint"  label="Active">1</ind_active></row>
<row><id_prov type="smallint" >2425</id_prov><id_comunidad type="smallint" >305</id_comunidad><prov_name type="varchar"  label="County">Fairfield</prov_name><ind_active type="tinyint"  label="Active">1</ind_active></row>
<row><id_prov type="smallint" >2426</id_prov><id_comunidad type="smallint" >305</id_comunidad><prov_name type="varchar"  label="County">Richland</prov_name><ind_active type="tinyint"  label="Active">1</ind_active></row>
<row><id_prov type="smallint" >2427</id_prov><id_comunidad type="smallint" >305</id_comunidad><prov_name type="varchar"  label="County">Pike</prov_name><ind_active type="tinyint"  label="Active">1</ind_active></row>
<row><id_prov type="smallint" >2428</id_prov><id_comunidad type="smallint" >305</id_comunidad><prov_name type="varchar"  label="County">Coshocton</prov_name><ind_active type="tinyint"  label="Active">1</ind_active></row>
<row><id_prov type="smallint" >2429</id_prov><id_comunidad type="smallint" >305</id_comunidad><prov_name type="varchar"  label="County">Belmont</prov_name><ind_active type="tinyint"  label="Active">1</ind_active></row>
<row><id_prov type="smallint" >2430</id_prov><id_comunidad type="smallint" >305</id_comunidad><prov_name type="varchar"  label="County">Wayne</prov_name><ind_active type="tinyint"  label="Active">1</ind_active></row>
<row><id_prov type="smallint" >2431</id_prov><id_comunidad type="smallint" >305</id_comunidad><prov_name type="varchar"  label="County">Pickaway</prov_name><ind_active type="tinyint"  label="Active">1</ind_active></row>
<row><id_prov type="smallint" >2432</id_prov><id_comunidad type="smallint" >305</id_comunidad><prov_name type="varchar"  label="County">Clermont</prov_name><ind_active type="tinyint"  label="Active">1</ind_active></row>
<row><id_prov type="smallint" >2433</id_prov><id_comunidad type="smallint" >305</id_comunidad><prov_name type="varchar"  label="County">Ross</prov_name><ind_active type="tinyint"  label="Active">1</ind_active></row>
<row><id_prov type="smallint" >2434</id_prov><id_comunidad type="smallint" >305</id_comunidad><prov_name type="varchar"  label="County">Seneca</prov_name><ind_active type="tinyint"  label="Active">1</ind_active></row>
<row><id_prov type="smallint" >2435</id_prov><id_comunidad type="smallint" >305</id_comunidad><prov_name type="varchar"  label="County">Ottawa</prov_name><ind_active type="tinyint"  label="Active">1</ind_active></row>
<row><id_prov type="smallint" >2436</id_prov><id_comunidad type="smallint" >305</id_comunidad><prov_name type="varchar"  label="County">Adams</prov_name><ind_active type="tinyint"  label="Active">1</ind_active></row>
<row><id_prov type="smallint" >2437</id_prov><id_comunidad type="smallint" >305</id_comunidad><prov_name type="varchar"  label="County">Shelby</prov_name><ind_active type="tinyint"  label="Active">1</ind_active></row>
<row><id_prov type="smallint" >2438</id_prov><id_comunidad type="smallint" >305</id_comunidad><prov_name type="varchar"  label="County">Clark</prov_name><ind_active type="tinyint"  label="Active">1</ind_active></row>
<row><id_prov type="smallint" >2439</id_prov><id_comunidad type="smallint" >305</id_comunidad><prov_name type="varchar"  label="County">Erie</prov_name><ind_active type="tinyint"  label="Active">1</ind_active></row>
<row><id_prov type="smallint" >2440</id_prov><id_comunidad type="smallint" >305</id_comunidad><prov_name type="varchar"  label="County">Columbiana</prov_name><ind_active type="tinyint"  label="Active">1</ind_active></row>
<row><id_prov type="smallint" >2441</id_prov><id_comunidad type="smallint" >305</id_comunidad><prov_name type="varchar"  label="County">Perry</prov_name><ind_active type="tinyint"  label="Active">1</ind_active></row>
<row><id_prov type="smallint" >2442</id_prov><id_comunidad type="smallint" >305</id_comunidad><prov_name type="varchar"  label="County">Scioto</prov_name><ind_active type="tinyint"  label="Active">1</ind_active></row>
<row><id_prov type="smallint" >2443</id_prov><id_comunidad type="smallint" >305</id_comunidad><prov_name type="varchar"  label="County">Sandusky</prov_name><ind_active type="tinyint"  label="Active">1</ind_active></row>
<row><id_prov type="smallint" >2444</id_prov><id_comunidad type="smallint" >305</id_comunidad><prov_name type="varchar"  label="County">Crawford</prov_name><ind_active type="tinyint"  label="Active">1</ind_active></row>
<row><id_prov type="smallint" >2445</id_prov><id_comunidad type="smallint" >305</id_comunidad><prov_name type="varchar"  label="County">Franklin</prov_name><ind_active type="tinyint"  label="Active">1</ind_active></row>
<row><id_prov type="smallint" >2446</id_prov><id_comunidad type="smallint" >305</id_comunidad><prov_name type="varchar"  label="County">Warren</prov_name><ind_active type="tinyint"  label="Active">1</ind_active></row>
<row><id_prov type="smallint" >2447</id_prov><id_comunidad type="smallint" >305</id_comunidad><prov_name type="varchar"  label="County">Paulding</prov_name><ind_active type="tinyint"  label="Active">1</ind_active></row>
<row><id_prov type="smallint" >2448</id_prov><id_comunidad type="smallint" >305</id_comunidad><prov_name type="varchar"  label="County">Washington</prov_name><ind_active type="tinyint"  label="Active">1</ind_active></row>
<row><id_prov type="smallint" >2449</id_prov><id_comunidad type="smallint" >305</id_comunidad><prov_name type="varchar"  label="County">Fulton</prov_name><ind_active type="tinyint"  label="Active">1</ind_active></row>
<row><id_prov type="smallint" >2450</id_prov><id_comunidad type="smallint" >305</id_comunidad><prov_name type="varchar"  label="County">Williams</prov_name><ind_active type="tinyint"  label="Active">1</ind_active></row>
<row><id_prov type="smallint" >2451</id_prov><id_comunidad type="smallint" >305</id_comunidad><prov_name type="varchar"  label="County">Brown</prov_name><ind_active type="tinyint"  label="Active">1</ind_active></row>
<row><id_prov type="smallint" >2452</id_prov><id_comunidad type="smallint" >305</id_comunidad><prov_name type="varchar"  label="County">Licking</prov_name><ind_active type="tinyint"  label="Active">1</ind_active></row>
<row><id_prov type="smallint" >2453</id_prov><id_comunidad type="smallint" >305</id_comunidad><prov_name type="varchar"  label="County">Hardin</prov_name><ind_active type="tinyint"  label="Active">1</ind_active></row>
<row><id_prov type="smallint" >2454</id_prov><id_comunidad type="smallint" >305</id_comunidad><prov_name type="varchar"  label="County">Jefferson</prov_name><ind_active type="tinyint"  label="Active">1</ind_active></row>
<row><id_prov type="smallint" >2455</id_prov><id_comunidad type="smallint" >305</id_comunidad><prov_name type="varchar"  label="County">Lucas</prov_name><ind_active type="tinyint"  label="Active">1</ind_active></row>
<row><id_prov type="smallint" >2456</id_prov><id_comunidad type="smallint" >305</id_comunidad><prov_name type="varchar"  label="County">Monroe</prov_name><ind_active type="tinyint"  label="Active">1</ind_active></row>
<row><id_prov type="smallint" >2457</id_prov><id_comunidad type="smallint" >305</id_comunidad><prov_name type="varchar"  label="County">Hancock</prov_name><ind_active type="tinyint"  label="Active">1</ind_active></row>
<row><id_prov type="smallint" >2458</id_prov><id_comunidad type="smallint" >305</id_comunidad><prov_name type="varchar"  label="County">Madison</prov_name><ind_active type="tinyint"  label="Active">1</ind_active></row>
<row><id_prov type="smallint" >2459</id_prov><id_comunidad type="smallint" >305</id_comunidad><prov_name type="varchar"  label="County">Miami</prov_name><ind_active type="tinyint"  label="Active">1</ind_active></row>
<row><id_prov type="smallint" >2460</id_prov><id_comunidad type="smallint" >305</id_comunidad><prov_name type="varchar"  label="County">Mercer</prov_name><ind_active type="tinyint"  label="Active">1</ind_active></row>
<row><id_prov type="smallint" >2461</id_prov><id_comunidad type="smallint" >305</id_comunidad><prov_name type="varchar"  label="County">Mahoning</prov_name><ind_active type="tinyint"  label="Active">1</ind_active></row>
<row><id_prov type="smallint" >2462</id_prov><id_comunidad type="smallint" >305</id_comunidad><prov_name type="varchar"  label="County">Lorain</prov_name><ind_active type="tinyint"  label="Active">1</ind_active></row>
<row><id_prov type="smallint" >2463</id_prov><id_comunidad type="smallint" >305</id_comunidad><prov_name type="varchar"  label="County">Medina</prov_name><ind_active type="tinyint"  label="Active">1</ind_active></row>
<row><id_prov type="smallint" >2464</id_prov><id_comunidad type="smallint" >305</id_comunidad><prov_name type="varchar"  label="County">Lawrence</prov_name><ind_active type="tinyint"  label="Active">1</ind_active></row>
<row><id_prov type="smallint" >2465</id_prov><id_comunidad type="smallint" >305</id_comunidad><prov_name type="varchar"  label="County">Hamilton</prov_name><ind_active type="tinyint"  label="Active">1</ind_active></row>
<row><id_prov type="smallint" >2466</id_prov><id_comunidad type="smallint" >305</id_comunidad><prov_name type="varchar"  label="County">Marion</prov_name><ind_active type="tinyint"  label="Active">1</ind_active></row>
<row><id_prov type="smallint" >2467</id_prov><id_comunidad type="smallint" >305</id_comunidad><prov_name type="varchar"  label="County">Henry</prov_name><ind_active type="tinyint"  label="Active">1</ind_active></row>
<row><id_prov type="smallint" >2468</id_prov><id_comunidad type="smallint" >305</id_comunidad><prov_name type="varchar"  label="County">Greene</prov_name><ind_active type="tinyint"  label="Active">1</ind_active></row>
<row><id_prov type="smallint" >2469</id_prov><id_comunidad type="smallint" >305</id_comunidad><prov_name type="varchar"  label="County">Highland</prov_name><ind_active type="tinyint"  label="Active">1</ind_active></row>
<row><id_prov type="smallint" >2470</id_prov><id_comunidad type="smallint" >305</id_comunidad><prov_name type="varchar"  label="County">Lake</prov_name><ind_active type="tinyint"  label="Active">1</ind_active></row>
<row><id_prov type="smallint" >2471</id_prov><id_comunidad type="smallint" >305</id_comunidad><prov_name type="varchar"  label="County">Knox</prov_name><ind_active type="tinyint"  label="Active">1</ind_active></row>
<row><id_prov type="smallint" >2472</id_prov><id_comunidad type="smallint" >305</id_comunidad><prov_name type="varchar"  label="County">Guernsey</prov_name><ind_active type="tinyint"  label="Active">1</ind_active></row>
<row><id_prov type="smallint" >2473</id_prov><id_comunidad type="smallint" >305</id_comunidad><prov_name type="varchar"  label="County">Hocking</prov_name><ind_active type="tinyint"  label="Active">1</ind_active></row>
<row><id_prov type="smallint" >2474</id_prov><id_comunidad type="smallint" >305</id_comunidad><prov_name type="varchar"  label="County">Holmes</prov_name><ind_active type="tinyint"  label="Active">1</ind_active></row>
<row><id_prov type="smallint" >2475</id_prov><id_comunidad type="smallint" >305</id_comunidad><prov_name type="varchar"  label="County">Champaign</prov_name><ind_active type="tinyint"  label="Active">1</ind_active></row>
<row><id_prov type="smallint" >2476</id_prov><id_comunidad type="smallint" >305</id_comunidad><prov_name type="varchar"  label="County">Meigs</prov_name><ind_active type="tinyint"  label="Active">1</ind_active></row>
<row><id_prov type="smallint" >2477</id_prov><id_comunidad type="smallint" >305</id_comunidad><prov_name type="varchar"  label="County">Morgan</prov_name><ind_active type="tinyint"  label="Active">1</ind_active></row>
<row><id_prov type="smallint" >2478</id_prov><id_comunidad type="smallint" >305</id_comunidad><prov_name type="varchar"  label="County">Morrow</prov_name><ind_active type="tinyint"  label="Active">1</ind_active></row>
<row><id_prov type="smallint" >2479</id_prov><id_comunidad type="smallint" >305</id_comunidad><prov_name type="varchar"  label="County">Jackson</prov_name><ind_active type="tinyint"  label="Active">1</ind_active></row>
<row><id_prov type="smallint" >2480</id_prov><id_comunidad type="smallint" >305</id_comunidad><prov_name type="varchar"  label="County">Huron</prov_name><ind_active type="tinyint"  label="Active">1</ind_active></row>
<row><id_prov type="smallint" >2481</id_prov><id_comunidad type="smallint" >305</id_comunidad><prov_name type="varchar"  label="County">Logan</prov_name><ind_active type="tinyint"  label="Active">1</ind_active></row>
<row><id_prov type="smallint" >2482</id_prov><id_comunidad type="smallint" >305</id_comunidad><prov_name type="varchar"  label="County">Montgomery</prov_name><ind_active type="tinyint"  label="Active">1</ind_active></row>
<row><id_prov type="smallint" >2483</id_prov><id_comunidad type="smallint" >305</id_comunidad><prov_name type="varchar"  label="County">Harrison</prov_name><ind_active type="tinyint"  label="Active">1</ind_active></row>
<row><id_prov type="smallint" >2484</id_prov><id_comunidad type="smallint" >305</id_comunidad><prov_name type="varchar"  label="County">Butler</prov_name><ind_active type="tinyint"  label="Active">1</ind_active></row>
<row><id_prov type="smallint" >2485</id_prov><id_comunidad type="smallint" >305</id_comunidad><prov_name type="varchar"  label="County">Carroll</prov_name><ind_active type="tinyint"  label="Active">1</ind_active></row>
</provincia>
</root>