<?xml version="1.0" encoding="UTF-8"?>
<root>
<provincia>
<row><id_prov type="smallint" >2486</id_prov><id_comunidad type="smallint" >306</id_comunidad><prov_name type="varchar"  label="County">Payne</prov_name><ind_active type="tinyint"  label="Active">1</ind_active></row>
<row><id_prov type="smallint" >2487</id_prov><id_comunidad type="smallint" >306</id_comunidad><prov_name type="varchar"  label="County">Adair</prov_name><ind_active type="tinyint"  label="Active">1</ind_active></row>
<row><id_prov type="smallint" >2488</id_prov><id_comunidad type="smallint" >306</id_comunidad><prov_name type="varchar"  label="County">Latimer</prov_name><ind_active type="tinyint"  label="Active">1</ind_active></row>
<row><id_prov type="smallint" >2489</id_prov><id_comunidad type="smallint" >306</id_comunidad><prov_name type="varchar"  label="County">Coal</prov_name><ind_active type="tinyint"  label="Active">1</ind_active></row>
<row><id_prov type="smallint" >2490</id_prov><id_comunidad type="smallint" >306</id_comunidad><prov_name type="varchar"  label="County">Washington</prov_name><ind_active type="tinyint"  label="Active">1</ind_active></row>
<row><id_prov type="smallint" >2491</id_prov><id_comunidad type="smallint" >306</id_comunidad><prov_name type="varchar"  label="County">Beckham</prov_name><ind_active type="tinyint"  label="Active">1</ind_active></row>
<row><id_prov type="smallint" >2492</id_prov><id_comunidad type="smallint" >306</id_comunidad><prov_name type="varchar"  label="County">Craig</prov_name><ind_active type="tinyint"  label="Active">1</ind_active></row>
<row><id_prov type="smallint" >2493</id_prov><id_comunidad type="smallint" >306</id_comunidad><prov_name type="varchar"  label="County">Tillman</prov_name><ind_active type="tinyint"  label="Active">1</ind_active></row>
<row><id_prov type="smallint" >2494</id_prov><id_comunidad type="smallint" >306</id_comunidad><prov_name type="varchar"  label="County">McIntosh</prov_name><ind_active type="tinyint"  label="Active">1</ind_active></row>
<row><id_prov type="smallint" >2495</id_prov><id_comunidad type="smallint" >306</id_comunidad><prov_name type="varchar"  label="County">Washita</prov_name><ind_active type="tinyint"  label="Active">1</ind_active></row>
<row><id_prov type="smallint" >2496</id_prov><id_comunidad type="smallint" >306</id_comunidad><prov_name type="varchar"  label="County">Harper</prov_name><ind_active type="tinyint"  label="Active">1</ind_active></row>
<row><id_prov type="smallint" >2497</id_prov><id_comunidad type="smallint" >306</id_comunidad><prov_name type="varchar"  label="County">Carter</prov_name><ind_active type="tinyint"  label="Active">1</ind_active></row>
<row><id_prov type="smallint" >2498</id_prov><id_comunidad type="smallint" >306</id_comunidad><prov_name type="varchar"  label="County">Roger Mills</prov_name><ind_active type="tinyint"  label="Active">1</ind_active></row>
<row><id_prov type="smallint" >2499</id_prov><id_comunidad type="smallint" >306</id_comunidad><prov_name type="varchar"  label="County">Sequoyah</prov_name><ind_active type="tinyint"  label="Active">1</ind_active></row>
<row><id_prov type="smallint" >2500</id_prov><id_comunidad type="smallint" >306</id_comunidad><prov_name type="varchar"  label="County">Rogers</prov_name><ind_active type="tinyint"  label="Active">1</ind_active></row>
<row><id_prov type="smallint" >2501</id_prov><id_comunidad type="smallint" >306</id_comunidad><prov_name type="varchar"  label="County">Canadian</prov_name><ind_active type="tinyint"  label="Active">1</ind_active></row>
<row><id_prov type="smallint" >2502</id_prov><id_comunidad type="smallint" >306</id_comunidad><prov_name type="varchar"  label="County">Cimarron</prov_name><ind_active type="tinyint"  label="Active">1</ind_active></row>
<row><id_prov type="smallint" >2503</id_prov><id_comunidad type="smallint" >306</id_comunidad><prov_name type="varchar"  label="County">Kiowa</prov_name><ind_active type="tinyint"  label="Active">1</ind_active></row>
<row><id_prov type="smallint" >2504</id_prov><id_comunidad type="smallint" >306</id_comunidad><prov_name type="varchar"  label="County">Murray</prov_name><ind_active type="tinyint"  label="Active">1</ind_active></row>
<row><id_prov type="smallint" >2505</id_prov><id_comunidad type="smallint" >306</id_comunidad><prov_name type="varchar"  label="County">Pushmataha</prov_name><ind_active type="tinyint"  label="Active">1</ind_active></row>
<row><id_prov type="smallint" >2506</id_prov><id_comunidad type="smallint" >306</id_comunidad><prov_name type="varchar"  label="County">Wagoner</prov_name><ind_active type="tinyint"  label="Active">1</ind_active></row>
<row><id_prov type="smallint" >2507</id_prov><id_comunidad type="smallint" >306</id_comunidad><prov_name type="varchar"  label="County">Kingfisher</prov_name><ind_active type="tinyint"  label="Active">1</ind_active></row>
<row><id_prov type="smallint" >2508</id_prov><id_comunidad type="smallint" >306</id_comunidad><prov_name type="varchar"  label="County">Mayes</prov_name><ind_active type="tinyint"  label="Active">1</ind_active></row>
<row><id_prov type="smallint" >2509</id_prov><id_comunidad type="smallint" >306</id_comunidad><prov_name type="varchar"  label="County">Greer</prov_name><ind_active type="tinyint"  label="Active">1</ind_active></row>
<row><id_prov type="smallint" >2510</id_prov><id_comunidad type="smallint" >306</id_comunidad><prov_name type="varchar"  label="County">Muskogee</prov_name><ind_active type="tinyint"  label="Active">1</ind_active></row>
<row><id_prov type="smallint" >2511</id_prov><id_comunidad type="smallint" >306</id_comunidad><prov_name type="varchar"  label="County">Tulsa</prov_name><ind_active type="tinyint"  label="Active">1</ind_active></row>
<row><id_prov type="smallint" >2512</id_prov><id_comunidad type="smallint" >306</id_comunidad><prov_name type="varchar"  label="County">Custer</prov_name><ind_active type="tinyint"  label="Active">1</ind_active></row>
<row><id_prov type="smallint" >2513</id_prov><id_comunidad type="smallint" >306</id_comunidad><prov_name type="varchar"  label="County">Kay</prov_name><ind_active type="tinyint"  label="Active">1</ind_active></row>
<row><id_prov type="smallint" >2514</id_prov><id_comunidad type="smallint" >306</id_comunidad><prov_name type="varchar"  label="County">Choctaw</prov_name><ind_active type="tinyint"  label="Active">1</ind_active></row>
<row><id_prov type="smallint" >2515</id_prov><id_comunidad type="smallint" >306</id_comunidad><prov_name type="varchar"  label="County">Pontotoc</prov_name><ind_active type="tinyint"  label="Active">1</ind_active></row>
<row><id_prov type="smallint" >2516</id_prov><id_comunidad type="smallint" >306</id_comunidad><prov_name type="varchar"  label="County">Bryan</prov_name><ind_active type="tinyint"  label="Active">1</ind_active></row>
<row><id_prov type="smallint" >2517</id_prov><id_comunidad type="smallint" >306</id_comunidad><prov_name type="varchar"  label="County">Creek</prov_name><ind_active type="tinyint"  label="Active">1</ind_active></row>
<row><id_prov type="smallint" >2518</id_prov><id_comunidad type="smallint" >306</id_comunidad><prov_name type="varchar"  label="County">Pittsburg</prov_name><ind_active type="tinyint"  label="Active">1</ind_active></row>
<row><id_prov type="smallint" >2519</id_prov><id_comunidad type="smallint" >306</id_comunidad><prov_name type="varchar"  label="County">Blaine</prov_name><ind_active type="tinyint"  label="Active">1</ind_active></row>
<row><id_prov type="smallint" >2520</id_prov><id_comunidad type="smallint" >306</id_comunidad><prov_name type="varchar"  label="County">Cotton</prov_name><ind_active type="tinyint"  label="Active">1</ind_active></row>
<row><id_prov type="smallint" >2521</id_prov><id_comunidad type="smallint" >306</id_comunidad><prov_name type="varchar"  label="County">Marshall</prov_name><ind_active type="tinyint"  label="Active">1</ind_active></row>
<row><id_prov type="smallint" >2522</id_prov><id_comunidad type="smallint" >306</id_comunidad><prov_name type="varchar"  label="County">Ellis</prov_name><ind_active type="tinyint"  label="Active">1</ind_active></row>
<row><id_prov type="smallint" >2523</id_prov><id_comunidad type="smallint" >306</id_comunidad><prov_name type="varchar"  label="County">Pottawatomie</prov_name><ind_active type="tinyint"  label="Active">1</ind_active></row>
<row><id_prov type="smallint" >2524</id_prov><id_comunidad type="smallint" >306</id_comunidad><prov_name type="varchar"  label="County">Caddo</prov_name><ind_active type="tinyint"  label="Active">1</ind_active></row>
<row><id_prov type="smallint" >2525</id_prov><id_comunidad type="smallint" >306</id_comunidad><prov_name type="varchar"  label="County">Harmon</prov_name><ind_active type="tinyint"  label="Active">1</ind_active></row>
<row><id_prov type="smallint" >2526</id_prov><id_comunidad type="smallint" >306</id_comunidad><prov_name type="varchar"  label="County">Dewey</prov_name><ind_active type="tinyint"  label="Active">1</ind_active></row>
<row><id_prov type="smallint" >2527</id_prov><id_comunidad type="smallint" >306</id_comunidad><prov_name type="varchar"  label="County">Johnston</prov_name><ind_active type="tinyint"  label="Active">1</ind_active></row>
<row><id_prov type="smallint" >2528</id_prov><id_comunidad type="smallint" >306</id_comunidad><prov_name type="varchar"  label="County">Stephens</prov_name><ind_active type="tinyint"  label="Active">1</ind_active></row>
<row><id_prov type="smallint" >2529</id_prov><id_comunidad type="smallint" >306</id_comunidad><prov_name type="varchar"  label="County">Pawnee</prov_name><ind_active type="tinyint"  label="Active">1</ind_active></row>
<row><id_prov type="smallint" >2530</id_prov><id_comunidad type="smallint" >306</id_comunidad><prov_name type="varchar"  label="County">Okmulgee</prov_name><ind_active type="tinyint"  label="Active">1</ind_active></row>
<row><id_prov type="smallint" >2531</id_prov><id_comunidad type="smallint" >306</id_comunidad><prov_name type="varchar"  label="County">Oklahoma</prov_name><ind_active type="tinyint"  label="Active">1</ind_active></row>
<row><id_prov type="smallint" >2532</id_prov><id_comunidad type="smallint" >306</id_comunidad><prov_name type="varchar"  label="County">Okfuskee</prov_name><ind_active type="tinyint"  label="Active">1</ind_active></row>
<row><id_prov type="smallint" >2533</id_prov><id_comunidad type="smallint" >306</id_comunidad><prov_name type="varchar"  label="County">Jefferson</prov_name><ind_active type="tinyint"  label="Active">1</ind_active></row>
<row><id_prov type="smallint" >2534</id_prov><id_comunidad type="smallint" >306</id_comunidad><prov_name type="varchar"  label="County">Comanche</prov_name><ind_active type="tinyint"  label="Active">1</ind_active></row>
<row><id_prov type="smallint" >2535</id_prov><id_comunidad type="smallint" >306</id_comunidad><prov_name type="varchar"  label="County">Noble</prov_name><ind_active type="tinyint"  label="Active">1</ind_active></row>
<row><id_prov type="smallint" >2536</id_prov><id_comunidad type="smallint" >306</id_comunidad><prov_name type="varchar"  label="County">Haskell</prov_name><ind_active type="tinyint"  label="Active">1</ind_active></row>
<row><id_prov type="smallint" >2537</id_prov><id_comunidad type="smallint" >306</id_comunidad><prov_name type="varchar"  label="County">Love</prov_name><ind_active type="tinyint"  label="Active">1</ind_active></row>
<row><id_prov type="smallint" >2538</id_prov><id_comunidad type="smallint" >306</id_comunidad><prov_name type="varchar"  label="County">Seminole</prov_name><ind_active type="tinyint"  label="Active">1</ind_active></row>
<row><id_prov type="smallint" >2539</id_prov><id_comunidad type="smallint" >306</id_comunidad><prov_name type="varchar"  label="County">Nowata</prov_name><ind_active type="tinyint"  label="Active">1</ind_active></row>
<row><id_prov type="smallint" >2540</id_prov><id_comunidad type="smallint" >306</id_comunidad><prov_name type="varchar"  label="County">Garfield</prov_name><ind_active type="tinyint"  label="Active">1</ind_active></row>
<row><id_prov type="smallint" >2541</id_prov><id_comunidad type="smallint" >306</id_comunidad><prov_name type="varchar"  label="County">Grady</prov_name><ind_active type="tinyint"  label="Active">1</ind_active></row>
<row><id_prov type="smallint" >2542</id_prov><id_comunidad type="smallint" >306</id_comunidad><prov_name type="varchar"  label="County">Cherokee</prov_name><ind_active type="tinyint"  label="Active">1</ind_active></row>
<row><id_prov type="smallint" >2543</id_prov><id_comunidad type="smallint" >306</id_comunidad><prov_name type="varchar"  label="County">Logan</prov_name><ind_active type="tinyint"  label="Active">1</ind_active></row>
<row><id_prov type="smallint" >2544</id_prov><id_comunidad type="smallint" >306</id_comunidad><prov_name type="varchar"  label="County">Lincoln</prov_name><ind_active type="tinyint"  label="Active">1</ind_active></row>
<row><id_prov type="smallint" >2545</id_prov><id_comunidad type="smallint" >306</id_comunidad><prov_name type="varchar"  label="County">Garvin</prov_name><ind_active type="tinyint"  label="Active">1</ind_active></row>
<row><id_prov type="smallint" >2546</id_prov><id_comunidad type="smallint" >306</id_comunidad><prov_name type="varchar"  label="County">Jackson</prov_name><ind_active type="tinyint"  label="Active">1</ind_active></row>
<row><id_prov type="smallint" >2547</id_prov><id_comunidad type="smallint" >306</id_comunidad><prov_name type="varchar"  label="County">Cleveland</prov_name><ind_active type="tinyint"  label="Active">1</ind_active></row>
<row><id_prov type="smallint" >2548</id_prov><id_comunidad type="smallint" >306</id_comunidad><prov_name type="varchar"  label="County">Major</prov_name><ind_active type="tinyint"  label="Active">1</ind_active></row>
<row><id_prov type="smallint" >2549</id_prov><id_comunidad type="smallint" >306</id_comunidad><prov_name type="varchar"  label="County">Beaver</prov_name><ind_active type="tinyint"  label="Active">1</ind_active></row>
<row><id_prov type="smallint" >2550</id_prov><id_comunidad type="smallint" >306</id_comunidad><prov_name type="varchar"  label="County">Ottawa</prov_name><ind_active type="tinyint"  label="Active">1</ind_active></row>
<row><id_prov type="smallint" >2551</id_prov><id_comunidad type="smallint" >306</id_comunidad><prov_name type="varchar"  label="County">McClain</prov_name><ind_active type="tinyint"  label="Active">1</ind_active></row>
<row><id_prov type="smallint" >2552</id_prov><id_comunidad type="smallint" >306</id_comunidad><prov_name type="varchar"  label="County">McCurtain</prov_name><ind_active type="tinyint"  label="Active">1</ind_active></row>
<row><id_prov type="smallint" >2553</id_prov><id_comunidad type="smallint" >306</id_comunidad><prov_name type="varchar"  label="County">Texas</prov_name><ind_active type="tinyint"  label="Active">1</ind_active></row>
<row><id_prov type="smallint" >2554</id_prov><id_comunidad type="smallint" >306</id_comunidad><prov_name type="varchar"  label="County">Woodward</prov_name><ind_active type="tinyint"  label="Active">1</ind_active></row>
<row><id_prov type="smallint" >2555</id_prov><id_comunidad type="smallint" >306</id_comunidad><prov_name type="varchar"  label="County">Osage</prov_name><ind_active type="tinyint"  label="Active">1</ind_active></row>
<row><id_prov type="smallint" >2556</id_prov><id_comunidad type="smallint" >306</id_comunidad><prov_name type="varchar"  label="County">Hughes</prov_name><ind_active type="tinyint"  label="Active">1</ind_active></row>
<row><id_prov type="smallint" >2557</id_prov><id_comunidad type="smallint" >306</id_comunidad><prov_name type="varchar"  label="County">Alfalfa</prov_name><ind_active type="tinyint"  label="Active">1</ind_active></row>
<row><id_prov type="smallint" >2558</id_prov><id_comunidad type="smallint" >306</id_comunidad><prov_name type="varchar"  label="County">Woods</prov_name><ind_active type="tinyint"  label="Active">1</ind_active></row>
<row><id_prov type="smallint" >2559</id_prov><id_comunidad type="smallint" >306</id_comunidad><prov_name type="varchar"  label="County">Atoka</prov_name><ind_active type="tinyint"  label="Active">1</ind_active></row>
<row><id_prov type="smallint" >2560</id_prov><id_comunidad type="smallint" >306</id_comunidad><prov_name type="varchar"  label="County">Grant</prov_name><ind_active type="tinyint"  label="Active">1</ind_active></row>
<row><id_prov type="smallint" >2561</id_prov><id_comunidad type="smallint" >306</id_comunidad><prov_name type="varchar"  label="County">Le Flore</prov_name><ind_active type="tinyint"  label="Active">1</ind_active></row>
<row><id_prov type="smallint" >2562</id_prov><id_comunidad type="smallint" >306</id_comunidad><prov_name type="varchar"  label="County">Delaware</prov_name><ind_active type="tinyint"  label="Active">1</ind_active></row>
</provincia>
</root>