<?xml version="1.0" encoding="UTF-8"?>
<root>
<provincia>
<row><id_prov type="smallint" >2599</id_prov><id_comunidad type="smallint" >309</id_comunidad><prov_name type="varchar"  label="County">Lawrence</prov_name><ind_active type="tinyint"  label="Active">1</ind_active></row>
<row><id_prov type="smallint" >2600</id_prov><id_comunidad type="smallint" >309</id_comunidad><prov_name type="varchar"  label="County">Lehigh</prov_name><ind_active type="tinyint"  label="Active">1</ind_active></row>
<row><id_prov type="smallint" >2601</id_prov><id_comunidad type="smallint" >309</id_comunidad><prov_name type="varchar"  label="County">Jefferson</prov_name><ind_active type="tinyint"  label="Active">1</ind_active></row>
<row><id_prov type="smallint" >2602</id_prov><id_comunidad type="smallint" >309</id_comunidad><prov_name type="varchar"  label="County">Susquehanna</prov_name><ind_active type="tinyint"  label="Active">1</ind_active></row>
<row><id_prov type="smallint" >2603</id_prov><id_comunidad type="smallint" >309</id_comunidad><prov_name type="varchar"  label="County">Sullivan</prov_name><ind_active type="tinyint"  label="Active">1</ind_active></row>
<row><id_prov type="smallint" >2604</id_prov><id_comunidad type="smallint" >309</id_comunidad><prov_name type="varchar"  label="County">Lebanon</prov_name><ind_active type="tinyint"  label="Active">1</ind_active></row>
<row><id_prov type="smallint" >2605</id_prov><id_comunidad type="smallint" >309</id_comunidad><prov_name type="varchar"  label="County">Delaware</prov_name><ind_active type="tinyint"  label="Active">1</ind_active></row>
<row><id_prov type="smallint" >2606</id_prov><id_comunidad type="smallint" >309</id_comunidad><prov_name type="varchar"  label="County">Mifflin</prov_name><ind_active type="tinyint"  label="Active">1</ind_active></row>
<row><id_prov type="smallint" >2607</id_prov><id_comunidad type="smallint" >309</id_comunidad><prov_name type="varchar"  label="County">Schuylkill</prov_name><ind_active type="tinyint"  label="Active">1</ind_active></row>
<row><id_prov type="smallint" >2608</id_prov><id_comunidad type="smallint" >309</id_comunidad><prov_name type="varchar"  label="County">Westmoreland</prov_name><ind_active type="tinyint"  label="Active">1</ind_active></row>
<row><id_prov type="smallint" >2609</id_prov><id_comunidad type="smallint" >309</id_comunidad><prov_name type="varchar"  label="County">Mercer</prov_name><ind_active type="tinyint"  label="Active">1</ind_active></row>
<row><id_prov type="smallint" >2610</id_prov><id_comunidad type="smallint" >309</id_comunidad><prov_name type="varchar"  label="County">Elk</prov_name><ind_active type="tinyint"  label="Active">1</ind_active></row>
<row><id_prov type="smallint" >2611</id_prov><id_comunidad type="smallint" >309</id_comunidad><prov_name type="varchar"  label="County">Cumberland</prov_name><ind_active type="tinyint"  label="Active">1</ind_active></row>
<row><id_prov type="smallint" >2612</id_prov><id_comunidad type="smallint" >309</id_comunidad><prov_name type="varchar"  label="County">Chester</prov_name><ind_active type="tinyint"  label="Active">1</ind_active></row>
<row><id_prov type="smallint" >2613</id_prov><id_comunidad type="smallint" >309</id_comunidad><prov_name type="varchar"  label="County">Northampton</prov_name><ind_active type="tinyint"  label="Active">1</ind_active></row>
<row><id_prov type="smallint" >2614</id_prov><id_comunidad type="smallint" >309</id_comunidad><prov_name type="varchar"  label="County">Butler</prov_name><ind_active type="tinyint"  label="Active">1</ind_active></row>
<row><id_prov type="smallint" >2615</id_prov><id_comunidad type="smallint" >309</id_comunidad><prov_name type="varchar"  label="County">York</prov_name><ind_active type="tinyint"  label="Active">1</ind_active></row>
<row><id_prov type="smallint" >2616</id_prov><id_comunidad type="smallint" >309</id_comunidad><prov_name type="varchar"  label="County">Perry</prov_name><ind_active type="tinyint"  label="Active">1</ind_active></row>
<row><id_prov type="smallint" >2617</id_prov><id_comunidad type="smallint" >309</id_comunidad><prov_name type="varchar"  label="County">Snyder</prov_name><ind_active type="tinyint"  label="Active">1</ind_active></row>
<row><id_prov type="smallint" >2618</id_prov><id_comunidad type="smallint" >309</id_comunidad><prov_name type="varchar"  label="County">Somerset</prov_name><ind_active type="tinyint"  label="Active">1</ind_active></row>
<row><id_prov type="smallint" >2619</id_prov><id_comunidad type="smallint" >309</id_comunidad><prov_name type="varchar"  label="County">Bradford</prov_name><ind_active type="tinyint"  label="Active">1</ind_active></row>
<row><id_prov type="smallint" >2620</id_prov><id_comunidad type="smallint" >309</id_comunidad><prov_name type="varchar"  label="County">Wyoming</prov_name><ind_active type="tinyint"  label="Active">1</ind_active></row>
<row><id_prov type="smallint" >2621</id_prov><id_comunidad type="smallint" >309</id_comunidad><prov_name type="varchar"  label="County">Clinton</prov_name><ind_active type="tinyint"  label="Active">1</ind_active></row>
<row><id_prov type="smallint" >2622</id_prov><id_comunidad type="smallint" >309</id_comunidad><prov_name type="varchar"  label="County">Monroe</prov_name><ind_active type="tinyint"  label="Active">1</ind_active></row>
<row><id_prov type="smallint" >2623</id_prov><id_comunidad type="smallint" >309</id_comunidad><prov_name type="varchar"  label="County">Montgomery</prov_name><ind_active type="tinyint"  label="Active">1</ind_active></row>
<row><id_prov type="smallint" >2624</id_prov><id_comunidad type="smallint" >309</id_comunidad><prov_name type="varchar"  label="County">Fulton</prov_name><ind_active type="tinyint"  label="Active">1</ind_active></row>
<row><id_prov type="smallint" >2625</id_prov><id_comunidad type="smallint" >309</id_comunidad><prov_name type="varchar"  label="County">Adams</prov_name><ind_active type="tinyint"  label="Active">1</ind_active></row>
<row><id_prov type="smallint" >2626</id_prov><id_comunidad type="smallint" >309</id_comunidad><prov_name type="varchar"  label="County">Northumberland</prov_name><ind_active type="tinyint"  label="Active">1</ind_active></row>
<row><id_prov type="smallint" >2627</id_prov><id_comunidad type="smallint" >309</id_comunidad><prov_name type="varchar"  label="County">Huntingdon</prov_name><ind_active type="tinyint"  label="Active">1</ind_active></row>
<row><id_prov type="smallint" >2628</id_prov><id_comunidad type="smallint" >309</id_comunidad><prov_name type="varchar"  label="County">Centre</prov_name><ind_active type="tinyint"  label="Active">1</ind_active></row>
<row><id_prov type="smallint" >2629</id_prov><id_comunidad type="smallint" >309</id_comunidad><prov_name type="varchar"  label="County">Columbia</prov_name><ind_active type="tinyint"  label="Active">1</ind_active></row>
<row><id_prov type="smallint" >2630</id_prov><id_comunidad type="smallint" >309</id_comunidad><prov_name type="varchar"  label="County">Allegheny</prov_name><ind_active type="tinyint"  label="Active">1</ind_active></row>
<row><id_prov type="smallint" >2631</id_prov><id_comunidad type="smallint" >309</id_comunidad><prov_name type="varchar"  label="County">Luzerne</prov_name><ind_active type="tinyint"  label="Active">1</ind_active></row>
<row><id_prov type="smallint" >2632</id_prov><id_comunidad type="smallint" >309</id_comunidad><prov_name type="varchar"  label="County">Lycoming</prov_name><ind_active type="tinyint"  label="Active">1</ind_active></row>
<row><id_prov type="smallint" >2633</id_prov><id_comunidad type="smallint" >309</id_comunidad><prov_name type="varchar"  label="County">Montour</prov_name><ind_active type="tinyint"  label="Active">1</ind_active></row>
<row><id_prov type="smallint" >2634</id_prov><id_comunidad type="smallint" >309</id_comunidad><prov_name type="varchar"  label="County">Warren</prov_name><ind_active type="tinyint"  label="Active">1</ind_active></row>
<row><id_prov type="smallint" >2635</id_prov><id_comunidad type="smallint" >309</id_comunidad><prov_name type="varchar"  label="County">Erie</prov_name><ind_active type="tinyint"  label="Active">1</ind_active></row>
<row><id_prov type="smallint" >2636</id_prov><id_comunidad type="smallint" >309</id_comunidad><prov_name type="varchar"  label="County">Armstrong</prov_name><ind_active type="tinyint"  label="Active">1</ind_active></row>
<row><id_prov type="smallint" >2637</id_prov><id_comunidad type="smallint" >309</id_comunidad><prov_name type="varchar"  label="County">Potter</prov_name><ind_active type="tinyint"  label="Active">1</ind_active></row>
<row><id_prov type="smallint" >2638</id_prov><id_comunidad type="smallint" >309</id_comunidad><prov_name type="varchar"  label="County">Dauphin</prov_name><ind_active type="tinyint"  label="Active">1</ind_active></row>
<row><id_prov type="smallint" >2639</id_prov><id_comunidad type="smallint" >309</id_comunidad><prov_name type="varchar"  label="County">Carbon</prov_name><ind_active type="tinyint"  label="Active">1</ind_active></row>
<row><id_prov type="smallint" >2640</id_prov><id_comunidad type="smallint" >309</id_comunidad><prov_name type="varchar"  label="County">Beaver</prov_name><ind_active type="tinyint"  label="Active">1</ind_active></row>
<row><id_prov type="smallint" >2641</id_prov><id_comunidad type="smallint" >309</id_comunidad><prov_name type="varchar"  label="County">Fayette</prov_name><ind_active type="tinyint"  label="Active">1</ind_active></row>
<row><id_prov type="smallint" >2642</id_prov><id_comunidad type="smallint" >309</id_comunidad><prov_name type="varchar"  label="County">Forest</prov_name><ind_active type="tinyint"  label="Active">1</ind_active></row>
<row><id_prov type="smallint" >2643</id_prov><id_comunidad type="smallint" >309</id_comunidad><prov_name type="varchar"  label="County">Lancaster</prov_name><ind_active type="tinyint"  label="Active">1</ind_active></row>
<row><id_prov type="smallint" >2644</id_prov><id_comunidad type="smallint" >309</id_comunidad><prov_name type="varchar"  label="County">Pike</prov_name><ind_active type="tinyint"  label="Active">1</ind_active></row>
<row><id_prov type="smallint" >2645</id_prov><id_comunidad type="smallint" >309</id_comunidad><prov_name type="varchar"  label="County">Lackawanna</prov_name><ind_active type="tinyint"  label="Active">1</ind_active></row>
<row><id_prov type="smallint" >2646</id_prov><id_comunidad type="smallint" >309</id_comunidad><prov_name type="varchar"  label="County">Cameron</prov_name><ind_active type="tinyint"  label="Active">1</ind_active></row>
<row><id_prov type="smallint" >2647</id_prov><id_comunidad type="smallint" >309</id_comunidad><prov_name type="varchar"  label="County">Crawford</prov_name><ind_active type="tinyint"  label="Active">1</ind_active></row>
<row><id_prov type="smallint" >2648</id_prov><id_comunidad type="smallint" >309</id_comunidad><prov_name type="varchar"  label="County">Clearfield</prov_name><ind_active type="tinyint"  label="Active">1</ind_active></row>
<row><id_prov type="smallint" >2649</id_prov><id_comunidad type="smallint" >309</id_comunidad><prov_name type="varchar"  label="County">Bucks</prov_name><ind_active type="tinyint"  label="Active">1</ind_active></row>
<row><id_prov type="smallint" >2650</id_prov><id_comunidad type="smallint" >309</id_comunidad><prov_name type="varchar"  label="County">Union</prov_name><ind_active type="tinyint"  label="Active">1</ind_active></row>
<row><id_prov type="smallint" >2651</id_prov><id_comunidad type="smallint" >309</id_comunidad><prov_name type="varchar"  label="County">Greene</prov_name><ind_active type="tinyint"  label="Active">1</ind_active></row>
<row><id_prov type="smallint" >2652</id_prov><id_comunidad type="smallint" >309</id_comunidad><prov_name type="varchar"  label="County">Tioga</prov_name><ind_active type="tinyint"  label="Active">1</ind_active></row>
<row><id_prov type="smallint" >2653</id_prov><id_comunidad type="smallint" >309</id_comunidad><prov_name type="varchar"  label="County">Wayne</prov_name><ind_active type="tinyint"  label="Active">1</ind_active></row>
<row><id_prov type="smallint" >2654</id_prov><id_comunidad type="smallint" >309</id_comunidad><prov_name type="varchar"  label="County">Franklin</prov_name><ind_active type="tinyint"  label="Active">1</ind_active></row>
<row><id_prov type="smallint" >2655</id_prov><id_comunidad type="smallint" >309</id_comunidad><prov_name type="varchar"  label="County">Juniata</prov_name><ind_active type="tinyint"  label="Active">1</ind_active></row>
<row><id_prov type="smallint" >2656</id_prov><id_comunidad type="smallint" >309</id_comunidad><prov_name type="varchar"  label="County">Venango</prov_name><ind_active type="tinyint"  label="Active">1</ind_active></row>
<row><id_prov type="smallint" >2657</id_prov><id_comunidad type="smallint" >309</id_comunidad><prov_name type="varchar"  label="County">Indiana</prov_name><ind_active type="tinyint"  label="Active">1</ind_active></row>
<row><id_prov type="smallint" >2658</id_prov><id_comunidad type="smallint" >309</id_comunidad><prov_name type="varchar"  label="County">Clarion</prov_name><ind_active type="tinyint"  label="Active">1</ind_active></row>
<row><id_prov type="smallint" >2659</id_prov><id_comunidad type="smallint" >309</id_comunidad><prov_name type="varchar"  label="County">Berks</prov_name><ind_active type="tinyint"  label="Active">1</ind_active></row>
<row><id_prov type="smallint" >2660</id_prov><id_comunidad type="smallint" >309</id_comunidad><prov_name type="varchar"  label="County">Washington</prov_name><ind_active type="tinyint"  label="Active">1</ind_active></row>
<row><id_prov type="smallint" >2661</id_prov><id_comunidad type="smallint" >309</id_comunidad><prov_name type="varchar"  label="County">Cambria</prov_name><ind_active type="tinyint"  label="Active">1</ind_active></row>
<row><id_prov type="smallint" >2662</id_prov><id_comunidad type="smallint" >309</id_comunidad><prov_name type="varchar"  label="County">McKean</prov_name><ind_active type="tinyint"  label="Active">1</ind_active></row>
<row><id_prov type="smallint" >2663</id_prov><id_comunidad type="smallint" >309</id_comunidad><prov_name type="varchar"  label="County">Blair</prov_name><ind_active type="tinyint"  label="Active">1</ind_active></row>
<row><id_prov type="smallint" >2664</id_prov><id_comunidad type="smallint" >309</id_comunidad><prov_name type="varchar"  label="County">Philadelphia</prov_name><ind_active type="tinyint"  label="Active">1</ind_active></row>
<row><id_prov type="smallint" >2665</id_prov><id_comunidad type="smallint" >309</id_comunidad><prov_name type="varchar"  label="County">Bedford</prov_name><ind_active type="tinyint"  label="Active">1</ind_active></row>
</provincia>
</root>