<?xml version="1.0" encoding="UTF-8"?>
<root>
<provincia>
<row><id_prov type="smallint" >2717</id_prov><id_comunidad type="smallint" >313</id_comunidad><prov_name type="varchar"  label="County">Hamlin</prov_name><ind_active type="tinyint"  label="Active">1</ind_active></row>
<row><id_prov type="smallint" >2718</id_prov><id_comunidad type="smallint" >313</id_comunidad><prov_name type="varchar"  label="County">Butte</prov_name><ind_active type="tinyint"  label="Active">1</ind_active></row>
<row><id_prov type="smallint" >2719</id_prov><id_comunidad type="smallint" >313</id_comunidad><prov_name type="varchar"  label="County">Brown</prov_name><ind_active type="tinyint"  label="Active">1</ind_active></row>
<row><id_prov type="smallint" >2720</id_prov><id_comunidad type="smallint" >313</id_comunidad><prov_name type="varchar"  label="County">Faulk</prov_name><ind_active type="tinyint"  label="Active">1</ind_active></row>
<row><id_prov type="smallint" >2721</id_prov><id_comunidad type="smallint" >313</id_comunidad><prov_name type="varchar"  label="County">Potter</prov_name><ind_active type="tinyint"  label="Active">1</ind_active></row>
<row><id_prov type="smallint" >2722</id_prov><id_comunidad type="smallint" >313</id_comunidad><prov_name type="varchar"  label="County">Grant</prov_name><ind_active type="tinyint"  label="Active">1</ind_active></row>
<row><id_prov type="smallint" >2723</id_prov><id_comunidad type="smallint" >313</id_comunidad><prov_name type="varchar"  label="County">Campbell</prov_name><ind_active type="tinyint"  label="Active">1</ind_active></row>
<row><id_prov type="smallint" >2724</id_prov><id_comunidad type="smallint" >313</id_comunidad><prov_name type="varchar"  label="County">Day</prov_name><ind_active type="tinyint"  label="Active">1</ind_active></row>
<row><id_prov type="smallint" >2725</id_prov><id_comunidad type="smallint" >313</id_comunidad><prov_name type="varchar"  label="County">Bon Homme</prov_name><ind_active type="tinyint"  label="Active">1</ind_active></row>
<row><id_prov type="smallint" >2726</id_prov><id_comunidad type="smallint" >313</id_comunidad><prov_name type="varchar"  label="County">Jerauld</prov_name><ind_active type="tinyint"  label="Active">1</ind_active></row>
<row><id_prov type="smallint" >2727</id_prov><id_comunidad type="smallint" >313</id_comunidad><prov_name type="varchar"  label="County">Meade</prov_name><ind_active type="tinyint"  label="Active">1</ind_active></row>
<row><id_prov type="smallint" >2728</id_prov><id_comunidad type="smallint" >313</id_comunidad><prov_name type="varchar"  label="County">Pennington</prov_name><ind_active type="tinyint"  label="Active">1</ind_active></row>
<row><id_prov type="smallint" >2729</id_prov><id_comunidad type="smallint" >313</id_comunidad><prov_name type="varchar"  label="County">Buffalo</prov_name><ind_active type="tinyint"  label="Active">1</ind_active></row>
<row><id_prov type="smallint" >2730</id_prov><id_comunidad type="smallint" >313</id_comunidad><prov_name type="varchar"  label="County">Fall River</prov_name><ind_active type="tinyint"  label="Active">1</ind_active></row>
<row><id_prov type="smallint" >2731</id_prov><id_comunidad type="smallint" >313</id_comunidad><prov_name type="varchar"  label="County">Marshall</prov_name><ind_active type="tinyint"  label="Active">1</ind_active></row>
<row><id_prov type="smallint" >2732</id_prov><id_comunidad type="smallint" >313</id_comunidad><prov_name type="varchar"  label="County">Union</prov_name><ind_active type="tinyint"  label="Active">1</ind_active></row>
<row><id_prov type="smallint" >2733</id_prov><id_comunidad type="smallint" >313</id_comunidad><prov_name type="varchar"  label="County">Bennett</prov_name><ind_active type="tinyint"  label="Active">1</ind_active></row>
<row><id_prov type="smallint" >2734</id_prov><id_comunidad type="smallint" >313</id_comunidad><prov_name type="varchar"  label="County">Lake</prov_name><ind_active type="tinyint"  label="Active">1</ind_active></row>
<row><id_prov type="smallint" >2735</id_prov><id_comunidad type="smallint" >313</id_comunidad><prov_name type="varchar"  label="County">Davison</prov_name><ind_active type="tinyint"  label="Active">1</ind_active></row>
<row><id_prov type="smallint" >2736</id_prov><id_comunidad type="smallint" >313</id_comunidad><prov_name type="varchar"  label="County">Perkins</prov_name><ind_active type="tinyint"  label="Active">1</ind_active></row>
<row><id_prov type="smallint" >2737</id_prov><id_comunidad type="smallint" >313</id_comunidad><prov_name type="varchar"  label="County">Roberts</prov_name><ind_active type="tinyint"  label="Active">1</ind_active></row>
<row><id_prov type="smallint" >2738</id_prov><id_comunidad type="smallint" >313</id_comunidad><prov_name type="varchar"  label="County">Jones</prov_name><ind_active type="tinyint"  label="Active">1</ind_active></row>
<row><id_prov type="smallint" >2739</id_prov><id_comunidad type="smallint" >313</id_comunidad><prov_name type="varchar"  label="County">Ziebach</prov_name><ind_active type="tinyint"  label="Active">1</ind_active></row>
<row><id_prov type="smallint" >2740</id_prov><id_comunidad type="smallint" >313</id_comunidad><prov_name type="varchar"  label="County">Turner</prov_name><ind_active type="tinyint"  label="Active">1</ind_active></row>
<row><id_prov type="smallint" >2741</id_prov><id_comunidad type="smallint" >313</id_comunidad><prov_name type="varchar"  label="County">Custer</prov_name><ind_active type="tinyint"  label="Active">1</ind_active></row>
<row><id_prov type="smallint" >2742</id_prov><id_comunidad type="smallint" >313</id_comunidad><prov_name type="varchar"  label="County">Miner</prov_name><ind_active type="tinyint"  label="Active">1</ind_active></row>
<row><id_prov type="smallint" >2743</id_prov><id_comunidad type="smallint" >313</id_comunidad><prov_name type="varchar"  label="County">Mellette</prov_name><ind_active type="tinyint"  label="Active">1</ind_active></row>
<row><id_prov type="smallint" >2744</id_prov><id_comunidad type="smallint" >313</id_comunidad><prov_name type="varchar"  label="County">Tripp</prov_name><ind_active type="tinyint"  label="Active">1</ind_active></row>
<row><id_prov type="smallint" >2745</id_prov><id_comunidad type="smallint" >313</id_comunidad><prov_name type="varchar"  label="County">Corson</prov_name><ind_active type="tinyint"  label="Active">1</ind_active></row>
<row><id_prov type="smallint" >2746</id_prov><id_comunidad type="smallint" >313</id_comunidad><prov_name type="varchar"  label="County">McPherson</prov_name><ind_active type="tinyint"  label="Active">1</ind_active></row>
<row><id_prov type="smallint" >2747</id_prov><id_comunidad type="smallint" >313</id_comunidad><prov_name type="varchar"  label="County">Gregory</prov_name><ind_active type="tinyint"  label="Active">1</ind_active></row>
<row><id_prov type="smallint" >2748</id_prov><id_comunidad type="smallint" >313</id_comunidad><prov_name type="varchar"  label="County">Hutchinson</prov_name><ind_active type="tinyint"  label="Active">1</ind_active></row>
<row><id_prov type="smallint" >2749</id_prov><id_comunidad type="smallint" >313</id_comunidad><prov_name type="varchar"  label="County">Lawrence</prov_name><ind_active type="tinyint"  label="Active">1</ind_active></row>
<row><id_prov type="smallint" >2750</id_prov><id_comunidad type="smallint" >313</id_comunidad><prov_name type="varchar"  label="County">Hand</prov_name><ind_active type="tinyint"  label="Active">1</ind_active></row>
<row><id_prov type="smallint" >2751</id_prov><id_comunidad type="smallint" >313</id_comunidad><prov_name type="varchar"  label="County">Moody</prov_name><ind_active type="tinyint"  label="Active">1</ind_active></row>
<row><id_prov type="smallint" >2752</id_prov><id_comunidad type="smallint" >313</id_comunidad><prov_name type="varchar"  label="County">Charles Mix</prov_name><ind_active type="tinyint"  label="Active">1</ind_active></row>
<row><id_prov type="smallint" >2753</id_prov><id_comunidad type="smallint" >313</id_comunidad><prov_name type="varchar"  label="County">Hyde</prov_name><ind_active type="tinyint"  label="Active">1</ind_active></row>
<row><id_prov type="smallint" >2754</id_prov><id_comunidad type="smallint" >313</id_comunidad><prov_name type="varchar"  label="County">Hanson</prov_name><ind_active type="tinyint"  label="Active">1</ind_active></row>
<row><id_prov type="smallint" >2755</id_prov><id_comunidad type="smallint" >313</id_comunidad><prov_name type="varchar"  label="County">Dewey</prov_name><ind_active type="tinyint"  label="Active">1</ind_active></row>
<row><id_prov type="smallint" >2756</id_prov><id_comunidad type="smallint" >313</id_comunidad><prov_name type="varchar"  label="County">Harding</prov_name><ind_active type="tinyint"  label="Active">1</ind_active></row>
<row><id_prov type="smallint" >2757</id_prov><id_comunidad type="smallint" >313</id_comunidad><prov_name type="varchar"  label="County">Jackson</prov_name><ind_active type="tinyint"  label="Active">1</ind_active></row>
<row><id_prov type="smallint" >2758</id_prov><id_comunidad type="smallint" >313</id_comunidad><prov_name type="varchar"  label="County">Stanley</prov_name><ind_active type="tinyint"  label="Active">1</ind_active></row>
<row><id_prov type="smallint" >2759</id_prov><id_comunidad type="smallint" >313</id_comunidad><prov_name type="varchar"  label="County">Spink</prov_name><ind_active type="tinyint"  label="Active">1</ind_active></row>
<row><id_prov type="smallint" >2760</id_prov><id_comunidad type="smallint" >313</id_comunidad><prov_name type="varchar"  label="County">Clark</prov_name><ind_active type="tinyint"  label="Active">1</ind_active></row>
<row><id_prov type="smallint" >2761</id_prov><id_comunidad type="smallint" >313</id_comunidad><prov_name type="varchar"  label="County">Douglas</prov_name><ind_active type="tinyint"  label="Active">1</ind_active></row>
<row><id_prov type="smallint" >2762</id_prov><id_comunidad type="smallint" >313</id_comunidad><prov_name type="varchar"  label="County">Lincoln</prov_name><ind_active type="tinyint"  label="Active">1</ind_active></row>
<row><id_prov type="smallint" >2763</id_prov><id_comunidad type="smallint" >313</id_comunidad><prov_name type="varchar"  label="County">Codington</prov_name><ind_active type="tinyint"  label="Active">1</ind_active></row>
<row><id_prov type="smallint" >2764</id_prov><id_comunidad type="smallint" >313</id_comunidad><prov_name type="varchar"  label="County">Yankton</prov_name><ind_active type="tinyint"  label="Active">1</ind_active></row>
<row><id_prov type="smallint" >2765</id_prov><id_comunidad type="smallint" >313</id_comunidad><prov_name type="varchar"  label="County">Walworth</prov_name><ind_active type="tinyint"  label="Active">1</ind_active></row>
<row><id_prov type="smallint" >2766</id_prov><id_comunidad type="smallint" >313</id_comunidad><prov_name type="varchar"  label="County">Brule</prov_name><ind_active type="tinyint"  label="Active">1</ind_active></row>
<row><id_prov type="smallint" >2767</id_prov><id_comunidad type="smallint" >313</id_comunidad><prov_name type="varchar"  label="County">Sanborn</prov_name><ind_active type="tinyint"  label="Active">1</ind_active></row>
<row><id_prov type="smallint" >2768</id_prov><id_comunidad type="smallint" >313</id_comunidad><prov_name type="varchar"  label="County">Brookings</prov_name><ind_active type="tinyint"  label="Active">1</ind_active></row>
<row><id_prov type="smallint" >2769</id_prov><id_comunidad type="smallint" >313</id_comunidad><prov_name type="varchar"  label="County">Haakon</prov_name><ind_active type="tinyint"  label="Active">1</ind_active></row>
<row><id_prov type="smallint" >2770</id_prov><id_comunidad type="smallint" >313</id_comunidad><prov_name type="varchar"  label="County">Hughes</prov_name><ind_active type="tinyint"  label="Active">1</ind_active></row>
<row><id_prov type="smallint" >2771</id_prov><id_comunidad type="smallint" >313</id_comunidad><prov_name type="varchar"  label="County">Todd</prov_name><ind_active type="tinyint"  label="Active">1</ind_active></row>
<row><id_prov type="smallint" >2772</id_prov><id_comunidad type="smallint" >313</id_comunidad><prov_name type="varchar"  label="County">Beadle</prov_name><ind_active type="tinyint"  label="Active">1</ind_active></row>
<row><id_prov type="smallint" >2773</id_prov><id_comunidad type="smallint" >313</id_comunidad><prov_name type="varchar"  label="County">Minnehaha</prov_name><ind_active type="tinyint"  label="Active">1</ind_active></row>
<row><id_prov type="smallint" >2774</id_prov><id_comunidad type="smallint" >313</id_comunidad><prov_name type="varchar"  label="County">Edmunds</prov_name><ind_active type="tinyint"  label="Active">1</ind_active></row>
<row><id_prov type="smallint" >2775</id_prov><id_comunidad type="smallint" >313</id_comunidad><prov_name type="varchar"  label="County">Aurora</prov_name><ind_active type="tinyint"  label="Active">1</ind_active></row>
<row><id_prov type="smallint" >2776</id_prov><id_comunidad type="smallint" >313</id_comunidad><prov_name type="varchar"  label="County">Clay</prov_name><ind_active type="tinyint"  label="Active">1</ind_active></row>
<row><id_prov type="smallint" >2777</id_prov><id_comunidad type="smallint" >313</id_comunidad><prov_name type="varchar"  label="County">Lyman</prov_name><ind_active type="tinyint"  label="Active">1</ind_active></row>
<row><id_prov type="smallint" >2778</id_prov><id_comunidad type="smallint" >313</id_comunidad><prov_name type="varchar"  label="County">McCook</prov_name><ind_active type="tinyint"  label="Active">1</ind_active></row>
<row><id_prov type="smallint" >2779</id_prov><id_comunidad type="smallint" >313</id_comunidad><prov_name type="varchar"  label="County">Sully</prov_name><ind_active type="tinyint"  label="Active">1</ind_active></row>
<row><id_prov type="smallint" >2780</id_prov><id_comunidad type="smallint" >313</id_comunidad><prov_name type="varchar"  label="County">Kingsbury</prov_name><ind_active type="tinyint"  label="Active">1</ind_active></row>
<row><id_prov type="smallint" >2781</id_prov><id_comunidad type="smallint" >313</id_comunidad><prov_name type="varchar"  label="County">Deuel</prov_name><ind_active type="tinyint"  label="Active">1</ind_active></row>
<row><id_prov type="smallint" >2782</id_prov><id_comunidad type="smallint" >313</id_comunidad><prov_name type="varchar"  label="County">Shannon</prov_name><ind_active type="tinyint"  label="Active">1</ind_active></row>
</provincia>
</root>