<?xml version="1.0" encoding="UTF-8"?>
<root>
<provincia>
<row><id_prov type="smallint" >2783</id_prov><id_comunidad type="smallint" >314</id_comunidad><prov_name type="varchar"  label="County">Warren</prov_name><ind_active type="tinyint"  label="Active">1</ind_active></row>
<row><id_prov type="smallint" >2784</id_prov><id_comunidad type="smallint" >314</id_comunidad><prov_name type="varchar"  label="County">McMinn</prov_name><ind_active type="tinyint"  label="Active">1</ind_active></row>
<row><id_prov type="smallint" >2785</id_prov><id_comunidad type="smallint" >314</id_comunidad><prov_name type="varchar"  label="County">Greene</prov_name><ind_active type="tinyint"  label="Active">1</ind_active></row>
<row><id_prov type="smallint" >2786</id_prov><id_comunidad type="smallint" >314</id_comunidad><prov_name type="varchar"  label="County">Polk</prov_name><ind_active type="tinyint"  label="Active">1</ind_active></row>
<row><id_prov type="smallint" >2787</id_prov><id_comunidad type="smallint" >314</id_comunidad><prov_name type="varchar"  label="County">Perry</prov_name><ind_active type="tinyint"  label="Active">1</ind_active></row>
<row><id_prov type="smallint" >2788</id_prov><id_comunidad type="smallint" >314</id_comunidad><prov_name type="varchar"  label="County">Crockett</prov_name><ind_active type="tinyint"  label="Active">1</ind_active></row>
<row><id_prov type="smallint" >2789</id_prov><id_comunidad type="smallint" >314</id_comunidad><prov_name type="varchar"  label="County">Campbell</prov_name><ind_active type="tinyint"  label="Active">1</ind_active></row>
<row><id_prov type="smallint" >2790</id_prov><id_comunidad type="smallint" >314</id_comunidad><prov_name type="varchar"  label="County">Pickett</prov_name><ind_active type="tinyint"  label="Active">1</ind_active></row>
<row><id_prov type="smallint" >2791</id_prov><id_comunidad type="smallint" >314</id_comunidad><prov_name type="varchar"  label="County">Gibson</prov_name><ind_active type="tinyint"  label="Active">1</ind_active></row>
<row><id_prov type="smallint" >2792</id_prov><id_comunidad type="smallint" >314</id_comunidad><prov_name type="varchar"  label="County">Jackson</prov_name><ind_active type="tinyint"  label="Active">1</ind_active></row>
<row><id_prov type="smallint" >2793</id_prov><id_comunidad type="smallint" >314</id_comunidad><prov_name type="varchar"  label="County">Wilson</prov_name><ind_active type="tinyint"  label="Active">1</ind_active></row>
<row><id_prov type="smallint" >2794</id_prov><id_comunidad type="smallint" >314</id_comunidad><prov_name type="varchar"  label="County">Obion</prov_name><ind_active type="tinyint"  label="Active">1</ind_active></row>
<row><id_prov type="smallint" >2795</id_prov><id_comunidad type="smallint" >314</id_comunidad><prov_name type="varchar"  label="County">Grainger</prov_name><ind_active type="tinyint"  label="Active">1</ind_active></row>
<row><id_prov type="smallint" >2796</id_prov><id_comunidad type="smallint" >314</id_comunidad><prov_name type="varchar"  label="County">Montgomery</prov_name><ind_active type="tinyint"  label="Active">1</ind_active></row>
<row><id_prov type="smallint" >2797</id_prov><id_comunidad type="smallint" >314</id_comunidad><prov_name type="varchar"  label="County">Weakley</prov_name><ind_active type="tinyint"  label="Active">1</ind_active></row>
<row><id_prov type="smallint" >2798</id_prov><id_comunidad type="smallint" >314</id_comunidad><prov_name type="varchar"  label="County">Cheatham</prov_name><ind_active type="tinyint"  label="Active">1</ind_active></row>
<row><id_prov type="smallint" >2799</id_prov><id_comunidad type="smallint" >314</id_comunidad><prov_name type="varchar"  label="County">Humphreys</prov_name><ind_active type="tinyint"  label="Active">1</ind_active></row>
<row><id_prov type="smallint" >2800</id_prov><id_comunidad type="smallint" >314</id_comunidad><prov_name type="varchar"  label="County">Morgan</prov_name><ind_active type="tinyint"  label="Active">1</ind_active></row>
<row><id_prov type="smallint" >2801</id_prov><id_comunidad type="smallint" >314</id_comunidad><prov_name type="varchar"  label="County">Giles</prov_name><ind_active type="tinyint"  label="Active">1</ind_active></row>
<row><id_prov type="smallint" >2802</id_prov><id_comunidad type="smallint" >314</id_comunidad><prov_name type="varchar"  label="County">Coffee</prov_name><ind_active type="tinyint"  label="Active">1</ind_active></row>
<row><id_prov type="smallint" >2803</id_prov><id_comunidad type="smallint" >314</id_comunidad><prov_name type="varchar"  label="County">Bradley</prov_name><ind_active type="tinyint"  label="Active">1</ind_active></row>
<row><id_prov type="smallint" >2804</id_prov><id_comunidad type="smallint" >314</id_comunidad><prov_name type="varchar"  label="County">Carroll</prov_name><ind_active type="tinyint"  label="Active">1</ind_active></row>
<row><id_prov type="smallint" >2805</id_prov><id_comunidad type="smallint" >314</id_comunidad><prov_name type="varchar"  label="County">Cocke</prov_name><ind_active type="tinyint"  label="Active">1</ind_active></row>
<row><id_prov type="smallint" >2806</id_prov><id_comunidad type="smallint" >314</id_comunidad><prov_name type="varchar"  label="County">Moore</prov_name><ind_active type="tinyint"  label="Active">1</ind_active></row>
<row><id_prov type="smallint" >2807</id_prov><id_comunidad type="smallint" >314</id_comunidad><prov_name type="varchar"  label="County">Overton</prov_name><ind_active type="tinyint"  label="Active">1</ind_active></row>
<row><id_prov type="smallint" >2808</id_prov><id_comunidad type="smallint" >314</id_comunidad><prov_name type="varchar"  label="County">Bledsoe</prov_name><ind_active type="tinyint"  label="Active">1</ind_active></row>
<row><id_prov type="smallint" >2809</id_prov><id_comunidad type="smallint" >314</id_comunidad><prov_name type="varchar"  label="County">McNairy</prov_name><ind_active type="tinyint"  label="Active">1</ind_active></row>
<row><id_prov type="smallint" >2810</id_prov><id_comunidad type="smallint" >314</id_comunidad><prov_name type="varchar"  label="County">Cannon</prov_name><ind_active type="tinyint"  label="Active">1</ind_active></row>
<row><id_prov type="smallint" >2811</id_prov><id_comunidad type="smallint" >314</id_comunidad><prov_name type="varchar"  label="County">Houston</prov_name><ind_active type="tinyint"  label="Active">1</ind_active></row>
<row><id_prov type="smallint" >2812</id_prov><id_comunidad type="smallint" >314</id_comunidad><prov_name type="varchar"  label="County">Franklin</prov_name><ind_active type="tinyint"  label="Active">1</ind_active></row>
<row><id_prov type="smallint" >2813</id_prov><id_comunidad type="smallint" >314</id_comunidad><prov_name type="varchar"  label="County">Blount</prov_name><ind_active type="tinyint"  label="Active">1</ind_active></row>
<row><id_prov type="smallint" >2814</id_prov><id_comunidad type="smallint" >314</id_comunidad><prov_name type="varchar"  label="County">Monroe</prov_name><ind_active type="tinyint"  label="Active">1</ind_active></row>
<row><id_prov type="smallint" >2815</id_prov><id_comunidad type="smallint" >314</id_comunidad><prov_name type="varchar"  label="County">Wayne</prov_name><ind_active type="tinyint"  label="Active">1</ind_active></row>
<row><id_prov type="smallint" >2816</id_prov><id_comunidad type="smallint" >314</id_comunidad><prov_name type="varchar"  label="County">Williamson</prov_name><ind_active type="tinyint"  label="Active">1</ind_active></row>
<row><id_prov type="smallint" >2817</id_prov><id_comunidad type="smallint" >314</id_comunidad><prov_name type="varchar"  label="County">Carter</prov_name><ind_active type="tinyint"  label="Active">1</ind_active></row>
<row><id_prov type="smallint" >2818</id_prov><id_comunidad type="smallint" >314</id_comunidad><prov_name type="varchar"  label="County">Johnson</prov_name><ind_active type="tinyint"  label="Active">1</ind_active></row>
<row><id_prov type="smallint" >2819</id_prov><id_comunidad type="smallint" >314</id_comunidad><prov_name type="varchar"  label="County">Jefferson</prov_name><ind_active type="tinyint"  label="Active">1</ind_active></row>
<row><id_prov type="smallint" >2820</id_prov><id_comunidad type="smallint" >314</id_comunidad><prov_name type="varchar"  label="County">Chester</prov_name><ind_active type="tinyint"  label="Active">1</ind_active></row>
<row><id_prov type="smallint" >2821</id_prov><id_comunidad type="smallint" >314</id_comunidad><prov_name type="varchar"  label="County">White</prov_name><ind_active type="tinyint"  label="Active">1</ind_active></row>
<row><id_prov type="smallint" >2822</id_prov><id_comunidad type="smallint" >314</id_comunidad><prov_name type="varchar"  label="County">Washington</prov_name><ind_active type="tinyint"  label="Active">1</ind_active></row>
<row><id_prov type="smallint" >2823</id_prov><id_comunidad type="smallint" >314</id_comunidad><prov_name type="varchar"  label="County">Meigs</prov_name><ind_active type="tinyint"  label="Active">1</ind_active></row>
<row><id_prov type="smallint" >2824</id_prov><id_comunidad type="smallint" >314</id_comunidad><prov_name type="varchar"  label="County">Anderson</prov_name><ind_active type="tinyint"  label="Active">1</ind_active></row>
<row><id_prov type="smallint" >2825</id_prov><id_comunidad type="smallint" >314</id_comunidad><prov_name type="varchar"  label="County">Macon</prov_name><ind_active type="tinyint"  label="Active">1</ind_active></row>
<row><id_prov type="smallint" >2826</id_prov><id_comunidad type="smallint" >314</id_comunidad><prov_name type="varchar"  label="County">Henderson</prov_name><ind_active type="tinyint"  label="Active">1</ind_active></row>
<row><id_prov type="smallint" >2827</id_prov><id_comunidad type="smallint" >314</id_comunidad><prov_name type="varchar"  label="County">Madison</prov_name><ind_active type="tinyint"  label="Active">1</ind_active></row>
<row><id_prov type="smallint" >2828</id_prov><id_comunidad type="smallint" >314</id_comunidad><prov_name type="varchar"  label="County">Lawrence</prov_name><ind_active type="tinyint"  label="Active">1</ind_active></row>
<row><id_prov type="smallint" >2829</id_prov><id_comunidad type="smallint" >314</id_comunidad><prov_name type="varchar"  label="County">DeKalb</prov_name><ind_active type="tinyint"  label="Active">1</ind_active></row>
<row><id_prov type="smallint" >2830</id_prov><id_comunidad type="smallint" >314</id_comunidad><prov_name type="varchar"  label="County">Rutherford</prov_name><ind_active type="tinyint"  label="Active">1</ind_active></row>
<row><id_prov type="smallint" >2831</id_prov><id_comunidad type="smallint" >314</id_comunidad><prov_name type="varchar"  label="County">Trousdale</prov_name><ind_active type="tinyint"  label="Active">1</ind_active></row>
<row><id_prov type="smallint" >2832</id_prov><id_comunidad type="smallint" >314</id_comunidad><prov_name type="varchar"  label="County">Lauderdale</prov_name><ind_active type="tinyint"  label="Active">1</ind_active></row>
<row><id_prov type="smallint" >2833</id_prov><id_comunidad type="smallint" >314</id_comunidad><prov_name type="varchar"  label="County">Hancock</prov_name><ind_active type="tinyint"  label="Active">1</ind_active></row>
<row><id_prov type="smallint" >2834</id_prov><id_comunidad type="smallint" >314</id_comunidad><prov_name type="varchar"  label="County">Bedford</prov_name><ind_active type="tinyint"  label="Active">1</ind_active></row>
<row><id_prov type="smallint" >2835</id_prov><id_comunidad type="smallint" >314</id_comunidad><prov_name type="varchar"  label="County">Tipton</prov_name><ind_active type="tinyint"  label="Active">1</ind_active></row>
<row><id_prov type="smallint" >2836</id_prov><id_comunidad type="smallint" >314</id_comunidad><prov_name type="varchar"  label="County">Claiborne</prov_name><ind_active type="tinyint"  label="Active">1</ind_active></row>
<row><id_prov type="smallint" >2837</id_prov><id_comunidad type="smallint" >314</id_comunidad><prov_name type="varchar"  label="County">Henry</prov_name><ind_active type="tinyint"  label="Active">1</ind_active></row>
<row><id_prov type="smallint" >2838</id_prov><id_comunidad type="smallint" >314</id_comunidad><prov_name type="varchar"  label="County">Hamblen</prov_name><ind_active type="tinyint"  label="Active">1</ind_active></row>
<row><id_prov type="smallint" >2839</id_prov><id_comunidad type="smallint" >314</id_comunidad><prov_name type="varchar"  label="County">Robertson</prov_name><ind_active type="tinyint"  label="Active">1</ind_active></row>
<row><id_prov type="smallint" >2840</id_prov><id_comunidad type="smallint" >314</id_comunidad><prov_name type="varchar"  label="County">Putnam</prov_name><ind_active type="tinyint"  label="Active">1</ind_active></row>
<row><id_prov type="smallint" >2841</id_prov><id_comunidad type="smallint" >314</id_comunidad><prov_name type="varchar"  label="County">Dyer</prov_name><ind_active type="tinyint"  label="Active">1</ind_active></row>
<row><id_prov type="smallint" >2842</id_prov><id_comunidad type="smallint" >314</id_comunidad><prov_name type="varchar"  label="County">Lincoln</prov_name><ind_active type="tinyint"  label="Active">1</ind_active></row>
<row><id_prov type="smallint" >2843</id_prov><id_comunidad type="smallint" >314</id_comunidad><prov_name type="varchar"  label="County">Smith</prov_name><ind_active type="tinyint"  label="Active">1</ind_active></row>
<row><id_prov type="smallint" >2844</id_prov><id_comunidad type="smallint" >314</id_comunidad><prov_name type="varchar"  label="County">Shelby</prov_name><ind_active type="tinyint"  label="Active">1</ind_active></row>
<row><id_prov type="smallint" >2845</id_prov><id_comunidad type="smallint" >314</id_comunidad><prov_name type="varchar"  label="County">Sevier</prov_name><ind_active type="tinyint"  label="Active">1</ind_active></row>
<row><id_prov type="smallint" >2846</id_prov><id_comunidad type="smallint" >314</id_comunidad><prov_name type="varchar"  label="County">Sequatchie</prov_name><ind_active type="tinyint"  label="Active">1</ind_active></row>
<row><id_prov type="smallint" >2847</id_prov><id_comunidad type="smallint" >314</id_comunidad><prov_name type="varchar"  label="County">Scott</prov_name><ind_active type="tinyint"  label="Active">1</ind_active></row>
<row><id_prov type="smallint" >2848</id_prov><id_comunidad type="smallint" >314</id_comunidad><prov_name type="varchar"  label="County">Sumner</prov_name><ind_active type="tinyint"  label="Active">1</ind_active></row>
<row><id_prov type="smallint" >2849</id_prov><id_comunidad type="smallint" >314</id_comunidad><prov_name type="varchar"  label="County">Loudon</prov_name><ind_active type="tinyint"  label="Active">1</ind_active></row>
<row><id_prov type="smallint" >2850</id_prov><id_comunidad type="smallint" >314</id_comunidad><prov_name type="varchar"  label="County">Sullivan</prov_name><ind_active type="tinyint"  label="Active">1</ind_active></row>
<row><id_prov type="smallint" >2851</id_prov><id_comunidad type="smallint" >314</id_comunidad><prov_name type="varchar"  label="County">Hardeman</prov_name><ind_active type="tinyint"  label="Active">1</ind_active></row>
<row><id_prov type="smallint" >2852</id_prov><id_comunidad type="smallint" >314</id_comunidad><prov_name type="varchar"  label="County">Dickson</prov_name><ind_active type="tinyint"  label="Active">1</ind_active></row>
<row><id_prov type="smallint" >2853</id_prov><id_comunidad type="smallint" >314</id_comunidad><prov_name type="varchar"  label="County">Stewart</prov_name><ind_active type="tinyint"  label="Active">1</ind_active></row>
<row><id_prov type="smallint" >2854</id_prov><id_comunidad type="smallint" >314</id_comunidad><prov_name type="varchar"  label="County">Lewis</prov_name><ind_active type="tinyint"  label="Active">1</ind_active></row>
<row><id_prov type="smallint" >2855</id_prov><id_comunidad type="smallint" >314</id_comunidad><prov_name type="varchar"  label="County">Hawkins</prov_name><ind_active type="tinyint"  label="Active">1</ind_active></row>
<row><id_prov type="smallint" >2856</id_prov><id_comunidad type="smallint" >314</id_comunidad><prov_name type="varchar"  label="County">Haywood</prov_name><ind_active type="tinyint"  label="Active">1</ind_active></row>
<row><id_prov type="smallint" >2857</id_prov><id_comunidad type="smallint" >314</id_comunidad><prov_name type="varchar"  label="County">Decatur</prov_name><ind_active type="tinyint"  label="Active">1</ind_active></row>
<row><id_prov type="smallint" >2858</id_prov><id_comunidad type="smallint" >314</id_comunidad><prov_name type="varchar"  label="County">Hardin</prov_name><ind_active type="tinyint"  label="Active">1</ind_active></row>
<row><id_prov type="smallint" >2859</id_prov><id_comunidad type="smallint" >314</id_comunidad><prov_name type="varchar"  label="County">Clay</prov_name><ind_active type="tinyint"  label="Active">1</ind_active></row>
<row><id_prov type="smallint" >2860</id_prov><id_comunidad type="smallint" >314</id_comunidad><prov_name type="varchar"  label="County">Van Buren</prov_name><ind_active type="tinyint"  label="Active">1</ind_active></row>
<row><id_prov type="smallint" >2861</id_prov><id_comunidad type="smallint" >314</id_comunidad><prov_name type="varchar"  label="County">Grundy</prov_name><ind_active type="tinyint"  label="Active">1</ind_active></row>
<row><id_prov type="smallint" >2862</id_prov><id_comunidad type="smallint" >314</id_comunidad><prov_name type="varchar"  label="County">Hamilton</prov_name><ind_active type="tinyint"  label="Active">1</ind_active></row>
<row><id_prov type="smallint" >2863</id_prov><id_comunidad type="smallint" >314</id_comunidad><prov_name type="varchar"  label="County">Cumberland</prov_name><ind_active type="tinyint"  label="Active">1</ind_active></row>
<row><id_prov type="smallint" >2864</id_prov><id_comunidad type="smallint" >314</id_comunidad><prov_name type="varchar"  label="County">Hickman</prov_name><ind_active type="tinyint"  label="Active">1</ind_active></row>
<row><id_prov type="smallint" >2865</id_prov><id_comunidad type="smallint" >314</id_comunidad><prov_name type="varchar"  label="County">Fayette</prov_name><ind_active type="tinyint"  label="Active">1</ind_active></row>
<row><id_prov type="smallint" >2866</id_prov><id_comunidad type="smallint" >314</id_comunidad><prov_name type="varchar"  label="County">Maury</prov_name><ind_active type="tinyint"  label="Active">1</ind_active></row>
<row><id_prov type="smallint" >2867</id_prov><id_comunidad type="smallint" >314</id_comunidad><prov_name type="varchar"  label="County">Fentress</prov_name><ind_active type="tinyint"  label="Active">1</ind_active></row>
<row><id_prov type="smallint" >2868</id_prov><id_comunidad type="smallint" >314</id_comunidad><prov_name type="varchar"  label="County">Benton</prov_name><ind_active type="tinyint"  label="Active">1</ind_active></row>
<row><id_prov type="smallint" >2869</id_prov><id_comunidad type="smallint" >314</id_comunidad><prov_name type="varchar"  label="County">Union</prov_name><ind_active type="tinyint"  label="Active">1</ind_active></row>
<row><id_prov type="smallint" >2870</id_prov><id_comunidad type="smallint" >314</id_comunidad><prov_name type="varchar"  label="County">Rhea</prov_name><ind_active type="tinyint"  label="Active">1</ind_active></row>
<row><id_prov type="smallint" >2871</id_prov><id_comunidad type="smallint" >314</id_comunidad><prov_name type="varchar"  label="County">Knox</prov_name><ind_active type="tinyint"  label="Active">1</ind_active></row>
<row><id_prov type="smallint" >2872</id_prov><id_comunidad type="smallint" >314</id_comunidad><prov_name type="varchar"  label="County">Unicoi</prov_name><ind_active type="tinyint"  label="Active">1</ind_active></row>
<row><id_prov type="smallint" >2873</id_prov><id_comunidad type="smallint" >314</id_comunidad><prov_name type="varchar"  label="County">Davidson</prov_name><ind_active type="tinyint"  label="Active">1</ind_active></row>
<row><id_prov type="smallint" >2874</id_prov><id_comunidad type="smallint" >314</id_comunidad><prov_name type="varchar"  label="County">Roane</prov_name><ind_active type="tinyint"  label="Active">1</ind_active></row>
<row><id_prov type="smallint" >2875</id_prov><id_comunidad type="smallint" >314</id_comunidad><prov_name type="varchar"  label="County">Lake</prov_name><ind_active type="tinyint"  label="Active">1</ind_active></row>
<row><id_prov type="smallint" >2876</id_prov><id_comunidad type="smallint" >314</id_comunidad><prov_name type="varchar"  label="County">Marion</prov_name><ind_active type="tinyint"  label="Active">1</ind_active></row>
<row><id_prov type="smallint" >2877</id_prov><id_comunidad type="smallint" >314</id_comunidad><prov_name type="varchar"  label="County">Marshall</prov_name><ind_active type="tinyint"  label="Active">1</ind_active></row>
</provincia>
</root>