<?xml version="1.0" encoding="UTF-8"?>
<root>
<provincia>
<row><id_prov type="smallint" >2878</id_prov><id_comunidad type="smallint" >315</id_comunidad><prov_name type="varchar"  label="County">Camp</prov_name><ind_active type="tinyint"  label="Active">1</ind_active></row>
<row><id_prov type="smallint" >2879</id_prov><id_comunidad type="smallint" >315</id_comunidad><prov_name type="varchar"  label="County">Brazoria</prov_name><ind_active type="tinyint"  label="Active">1</ind_active></row>
<row><id_prov type="smallint" >2880</id_prov><id_comunidad type="smallint" >315</id_comunidad><prov_name type="varchar"  label="County">Brewster</prov_name><ind_active type="tinyint"  label="Active">1</ind_active></row>
<row><id_prov type="smallint" >2881</id_prov><id_comunidad type="smallint" >315</id_comunidad><prov_name type="varchar"  label="County">Brazos</prov_name><ind_active type="tinyint"  label="Active">1</ind_active></row>
<row><id_prov type="smallint" >2882</id_prov><id_comunidad type="smallint" >315</id_comunidad><prov_name type="varchar"  label="County">Castro</prov_name><ind_active type="tinyint"  label="Active">1</ind_active></row>
<row><id_prov type="smallint" >2883</id_prov><id_comunidad type="smallint" >315</id_comunidad><prov_name type="varchar"  label="County">Bastrop</prov_name><ind_active type="tinyint"  label="Active">1</ind_active></row>
<row><id_prov type="smallint" >2884</id_prov><id_comunidad type="smallint" >315</id_comunidad><prov_name type="varchar"  label="County">Bailey</prov_name><ind_active type="tinyint"  label="Active">1</ind_active></row>
<row><id_prov type="smallint" >2885</id_prov><id_comunidad type="smallint" >315</id_comunidad><prov_name type="varchar"  label="County">Cameron</prov_name><ind_active type="tinyint"  label="Active">1</ind_active></row>
<row><id_prov type="smallint" >2886</id_prov><id_comunidad type="smallint" >315</id_comunidad><prov_name type="varchar"  label="County">Bexar</prov_name><ind_active type="tinyint"  label="Active">1</ind_active></row>
<row><id_prov type="smallint" >2887</id_prov><id_comunidad type="smallint" >315</id_comunidad><prov_name type="varchar"  label="County">Angelina</prov_name><ind_active type="tinyint"  label="Active">1</ind_active></row>
<row><id_prov type="smallint" >2888</id_prov><id_comunidad type="smallint" >315</id_comunidad><prov_name type="varchar"  label="County">Brown</prov_name><ind_active type="tinyint"  label="Active">1</ind_active></row>
<row><id_prov type="smallint" >2889</id_prov><id_comunidad type="smallint" >315</id_comunidad><prov_name type="varchar"  label="County">Anderson</prov_name><ind_active type="tinyint"  label="Active">1</ind_active></row>
<row><id_prov type="smallint" >2890</id_prov><id_comunidad type="smallint" >315</id_comunidad><prov_name type="varchar"  label="County">Bandera</prov_name><ind_active type="tinyint"  label="Active">1</ind_active></row>
<row><id_prov type="smallint" >2891</id_prov><id_comunidad type="smallint" >315</id_comunidad><prov_name type="varchar"  label="County">Briscoe</prov_name><ind_active type="tinyint"  label="Active">1</ind_active></row>
<row><id_prov type="smallint" >2892</id_prov><id_comunidad type="smallint" >315</id_comunidad><prov_name type="varchar"  label="County">Clay</prov_name><ind_active type="tinyint"  label="Active">1</ind_active></row>
<row><id_prov type="smallint" >2893</id_prov><id_comunidad type="smallint" >315</id_comunidad><prov_name type="varchar"  label="County">Andrews</prov_name><ind_active type="tinyint"  label="Active">1</ind_active></row>
<row><id_prov type="smallint" >2894</id_prov><id_comunidad type="smallint" >315</id_comunidad><prov_name type="varchar"  label="County">Carson</prov_name><ind_active type="tinyint"  label="Active">1</ind_active></row>
<row><id_prov type="smallint" >2895</id_prov><id_comunidad type="smallint" >315</id_comunidad><prov_name type="varchar"  label="County">Baylor</prov_name><ind_active type="tinyint"  label="Active">1</ind_active></row>
<row><id_prov type="smallint" >2896</id_prov><id_comunidad type="smallint" >315</id_comunidad><prov_name type="varchar"  label="County">Armstrong</prov_name><ind_active type="tinyint"  label="Active">1</ind_active></row>
<row><id_prov type="smallint" >2897</id_prov><id_comunidad type="smallint" >315</id_comunidad><prov_name type="varchar"  label="County">Bell</prov_name><ind_active type="tinyint"  label="Active">1</ind_active></row>
<row><id_prov type="smallint" >2898</id_prov><id_comunidad type="smallint" >315</id_comunidad><prov_name type="varchar"  label="County">Caldwell</prov_name><ind_active type="tinyint"  label="Active">1</ind_active></row>
<row><id_prov type="smallint" >2899</id_prov><id_comunidad type="smallint" >315</id_comunidad><prov_name type="varchar"  label="County">Bee</prov_name><ind_active type="tinyint"  label="Active">1</ind_active></row>
<row><id_prov type="smallint" >2900</id_prov><id_comunidad type="smallint" >315</id_comunidad><prov_name type="varchar"  label="County">Chambers</prov_name><ind_active type="tinyint"  label="Active">1</ind_active></row>
<row><id_prov type="smallint" >2901</id_prov><id_comunidad type="smallint" >315</id_comunidad><prov_name type="varchar"  label="County">Archer</prov_name><ind_active type="tinyint"  label="Active">1</ind_active></row>
<row><id_prov type="smallint" >2902</id_prov><id_comunidad type="smallint" >315</id_comunidad><prov_name type="varchar"  label="County">Atascosa</prov_name><ind_active type="tinyint"  label="Active">1</ind_active></row>
<row><id_prov type="smallint" >2903</id_prov><id_comunidad type="smallint" >315</id_comunidad><prov_name type="varchar"  label="County">Brooks</prov_name><ind_active type="tinyint"  label="Active">1</ind_active></row>
<row><id_prov type="smallint" >2904</id_prov><id_comunidad type="smallint" >315</id_comunidad><prov_name type="varchar"  label="County">Callahan</prov_name><ind_active type="tinyint"  label="Active">1</ind_active></row>
<row><id_prov type="smallint" >2905</id_prov><id_comunidad type="smallint" >315</id_comunidad><prov_name type="varchar"  label="County">Blanco</prov_name><ind_active type="tinyint"  label="Active">1</ind_active></row>
<row><id_prov type="smallint" >2906</id_prov><id_comunidad type="smallint" >315</id_comunidad><prov_name type="varchar"  label="County">Bowie</prov_name><ind_active type="tinyint"  label="Active">1</ind_active></row>
<row><id_prov type="smallint" >2907</id_prov><id_comunidad type="smallint" >315</id_comunidad><prov_name type="varchar"  label="County">Borden</prov_name><ind_active type="tinyint"  label="Active">1</ind_active></row>
<row><id_prov type="smallint" >2908</id_prov><id_comunidad type="smallint" >315</id_comunidad><prov_name type="varchar"  label="County">Bosque</prov_name><ind_active type="tinyint"  label="Active">1</ind_active></row>
<row><id_prov type="smallint" >2909</id_prov><id_comunidad type="smallint" >315</id_comunidad><prov_name type="varchar"  label="County">Calhoun</prov_name><ind_active type="tinyint"  label="Active">1</ind_active></row>
<row><id_prov type="smallint" >2910</id_prov><id_comunidad type="smallint" >315</id_comunidad><prov_name type="varchar"  label="County">Aransas</prov_name><ind_active type="tinyint"  label="Active">1</ind_active></row>
<row><id_prov type="smallint" >2911</id_prov><id_comunidad type="smallint" >315</id_comunidad><prov_name type="varchar"  label="County">Austin</prov_name><ind_active type="tinyint"  label="Active">1</ind_active></row>
<row><id_prov type="smallint" >2912</id_prov><id_comunidad type="smallint" >315</id_comunidad><prov_name type="varchar"  label="County">Cherokee</prov_name><ind_active type="tinyint"  label="Active">1</ind_active></row>
<row><id_prov type="smallint" >2913</id_prov><id_comunidad type="smallint" >315</id_comunidad><prov_name type="varchar"  label="County">Cass</prov_name><ind_active type="tinyint"  label="Active">1</ind_active></row>
<row><id_prov type="smallint" >2914</id_prov><id_comunidad type="smallint" >315</id_comunidad><prov_name type="varchar"  label="County">Burnet</prov_name><ind_active type="tinyint"  label="Active">1</ind_active></row>
<row><id_prov type="smallint" >2915</id_prov><id_comunidad type="smallint" >315</id_comunidad><prov_name type="varchar"  label="County">Childress</prov_name><ind_active type="tinyint"  label="Active">1</ind_active></row>
<row><id_prov type="smallint" >2916</id_prov><id_comunidad type="smallint" >315</id_comunidad><prov_name type="varchar"  label="County">Burleson</prov_name><ind_active type="tinyint"  label="Active">1</ind_active></row>
<row><id_prov type="smallint" >2917</id_prov><id_comunidad type="smallint" >315</id_comunidad><prov_name type="varchar"  label="County">Llano</prov_name><ind_active type="tinyint"  label="Active">1</ind_active></row>
<row><id_prov type="smallint" >2918</id_prov><id_comunidad type="smallint" >315</id_comunidad><prov_name type="varchar"  label="County">La Salle</prov_name><ind_active type="tinyint"  label="Active">1</ind_active></row>
<row><id_prov type="smallint" >2919</id_prov><id_comunidad type="smallint" >315</id_comunidad><prov_name type="varchar"  label="County">Matagorda</prov_name><ind_active type="tinyint"  label="Active">1</ind_active></row>
<row><id_prov type="smallint" >2920</id_prov><id_comunidad type="smallint" >315</id_comunidad><prov_name type="varchar"  label="County">Mason</prov_name><ind_active type="tinyint"  label="Active">1</ind_active></row>
<row><id_prov type="smallint" >2921</id_prov><id_comunidad type="smallint" >315</id_comunidad><prov_name type="varchar"  label="County">Martin</prov_name><ind_active type="tinyint"  label="Active">1</ind_active></row>
<row><id_prov type="smallint" >2922</id_prov><id_comunidad type="smallint" >315</id_comunidad><prov_name type="varchar"  label="County">Marion</prov_name><ind_active type="tinyint"  label="Active">1</ind_active></row>
<row><id_prov type="smallint" >2923</id_prov><id_comunidad type="smallint" >315</id_comunidad><prov_name type="varchar"  label="County">Madison</prov_name><ind_active type="tinyint"  label="Active">1</ind_active></row>
<row><id_prov type="smallint" >2924</id_prov><id_comunidad type="smallint" >315</id_comunidad><prov_name type="varchar"  label="County">Lynn</prov_name><ind_active type="tinyint"  label="Active">1</ind_active></row>
<row><id_prov type="smallint" >2925</id_prov><id_comunidad type="smallint" >315</id_comunidad><prov_name type="varchar"  label="County">McCulloch</prov_name><ind_active type="tinyint"  label="Active">1</ind_active></row>
<row><id_prov type="smallint" >2926</id_prov><id_comunidad type="smallint" >315</id_comunidad><prov_name type="varchar"  label="County">Loving</prov_name><ind_active type="tinyint"  label="Active">1</ind_active></row>
<row><id_prov type="smallint" >2927</id_prov><id_comunidad type="smallint" >315</id_comunidad><prov_name type="varchar"  label="County">Cochran</prov_name><ind_active type="tinyint"  label="Active">1</ind_active></row>
<row><id_prov type="smallint" >2928</id_prov><id_comunidad type="smallint" >315</id_comunidad><prov_name type="varchar"  label="County">Live Oak</prov_name><ind_active type="tinyint"  label="Active">1</ind_active></row>
<row><id_prov type="smallint" >2929</id_prov><id_comunidad type="smallint" >315</id_comunidad><prov_name type="varchar"  label="County">Lipscomb</prov_name><ind_active type="tinyint"  label="Active">1</ind_active></row>
<row><id_prov type="smallint" >2930</id_prov><id_comunidad type="smallint" >315</id_comunidad><prov_name type="varchar"  label="County">Limestone</prov_name><ind_active type="tinyint"  label="Active">1</ind_active></row>
<row><id_prov type="smallint" >2931</id_prov><id_comunidad type="smallint" >315</id_comunidad><prov_name type="varchar"  label="County">Liberty</prov_name><ind_active type="tinyint"  label="Active">1</ind_active></row>
<row><id_prov type="smallint" >2932</id_prov><id_comunidad type="smallint" >315</id_comunidad><prov_name type="varchar"  label="County">Leon</prov_name><ind_active type="tinyint"  label="Active">1</ind_active></row>
<row><id_prov type="smallint" >2933</id_prov><id_comunidad type="smallint" >315</id_comunidad><prov_name type="varchar"  label="County">Lee</prov_name><ind_active type="tinyint"  label="Active">1</ind_active></row>
<row><id_prov type="smallint" >2934</id_prov><id_comunidad type="smallint" >315</id_comunidad><prov_name type="varchar"  label="County">Ochiltree</prov_name><ind_active type="tinyint"  label="Active">1</ind_active></row>
<row><id_prov type="smallint" >2935</id_prov><id_comunidad type="smallint" >315</id_comunidad><prov_name type="varchar"  label="County">Lubbock</prov_name><ind_active type="tinyint"  label="Active">1</ind_active></row>
<row><id_prov type="smallint" >2936</id_prov><id_comunidad type="smallint" >315</id_comunidad><prov_name type="varchar"  label="County">Montague</prov_name><ind_active type="tinyint"  label="Active">1</ind_active></row>
<row><id_prov type="smallint" >2937</id_prov><id_comunidad type="smallint" >315</id_comunidad><prov_name type="varchar"  label="County">Haskell</prov_name><ind_active type="tinyint"  label="Active">1</ind_active></row>
<row><id_prov type="smallint" >2938</id_prov><id_comunidad type="smallint" >315</id_comunidad><prov_name type="varchar"  label="County">Nolan</prov_name><ind_active type="tinyint"  label="Active">1</ind_active></row>
<row><id_prov type="smallint" >2939</id_prov><id_comunidad type="smallint" >315</id_comunidad><prov_name type="varchar"  label="County">Newton</prov_name><ind_active type="tinyint"  label="Active">1</ind_active></row>
<row><id_prov type="smallint" >2940</id_prov><id_comunidad type="smallint" >315</id_comunidad><prov_name type="varchar"  label="County">Navarro</prov_name><ind_active type="tinyint"  label="Active">1</ind_active></row>
<row><id_prov type="smallint" >2941</id_prov><id_comunidad type="smallint" >315</id_comunidad><prov_name type="varchar"  label="County">Nacogdoches</prov_name><ind_active type="tinyint"  label="Active">1</ind_active></row>
<row><id_prov type="smallint" >2942</id_prov><id_comunidad type="smallint" >315</id_comunidad><prov_name type="varchar"  label="County">Motley</prov_name><ind_active type="tinyint"  label="Active">1</ind_active></row>
<row><id_prov type="smallint" >2943</id_prov><id_comunidad type="smallint" >315</id_comunidad><prov_name type="varchar"  label="County">Morris</prov_name><ind_active type="tinyint"  label="Active">1</ind_active></row>
<row><id_prov type="smallint" >2944</id_prov><id_comunidad type="smallint" >315</id_comunidad><prov_name type="varchar"  label="County">Maverick</prov_name><ind_active type="tinyint"  label="Active">1</ind_active></row>
<row><id_prov type="smallint" >2945</id_prov><id_comunidad type="smallint" >315</id_comunidad><prov_name type="varchar"  label="County">Montgomery</prov_name><ind_active type="tinyint"  label="Active">1</ind_active></row>
<row><id_prov type="smallint" >2946</id_prov><id_comunidad type="smallint" >315</id_comunidad><prov_name type="varchar"  label="County">Lampasas</prov_name><ind_active type="tinyint"  label="Active">1</ind_active></row>
<row><id_prov type="smallint" >2947</id_prov><id_comunidad type="smallint" >315</id_comunidad><prov_name type="varchar"  label="County">Mitchell</prov_name><ind_active type="tinyint"  label="Active">1</ind_active></row>
<row><id_prov type="smallint" >2948</id_prov><id_comunidad type="smallint" >315</id_comunidad><prov_name type="varchar"  label="County">Mills</prov_name><ind_active type="tinyint"  label="Active">1</ind_active></row>
<row><id_prov type="smallint" >2949</id_prov><id_comunidad type="smallint" >315</id_comunidad><prov_name type="varchar"  label="County">Milam</prov_name><ind_active type="tinyint"  label="Active">1</ind_active></row>
<row><id_prov type="smallint" >2950</id_prov><id_comunidad type="smallint" >315</id_comunidad><prov_name type="varchar"  label="County">Midland</prov_name><ind_active type="tinyint"  label="Active">1</ind_active></row>
<row><id_prov type="smallint" >2951</id_prov><id_comunidad type="smallint" >315</id_comunidad><prov_name type="varchar"  label="County">Menard</prov_name><ind_active type="tinyint"  label="Active">1</ind_active></row>
<row><id_prov type="smallint" >2952</id_prov><id_comunidad type="smallint" >315</id_comunidad><prov_name type="varchar"  label="County">Medina</prov_name><ind_active type="tinyint"  label="Active">1</ind_active></row>
<row><id_prov type="smallint" >2953</id_prov><id_comunidad type="smallint" >315</id_comunidad><prov_name type="varchar"  label="County">McMullen</prov_name><ind_active type="tinyint"  label="Active">1</ind_active></row>
<row><id_prov type="smallint" >2954</id_prov><id_comunidad type="smallint" >315</id_comunidad><prov_name type="varchar"  label="County">Moore</prov_name><ind_active type="tinyint"  label="Active">1</ind_active></row>
<row><id_prov type="smallint" >2955</id_prov><id_comunidad type="smallint" >315</id_comunidad><prov_name type="varchar"  label="County">Hopkins</prov_name><ind_active type="tinyint"  label="Active">1</ind_active></row>
<row><id_prov type="smallint" >2956</id_prov><id_comunidad type="smallint" >315</id_comunidad><prov_name type="varchar"  label="County">Lavaca</prov_name><ind_active type="tinyint"  label="Active">1</ind_active></row>
<row><id_prov type="smallint" >2957</id_prov><id_comunidad type="smallint" >315</id_comunidad><prov_name type="varchar"  label="County">Jackson</prov_name><ind_active type="tinyint"  label="Active">1</ind_active></row>
<row><id_prov type="smallint" >2958</id_prov><id_comunidad type="smallint" >315</id_comunidad><prov_name type="varchar"  label="County">Jack</prov_name><ind_active type="tinyint"  label="Active">1</ind_active></row>
<row><id_prov type="smallint" >2959</id_prov><id_comunidad type="smallint" >315</id_comunidad><prov_name type="varchar"  label="County">Irion</prov_name><ind_active type="tinyint"  label="Active">1</ind_active></row>
<row><id_prov type="smallint" >2960</id_prov><id_comunidad type="smallint" >315</id_comunidad><prov_name type="varchar"  label="County">Hutchinson</prov_name><ind_active type="tinyint"  label="Active">1</ind_active></row>
<row><id_prov type="smallint" >2961</id_prov><id_comunidad type="smallint" >315</id_comunidad><prov_name type="varchar"  label="County">Hunt</prov_name><ind_active type="tinyint"  label="Active">1</ind_active></row>
<row><id_prov type="smallint" >2962</id_prov><id_comunidad type="smallint" >315</id_comunidad><prov_name type="varchar"  label="County">Hudspeth</prov_name><ind_active type="tinyint"  label="Active">1</ind_active></row>
<row><id_prov type="smallint" >2963</id_prov><id_comunidad type="smallint" >315</id_comunidad><prov_name type="varchar"  label="County">Jeff Davis</prov_name><ind_active type="tinyint"  label="Active">1</ind_active></row>
<row><id_prov type="smallint" >2964</id_prov><id_comunidad type="smallint" >315</id_comunidad><prov_name type="varchar"  label="County">Houston</prov_name><ind_active type="tinyint"  label="Active">1</ind_active></row>
<row><id_prov type="smallint" >2965</id_prov><id_comunidad type="smallint" >315</id_comunidad><prov_name type="varchar"  label="County">Jefferson</prov_name><ind_active type="tinyint"  label="Active">1</ind_active></row>
<row><id_prov type="smallint" >2966</id_prov><id_comunidad type="smallint" >315</id_comunidad><prov_name type="varchar"  label="County">Hood</prov_name><ind_active type="tinyint"  label="Active">1</ind_active></row>
<row><id_prov type="smallint" >2967</id_prov><id_comunidad type="smallint" >315</id_comunidad><prov_name type="varchar"  label="County">Hockley</prov_name><ind_active type="tinyint"  label="Active">1</ind_active></row>
<row><id_prov type="smallint" >2968</id_prov><id_comunidad type="smallint" >315</id_comunidad><prov_name type="varchar"  label="County">Hill</prov_name><ind_active type="tinyint"  label="Active">1</ind_active></row>
<row><id_prov type="smallint" >2969</id_prov><id_comunidad type="smallint" >315</id_comunidad><prov_name type="varchar"  label="County">Hidalgo</prov_name><ind_active type="tinyint"  label="Active">1</ind_active></row>
<row><id_prov type="smallint" >2970</id_prov><id_comunidad type="smallint" >315</id_comunidad><prov_name type="varchar"  label="County">Henderson</prov_name><ind_active type="tinyint"  label="Active">1</ind_active></row>
<row><id_prov type="smallint" >2971</id_prov><id_comunidad type="smallint" >315</id_comunidad><prov_name type="varchar"  label="County">Hemphill</prov_name><ind_active type="tinyint"  label="Active">1</ind_active></row>
<row><id_prov type="smallint" >2972</id_prov><id_comunidad type="smallint" >315</id_comunidad><prov_name type="varchar"  label="County">Hays</prov_name><ind_active type="tinyint"  label="Active">1</ind_active></row>
<row><id_prov type="smallint" >2973</id_prov><id_comunidad type="smallint" >315</id_comunidad><prov_name type="varchar"  label="County">Howard</prov_name><ind_active type="tinyint"  label="Active">1</ind_active></row>
<row><id_prov type="smallint" >2974</id_prov><id_comunidad type="smallint" >315</id_comunidad><prov_name type="varchar"  label="County">Kenedy</prov_name><ind_active type="tinyint"  label="Active">1</ind_active></row>
<row><id_prov type="smallint" >2975</id_prov><id_comunidad type="smallint" >315</id_comunidad><prov_name type="varchar"  label="County">Lamb</prov_name><ind_active type="tinyint"  label="Active">1</ind_active></row>
<row><id_prov type="smallint" >2976</id_prov><id_comunidad type="smallint" >315</id_comunidad><prov_name type="varchar"  label="County">Lamar</prov_name><ind_active type="tinyint"  label="Active">1</ind_active></row>
<row><id_prov type="smallint" >2977</id_prov><id_comunidad type="smallint" >315</id_comunidad><prov_name type="varchar"  label="County">Knox</prov_name><ind_active type="tinyint"  label="Active">1</ind_active></row>
<row><id_prov type="smallint" >2978</id_prov><id_comunidad type="smallint" >315</id_comunidad><prov_name type="varchar"  label="County">Kleberg</prov_name><ind_active type="tinyint"  label="Active">1</ind_active></row>
<row><id_prov type="smallint" >2979</id_prov><id_comunidad type="smallint" >315</id_comunidad><prov_name type="varchar"  label="County">Kinney</prov_name><ind_active type="tinyint"  label="Active">1</ind_active></row>
<row><id_prov type="smallint" >2980</id_prov><id_comunidad type="smallint" >315</id_comunidad><prov_name type="varchar"  label="County">King</prov_name><ind_active type="tinyint"  label="Active">1</ind_active></row>
<row><id_prov type="smallint" >2981</id_prov><id_comunidad type="smallint" >315</id_comunidad><prov_name type="varchar"  label="County">Kimble</prov_name><ind_active type="tinyint"  label="Active">1</ind_active></row>
<row><id_prov type="smallint" >2982</id_prov><id_comunidad type="smallint" >315</id_comunidad><prov_name type="varchar"  label="County">Jasper</prov_name><ind_active type="tinyint"  label="Active">1</ind_active></row>
<row><id_prov type="smallint" >2983</id_prov><id_comunidad type="smallint" >315</id_comunidad><prov_name type="varchar"  label="County">Kent</prov_name><ind_active type="tinyint"  label="Active">1</ind_active></row>
<row><id_prov type="smallint" >2984</id_prov><id_comunidad type="smallint" >315</id_comunidad><prov_name type="varchar"  label="County">Oldham</prov_name><ind_active type="tinyint"  label="Active">1</ind_active></row>
<row><id_prov type="smallint" >2985</id_prov><id_comunidad type="smallint" >315</id_comunidad><prov_name type="varchar"  label="County">Kendall</prov_name><ind_active type="tinyint"  label="Active">1</ind_active></row>
<row><id_prov type="smallint" >2986</id_prov><id_comunidad type="smallint" >315</id_comunidad><prov_name type="varchar"  label="County">Kaufman</prov_name><ind_active type="tinyint"  label="Active">1</ind_active></row>
<row><id_prov type="smallint" >2987</id_prov><id_comunidad type="smallint" >315</id_comunidad><prov_name type="varchar"  label="County">Karnes</prov_name><ind_active type="tinyint"  label="Active">1</ind_active></row>
<row><id_prov type="smallint" >2988</id_prov><id_comunidad type="smallint" >315</id_comunidad><prov_name type="varchar"  label="County">Jones</prov_name><ind_active type="tinyint"  label="Active">1</ind_active></row>
<row><id_prov type="smallint" >2989</id_prov><id_comunidad type="smallint" >315</id_comunidad><prov_name type="varchar"  label="County">Johnson</prov_name><ind_active type="tinyint"  label="Active">1</ind_active></row>
<row><id_prov type="smallint" >2990</id_prov><id_comunidad type="smallint" >315</id_comunidad><prov_name type="varchar"  label="County">Jim Wells</prov_name><ind_active type="tinyint"  label="Active">1</ind_active></row>
<row><id_prov type="smallint" >2991</id_prov><id_comunidad type="smallint" >315</id_comunidad><prov_name type="varchar"  label="County">Jim Hogg</prov_name><ind_active type="tinyint"  label="Active">1</ind_active></row>
<row><id_prov type="smallint" >2992</id_prov><id_comunidad type="smallint" >315</id_comunidad><prov_name type="varchar"  label="County">Kerr</prov_name><ind_active type="tinyint"  label="Active">1</ind_active></row>
<row><id_prov type="smallint" >2993</id_prov><id_comunidad type="smallint" >315</id_comunidad><prov_name type="varchar"  label="County">Tom Green</prov_name><ind_active type="tinyint"  label="Active">1</ind_active></row>
<row><id_prov type="smallint" >2994</id_prov><id_comunidad type="smallint" >315</id_comunidad><prov_name type="varchar"  label="County">Sutton</prov_name><ind_active type="tinyint"  label="Active">1</ind_active></row>
<row><id_prov type="smallint" >2995</id_prov><id_comunidad type="smallint" >315</id_comunidad><prov_name type="varchar"  label="County">Van Zandt</prov_name><ind_active type="tinyint"  label="Active">1</ind_active></row>
<row><id_prov type="smallint" >2996</id_prov><id_comunidad type="smallint" >315</id_comunidad><prov_name type="varchar"  label="County">Val Verde</prov_name><ind_active type="tinyint"  label="Active">1</ind_active></row>
<row><id_prov type="smallint" >2997</id_prov><id_comunidad type="smallint" >315</id_comunidad><prov_name type="varchar"  label="County">Uvalde</prov_name><ind_active type="tinyint"  label="Active">1</ind_active></row>
<row><id_prov type="smallint" >2998</id_prov><id_comunidad type="smallint" >315</id_comunidad><prov_name type="varchar"  label="County">Upton</prov_name><ind_active type="tinyint"  label="Active">1</ind_active></row>
<row><id_prov type="smallint" >2999</id_prov><id_comunidad type="smallint" >315</id_comunidad><prov_name type="varchar"  label="County">Upshur</prov_name><ind_active type="tinyint"  label="Active">1</ind_active></row>
<row><id_prov type="smallint" >3000</id_prov><id_comunidad type="smallint" >315</id_comunidad><prov_name type="varchar"  label="County">Tyler</prov_name><ind_active type="tinyint"  label="Active">1</ind_active></row>
<row><id_prov type="smallint" >3001</id_prov><id_comunidad type="smallint" >315</id_comunidad><prov_name type="varchar"  label="County">Walker</prov_name><ind_active type="tinyint"  label="Active">1</ind_active></row>
<row><id_prov type="smallint" >3002</id_prov><id_comunidad type="smallint" >315</id_comunidad><prov_name type="varchar"  label="County">Travis</prov_name><ind_active type="tinyint"  label="Active">1</ind_active></row>
<row><id_prov type="smallint" >3003</id_prov><id_comunidad type="smallint" >315</id_comunidad><prov_name type="varchar"  label="County">Waller</prov_name><ind_active type="tinyint"  label="Active">1</ind_active></row>
<row><id_prov type="smallint" >3004</id_prov><id_comunidad type="smallint" >315</id_comunidad><prov_name type="varchar"  label="County">Titus</prov_name><ind_active type="tinyint"  label="Active">1</ind_active></row>
<row><id_prov type="smallint" >3005</id_prov><id_comunidad type="smallint" >315</id_comunidad><prov_name type="varchar"  label="County">Throckmorton</prov_name><ind_active type="tinyint"  label="Active">1</ind_active></row>
<row><id_prov type="smallint" >3006</id_prov><id_comunidad type="smallint" >315</id_comunidad><prov_name type="varchar"  label="County">Terry</prov_name><ind_active type="tinyint"  label="Active">1</ind_active></row>
<row><id_prov type="smallint" >3007</id_prov><id_comunidad type="smallint" >315</id_comunidad><prov_name type="varchar"  label="County">Terrell</prov_name><ind_active type="tinyint"  label="Active">1</ind_active></row>
<row><id_prov type="smallint" >3008</id_prov><id_comunidad type="smallint" >315</id_comunidad><prov_name type="varchar"  label="County">Taylor</prov_name><ind_active type="tinyint"  label="Active">1</ind_active></row>
<row><id_prov type="smallint" >3009</id_prov><id_comunidad type="smallint" >315</id_comunidad><prov_name type="varchar"  label="County">Tarrant</prov_name><ind_active type="tinyint"  label="Active">1</ind_active></row>
<row><id_prov type="smallint" >3010</id_prov><id_comunidad type="smallint" >315</id_comunidad><prov_name type="varchar"  label="County">Nueces</prov_name><ind_active type="tinyint"  label="Active">1</ind_active></row>
<row><id_prov type="smallint" >3011</id_prov><id_comunidad type="smallint" >315</id_comunidad><prov_name type="varchar"  label="County">Trinity</prov_name><ind_active type="tinyint"  label="Active">1</ind_active></row>
<row><id_prov type="smallint" >3012</id_prov><id_comunidad type="smallint" >315</id_comunidad><prov_name type="varchar"  label="County">Willacy</prov_name><ind_active type="tinyint"  label="Active">1</ind_active></row>
<row><id_prov type="smallint" >3013</id_prov><id_comunidad type="smallint" >315</id_comunidad><prov_name type="varchar"  label="County">Zavala</prov_name><ind_active type="tinyint"  label="Active">1</ind_active></row>
<row><id_prov type="smallint" >3014</id_prov><id_comunidad type="smallint" >315</id_comunidad><prov_name type="varchar"  label="County">Zapata</prov_name><ind_active type="tinyint"  label="Active">1</ind_active></row>
<row><id_prov type="smallint" >3015</id_prov><id_comunidad type="smallint" >315</id_comunidad><prov_name type="varchar"  label="County">Young</prov_name><ind_active type="tinyint"  label="Active">1</ind_active></row>
<row><id_prov type="smallint" >3016</id_prov><id_comunidad type="smallint" >315</id_comunidad><prov_name type="varchar"  label="County">Yoakum</prov_name><ind_active type="tinyint"  label="Active">1</ind_active></row>
<row><id_prov type="smallint" >3017</id_prov><id_comunidad type="smallint" >315</id_comunidad><prov_name type="varchar"  label="County">Wood</prov_name><ind_active type="tinyint"  label="Active">1</ind_active></row>
<row><id_prov type="smallint" >3018</id_prov><id_comunidad type="smallint" >315</id_comunidad><prov_name type="varchar"  label="County">Wise</prov_name><ind_active type="tinyint"  label="Active">1</ind_active></row>
<row><id_prov type="smallint" >3019</id_prov><id_comunidad type="smallint" >315</id_comunidad><prov_name type="varchar"  label="County">Winkler</prov_name><ind_active type="tinyint"  label="Active">1</ind_active></row>
<row><id_prov type="smallint" >3020</id_prov><id_comunidad type="smallint" >315</id_comunidad><prov_name type="varchar"  label="County">Victoria</prov_name><ind_active type="tinyint"  label="Active">1</ind_active></row>
<row><id_prov type="smallint" >3021</id_prov><id_comunidad type="smallint" >315</id_comunidad><prov_name type="varchar"  label="County">Williamson</prov_name><ind_active type="tinyint"  label="Active">1</ind_active></row>
<row><id_prov type="smallint" >3022</id_prov><id_comunidad type="smallint" >315</id_comunidad><prov_name type="varchar"  label="County">Stonewall</prov_name><ind_active type="tinyint"  label="Active">1</ind_active></row>
<row><id_prov type="smallint" >3023</id_prov><id_comunidad type="smallint" >315</id_comunidad><prov_name type="varchar"  label="County">Wilbarger</prov_name><ind_active type="tinyint"  label="Active">1</ind_active></row>
<row><id_prov type="smallint" >3024</id_prov><id_comunidad type="smallint" >315</id_comunidad><prov_name type="varchar"  label="County">Wichita</prov_name><ind_active type="tinyint"  label="Active">1</ind_active></row>
<row><id_prov type="smallint" >3025</id_prov><id_comunidad type="smallint" >315</id_comunidad><prov_name type="varchar"  label="County">Wheeler</prov_name><ind_active type="tinyint"  label="Active">1</ind_active></row>
<row><id_prov type="smallint" >3026</id_prov><id_comunidad type="smallint" >315</id_comunidad><prov_name type="varchar"  label="County">Wharton</prov_name><ind_active type="tinyint"  label="Active">1</ind_active></row>
<row><id_prov type="smallint" >3027</id_prov><id_comunidad type="smallint" >315</id_comunidad><prov_name type="varchar"  label="County">Webb</prov_name><ind_active type="tinyint"  label="Active">1</ind_active></row>
<row><id_prov type="smallint" >3028</id_prov><id_comunidad type="smallint" >315</id_comunidad><prov_name type="varchar"  label="County">Washington</prov_name><ind_active type="tinyint"  label="Active">1</ind_active></row>
<row><id_prov type="smallint" >3029</id_prov><id_comunidad type="smallint" >315</id_comunidad><prov_name type="varchar"  label="County">Ward</prov_name><ind_active type="tinyint"  label="Active">1</ind_active></row>
<row><id_prov type="smallint" >3030</id_prov><id_comunidad type="smallint" >315</id_comunidad><prov_name type="varchar"  label="County">Wilson</prov_name><ind_active type="tinyint"  label="Active">1</ind_active></row>
<row><id_prov type="smallint" >3031</id_prov><id_comunidad type="smallint" >315</id_comunidad><prov_name type="varchar"  label="County">Potter</prov_name><ind_active type="tinyint"  label="Active">1</ind_active></row>
<row><id_prov type="smallint" >3032</id_prov><id_comunidad type="smallint" >315</id_comunidad><prov_name type="varchar"  label="County">Swisher</prov_name><ind_active type="tinyint"  label="Active">1</ind_active></row>
<row><id_prov type="smallint" >3033</id_prov><id_comunidad type="smallint" >315</id_comunidad><prov_name type="varchar"  label="County">Refugio</prov_name><ind_active type="tinyint"  label="Active">1</ind_active></row>
<row><id_prov type="smallint" >3034</id_prov><id_comunidad type="smallint" >315</id_comunidad><prov_name type="varchar"  label="County">Reeves</prov_name><ind_active type="tinyint"  label="Active">1</ind_active></row>
<row><id_prov type="smallint" >3035</id_prov><id_comunidad type="smallint" >315</id_comunidad><prov_name type="varchar"  label="County">Red River</prov_name><ind_active type="tinyint"  label="Active">1</ind_active></row>
<row><id_prov type="smallint" >3036</id_prov><id_comunidad type="smallint" >315</id_comunidad><prov_name type="varchar"  label="County">Real</prov_name><ind_active type="tinyint"  label="Active">1</ind_active></row>
<row><id_prov type="smallint" >3037</id_prov><id_comunidad type="smallint" >315</id_comunidad><prov_name type="varchar"  label="County">Reagan</prov_name><ind_active type="tinyint"  label="Active">1</ind_active></row>
<row><id_prov type="smallint" >3038</id_prov><id_comunidad type="smallint" >315</id_comunidad><prov_name type="varchar"  label="County">Randall</prov_name><ind_active type="tinyint"  label="Active">1</ind_active></row>
<row><id_prov type="smallint" >3039</id_prov><id_comunidad type="smallint" >315</id_comunidad><prov_name type="varchar"  label="County">Robertson</prov_name><ind_active type="tinyint"  label="Active">1</ind_active></row>
<row><id_prov type="smallint" >3040</id_prov><id_comunidad type="smallint" >315</id_comunidad><prov_name type="varchar"  label="County">Presidio</prov_name><ind_active type="tinyint"  label="Active">1</ind_active></row>
<row><id_prov type="smallint" >3041</id_prov><id_comunidad type="smallint" >315</id_comunidad><prov_name type="varchar"  label="County">Rockwall</prov_name><ind_active type="tinyint"  label="Active">1</ind_active></row>
<row><id_prov type="smallint" >3042</id_prov><id_comunidad type="smallint" >315</id_comunidad><prov_name type="varchar"  label="County">Polk</prov_name><ind_active type="tinyint"  label="Active">1</ind_active></row>
<row><id_prov type="smallint" >3043</id_prov><id_comunidad type="smallint" >315</id_comunidad><prov_name type="varchar"  label="County">Pecos</prov_name><ind_active type="tinyint"  label="Active">1</ind_active></row>
<row><id_prov type="smallint" >3044</id_prov><id_comunidad type="smallint" >315</id_comunidad><prov_name type="varchar"  label="County">Parmer</prov_name><ind_active type="tinyint"  label="Active">1</ind_active></row>
<row><id_prov type="smallint" >3045</id_prov><id_comunidad type="smallint" >315</id_comunidad><prov_name type="varchar"  label="County">Parker</prov_name><ind_active type="tinyint"  label="Active">1</ind_active></row>
<row><id_prov type="smallint" >3046</id_prov><id_comunidad type="smallint" >315</id_comunidad><prov_name type="varchar"  label="County">Panola</prov_name><ind_active type="tinyint"  label="Active">1</ind_active></row>
<row><id_prov type="smallint" >3047</id_prov><id_comunidad type="smallint" >315</id_comunidad><prov_name type="varchar"  label="County">Palo Pinto</prov_name><ind_active type="tinyint"  label="Active">1</ind_active></row>
<row><id_prov type="smallint" >3048</id_prov><id_comunidad type="smallint" >315</id_comunidad><prov_name type="varchar"  label="County">Orange</prov_name><ind_active type="tinyint"  label="Active">1</ind_active></row>
<row><id_prov type="smallint" >3049</id_prov><id_comunidad type="smallint" >315</id_comunidad><prov_name type="varchar"  label="County">Rains</prov_name><ind_active type="tinyint"  label="Active">1</ind_active></row>
<row><id_prov type="smallint" >3050</id_prov><id_comunidad type="smallint" >315</id_comunidad><prov_name type="varchar"  label="County">Schleicher</prov_name><ind_active type="tinyint"  label="Active">1</ind_active></row>
<row><id_prov type="smallint" >3051</id_prov><id_comunidad type="smallint" >315</id_comunidad><prov_name type="varchar"  label="County">Sterling</prov_name><ind_active type="tinyint"  label="Active">1</ind_active></row>
<row><id_prov type="smallint" >3052</id_prov><id_comunidad type="smallint" >315</id_comunidad><prov_name type="varchar"  label="County">Stephens</prov_name><ind_active type="tinyint"  label="Active">1</ind_active></row>
<row><id_prov type="smallint" >3053</id_prov><id_comunidad type="smallint" >315</id_comunidad><prov_name type="varchar"  label="County">Starr</prov_name><ind_active type="tinyint"  label="Active">1</ind_active></row>
<row><id_prov type="smallint" >3054</id_prov><id_comunidad type="smallint" >315</id_comunidad><prov_name type="varchar"  label="County">Somervell</prov_name><ind_active type="tinyint"  label="Active">1</ind_active></row>
<row><id_prov type="smallint" >3055</id_prov><id_comunidad type="smallint" >315</id_comunidad><prov_name type="varchar"  label="County">Smith</prov_name><ind_active type="tinyint"  label="Active">1</ind_active></row>
<row><id_prov type="smallint" >3056</id_prov><id_comunidad type="smallint" >315</id_comunidad><prov_name type="varchar"  label="County">Sherman</prov_name><ind_active type="tinyint"  label="Active">1</ind_active></row>
<row><id_prov type="smallint" >3057</id_prov><id_comunidad type="smallint" >315</id_comunidad><prov_name type="varchar"  label="County">Shelby</prov_name><ind_active type="tinyint"  label="Active">1</ind_active></row>
<row><id_prov type="smallint" >3058</id_prov><id_comunidad type="smallint" >315</id_comunidad><prov_name type="varchar"  label="County">Roberts</prov_name><ind_active type="tinyint"  label="Active">1</ind_active></row>
<row><id_prov type="smallint" >3059</id_prov><id_comunidad type="smallint" >315</id_comunidad><prov_name type="varchar"  label="County">Scurry</prov_name><ind_active type="tinyint"  label="Active">1</ind_active></row>
<row><id_prov type="smallint" >3060</id_prov><id_comunidad type="smallint" >315</id_comunidad><prov_name type="varchar"  label="County">McLennan</prov_name><ind_active type="tinyint"  label="Active">1</ind_active></row>
<row><id_prov type="smallint" >3061</id_prov><id_comunidad type="smallint" >315</id_comunidad><prov_name type="varchar"  label="County">San Saba</prov_name><ind_active type="tinyint"  label="Active">1</ind_active></row>
<row><id_prov type="smallint" >3062</id_prov><id_comunidad type="smallint" >315</id_comunidad><prov_name type="varchar"  label="County">San Patricio</prov_name><ind_active type="tinyint"  label="Active">1</ind_active></row>
<row><id_prov type="smallint" >3063</id_prov><id_comunidad type="smallint" >315</id_comunidad><prov_name type="varchar"  label="County">San Jacinto</prov_name><ind_active type="tinyint"  label="Active">1</ind_active></row>
<row><id_prov type="smallint" >3064</id_prov><id_comunidad type="smallint" >315</id_comunidad><prov_name type="varchar"  label="County">San Augustine</prov_name><ind_active type="tinyint"  label="Active">1</ind_active></row>
<row><id_prov type="smallint" >3065</id_prov><id_comunidad type="smallint" >315</id_comunidad><prov_name type="varchar"  label="County">Sabine</prov_name><ind_active type="tinyint"  label="Active">1</ind_active></row>
<row><id_prov type="smallint" >3066</id_prov><id_comunidad type="smallint" >315</id_comunidad><prov_name type="varchar"  label="County">Rusk</prov_name><ind_active type="tinyint"  label="Active">1</ind_active></row>
<row><id_prov type="smallint" >3067</id_prov><id_comunidad type="smallint" >315</id_comunidad><prov_name type="varchar"  label="County">Runnels</prov_name><ind_active type="tinyint"  label="Active">1</ind_active></row>
<row><id_prov type="smallint" >3068</id_prov><id_comunidad type="smallint" >315</id_comunidad><prov_name type="varchar"  label="County">Shackelford</prov_name><ind_active type="tinyint"  label="Active">1</ind_active></row>
<row><id_prov type="smallint" >3069</id_prov><id_comunidad type="smallint" >315</id_comunidad><prov_name type="varchar"  label="County">Donley</prov_name><ind_active type="tinyint"  label="Active">1</ind_active></row>
<row><id_prov type="smallint" >3070</id_prov><id_comunidad type="smallint" >315</id_comunidad><prov_name type="varchar"  label="County">Crockett</prov_name><ind_active type="tinyint"  label="Active">1</ind_active></row>
<row><id_prov type="smallint" >3071</id_prov><id_comunidad type="smallint" >315</id_comunidad><prov_name type="varchar"  label="County">Dimmit</prov_name><ind_active type="tinyint"  label="Active">1</ind_active></row>
<row><id_prov type="smallint" >3072</id_prov><id_comunidad type="smallint" >315</id_comunidad><prov_name type="varchar"  label="County">Crane</prov_name><ind_active type="tinyint"  label="Active">1</ind_active></row>
<row><id_prov type="smallint" >3073</id_prov><id_comunidad type="smallint" >315</id_comunidad><prov_name type="varchar"  label="County">Glasscock</prov_name><ind_active type="tinyint"  label="Active">1</ind_active></row>
<row><id_prov type="smallint" >3074</id_prov><id_comunidad type="smallint" >315</id_comunidad><prov_name type="varchar"  label="County">Falls</prov_name><ind_active type="tinyint"  label="Active">1</ind_active></row>
<row><id_prov type="smallint" >3075</id_prov><id_comunidad type="smallint" >315</id_comunidad><prov_name type="varchar"  label="County">Duval</prov_name><ind_active type="tinyint"  label="Active">1</ind_active></row>
<row><id_prov type="smallint" >3076</id_prov><id_comunidad type="smallint" >315</id_comunidad><prov_name type="varchar"  label="County">Gillespie</prov_name><ind_active type="tinyint"  label="Active">1</ind_active></row>
<row><id_prov type="smallint" >3077</id_prov><id_comunidad type="smallint" >315</id_comunidad><prov_name type="varchar"  label="County">Dickens</prov_name><ind_active type="tinyint"  label="Active">1</ind_active></row>
<row><id_prov type="smallint" >3078</id_prov><id_comunidad type="smallint" >315</id_comunidad><prov_name type="varchar"  label="County">Garza</prov_name><ind_active type="tinyint"  label="Active">1</ind_active></row>
<row><id_prov type="smallint" >3079</id_prov><id_comunidad type="smallint" >315</id_comunidad><prov_name type="varchar"  label="County">Fannin</prov_name><ind_active type="tinyint"  label="Active">1</ind_active></row>
<row><id_prov type="smallint" >3080</id_prov><id_comunidad type="smallint" >315</id_comunidad><prov_name type="varchar"  label="County">Erath</prov_name><ind_active type="tinyint"  label="Active">1</ind_active></row>
<row><id_prov type="smallint" >3081</id_prov><id_comunidad type="smallint" >315</id_comunidad><prov_name type="varchar"  label="County">Galveston</prov_name><ind_active type="tinyint"  label="Active">1</ind_active></row>
<row><id_prov type="smallint" >3082</id_prov><id_comunidad type="smallint" >315</id_comunidad><prov_name type="varchar"  label="County">Fort Bend</prov_name><ind_active type="tinyint"  label="Active">1</ind_active></row>
<row><id_prov type="smallint" >3083</id_prov><id_comunidad type="smallint" >315</id_comunidad><prov_name type="varchar"  label="County">Fayette</prov_name><ind_active type="tinyint"  label="Active">1</ind_active></row>
<row><id_prov type="smallint" >3084</id_prov><id_comunidad type="smallint" >315</id_comunidad><prov_name type="varchar"  label="County">Foard</prov_name><ind_active type="tinyint"  label="Active">1</ind_active></row>
<row><id_prov type="smallint" >3085</id_prov><id_comunidad type="smallint" >315</id_comunidad><prov_name type="varchar"  label="County">Frio</prov_name><ind_active type="tinyint"  label="Active">1</ind_active></row>
<row><id_prov type="smallint" >3086</id_prov><id_comunidad type="smallint" >315</id_comunidad><prov_name type="varchar"  label="County">Deaf Smith</prov_name><ind_active type="tinyint"  label="Active">1</ind_active></row>
<row><id_prov type="smallint" >3087</id_prov><id_comunidad type="smallint" >315</id_comunidad><prov_name type="varchar"  label="County">Dawson</prov_name><ind_active type="tinyint"  label="Active">1</ind_active></row>
<row><id_prov type="smallint" >3088</id_prov><id_comunidad type="smallint" >315</id_comunidad><prov_name type="varchar"  label="County">Delta</prov_name><ind_active type="tinyint"  label="Active">1</ind_active></row>
<row><id_prov type="smallint" >3089</id_prov><id_comunidad type="smallint" >315</id_comunidad><prov_name type="varchar"  label="County">Denton</prov_name><ind_active type="tinyint"  label="Active">1</ind_active></row>
<row><id_prov type="smallint" >3090</id_prov><id_comunidad type="smallint" >315</id_comunidad><prov_name type="varchar"  label="County">Franklin</prov_name><ind_active type="tinyint"  label="Active">1</ind_active></row>
<row><id_prov type="smallint" >3091</id_prov><id_comunidad type="smallint" >315</id_comunidad><prov_name type="varchar"  label="County">Dallas</prov_name><ind_active type="tinyint"  label="Active">1</ind_active></row>
<row><id_prov type="smallint" >3092</id_prov><id_comunidad type="smallint" >315</id_comunidad><prov_name type="varchar"  label="County">Crosby</prov_name><ind_active type="tinyint"  label="Active">1</ind_active></row>
<row><id_prov type="smallint" >3093</id_prov><id_comunidad type="smallint" >315</id_comunidad><prov_name type="varchar"  label="County">Gonzales</prov_name><ind_active type="tinyint"  label="Active">1</ind_active></row>
<row><id_prov type="smallint" >3094</id_prov><id_comunidad type="smallint" >315</id_comunidad><prov_name type="varchar"  label="County">Grayson</prov_name><ind_active type="tinyint"  label="Active">1</ind_active></row>
<row><id_prov type="smallint" >3095</id_prov><id_comunidad type="smallint" >315</id_comunidad><prov_name type="varchar"  label="County">Goliad</prov_name><ind_active type="tinyint"  label="Active">1</ind_active></row>
<row><id_prov type="smallint" >3096</id_prov><id_comunidad type="smallint" >315</id_comunidad><prov_name type="varchar"  label="County">Hartley</prov_name><ind_active type="tinyint"  label="Active">1</ind_active></row>
<row><id_prov type="smallint" >3097</id_prov><id_comunidad type="smallint" >315</id_comunidad><prov_name type="varchar"  label="County">DeWitt</prov_name><ind_active type="tinyint"  label="Active">1</ind_active></row>
<row><id_prov type="smallint" >3098</id_prov><id_comunidad type="smallint" >315</id_comunidad><prov_name type="varchar"  label="County">Culberson</prov_name><ind_active type="tinyint"  label="Active">1</ind_active></row>
<row><id_prov type="smallint" >3099</id_prov><id_comunidad type="smallint" >315</id_comunidad><prov_name type="varchar"  label="County">Gray</prov_name><ind_active type="tinyint"  label="Active">1</ind_active></row>
<row><id_prov type="smallint" >3100</id_prov><id_comunidad type="smallint" >315</id_comunidad><prov_name type="varchar"  label="County">Cottle</prov_name><ind_active type="tinyint"  label="Active">1</ind_active></row>
<row><id_prov type="smallint" >3101</id_prov><id_comunidad type="smallint" >315</id_comunidad><prov_name type="varchar"  label="County">Dallam</prov_name><ind_active type="tinyint"  label="Active">1</ind_active></row>
<row><id_prov type="smallint" >3102</id_prov><id_comunidad type="smallint" >315</id_comunidad><prov_name type="varchar"  label="County">Hardin</prov_name><ind_active type="tinyint"  label="Active">1</ind_active></row>
<row><id_prov type="smallint" >3103</id_prov><id_comunidad type="smallint" >315</id_comunidad><prov_name type="varchar"  label="County">Freestone</prov_name><ind_active type="tinyint"  label="Active">1</ind_active></row>
<row><id_prov type="smallint" >3104</id_prov><id_comunidad type="smallint" >315</id_comunidad><prov_name type="varchar"  label="County">Ector</prov_name><ind_active type="tinyint"  label="Active">1</ind_active></row>
<row><id_prov type="smallint" >3105</id_prov><id_comunidad type="smallint" >315</id_comunidad><prov_name type="varchar"  label="County">Edwards</prov_name><ind_active type="tinyint"  label="Active">1</ind_active></row>
<row><id_prov type="smallint" >3106</id_prov><id_comunidad type="smallint" >315</id_comunidad><prov_name type="varchar"  label="County">Colorado</prov_name><ind_active type="tinyint"  label="Active">1</ind_active></row>
<row><id_prov type="smallint" >3107</id_prov><id_comunidad type="smallint" >315</id_comunidad><prov_name type="varchar"  label="County">Gaines</prov_name><ind_active type="tinyint"  label="Active">1</ind_active></row>
<row><id_prov type="smallint" >3108</id_prov><id_comunidad type="smallint" >315</id_comunidad><prov_name type="varchar"  label="County">Ellis</prov_name><ind_active type="tinyint"  label="Active">1</ind_active></row>
<row><id_prov type="smallint" >3109</id_prov><id_comunidad type="smallint" >315</id_comunidad><prov_name type="varchar"  label="County">Hansford</prov_name><ind_active type="tinyint"  label="Active">1</ind_active></row>
<row><id_prov type="smallint" >3110</id_prov><id_comunidad type="smallint" >315</id_comunidad><prov_name type="varchar"  label="County">Gregg</prov_name><ind_active type="tinyint"  label="Active">1</ind_active></row>
<row><id_prov type="smallint" >3111</id_prov><id_comunidad type="smallint" >315</id_comunidad><prov_name type="varchar"  label="County">Hardeman</prov_name><ind_active type="tinyint"  label="Active">1</ind_active></row>
<row><id_prov type="smallint" >3112</id_prov><id_comunidad type="smallint" >315</id_comunidad><prov_name type="varchar"  label="County">Hall</prov_name><ind_active type="tinyint"  label="Active">1</ind_active></row>
<row><id_prov type="smallint" >3113</id_prov><id_comunidad type="smallint" >315</id_comunidad><prov_name type="varchar"  label="County">Collingsworth</prov_name><ind_active type="tinyint"  label="Active">1</ind_active></row>
<row><id_prov type="smallint" >3114</id_prov><id_comunidad type="smallint" >315</id_comunidad><prov_name type="varchar"  label="County">Fisher</prov_name><ind_active type="tinyint"  label="Active">1</ind_active></row>
<row><id_prov type="smallint" >3115</id_prov><id_comunidad type="smallint" >315</id_comunidad><prov_name type="varchar"  label="County">Harris</prov_name><ind_active type="tinyint"  label="Active">1</ind_active></row>
<row><id_prov type="smallint" >3116</id_prov><id_comunidad type="smallint" >315</id_comunidad><prov_name type="varchar"  label="County">Collin</prov_name><ind_active type="tinyint"  label="Active">1</ind_active></row>
<row><id_prov type="smallint" >3117</id_prov><id_comunidad type="smallint" >315</id_comunidad><prov_name type="varchar"  label="County">Coleman</prov_name><ind_active type="tinyint"  label="Active">1</ind_active></row>
<row><id_prov type="smallint" >3118</id_prov><id_comunidad type="smallint" >315</id_comunidad><prov_name type="varchar"  label="County">Harrison</prov_name><ind_active type="tinyint"  label="Active">1</ind_active></row>
<row><id_prov type="smallint" >3119</id_prov><id_comunidad type="smallint" >315</id_comunidad><prov_name type="varchar"  label="County">Coke</prov_name><ind_active type="tinyint"  label="Active">1</ind_active></row>
<row><id_prov type="smallint" >3120</id_prov><id_comunidad type="smallint" >315</id_comunidad><prov_name type="varchar"  label="County">Floyd</prov_name><ind_active type="tinyint"  label="Active">1</ind_active></row>
<row><id_prov type="smallint" >3121</id_prov><id_comunidad type="smallint" >315</id_comunidad><prov_name type="varchar"  label="County">Hale</prov_name><ind_active type="tinyint"  label="Active">1</ind_active></row>
<row><id_prov type="smallint" >3122</id_prov><id_comunidad type="smallint" >315</id_comunidad><prov_name type="varchar"  label="County">Grimes</prov_name><ind_active type="tinyint"  label="Active">1</ind_active></row>
<row><id_prov type="smallint" >3123</id_prov><id_comunidad type="smallint" >315</id_comunidad><prov_name type="varchar"  label="County">Guadalupe</prov_name><ind_active type="tinyint"  label="Active">1</ind_active></row>
<row><id_prov type="smallint" >3124</id_prov><id_comunidad type="smallint" >315</id_comunidad><prov_name type="varchar"  label="County">Coryell</prov_name><ind_active type="tinyint"  label="Active">1</ind_active></row>
<row><id_prov type="smallint" >3125</id_prov><id_comunidad type="smallint" >315</id_comunidad><prov_name type="varchar"  label="County">Cooke</prov_name><ind_active type="tinyint"  label="Active">1</ind_active></row>
<row><id_prov type="smallint" >3126</id_prov><id_comunidad type="smallint" >315</id_comunidad><prov_name type="varchar"  label="County">Hamilton</prov_name><ind_active type="tinyint"  label="Active">1</ind_active></row>
<row><id_prov type="smallint" >3127</id_prov><id_comunidad type="smallint" >315</id_comunidad><prov_name type="varchar"  label="County">Concho</prov_name><ind_active type="tinyint"  label="Active">1</ind_active></row>
<row><id_prov type="smallint" >3128</id_prov><id_comunidad type="smallint" >315</id_comunidad><prov_name type="varchar"  label="County">El Paso</prov_name><ind_active type="tinyint"  label="Active">1</ind_active></row>
<row><id_prov type="smallint" >3129</id_prov><id_comunidad type="smallint" >315</id_comunidad><prov_name type="varchar"  label="County">Comal</prov_name><ind_active type="tinyint"  label="Active">1</ind_active></row>
<row><id_prov type="smallint" >3130</id_prov><id_comunidad type="smallint" >315</id_comunidad><prov_name type="varchar"  label="County">Comanche</prov_name><ind_active type="tinyint"  label="Active">1</ind_active></row>
<row><id_prov type="smallint" >3131</id_prov><id_comunidad type="smallint" >315</id_comunidad><prov_name type="varchar"  label="County">Eastland</prov_name><ind_active type="tinyint"  label="Active">1</ind_active></row>
</provincia>
</root>