<?xml version="1.0" encoding="UTF-8"?>
<root>
<provincia>
<row><id_prov type="smallint" >3175</id_prov><id_comunidad type="smallint" >319</id_comunidad><prov_name type="varchar"  label="County">Orange</prov_name><ind_active type="tinyint"  label="Active">1</ind_active></row>
<row><id_prov type="smallint" >3176</id_prov><id_comunidad type="smallint" >319</id_comunidad><prov_name type="varchar"  label="County">Page</prov_name><ind_active type="tinyint"  label="Active">1</ind_active></row>
<row><id_prov type="smallint" >3177</id_prov><id_comunidad type="smallint" >319</id_comunidad><prov_name type="varchar"  label="County">Emporia</prov_name><ind_active type="tinyint"  label="Active">1</ind_active></row>
<row><id_prov type="smallint" >3178</id_prov><id_comunidad type="smallint" >319</id_comunidad><prov_name type="varchar"  label="County">Rappahannock</prov_name><ind_active type="tinyint"  label="Active">1</ind_active></row>
<row><id_prov type="smallint" >3179</id_prov><id_comunidad type="smallint" >319</id_comunidad><prov_name type="varchar"  label="County">Botetourt</prov_name><ind_active type="tinyint"  label="Active">1</ind_active></row>
<row><id_prov type="smallint" >3180</id_prov><id_comunidad type="smallint" >319</id_comunidad><prov_name type="varchar"  label="County">Nottoway</prov_name><ind_active type="tinyint"  label="Active">1</ind_active></row>
<row><id_prov type="smallint" >3181</id_prov><id_comunidad type="smallint" >319</id_comunidad><prov_name type="varchar"  label="County">Prince Edward</prov_name><ind_active type="tinyint"  label="Active">1</ind_active></row>
<row><id_prov type="smallint" >3182</id_prov><id_comunidad type="smallint" >319</id_comunidad><prov_name type="varchar"  label="County">Fairfax</prov_name><ind_active type="tinyint"  label="Active">1</ind_active></row>
<row><id_prov type="smallint" >3183</id_prov><id_comunidad type="smallint" >319</id_comunidad><prov_name type="varchar"  label="County">Poquoson</prov_name><ind_active type="tinyint"  label="Active">1</ind_active></row>
<row><id_prov type="smallint" >3184</id_prov><id_comunidad type="smallint" >319</id_comunidad><prov_name type="varchar"  label="County">Mecklenburg</prov_name><ind_active type="tinyint"  label="Active">1</ind_active></row>
<row><id_prov type="smallint" >3185</id_prov><id_comunidad type="smallint" >319</id_comunidad><prov_name type="varchar"  label="County">Portsmouth</prov_name><ind_active type="tinyint"  label="Active">1</ind_active></row>
<row><id_prov type="smallint" >3186</id_prov><id_comunidad type="smallint" >319</id_comunidad><prov_name type="varchar"  label="County">Fairfax</prov_name><ind_active type="tinyint"  label="Active">1</ind_active></row>
<row><id_prov type="smallint" >3187</id_prov><id_comunidad type="smallint" >319</id_comunidad><prov_name type="varchar"  label="County">Petersburg</prov_name><ind_active type="tinyint"  label="Active">1</ind_active></row>
<row><id_prov type="smallint" >3188</id_prov><id_comunidad type="smallint" >319</id_comunidad><prov_name type="varchar"  label="County">Falls Church</prov_name><ind_active type="tinyint"  label="Active">1</ind_active></row>
<row><id_prov type="smallint" >3189</id_prov><id_comunidad type="smallint" >319</id_comunidad><prov_name type="varchar"  label="County">Bland</prov_name><ind_active type="tinyint"  label="Active">1</ind_active></row>
<row><id_prov type="smallint" >3190</id_prov><id_comunidad type="smallint" >319</id_comunidad><prov_name type="varchar"  label="County">Fauquier</prov_name><ind_active type="tinyint"  label="Active">1</ind_active></row>
<row><id_prov type="smallint" >3191</id_prov><id_comunidad type="smallint" >319</id_comunidad><prov_name type="varchar"  label="County">Prince George</prov_name><ind_active type="tinyint"  label="Active">1</ind_active></row>
<row><id_prov type="smallint" >3192</id_prov><id_comunidad type="smallint" >319</id_comunidad><prov_name type="varchar"  label="County">Prince William</prov_name><ind_active type="tinyint"  label="Active">1</ind_active></row>
<row><id_prov type="smallint" >3193</id_prov><id_comunidad type="smallint" >319</id_comunidad><prov_name type="varchar"  label="County">Pulaski</prov_name><ind_active type="tinyint"  label="Active">1</ind_active></row>
<row><id_prov type="smallint" >3194</id_prov><id_comunidad type="smallint" >319</id_comunidad><prov_name type="varchar"  label="County">Radford</prov_name><ind_active type="tinyint"  label="Active">1</ind_active></row>
<row><id_prov type="smallint" >3195</id_prov><id_comunidad type="smallint" >319</id_comunidad><prov_name type="varchar"  label="County">Patrick</prov_name><ind_active type="tinyint"  label="Active">1</ind_active></row>
<row><id_prov type="smallint" >3196</id_prov><id_comunidad type="smallint" >319</id_comunidad><prov_name type="varchar"  label="County">Pittsylvania</prov_name><ind_active type="tinyint"  label="Active">1</ind_active></row>
<row><id_prov type="smallint" >3197</id_prov><id_comunidad type="smallint" >319</id_comunidad><prov_name type="varchar"  label="County">Essex</prov_name><ind_active type="tinyint"  label="Active">1</ind_active></row>
<row><id_prov type="smallint" >3198</id_prov><id_comunidad type="smallint" >319</id_comunidad><prov_name type="varchar"  label="County">Powhatan</prov_name><ind_active type="tinyint"  label="Active">1</ind_active></row>
<row><id_prov type="smallint" >3199</id_prov><id_comunidad type="smallint" >319</id_comunidad><prov_name type="varchar"  label="County">Waynesboro</prov_name><ind_active type="tinyint"  label="Active">1</ind_active></row>
<row><id_prov type="smallint" >3200</id_prov><id_comunidad type="smallint" >319</id_comunidad><prov_name type="varchar"  label="County">Cumberland</prov_name><ind_active type="tinyint"  label="Active">1</ind_active></row>
<row><id_prov type="smallint" >3201</id_prov><id_comunidad type="smallint" >319</id_comunidad><prov_name type="varchar"  label="County">Arlington</prov_name><ind_active type="tinyint"  label="Active">1</ind_active></row>
<row><id_prov type="smallint" >3202</id_prov><id_comunidad type="smallint" >319</id_comunidad><prov_name type="varchar"  label="County">Culpeper</prov_name><ind_active type="tinyint"  label="Active">1</ind_active></row>
<row><id_prov type="smallint" >3203</id_prov><id_comunidad type="smallint" >319</id_comunidad><prov_name type="varchar"  label="County">Appomattox</prov_name><ind_active type="tinyint"  label="Active">1</ind_active></row>
<row><id_prov type="smallint" >3204</id_prov><id_comunidad type="smallint" >319</id_comunidad><prov_name type="varchar"  label="County">Virginia Beach</prov_name><ind_active type="tinyint"  label="Active">1</ind_active></row>
<row><id_prov type="smallint" >3205</id_prov><id_comunidad type="smallint" >319</id_comunidad><prov_name type="varchar"  label="County">Craig</prov_name><ind_active type="tinyint"  label="Active">1</ind_active></row>
<row><id_prov type="smallint" >3206</id_prov><id_comunidad type="smallint" >319</id_comunidad><prov_name type="varchar"  label="County">Warren</prov_name><ind_active type="tinyint"  label="Active">1</ind_active></row>
<row><id_prov type="smallint" >3207</id_prov><id_comunidad type="smallint" >319</id_comunidad><prov_name type="varchar"  label="County">Amherst</prov_name><ind_active type="tinyint"  label="Active">1</ind_active></row>
<row><id_prov type="smallint" >3208</id_prov><id_comunidad type="smallint" >319</id_comunidad><prov_name type="varchar"  label="County">Amelia</prov_name><ind_active type="tinyint"  label="Active">1</ind_active></row>
<row><id_prov type="smallint" >3209</id_prov><id_comunidad type="smallint" >319</id_comunidad><prov_name type="varchar"  label="County">Covington</prov_name><ind_active type="tinyint"  label="Active">1</ind_active></row>
<row><id_prov type="smallint" >3210</id_prov><id_comunidad type="smallint" >319</id_comunidad><prov_name type="varchar"  label="County">Staunton</prov_name><ind_active type="tinyint"  label="Active">1</ind_active></row>
<row><id_prov type="smallint" >3211</id_prov><id_comunidad type="smallint" >319</id_comunidad><prov_name type="varchar"  label="County">Alleghany</prov_name><ind_active type="tinyint"  label="Active">1</ind_active></row>
<row><id_prov type="smallint" >3212</id_prov><id_comunidad type="smallint" >319</id_comunidad><prov_name type="varchar"  label="County">Sussex</prov_name><ind_active type="tinyint"  label="Active">1</ind_active></row>
<row><id_prov type="smallint" >3213</id_prov><id_comunidad type="smallint" >319</id_comunidad><prov_name type="varchar"  label="County">Westmoreland</prov_name><ind_active type="tinyint"  label="Active">1</ind_active></row>
<row><id_prov type="smallint" >3214</id_prov><id_comunidad type="smallint" >319</id_comunidad><prov_name type="varchar"  label="County">Alexandria</prov_name><ind_active type="tinyint"  label="Active">1</ind_active></row>
<row><id_prov type="smallint" >3215</id_prov><id_comunidad type="smallint" >319</id_comunidad><prov_name type="varchar"  label="County">Albemarle</prov_name><ind_active type="tinyint"  label="Active">1</ind_active></row>
<row><id_prov type="smallint" >3216</id_prov><id_comunidad type="smallint" >319</id_comunidad><prov_name type="varchar"  label="County">Williamsburg</prov_name><ind_active type="tinyint"  label="Active">1</ind_active></row>
<row><id_prov type="smallint" >3217</id_prov><id_comunidad type="smallint" >319</id_comunidad><prov_name type="varchar"  label="County">Winchester</prov_name><ind_active type="tinyint"  label="Active">1</ind_active></row>
<row><id_prov type="smallint" >3218</id_prov><id_comunidad type="smallint" >319</id_comunidad><prov_name type="varchar"  label="County">Wise</prov_name><ind_active type="tinyint"  label="Active">1</ind_active></row>
<row><id_prov type="smallint" >3219</id_prov><id_comunidad type="smallint" >319</id_comunidad><prov_name type="varchar"  label="County">Colonial Heights</prov_name><ind_active type="tinyint"  label="Active">1</ind_active></row>
<row><id_prov type="smallint" >3220</id_prov><id_comunidad type="smallint" >319</id_comunidad><prov_name type="varchar"  label="County">Wythe</prov_name><ind_active type="tinyint"  label="Active">1</ind_active></row>
<row><id_prov type="smallint" >3221</id_prov><id_comunidad type="smallint" >319</id_comunidad><prov_name type="varchar"  label="County">York</prov_name><ind_active type="tinyint"  label="Active">1</ind_active></row>
<row><id_prov type="smallint" >3222</id_prov><id_comunidad type="smallint" >319</id_comunidad><prov_name type="varchar"  label="County">Accomack</prov_name><ind_active type="tinyint"  label="Active">1</ind_active></row>
<row><id_prov type="smallint" >3223</id_prov><id_comunidad type="smallint" >319</id_comunidad><prov_name type="varchar"  label="County">Washington</prov_name><ind_active type="tinyint"  label="Active">1</ind_active></row>
<row><id_prov type="smallint" >3224</id_prov><id_comunidad type="smallint" >319</id_comunidad><prov_name type="varchar"  label="County">Clarke</prov_name><ind_active type="tinyint"  label="Active">1</ind_active></row>
<row><id_prov type="smallint" >3225</id_prov><id_comunidad type="smallint" >319</id_comunidad><prov_name type="varchar"  label="County">Richmond</prov_name><ind_active type="tinyint"  label="Active">1</ind_active></row>
<row><id_prov type="smallint" >3226</id_prov><id_comunidad type="smallint" >319</id_comunidad><prov_name type="varchar"  label="County">Roanoke</prov_name><ind_active type="tinyint"  label="Active">1</ind_active></row>
<row><id_prov type="smallint" >3227</id_prov><id_comunidad type="smallint" >319</id_comunidad><prov_name type="varchar"  label="County">Roanoke</prov_name><ind_active type="tinyint"  label="Active">1</ind_active></row>
<row><id_prov type="smallint" >3228</id_prov><id_comunidad type="smallint" >319</id_comunidad><prov_name type="varchar"  label="County">Bedford</prov_name><ind_active type="tinyint"  label="Active">1</ind_active></row>
<row><id_prov type="smallint" >3229</id_prov><id_comunidad type="smallint" >319</id_comunidad><prov_name type="varchar"  label="County">Bedford</prov_name><ind_active type="tinyint"  label="Active">1</ind_active></row>
<row><id_prov type="smallint" >3230</id_prov><id_comunidad type="smallint" >319</id_comunidad><prov_name type="varchar"  label="County">Rockbridge</prov_name><ind_active type="tinyint"  label="Active">1</ind_active></row>
<row><id_prov type="smallint" >3231</id_prov><id_comunidad type="smallint" >319</id_comunidad><prov_name type="varchar"  label="County">Rockingham</prov_name><ind_active type="tinyint"  label="Active">1</ind_active></row>
<row><id_prov type="smallint" >3232</id_prov><id_comunidad type="smallint" >319</id_comunidad><prov_name type="varchar"  label="County">Russell</prov_name><ind_active type="tinyint"  label="Active">1</ind_active></row>
<row><id_prov type="smallint" >3233</id_prov><id_comunidad type="smallint" >319</id_comunidad><prov_name type="varchar"  label="County">Salem</prov_name><ind_active type="tinyint"  label="Active">1</ind_active></row>
<row><id_prov type="smallint" >3234</id_prov><id_comunidad type="smallint" >319</id_comunidad><prov_name type="varchar"  label="County">Bath</prov_name><ind_active type="tinyint"  label="Active">1</ind_active></row>
<row><id_prov type="smallint" >3235</id_prov><id_comunidad type="smallint" >319</id_comunidad><prov_name type="varchar"  label="County">Danville</prov_name><ind_active type="tinyint"  label="Active">1</ind_active></row>
<row><id_prov type="smallint" >3236</id_prov><id_comunidad type="smallint" >319</id_comunidad><prov_name type="varchar"  label="County">Shenandoah</prov_name><ind_active type="tinyint"  label="Active">1</ind_active></row>
<row><id_prov type="smallint" >3237</id_prov><id_comunidad type="smallint" >319</id_comunidad><prov_name type="varchar"  label="County">Tazewell</prov_name><ind_active type="tinyint"  label="Active">1</ind_active></row>
<row><id_prov type="smallint" >3238</id_prov><id_comunidad type="smallint" >319</id_comunidad><prov_name type="varchar"  label="County">Smyth</prov_name><ind_active type="tinyint"  label="Active">1</ind_active></row>
<row><id_prov type="smallint" >3239</id_prov><id_comunidad type="smallint" >319</id_comunidad><prov_name type="varchar"  label="County">Dinwiddie</prov_name><ind_active type="tinyint"  label="Active">1</ind_active></row>
<row><id_prov type="smallint" >3240</id_prov><id_comunidad type="smallint" >319</id_comunidad><prov_name type="varchar"  label="County">Southampton</prov_name><ind_active type="tinyint"  label="Active">1</ind_active></row>
<row><id_prov type="smallint" >3241</id_prov><id_comunidad type="smallint" >319</id_comunidad><prov_name type="varchar"  label="County">Spotsylvania</prov_name><ind_active type="tinyint"  label="Active">1</ind_active></row>
<row><id_prov type="smallint" >3242</id_prov><id_comunidad type="smallint" >319</id_comunidad><prov_name type="varchar"  label="County">Stafford</prov_name><ind_active type="tinyint"  label="Active">1</ind_active></row>
<row><id_prov type="smallint" >3243</id_prov><id_comunidad type="smallint" >319</id_comunidad><prov_name type="varchar"  label="County">Norton</prov_name><ind_active type="tinyint"  label="Active">1</ind_active></row>
<row><id_prov type="smallint" >3244</id_prov><id_comunidad type="smallint" >319</id_comunidad><prov_name type="varchar"  label="County">Dickenson</prov_name><ind_active type="tinyint"  label="Active">1</ind_active></row>
<row><id_prov type="smallint" >3245</id_prov><id_comunidad type="smallint" >319</id_comunidad><prov_name type="varchar"  label="County">Suffolk</prov_name><ind_active type="tinyint"  label="Active">1</ind_active></row>
<row><id_prov type="smallint" >3246</id_prov><id_comunidad type="smallint" >319</id_comunidad><prov_name type="varchar"  label="County">Surry</prov_name><ind_active type="tinyint"  label="Active">1</ind_active></row>
<row><id_prov type="smallint" >3247</id_prov><id_comunidad type="smallint" >319</id_comunidad><prov_name type="varchar"  label="County">Augusta</prov_name><ind_active type="tinyint"  label="Active">1</ind_active></row>
<row><id_prov type="smallint" >3248</id_prov><id_comunidad type="smallint" >319</id_comunidad><prov_name type="varchar"  label="County">Richmond</prov_name><ind_active type="tinyint"  label="Active">1</ind_active></row>
<row><id_prov type="smallint" >3249</id_prov><id_comunidad type="smallint" >319</id_comunidad><prov_name type="varchar"  label="County">Scott</prov_name><ind_active type="tinyint"  label="Active">1</ind_active></row>
<row><id_prov type="smallint" >3250</id_prov><id_comunidad type="smallint" >319</id_comunidad><prov_name type="varchar"  label="County">Charlotte</prov_name><ind_active type="tinyint"  label="Active">1</ind_active></row>
<row><id_prov type="smallint" >3251</id_prov><id_comunidad type="smallint" >319</id_comunidad><prov_name type="varchar"  label="County">Bristol</prov_name><ind_active type="tinyint"  label="Active">1</ind_active></row>
<row><id_prov type="smallint" >3252</id_prov><id_comunidad type="smallint" >319</id_comunidad><prov_name type="varchar"  label="County">King and Queen</prov_name><ind_active type="tinyint"  label="Active">1</ind_active></row>
<row><id_prov type="smallint" >3253</id_prov><id_comunidad type="smallint" >319</id_comunidad><prov_name type="varchar"  label="County">Mathews</prov_name><ind_active type="tinyint"  label="Active">1</ind_active></row>
<row><id_prov type="smallint" >3254</id_prov><id_comunidad type="smallint" >319</id_comunidad><prov_name type="varchar"  label="County">Brunswick</prov_name><ind_active type="tinyint"  label="Active">1</ind_active></row>
<row><id_prov type="smallint" >3255</id_prov><id_comunidad type="smallint" >319</id_comunidad><prov_name type="varchar"  label="County">Grayson</prov_name><ind_active type="tinyint"  label="Active">1</ind_active></row>
<row><id_prov type="smallint" >3256</id_prov><id_comunidad type="smallint" >319</id_comunidad><prov_name type="varchar"  label="County">Charlottesville</prov_name><ind_active type="tinyint"  label="Active">1</ind_active></row>
<row><id_prov type="smallint" >3257</id_prov><id_comunidad type="smallint" >319</id_comunidad><prov_name type="varchar"  label="County">Fredericksburg</prov_name><ind_active type="tinyint"  label="Active">1</ind_active></row>
<row><id_prov type="smallint" >3258</id_prov><id_comunidad type="smallint" >319</id_comunidad><prov_name type="varchar"  label="County">Buckingham</prov_name><ind_active type="tinyint"  label="Active">1</ind_active></row>
<row><id_prov type="smallint" >3259</id_prov><id_comunidad type="smallint" >319</id_comunidad><prov_name type="varchar"  label="County">Chesterfield</prov_name><ind_active type="tinyint"  label="Active">1</ind_active></row>
<row><id_prov type="smallint" >3260</id_prov><id_comunidad type="smallint" >319</id_comunidad><prov_name type="varchar"  label="County">Martinsville</prov_name><ind_active type="tinyint"  label="Active">1</ind_active></row>
<row><id_prov type="smallint" >3261</id_prov><id_comunidad type="smallint" >319</id_comunidad><prov_name type="varchar"  label="County">Campbell</prov_name><ind_active type="tinyint"  label="Active">1</ind_active></row>
<row><id_prov type="smallint" >3262</id_prov><id_comunidad type="smallint" >319</id_comunidad><prov_name type="varchar"  label="County">Middlesex</prov_name><ind_active type="tinyint"  label="Active">1</ind_active></row>
<row><id_prov type="smallint" >3263</id_prov><id_comunidad type="smallint" >319</id_comunidad><prov_name type="varchar"  label="County">Franklin</prov_name><ind_active type="tinyint"  label="Active">1</ind_active></row>
<row><id_prov type="smallint" >3264</id_prov><id_comunidad type="smallint" >319</id_comunidad><prov_name type="varchar"  label="County">Franklin</prov_name><ind_active type="tinyint"  label="Active">1</ind_active></row>
<row><id_prov type="smallint" >3265</id_prov><id_comunidad type="smallint" >319</id_comunidad><prov_name type="varchar"  label="County">Greene</prov_name><ind_active type="tinyint"  label="Active">1</ind_active></row>
<row><id_prov type="smallint" >3266</id_prov><id_comunidad type="smallint" >319</id_comunidad><prov_name type="varchar"  label="County">Charles City</prov_name><ind_active type="tinyint"  label="Active">1</ind_active></row>
<row><id_prov type="smallint" >3267</id_prov><id_comunidad type="smallint" >319</id_comunidad><prov_name type="varchar"  label="County">Greensville</prov_name><ind_active type="tinyint"  label="Active">1</ind_active></row>
<row><id_prov type="smallint" >3268</id_prov><id_comunidad type="smallint" >319</id_comunidad><prov_name type="varchar"  label="County">Caroline</prov_name><ind_active type="tinyint"  label="Active">1</ind_active></row>
<row><id_prov type="smallint" >3269</id_prov><id_comunidad type="smallint" >319</id_comunidad><prov_name type="varchar"  label="County">Northumberland</prov_name><ind_active type="tinyint"  label="Active">1</ind_active></row>
<row><id_prov type="smallint" >3270</id_prov><id_comunidad type="smallint" >319</id_comunidad><prov_name type="varchar"  label="County">Lancaster</prov_name><ind_active type="tinyint"  label="Active">1</ind_active></row>
<row><id_prov type="smallint" >3271</id_prov><id_comunidad type="smallint" >319</id_comunidad><prov_name type="varchar"  label="County">Giles</prov_name><ind_active type="tinyint"  label="Active">1</ind_active></row>
<row><id_prov type="smallint" >3272</id_prov><id_comunidad type="smallint" >319</id_comunidad><prov_name type="varchar"  label="County">Gloucester</prov_name><ind_active type="tinyint"  label="Active">1</ind_active></row>
<row><id_prov type="smallint" >3273</id_prov><id_comunidad type="smallint" >319</id_comunidad><prov_name type="varchar"  label="County">Lexington</prov_name><ind_active type="tinyint"  label="Active">1</ind_active></row>
<row><id_prov type="smallint" >3274</id_prov><id_comunidad type="smallint" >319</id_comunidad><prov_name type="varchar"  label="County">Loudoun</prov_name><ind_active type="tinyint"  label="Active">1</ind_active></row>
<row><id_prov type="smallint" >3275</id_prov><id_comunidad type="smallint" >319</id_comunidad><prov_name type="varchar"  label="County">Louisa</prov_name><ind_active type="tinyint"  label="Active">1</ind_active></row>
<row><id_prov type="smallint" >3276</id_prov><id_comunidad type="smallint" >319</id_comunidad><prov_name type="varchar"  label="County">Lee</prov_name><ind_active type="tinyint"  label="Active">1</ind_active></row>
<row><id_prov type="smallint" >3277</id_prov><id_comunidad type="smallint" >319</id_comunidad><prov_name type="varchar"  label="County">Lunenburg</prov_name><ind_active type="tinyint"  label="Active">1</ind_active></row>
<row><id_prov type="smallint" >3278</id_prov><id_comunidad type="smallint" >319</id_comunidad><prov_name type="varchar"  label="County">Buchanan</prov_name><ind_active type="tinyint"  label="Active">1</ind_active></row>
<row><id_prov type="smallint" >3279</id_prov><id_comunidad type="smallint" >319</id_comunidad><prov_name type="varchar"  label="County">Lynchburg</prov_name><ind_active type="tinyint"  label="Active">1</ind_active></row>
<row><id_prov type="smallint" >3280</id_prov><id_comunidad type="smallint" >319</id_comunidad><prov_name type="varchar"  label="County">Frederick</prov_name><ind_active type="tinyint"  label="Active">1</ind_active></row>
<row><id_prov type="smallint" >3281</id_prov><id_comunidad type="smallint" >319</id_comunidad><prov_name type="varchar"  label="County">Madison</prov_name><ind_active type="tinyint"  label="Active">1</ind_active></row>
<row><id_prov type="smallint" >3282</id_prov><id_comunidad type="smallint" >319</id_comunidad><prov_name type="varchar"  label="County">Manassas</prov_name><ind_active type="tinyint"  label="Active">1</ind_active></row>
<row><id_prov type="smallint" >3283</id_prov><id_comunidad type="smallint" >319</id_comunidad><prov_name type="varchar"  label="County">Manassas Park</prov_name><ind_active type="tinyint"  label="Active">1</ind_active></row>
<row><id_prov type="smallint" >3284</id_prov><id_comunidad type="smallint" >319</id_comunidad><prov_name type="varchar"  label="County">Galax</prov_name><ind_active type="tinyint"  label="Active">1</ind_active></row>
<row><id_prov type="smallint" >3285</id_prov><id_comunidad type="smallint" >319</id_comunidad><prov_name type="varchar"  label="County">King William</prov_name><ind_active type="tinyint"  label="Active">1</ind_active></row>
<row><id_prov type="smallint" >3286</id_prov><id_comunidad type="smallint" >319</id_comunidad><prov_name type="varchar"  label="County">King George</prov_name><ind_active type="tinyint"  label="Active">1</ind_active></row>
<row><id_prov type="smallint" >3287</id_prov><id_comunidad type="smallint" >319</id_comunidad><prov_name type="varchar"  label="County">Chesapeake</prov_name><ind_active type="tinyint"  label="Active">1</ind_active></row>
<row><id_prov type="smallint" >3288</id_prov><id_comunidad type="smallint" >319</id_comunidad><prov_name type="varchar"  label="County">Buena Vista</prov_name><ind_active type="tinyint"  label="Active">1</ind_active></row>
<row><id_prov type="smallint" >3289</id_prov><id_comunidad type="smallint" >319</id_comunidad><prov_name type="varchar"  label="County">Goochland</prov_name><ind_active type="tinyint"  label="Active">1</ind_active></row>
<row><id_prov type="smallint" >3290</id_prov><id_comunidad type="smallint" >319</id_comunidad><prov_name type="varchar"  label="County">Henrico</prov_name><ind_active type="tinyint"  label="Active">1</ind_active></row>
<row><id_prov type="smallint" >3291</id_prov><id_comunidad type="smallint" >319</id_comunidad><prov_name type="varchar"  label="County">Harrisonburg</prov_name><ind_active type="tinyint"  label="Active">1</ind_active></row>
<row><id_prov type="smallint" >3292</id_prov><id_comunidad type="smallint" >319</id_comunidad><prov_name type="varchar"  label="County">Carroll</prov_name><ind_active type="tinyint"  label="Active">1</ind_active></row>
<row><id_prov type="smallint" >3293</id_prov><id_comunidad type="smallint" >319</id_comunidad><prov_name type="varchar"  label="County">Hampton</prov_name><ind_active type="tinyint"  label="Active">1</ind_active></row>
<row><id_prov type="smallint" >3294</id_prov><id_comunidad type="smallint" >319</id_comunidad><prov_name type="varchar"  label="County">Hanover</prov_name><ind_active type="tinyint"  label="Active">1</ind_active></row>
<row><id_prov type="smallint" >3295</id_prov><id_comunidad type="smallint" >319</id_comunidad><prov_name type="varchar"  label="County">Norfolk</prov_name><ind_active type="tinyint"  label="Active">1</ind_active></row>
<row><id_prov type="smallint" >3296</id_prov><id_comunidad type="smallint" >319</id_comunidad><prov_name type="varchar"  label="County">Henry</prov_name><ind_active type="tinyint"  label="Active">1</ind_active></row>
<row><id_prov type="smallint" >3297</id_prov><id_comunidad type="smallint" >319</id_comunidad><prov_name type="varchar"  label="County">Newport News</prov_name><ind_active type="tinyint"  label="Active">1</ind_active></row>
<row><id_prov type="smallint" >3298</id_prov><id_comunidad type="smallint" >319</id_comunidad><prov_name type="varchar"  label="County">Hopewell</prov_name><ind_active type="tinyint"  label="Active">1</ind_active></row>
<row><id_prov type="smallint" >3299</id_prov><id_comunidad type="smallint" >319</id_comunidad><prov_name type="varchar"  label="County">Montgomery</prov_name><ind_active type="tinyint"  label="Active">1</ind_active></row>
<row><id_prov type="smallint" >3300</id_prov><id_comunidad type="smallint" >319</id_comunidad><prov_name type="varchar"  label="County">Isle of Wight</prov_name><ind_active type="tinyint"  label="Active">1</ind_active></row>
<row><id_prov type="smallint" >3301</id_prov><id_comunidad type="smallint" >319</id_comunidad><prov_name type="varchar"  label="County">Halifax</prov_name><ind_active type="tinyint"  label="Active">1</ind_active></row>
<row><id_prov type="smallint" >3302</id_prov><id_comunidad type="smallint" >319</id_comunidad><prov_name type="varchar"  label="County">Highland</prov_name><ind_active type="tinyint"  label="Active">1</ind_active></row>
<row><id_prov type="smallint" >3303</id_prov><id_comunidad type="smallint" >319</id_comunidad><prov_name type="varchar"  label="County">New Kent</prov_name><ind_active type="tinyint"  label="Active">1</ind_active></row>
<row><id_prov type="smallint" >3304</id_prov><id_comunidad type="smallint" >319</id_comunidad><prov_name type="varchar"  label="County">Fluvanna</prov_name><ind_active type="tinyint"  label="Active">1</ind_active></row>
<row><id_prov type="smallint" >3305</id_prov><id_comunidad type="smallint" >319</id_comunidad><prov_name type="varchar"  label="County">Nelson</prov_name><ind_active type="tinyint"  label="Active">1</ind_active></row>
<row><id_prov type="smallint" >3306</id_prov><id_comunidad type="smallint" >319</id_comunidad><prov_name type="varchar"  label="County">James City</prov_name><ind_active type="tinyint"  label="Active">1</ind_active></row>
<row><id_prov type="smallint" >3307</id_prov><id_comunidad type="smallint" >319</id_comunidad><prov_name type="varchar"  label="County">Northampton</prov_name><ind_active type="tinyint"  label="Active">1</ind_active></row>
<row><id_prov type="smallint" >3308</id_prov><id_comunidad type="smallint" >319</id_comunidad><prov_name type="varchar"  label="County">Floyd</prov_name><ind_active type="tinyint"  label="Active">1</ind_active></row>
</provincia>
</root>