<?xml version="1.0" encoding="UTF-8"?>
<root>
<provincia>
<row><id_prov type="smallint" >3403</id_prov><id_comunidad type="smallint" >322</id_comunidad><prov_name type="varchar"  label="County">Juneau</prov_name><ind_active type="tinyint"  label="Active">1</ind_active></row>
<row><id_prov type="smallint" >3404</id_prov><id_comunidad type="smallint" >322</id_comunidad><prov_name type="varchar"  label="County">Milwaukee</prov_name><ind_active type="tinyint"  label="Active">1</ind_active></row>
<row><id_prov type="smallint" >3405</id_prov><id_comunidad type="smallint" >322</id_comunidad><prov_name type="varchar"  label="County">Washburn</prov_name><ind_active type="tinyint"  label="Active">1</ind_active></row>
<row><id_prov type="smallint" >3406</id_prov><id_comunidad type="smallint" >322</id_comunidad><prov_name type="varchar"  label="County">Green Lake</prov_name><ind_active type="tinyint"  label="Active">1</ind_active></row>
<row><id_prov type="smallint" >3407</id_prov><id_comunidad type="smallint" >322</id_comunidad><prov_name type="varchar"  label="County">Washington</prov_name><ind_active type="tinyint"  label="Active">1</ind_active></row>
<row><id_prov type="smallint" >3408</id_prov><id_comunidad type="smallint" >322</id_comunidad><prov_name type="varchar"  label="County">Walworth</prov_name><ind_active type="tinyint"  label="Active">1</ind_active></row>
<row><id_prov type="smallint" >3409</id_prov><id_comunidad type="smallint" >322</id_comunidad><prov_name type="varchar"  label="County">Oneida</prov_name><ind_active type="tinyint"  label="Active">1</ind_active></row>
<row><id_prov type="smallint" >3410</id_prov><id_comunidad type="smallint" >322</id_comunidad><prov_name type="varchar"  label="County">Oconto</prov_name><ind_active type="tinyint"  label="Active">1</ind_active></row>
<row><id_prov type="smallint" >3411</id_prov><id_comunidad type="smallint" >322</id_comunidad><prov_name type="varchar"  label="County">Waukesha</prov_name><ind_active type="tinyint"  label="Active">1</ind_active></row>
<row><id_prov type="smallint" >3412</id_prov><id_comunidad type="smallint" >322</id_comunidad><prov_name type="varchar"  label="County">Florence</prov_name><ind_active type="tinyint"  label="Active">1</ind_active></row>
<row><id_prov type="smallint" >3413</id_prov><id_comunidad type="smallint" >322</id_comunidad><prov_name type="varchar"  label="County">Waupaca</prov_name><ind_active type="tinyint"  label="Active">1</ind_active></row>
<row><id_prov type="smallint" >3414</id_prov><id_comunidad type="smallint" >322</id_comunidad><prov_name type="varchar"  label="County">Price</prov_name><ind_active type="tinyint"  label="Active">1</ind_active></row>
<row><id_prov type="smallint" >3415</id_prov><id_comunidad type="smallint" >322</id_comunidad><prov_name type="varchar"  label="County">Green</prov_name><ind_active type="tinyint"  label="Active">1</ind_active></row>
<row><id_prov type="smallint" >3416</id_prov><id_comunidad type="smallint" >322</id_comunidad><prov_name type="varchar"  label="County">Fond du Lac</prov_name><ind_active type="tinyint"  label="Active">1</ind_active></row>
<row><id_prov type="smallint" >3417</id_prov><id_comunidad type="smallint" >322</id_comunidad><prov_name type="varchar"  label="County">Iowa</prov_name><ind_active type="tinyint"  label="Active">1</ind_active></row>
<row><id_prov type="smallint" >3418</id_prov><id_comunidad type="smallint" >322</id_comunidad><prov_name type="varchar"  label="County">Pepin</prov_name><ind_active type="tinyint"  label="Active">1</ind_active></row>
<row><id_prov type="smallint" >3419</id_prov><id_comunidad type="smallint" >322</id_comunidad><prov_name type="varchar"  label="County">Columbia</prov_name><ind_active type="tinyint"  label="Active">1</ind_active></row>
<row><id_prov type="smallint" >3420</id_prov><id_comunidad type="smallint" >322</id_comunidad><prov_name type="varchar"  label="County">Iron</prov_name><ind_active type="tinyint"  label="Active">1</ind_active></row>
<row><id_prov type="smallint" >3421</id_prov><id_comunidad type="smallint" >322</id_comunidad><prov_name type="varchar"  label="County">Forest</prov_name><ind_active type="tinyint"  label="Active">1</ind_active></row>
<row><id_prov type="smallint" >3422</id_prov><id_comunidad type="smallint" >322</id_comunidad><prov_name type="varchar"  label="County">Adams</prov_name><ind_active type="tinyint"  label="Active">1</ind_active></row>
<row><id_prov type="smallint" >3423</id_prov><id_comunidad type="smallint" >322</id_comunidad><prov_name type="varchar"  label="County">Waushara</prov_name><ind_active type="tinyint"  label="Active">1</ind_active></row>
<row><id_prov type="smallint" >3424</id_prov><id_comunidad type="smallint" >322</id_comunidad><prov_name type="varchar"  label="County">Jackson</prov_name><ind_active type="tinyint"  label="Active">1</ind_active></row>
<row><id_prov type="smallint" >3425</id_prov><id_comunidad type="smallint" >322</id_comunidad><prov_name type="varchar"  label="County">Outagamie</prov_name><ind_active type="tinyint"  label="Active">1</ind_active></row>
<row><id_prov type="smallint" >3426</id_prov><id_comunidad type="smallint" >322</id_comunidad><prov_name type="varchar"  label="County">Polk</prov_name><ind_active type="tinyint"  label="Active">1</ind_active></row>
<row><id_prov type="smallint" >3427</id_prov><id_comunidad type="smallint" >322</id_comunidad><prov_name type="varchar"  label="County">Portage</prov_name><ind_active type="tinyint"  label="Active">1</ind_active></row>
<row><id_prov type="smallint" >3428</id_prov><id_comunidad type="smallint" >322</id_comunidad><prov_name type="varchar"  label="County">Winnebago</prov_name><ind_active type="tinyint"  label="Active">1</ind_active></row>
<row><id_prov type="smallint" >3429</id_prov><id_comunidad type="smallint" >322</id_comunidad><prov_name type="varchar"  label="County">Jefferson</prov_name><ind_active type="tinyint"  label="Active">1</ind_active></row>
<row><id_prov type="smallint" >3430</id_prov><id_comunidad type="smallint" >322</id_comunidad><prov_name type="varchar"  label="County">Chippewa</prov_name><ind_active type="tinyint"  label="Active">1</ind_active></row>
<row><id_prov type="smallint" >3431</id_prov><id_comunidad type="smallint" >322</id_comunidad><prov_name type="varchar"  label="County">Wood</prov_name><ind_active type="tinyint"  label="Active">1</ind_active></row>
<row><id_prov type="smallint" >3432</id_prov><id_comunidad type="smallint" >322</id_comunidad><prov_name type="varchar"  label="County">Ozaukee</prov_name><ind_active type="tinyint"  label="Active">1</ind_active></row>
<row><id_prov type="smallint" >3433</id_prov><id_comunidad type="smallint" >322</id_comunidad><prov_name type="varchar"  label="County">Monroe</prov_name><ind_active type="tinyint"  label="Active">1</ind_active></row>
<row><id_prov type="smallint" >3434</id_prov><id_comunidad type="smallint" >322</id_comunidad><prov_name type="varchar"  label="County">Saint Croix</prov_name><ind_active type="tinyint"  label="Active">1</ind_active></row>
<row><id_prov type="smallint" >3435</id_prov><id_comunidad type="smallint" >322</id_comunidad><prov_name type="varchar"  label="County">Grant</prov_name><ind_active type="tinyint"  label="Active">1</ind_active></row>
<row><id_prov type="smallint" >3436</id_prov><id_comunidad type="smallint" >322</id_comunidad><prov_name type="varchar"  label="County">Burnett</prov_name><ind_active type="tinyint"  label="Active">1</ind_active></row>
<row><id_prov type="smallint" >3437</id_prov><id_comunidad type="smallint" >322</id_comunidad><prov_name type="varchar"  label="County">Door</prov_name><ind_active type="tinyint"  label="Active">1</ind_active></row>
<row><id_prov type="smallint" >3438</id_prov><id_comunidad type="smallint" >322</id_comunidad><prov_name type="varchar"  label="County">Rusk</prov_name><ind_active type="tinyint"  label="Active">1</ind_active></row>
<row><id_prov type="smallint" >3439</id_prov><id_comunidad type="smallint" >322</id_comunidad><prov_name type="varchar"  label="County">Dane</prov_name><ind_active type="tinyint"  label="Active">1</ind_active></row>
<row><id_prov type="smallint" >3440</id_prov><id_comunidad type="smallint" >322</id_comunidad><prov_name type="varchar"  label="County">Marathon</prov_name><ind_active type="tinyint"  label="Active">1</ind_active></row>
<row><id_prov type="smallint" >3441</id_prov><id_comunidad type="smallint" >322</id_comunidad><prov_name type="varchar"  label="County">Clark</prov_name><ind_active type="tinyint"  label="Active">1</ind_active></row>
<row><id_prov type="smallint" >3442</id_prov><id_comunidad type="smallint" >322</id_comunidad><prov_name type="varchar"  label="County">Menominee</prov_name><ind_active type="tinyint"  label="Active">1</ind_active></row>
<row><id_prov type="smallint" >3443</id_prov><id_comunidad type="smallint" >322</id_comunidad><prov_name type="varchar"  label="County">Manitowoc</prov_name><ind_active type="tinyint"  label="Active">1</ind_active></row>
<row><id_prov type="smallint" >3444</id_prov><id_comunidad type="smallint" >322</id_comunidad><prov_name type="varchar"  label="County">Dunn</prov_name><ind_active type="tinyint"  label="Active">1</ind_active></row>
<row><id_prov type="smallint" >3445</id_prov><id_comunidad type="smallint" >322</id_comunidad><prov_name type="varchar"  label="County">Marinette</prov_name><ind_active type="tinyint"  label="Active">1</ind_active></row>
<row><id_prov type="smallint" >3446</id_prov><id_comunidad type="smallint" >322</id_comunidad><prov_name type="varchar"  label="County">Bayfield</prov_name><ind_active type="tinyint"  label="Active">1</ind_active></row>
<row><id_prov type="smallint" >3447</id_prov><id_comunidad type="smallint" >322</id_comunidad><prov_name type="varchar"  label="County">Taylor</prov_name><ind_active type="tinyint"  label="Active">1</ind_active></row>
<row><id_prov type="smallint" >3448</id_prov><id_comunidad type="smallint" >322</id_comunidad><prov_name type="varchar"  label="County">La Crosse</prov_name><ind_active type="tinyint"  label="Active">1</ind_active></row>
<row><id_prov type="smallint" >3449</id_prov><id_comunidad type="smallint" >322</id_comunidad><prov_name type="varchar"  label="County">Lafayette</prov_name><ind_active type="tinyint"  label="Active">1</ind_active></row>
<row><id_prov type="smallint" >3450</id_prov><id_comunidad type="smallint" >322</id_comunidad><prov_name type="varchar"  label="County">Sawyer</prov_name><ind_active type="tinyint"  label="Active">1</ind_active></row>
<row><id_prov type="smallint" >3451</id_prov><id_comunidad type="smallint" >322</id_comunidad><prov_name type="varchar"  label="County">Douglas</prov_name><ind_active type="tinyint"  label="Active">1</ind_active></row>
<row><id_prov type="smallint" >3452</id_prov><id_comunidad type="smallint" >322</id_comunidad><prov_name type="varchar"  label="County">Langlade</prov_name><ind_active type="tinyint"  label="Active">1</ind_active></row>
<row><id_prov type="smallint" >3453</id_prov><id_comunidad type="smallint" >322</id_comunidad><prov_name type="varchar"  label="County">Sauk</prov_name><ind_active type="tinyint"  label="Active">1</ind_active></row>
<row><id_prov type="smallint" >3454</id_prov><id_comunidad type="smallint" >322</id_comunidad><prov_name type="varchar"  label="County">Racine</prov_name><ind_active type="tinyint"  label="Active">1</ind_active></row>
<row><id_prov type="smallint" >3455</id_prov><id_comunidad type="smallint" >322</id_comunidad><prov_name type="varchar"  label="County">Dodge</prov_name><ind_active type="tinyint"  label="Active">1</ind_active></row>
<row><id_prov type="smallint" >3456</id_prov><id_comunidad type="smallint" >322</id_comunidad><prov_name type="varchar"  label="County">Vilas</prov_name><ind_active type="tinyint"  label="Active">1</ind_active></row>
<row><id_prov type="smallint" >3457</id_prov><id_comunidad type="smallint" >322</id_comunidad><prov_name type="varchar"  label="County">Pierce</prov_name><ind_active type="tinyint"  label="Active">1</ind_active></row>
<row><id_prov type="smallint" >3458</id_prov><id_comunidad type="smallint" >322</id_comunidad><prov_name type="varchar"  label="County">Crawford</prov_name><ind_active type="tinyint"  label="Active">1</ind_active></row>
<row><id_prov type="smallint" >3459</id_prov><id_comunidad type="smallint" >322</id_comunidad><prov_name type="varchar"  label="County">Vernon</prov_name><ind_active type="tinyint"  label="Active">1</ind_active></row>
<row><id_prov type="smallint" >3460</id_prov><id_comunidad type="smallint" >322</id_comunidad><prov_name type="varchar"  label="County">Kenosha</prov_name><ind_active type="tinyint"  label="Active">1</ind_active></row>
<row><id_prov type="smallint" >3461</id_prov><id_comunidad type="smallint" >322</id_comunidad><prov_name type="varchar"  label="County">Lincoln</prov_name><ind_active type="tinyint"  label="Active">1</ind_active></row>
<row><id_prov type="smallint" >3462</id_prov><id_comunidad type="smallint" >322</id_comunidad><prov_name type="varchar"  label="County">Brown</prov_name><ind_active type="tinyint"  label="Active">1</ind_active></row>
<row><id_prov type="smallint" >3463</id_prov><id_comunidad type="smallint" >322</id_comunidad><prov_name type="varchar"  label="County">Ashland</prov_name><ind_active type="tinyint"  label="Active">1</ind_active></row>
<row><id_prov type="smallint" >3464</id_prov><id_comunidad type="smallint" >322</id_comunidad><prov_name type="varchar"  label="County">Kewaunee</prov_name><ind_active type="tinyint"  label="Active">1</ind_active></row>
<row><id_prov type="smallint" >3465</id_prov><id_comunidad type="smallint" >322</id_comunidad><prov_name type="varchar"  label="County">Calumet</prov_name><ind_active type="tinyint"  label="Active">1</ind_active></row>
<row><id_prov type="smallint" >3466</id_prov><id_comunidad type="smallint" >322</id_comunidad><prov_name type="varchar"  label="County">Sheboygan</prov_name><ind_active type="tinyint"  label="Active">1</ind_active></row>
<row><id_prov type="smallint" >3467</id_prov><id_comunidad type="smallint" >322</id_comunidad><prov_name type="varchar"  label="County">Richland</prov_name><ind_active type="tinyint"  label="Active">1</ind_active></row>
<row><id_prov type="smallint" >3468</id_prov><id_comunidad type="smallint" >322</id_comunidad><prov_name type="varchar"  label="County">Shawano</prov_name><ind_active type="tinyint"  label="Active">1</ind_active></row>
<row><id_prov type="smallint" >3469</id_prov><id_comunidad type="smallint" >322</id_comunidad><prov_name type="varchar"  label="County">Rock</prov_name><ind_active type="tinyint"  label="Active">1</ind_active></row>
<row><id_prov type="smallint" >3470</id_prov><id_comunidad type="smallint" >322</id_comunidad><prov_name type="varchar"  label="County">Buffalo</prov_name><ind_active type="tinyint"  label="Active">1</ind_active></row>
<row><id_prov type="smallint" >3471</id_prov><id_comunidad type="smallint" >322</id_comunidad><prov_name type="varchar"  label="County">Barron</prov_name><ind_active type="tinyint"  label="Active">1</ind_active></row>
<row><id_prov type="smallint" >3472</id_prov><id_comunidad type="smallint" >322</id_comunidad><prov_name type="varchar"  label="County">Marquette</prov_name><ind_active type="tinyint"  label="Active">1</ind_active></row>
<row><id_prov type="smallint" >3473</id_prov><id_comunidad type="smallint" >322</id_comunidad><prov_name type="varchar"  label="County">Eau Claire</prov_name><ind_active type="tinyint"  label="Active">1</ind_active></row>
<row><id_prov type="smallint" >3474</id_prov><id_comunidad type="smallint" >322</id_comunidad><prov_name type="varchar"  label="County">Trempealeau</prov_name><ind_active type="tinyint"  label="Active">1</ind_active></row>
</provincia>
</root>